Mono path[0] = 'E:/UNITY/LastJumpCrew/Builds/PHS0717Validation/LastJumpCrew_Data/Managed'
Mono config path = 'E:/UNITY/LastJumpCrew/Builds/PHS0717Validation/MonoBleedingEdge/etc'
CodeReloadManager initialized
Found 1 interfaces on host : 0) 172.30.1.7
Player connection [43348]  Target information:

Player connection [43348]  * "[IP] 172.30.1.7 [Port] 55001 [Flags] 2 [Guid] 1947459943 [EditorId] 2512859468 [Version] 1048832 [Id] WindowsPlayer(2,hansolcom) [Debug] 0 [PackageName] WindowsPlayer [ProjectName] LastJumpCrew" 

Player connection [43348] Started UDP target info broadcast (1) on [225.0.0.222:54997].

Input System module state changed to: Initialized.
[Physics::Module] Initialized fallback backend.
[Physics::Module] Id: 0xdecafbad
Initialize engine version: 6000.5.2f1 (eb73d3b415a1)
[Subsystems] Discovering subsystems at path E:/UNITY/LastJumpCrew/Builds/PHS0717Validation/LastJumpCrew_Data/UnitySubsystems
[D3D12 Device Filter] Vendor Name: NVIDIA
[D3D12 Device Filter] Device Name: NVIDIA GeForce RTX 4080
[D3D12 Device Filter] Driver Version: 32.0.15.7283
[D3D12 Device Filter] Feature Level: 12.2
[D3D12 Device Filter] Graphics Memory: 16050 MB
[D3D12 Device Filter] Processor Count: 24
[D3D12 Device Filter] Device Type: Discrete
GfxDevice: creating device client; kGfxThreadingModeSplitJobs
d3d12: failed to query info queue interface (0x80004002).
Direct3D:
    Version:         Direct3D 12 [level 12.2]
    Renderer:        NVIDIA GeForce RTX 4080 (ID=0x2704)
    Vendor:          NVIDIA
    VRAM:            16050 MB
    App VRAM Budget: 15282 MB
    Driver:          32.0.15.7283
Begin MonoManager ReloadAssembly
- Finished resetting the current domain, in  0.035 seconds
[Physics::Module] Selected backend.
[Physics::Module] Name: PhysX
[Physics::Module] Id: 0xf2b8ea05
[Physics::Module] SDK Version: 4.1.2
[Physics::Module] Integration Version: 1.0.0
[Physics::Module] Threading Mode: Multi-Threaded
<RI> Initializing input.
Using Windows.Gaming.Input
UnloadTime: 0.890500 ms
PHS_DEBRIS_STREAM_READY stream=PHS_LobbyDebrisStream mode=local total=10 generated=0
UnityEngine.Debug:ExtractStackTraceNoAlloc (byte*,int,string)
UnityEngine.StackTraceUtility:ExtractStackTrace () (at C:/build/output/unity/unity/Runtime/Export/Scripting/StackTrace.cs:35)
UnityEngine.DebugLogHandler:Internal_Log (UnityEngine.LogType,UnityEngine.LogOption,string,UnityEngine.Object)
UnityEngine.DebugLogHandler:LogFormat (UnityEngine.LogType,UnityEngine.Object,string,object[]) (at C:/build/output/unity/unity/Runtime/Export/Logging/DebugLogHandler.cs:9)
UnityEngine.Logger:Log (UnityEngine.LogType,object,UnityEngine.Object) (at C:/build/output/unity/unity/Runtime/Export/Logging/Logger.cs:66)
UnityEngine.Debug:Log (object,UnityEngine.Object) (at C:/build/output/unity/unity/Runtime/Export/Debug/Debug.bindings.cs:128)
LastJumpCrew.ParkHanSol.Multiplayer.PHSRandomDebrisStream:InitializeSimulation () (at E:/UNITY/LastJumpCrew/Assets/02. ParkHanSol_TeamLeader_Build & Multi/02. Script/Multiplayer/PHSRandomDebrisStream.cs:158)
LastJumpCrew.ParkHanSol.Multiplayer.PHSRandomDebrisStream:Awake () (at E:/UNITY/LastJumpCrew/Assets/02. ParkHanSol_TeamLeader_Build & Multi/02. Script/Multiplayer/PHSRandomDebrisStream.cs:76)

(Filename: C:/build/output/unity/unity/Runtime/Export/Debug/Debug.bindings.cs Line: 128)

[DataManager] Init 완료 — Items 8 / Tools 8 / Zones 0
UnityEngine.Debug:ExtractStackTraceNoAlloc (byte*,int,string)
UnityEngine.StackTraceUtility:ExtractStackTrace () (at C:/build/output/unity/unity/Runtime/Export/Scripting/StackTrace.cs:35)
UnityEngine.DebugLogHandler:Internal_Log (UnityEngine.LogType,UnityEngine.LogOption,string,UnityEngine.Object)
UnityEngine.DebugLogHandler:LogFormat (UnityEngine.LogType,UnityEngine.Object,string,object[]) (at C:/build/output/unity/unity/Runtime/Export/Logging/DebugLogHandler.cs:9)
UnityEngine.Logger:Log (UnityEngine.LogType,object) (at C:/build/output/unity/unity/Runtime/Export/Logging/Logger.cs:60)
UnityEngine.Debug:Log (object) (at C:/build/output/unity/unity/Runtime/Export/Debug/Debug.bindings.cs:123)
LastJumpCrew.SeoBoGyeong.DataManager:Init () (at E:/UNITY/LastJumpCrew/Assets/03. SeoBoGyeong_Game Economy/02. Script/DataManager.cs:37)
LastJumpCrew.SeoBoGyeong.GameCore:Init () (at E:/UNITY/LastJumpCrew/Assets/03. SeoBoGyeong_Game Economy/02. Script/GameCore.cs:66)
LastJumpCrew.SeoBoGyeong.GameCore:Awake () (at E:/UNITY/LastJumpCrew/Assets/03. SeoBoGyeong_Game Economy/02. Script/GameCore.cs:47)

(Filename: C:/build/output/unity/unity/Runtime/Export/Debug/Debug.bindings.cs Line: 123)

Ran out of Graphics Ring Buffer space. Consider using the -gfx-ring-buffer-size command line option to increase the size.
PHS_AUTO_JOIN_BEGIN code=CQBWLP
UnityEngine.Debug:ExtractStackTraceNoAlloc (byte*,int,string)
UnityEngine.StackTraceUtility:ExtractStackTrace () (at C:/build/output/unity/unity/Runtime/Export/Scripting/StackTrace.cs:35)
UnityEngine.DebugLogHandler:Internal_Log (UnityEngine.LogType,UnityEngine.LogOption,string,UnityEngine.Object)
UnityEngine.DebugLogHandler:LogFormat (UnityEngine.LogType,UnityEngine.Object,string,object[]) (at C:/build/output/unity/unity/Runtime/Export/Logging/DebugLogHandler.cs:9)
UnityEngine.Logger:Log (UnityEngine.LogType,object) (at C:/build/output/unity/unity/Runtime/Export/Logging/Logger.cs:60)
UnityEngine.Debug:Log (object) (at C:/build/output/unity/unity/Runtime/Export/Debug/Debug.bindings.cs:123)
LastJumpCrew.ParkHanSol.Multiplayer.ParkHanSolLobbyMenuController/<RunCommandLineAutomation>d__52:MoveNext () (at E:/UNITY/LastJumpCrew/Assets/02. ParkHanSol_TeamLeader_Build & Multi/02. Script/Multiplayer/ParkHanSolLobbyMenuController.cs:427)
UnityEngine.SetupCoroutine:InvokeMoveNext (System.Collections.IEnumerator,intptr) (at C:/build/output/unity/unity/Runtime/Export/Scripting/Coroutines.cs:17)

(Filename: C:/build/output/unity/unity/Runtime/Export/Debug/Debug.bindings.cs Line: 123)

PHS_SERVICES_PROFILE profile=p0-final-client-2259
UnityEngine.Debug:ExtractStackTraceNoAlloc (byte*,int,string)
UnityEngine.StackTraceUtility:ExtractStackTrace () (at C:/build/output/unity/unity/Runtime/Export/Scripting/StackTrace.cs:35)
UnityEngine.DebugLogHandler:Internal_Log (UnityEngine.LogType,UnityEngine.LogOption,string,UnityEngine.Object)
UnityEngine.DebugLogHandler:LogFormat (UnityEngine.LogType,UnityEngine.Object,string,object[]) (at C:/build/output/unity/unity/Runtime/Export/Logging/DebugLogHandler.cs:9)
UnityEngine.Logger:Log (UnityEngine.LogType,object) (at C:/build/output/unity/unity/Runtime/Export/Logging/Logger.cs:60)
UnityEngine.Debug:Log (object) (at C:/build/output/unity/unity/Runtime/Export/Debug/Debug.bindings.cs:123)
LastJumpCrew.ParkHanSol.Multiplayer.MultiplayerRoomService:BuildInitializationOptions () (at E:/UNITY/LastJumpCrew/Assets/02. ParkHanSol_TeamLeader_Build & Multi/02. Script/Multiplayer/MultiplayerRoomService.cs:545)
LastJumpCrew.ParkHanSol.Multiplayer.MultiplayerRoomService/<InitializeServicesAsync>d__38:MoveNext () (at E:/UNITY/LastJumpCrew/Assets/02. ParkHanSol_TeamLeader_Build & Multi/02. Script/Multiplayer/MultiplayerRoomService.cs:287)
System.Runtime.CompilerServices.AsyncTaskMethodBuilder`1<bool>:Start<LastJumpCrew.ParkHanSol.Multiplayer.MultiplayerRoomService/<InitializeServicesAsync>d__38> (LastJumpCrew.ParkHanSol.Multiplayer.MultiplayerRoomService/<InitializeServicesAsync>d__38&)
LastJumpCrew.ParkHanSol.Multiplayer.MultiplayerRoomService:InitializeServicesAsync ()
LastJumpCrew.ParkHanSol.Multiplayer.MultiplayerRoomService/<JoinRoomInternalAsync>d__36:MoveNext () (at E:/UNITY/LastJumpCrew/Assets/02. ParkHanSol_TeamLeader_Build & Multi/02. Script/Multiplayer/MultiplayerRoomService.cs:203)
System.Runtime.CompilerServices.AsyncTaskMethodBuilder`1<bool>:Start<LastJumpCrew.ParkHanSol.Multiplayer.MultiplayerRoomService/<JoinRoomInternalAsync>d__36> (LastJumpCrew.ParkHanSol.Multiplayer.MultiplayerRoomService/<JoinRoomInternalAsync>d__36&)
LastJumpCrew.ParkHanSol.Multiplayer.MultiplayerRoomService:JoinRoomInternalAsync (string,string,bool)
LastJumpCrew.ParkHanSol.Multiplayer.MultiplayerRoomService/<JoinRoomByCodeAsync>d__35:MoveNext () (at E:/UNITY/LastJumpCrew/Assets/02. ParkHanSol_TeamLeader_Build & Multi/02. Script/Multiplayer/MultiplayerRoomService.cs:179)
System.Runtime.CompilerServices.AsyncTaskMethodBuilder`1<bool>:Start<LastJumpCrew.ParkHanSol.Multiplayer.MultiplayerRoomService/<JoinRoomByCodeAsync>d__35> (LastJumpCrew.ParkHanSol.Multiplayer.MultiplayerRoomService/<JoinRoomByCodeAsync>d__35&)
LastJumpCrew.ParkHanSol.Multiplayer.MultiplayerRoomService:JoinRoomByCodeAsync (string,string)
LastJumpCrew.ParkHanSol.Multiplayer.ParkHanSolLobbyMenuController/<JoinRoomFromCommandLineAsync>d__54:MoveNext () (at E:/UNITY/LastJumpCrew/Assets/02. ParkHanSol_TeamLeader_Build & Multi/02. Script/Multiplayer/ParkHanSolLobbyMenuController.cs:453)
System.Runtime.CompilerServices.AsyncTaskMethodBuilder:Start<LastJumpCrew.ParkHanSol.Multiplayer.ParkHanSolLobbyMenuController/<JoinRoomFromCommandLineAsync>d__54> (LastJumpCrew.ParkHanSol.Multiplayer.ParkHanSolLobbyMenuController/<JoinRoomFromCommandLineAsync>d__54&)
LastJumpCrew.ParkHanSol.Multiplayer.ParkHanSolLobbyMenuController:JoinRoomFromCommandLineAsync (string)
LastJumpCrew.ParkHanSol.Multiplayer.ParkHanSolLobbyMenuController/<RunCommandLineAutomation>d__52:MoveNext () (at E:/UNITY/LastJumpCrew/Assets/02. ParkHanSol_TeamLeader_Build & Multi/02. Script/Multiplayer/ParkHanSolLobbyMenuController.cs:428)
UnityEngine.SetupCoroutine:InvokeMoveNext (System.Collections.IEnumerator,intptr) (at C:/build/output/unity/unity/Runtime/Export/Scripting/Coroutines.cs:17)

(Filename: C:/build/output/unity/unity/Runtime/Export/Debug/Debug.bindings.cs Line: 123)

PHS_ROOM_SERVICE_READY playerId=QPXWamZ8xfATcM4i3NWkndEgdtZm
UnityEngine.Debug:ExtractStackTraceNoAlloc (byte*,int,string)
UnityEngine.StackTraceUtility:ExtractStackTrace () (at C:/build/output/unity/unity/Runtime/Export/Scripting/StackTrace.cs:35)
UnityEngine.DebugLogHandler:Internal_Log (UnityEngine.LogType,UnityEngine.LogOption,string,UnityEngine.Object)
UnityEngine.DebugLogHandler:LogFormat (UnityEngine.LogType,UnityEngine.Object,string,object[]) (at C:/build/output/unity/unity/Runtime/Export/Logging/DebugLogHandler.cs:9)
UnityEngine.Logger:Log (UnityEngine.LogType,object) (at C:/build/output/unity/unity/Runtime/Export/Logging/Logger.cs:60)
UnityEngine.Debug:Log (object) (at C:/build/output/unity/unity/Runtime/Export/Debug/Debug.bindings.cs:123)
LastJumpCrew.ParkHanSol.Multiplayer.MultiplayerRoomService/<InitializeServicesAsync>d__38:MoveNext () (at E:/UNITY/LastJumpCrew/Assets/02. ParkHanSol_TeamLeader_Build & Multi/02. Script/Multiplayer/MultiplayerRoomService.cs:325)
System.Runtime.CompilerServices.AsyncMethodBuilderCore/MoveNextRunner:InvokeMoveNext (object)
System.Threading.ExecutionContext:RunInternal (System.Threading.ExecutionContext,System.Threading.ContextCallback,object,bool)
System.Threading.ExecutionContext:Run (System.Threading.ExecutionContext,System.Threading.ContextCallback,object,bool)
System.Runtime.CompilerServices.AsyncMethodBuilderCore/MoveNextRunner:Run ()
System.Threading.Tasks.AwaitTaskContinuation:InvokeAction (object)
System.Threading.Tasks.AwaitTaskContinuation:RunCallback (System.Threading.ContextCallback,object,System.Threading.Tasks.Task&)
System.Threading.Tasks.SynchronizationContextAwaitTaskContinuation:Run (System.Threading.Tasks.Task,bool)
System.Threading.Tasks.Task:FinishContinuations ()
System.Threading.Tasks.Task:FinishStageThree ()
System.Threading.Tasks.Task`1<System.Threading.Tasks.VoidTaskResult>:TrySetResult (System.Threading.Tasks.VoidTaskResult)
System.Runtime.CompilerServices.AsyncTaskMethodBuilder`1<System.Threading.Tasks.VoidTaskResult>:SetResult (System.Threading.Tasks.VoidTaskResult)
System.Runtime.CompilerServices.AsyncTaskMethodBuilder`1<System.Threading.Tasks.VoidTaskResult>:SetResult (System.Threading.Tasks.Task`1<System.Threading.Tasks.VoidTaskResult>)
System.Runtime.CompilerServices.AsyncTaskMethodBuilder:SetResult ()
Unity.Services.Authentication.AuthenticationServiceInternal/<HandleSignInRequestAsync>d__195:MoveNext () (at ./Library/PackageCache/com.unity.services.authentication@9a8b7a204688/Runtime/AuthenticationServiceInternal.cs:340)
System.Runtime.CompilerServices.AsyncMethodBuilderCore/MoveNextRunner:InvokeMoveNext (object)
System.Threading.ExecutionContext:RunInternal (System.Threading.ExecutionContext,System.Threading.ContextCallback,object,bool)
System.Threading.ExecutionContext:Run (System.Threading.ExecutionContext,System.Threading.ContextCallback,object,bool)
System.Runtime.CompilerServices.AsyncMethodBuilderCore/MoveNextRunner:Run ()
System.Threading.Tasks.AwaitTaskContinuation:InvokeAction (object)
System.Threading.Tasks.AwaitTaskContinuation:RunCallback (System.Threading.ContextCallback,object,System.Threading.Tasks.Task&)
System.Threading.Tasks.SynchronizationContextAwaitTaskContinuation:Run (System.Threading.Tasks.Task,bool)
System.Threading.Tasks.Task:FinishContinuations ()
System.Threading.Tasks.Task:FinishStageThree ()
System.Threading.Tasks.Task`1<Unity.Services.Authentication.SignInResponse>:TrySetResult (Unity.Services.Authentication.SignInResponse)
System.Runtime.CompilerServices.AsyncTaskMethodBuilder`1<Unity.Services.Authentication.SignInResponse>:SetResult (Unity.Services.Authentication.SignInResponse)
Unity.Services.Authentication.WebRequest/<SendAsync>d__15`1<Unity.Services.Authentication.SignInResponse>:MoveNext () (at ./Library/PackageCache/com.unity.services.authentication@9a8b7a204688/Runtime/Network/WebRequest.cs:66)
System.Runtime.CompilerServices.AsyncMethodBuilderCore/MoveNextRunner:InvokeMoveNext (object)
System.Threading.ExecutionContext:RunInternal (System.Threading.ExecutionContext,System.Threading.ContextCallback,object,bool)
System.Threading.ExecutionContext:Run (System.Threading.ExecutionContext,System.Threading.ContextCallback,object,bool)
System.Runtime.CompilerServices.AsyncMethodBuilderCore/MoveNextRunner:Run ()
System.Threading.Tasks.AwaitTaskContinuation:InvokeAction (object)
System.Threading.Tasks.AwaitTaskContinuation:RunCallback (System.Threading.ContextCallback,object,System.Threading.Tasks.Task&)
System.Threading.Tasks.SynchronizationContextAwaitTaskContinuation:Run (System.Threading.Tasks.Task,bool)
System.Threading.Tasks.Task:FinishContinuations ()
System.Threading.Tasks.Task:FinishStageThree ()
System.Threading.Tasks.Task`1<string>:TrySetResult (string)
System.Threading.Tasks.TaskCompletionSource`1<string>:TrySetResult (string)
System.Threading.Tasks.TaskCompletionSource`1<string>:SetResult (string)
Unity.Services.Authentication.WebRequest:RequestCompleted (System.Threading.Tasks.TaskCompletionSource`1<string>,long,bool,bool,string,string,System.Collections.Generic.IDictionary`2<string, string>) (at ./Library/PackageCache/com.unity.services.authentication@9a8b7a204688/Runtime/Network/WebRequest.cs:198)
Unity.Services.Authentication.WebRequest/<>c__DisplayClass16_0:<SendAttemptAsync>b__0 (UnityEngine.AsyncOperation) (at ./Library/PackageCache/com.unity.services.authentication@9a8b7a204688/Runtime/Network/WebRequest.cs:76)
UnityEngine.AsyncOperation:InvokeCompletionEvent () (at C:/build/output/unity/unity/Runtime/Export/Scripting/AsyncOperation.cs:24)

(Filename: C:/build/output/unity/unity/Runtime/Export/Debug/Debug.bindings.cs Line: 123)

PHS_EXTINGUISHER_EFFECT_CACHED player=PHS_CuteWhiteGhost_Player(Clone) firstPersonParticles=2 worldParticles=2
UnityEngine.Debug:ExtractStackTraceNoAlloc (byte*,int,string)
UnityEngine.StackTraceUtility:ExtractStackTrace () (at C:/build/output/unity/unity/Runtime/Export/Scripting/StackTrace.cs:35)
UnityEngine.DebugLogHandler:Internal_Log (UnityEngine.LogType,UnityEngine.LogOption,string,UnityEngine.Object)
UnityEngine.DebugLogHandler:LogFormat (UnityEngine.LogType,UnityEngine.Object,string,object[]) (at C:/build/output/unity/unity/Runtime/Export/Logging/DebugLogHandler.cs:9)
UnityEngine.Logger:Log (UnityEngine.LogType,object) (at C:/build/output/unity/unity/Runtime/Export/Logging/Logger.cs:60)
UnityEngine.Debug:Log (object) (at C:/build/output/unity/unity/Runtime/Export/Debug/Debug.bindings.cs:123)
LastJumpCrew.ParkHanSol.Multiplayer.NetworkPlayerCombatController:CacheExtinguisherEffects () (at E:/UNITY/LastJumpCrew/Assets/06. JoHanYong_PlayerSystem/02. Script/NetworkPlayerCombatController.cs:149)
LastJumpCrew.ParkHanSol.Multiplayer.NetworkPlayerCombatController:Awake () (at E:/UNITY/LastJumpCrew/Assets/06. JoHanYong_PlayerSystem/02. Script/NetworkPlayerCombatController.cs:128)
UnityEngine.Object:Internal_CloneSingle (UnityEngine.Object)
UnityEngine.Object:Instantiate<UnityEngine.GameObject> (UnityEngine.GameObject) (at C:/build/output/unity/unity/Runtime/Export/Scripting/UnityEngineObject.bindings.cs:671)
Unity.Netcode.NetworkSpawnManager:InstantiateNetworkPrefab (UnityEngine.GameObject,uint,System.Nullable`1<UnityEngine.Vector3>,System.Nullable`1<UnityEngine.Quaternion>) (at ./Library/PackageCache/com.unity.netcode.gameobjects@0f12e689d980/Runtime/Spawning/NetworkSpawnManager.cs:938)
Unity.Netcode.NetworkSpawnManager:GetNetworkObjectToSpawn (uint,ulong,System.Nullable`1<UnityEngine.Vector3>,System.Nullable`1<UnityEngine.Quaternion>,bool,byte[]) (at ./Library/PackageCache/com.unity.netcode.gameobjects@0f12e689d980/Runtime/Spawning/NetworkSpawnManager.cs:918)
Unity.Netcode.NetworkSpawnManager:CreateLocalNetworkObject (Unity.Netcode.NetworkObject/SerializedObject,byte[]) (at ./Library/PackageCache/com.unity.netcode.gameobjects@0f12e689d980/Runtime/Spawning/NetworkSpawnManager.cs:973)
Unity.Netcode.NetworkSpawnManager:NonAuthorityLocalSpawn (Unity.Netcode.NetworkObject/SerializedObject&,Unity.Netcode.NetworkObject&,Unity.Netcode.FastBufferReader,bool) (at ./Library/PackageCache/com.unity.netcode.gameobjects@0f12e689d980/Runtime/Spawning/NetworkSpawnManager.cs:1228)
Unity.Netcode.NetworkObject:Deserialize (Unity.Netcode.NetworkObject/SerializedObject&,Unity.Netcode.FastBufferReader,Unity.Netcode.NetworkManager,bool) (at ./Library/PackageCache/com.unity.netcode.gameobjects@0f12e689d980/Runtime/Core/NetworkObject.cs:3383)
Unity.Netcode.SceneEventData:SynchronizeSceneNetworkObjects (Unity.Netcode.NetworkManager) (at ./Library/PackageCache/com.unity.netcode.gameobjects@0f12e689d980/Runtime/SceneManagement/SceneEventData.cs:1115)
Unity.Netcode.NetworkSceneManager:HandleClientSceneEvent (uint) (at ./Library/PackageCache/com.unity.netcode.gameobjects@0f12e689d980/Runtime/SceneManagement/NetworkSceneManager.cs:2353)
Unity.Netcode.NetworkSceneManager:ClientLoadedSynchronization (uint) (at ./Library/PackageCache/com.unity.netcode.gameobjects@0f12e689d980/Runtime/SceneManagement/NetworkSceneManager.cs:2235)
Unity.Netcode.NetworkSceneManager:OnClientBeginSync (uint) (at ./Library/PackageCache/com.unity.netcode.gameobjects@0f12e689d980/Runtime/SceneManagement/NetworkSceneManager.cs:2166)
Unity.Netcode.NetworkSceneManager:HandleClientSceneEvent (uint) (at ./Library/PackageCache/com.unity.netcode.gameobjects@0f12e689d980/Runtime/SceneManagement/NetworkSceneManager.cs:2335)
Unity.Netcode.NetworkSceneManager:HandleSceneEvent (ulong,Unity.Netcode.FastBufferReader) (at ./Library/PackageCache/com.unity.netcode.gameobjects@0f12e689d980/Runtime/SceneManagement/NetworkSceneManager.cs:2680)
Unity.Netcode.SceneEventMessage:Handle (Unity.Netcode.NetworkContext&) (at ./Library/PackageCache/com.unity.netcode.gameobjects@0f12e689d980/Runtime/Messaging/Messages/SceneEventMessage.cs:29)
Unity.Netcode.NetworkMessageManager:ReceiveMessage<Unity.Netcode.SceneEventMessage> (Unity.Netcode.FastBufferReader,Unity.Netcode.NetworkContext&,Unity.Netcode.NetworkMessageManager) (at ./Library/PackageCache/com.unity.netcode.gameobjects@0f12e689d980/Runtime/Messaging/NetworkMessageManager.cs:566)
Unity.Netcode.NetworkMessageManager:HandleMessage (Unity.Netcode.NetworkMessageHeader&,Unity.Netcode.FastBufferReader,ulong,single,int) (at ./Library/PackageCache/com.unity.netcode.gameobjects@0f12e689d980/Runtime/Messaging/NetworkMessageManager.cs:420)
Unity.Netcode.NetworkMessageManager:ProcessIncomingMessageQueue () (at ./Library/PackageCache/com.unity.netcode.gameobjects@0f12e689d980/Runtime/Messaging/NetworkMessageManager.cs:446)
Unity.Netcode.NetworkManager:NetworkUpdate (Unity.Netcode.NetworkUpdateStage) (at ./Library/PackageCache/com.unity.netcode.gameobjects@0f12e689d980/Runtime/Core/NetworkManager.cs:364)
Unity.Netcode.NetworkUpdateLoop:RunNetworkUpdateStage (Unity.Netcode.NetworkUpdateStage) (at ./Library/PackageCache/com.unity.netcode.gameobjects@0f12e689d980/Runtime/Core/NetworkUpdateLoop.cs:191)
Unity.Netcode.NetworkUpdateLoop/NetworkEarlyUpdate/<>c:<CreateLoopSystem>b__0_0 () (at ./Library/PackageCache/com.unity.netcode.gameobjects@0f12e689d980/Runtime/Core/NetworkUpdateLoop.cs:214)

(Filename: C:/build/output/unity/unity/Runtime/Export/Debug/Debug.bindings.cs Line: 123)

PHS_PLAYER_SCENE_STATE scene=ParkHanSol_LobbyScene owner=False input=False
UnityEngine.Debug:ExtractStackTraceNoAlloc (byte*,int,string)
UnityEngine.StackTraceUtility:ExtractStackTrace () (at C:/build/output/unity/unity/Runtime/Export/Scripting/StackTrace.cs:35)
UnityEngine.DebugLogHandler:Internal_Log (UnityEngine.LogType,UnityEngine.LogOption,string,UnityEngine.Object)
UnityEngine.DebugLogHandler:LogFormat (UnityEngine.LogType,UnityEngine.Object,string,object[]) (at C:/build/output/unity/unity/Runtime/Export/Logging/DebugLogHandler.cs:9)
UnityEngine.Logger:Log (UnityEngine.LogType,object) (at C:/build/output/unity/unity/Runtime/Export/Logging/Logger.cs:60)
UnityEngine.Debug:Log (object) (at C:/build/output/unity/unity/Runtime/Export/Debug/Debug.bindings.cs:123)
LastJumpCrew.ParkHanSol.Multiplayer.NetworkPlayerController:RefreshForActiveScene () (at E:/UNITY/LastJumpCrew/Assets/02. ParkHanSol_TeamLeader_Build & Multi/02. Script/Multiplayer/NetworkPlayerController.cs:733)
LastJumpCrew.ParkHanSol.Multiplayer.NetworkPlayerController:OnNetworkSpawn () (at E:/UNITY/LastJumpCrew/Assets/02. ParkHanSol_TeamLeader_Build & Multi/02. Script/Multiplayer/NetworkPlayerController.cs:505)
Unity.Netcode.NetworkBehaviour:NetworkSpawn () (at ./Library/PackageCache/com.unity.netcode.gameobjects@0f12e689d980/Runtime/Core/NetworkBehaviour.cs:813)
Unity.Netcode.NetworkObject:InvokeBehaviourNetworkSpawn () (at ./Library/PackageCache/com.unity.netcode.gameobjects@0f12e689d980/Runtime/Core/NetworkObject.cs:2698)
Unity.Netcode.NetworkSpawnManager:SpawnNetworkObjectLocallyCommon (Unity.Netcode.NetworkObject,ulong,bool,bool,ulong,bool) (at ./Library/PackageCache/com.unity.netcode.gameobjects@0f12e689d980/Runtime/Spawning/NetworkSpawnManager.cs:1384)
Unity.Netcode.NetworkSpawnManager:NonAuthorityLocalSpawn (Unity.Netcode.NetworkObject/SerializedObject&,Unity.Netcode.NetworkObject&,Unity.Netcode.FastBufferReader,bool) (at ./Library/PackageCache/com.unity.netcode.gameobjects@0f12e689d980/Runtime/Spawning/NetworkSpawnManager.cs:1284)
Unity.Netcode.NetworkObject:Deserialize (Unity.Netcode.NetworkObject/SerializedObject&,Unity.Netcode.FastBufferReader,Unity.Netcode.NetworkManager,bool) (at ./Library/PackageCache/com.unity.netcode.gameobjects@0f12e689d980/Runtime/Core/NetworkObject.cs:3383)
Unity.Netcode.SceneEventData:SynchronizeSceneNetworkObjects (Unity.Netcode.NetworkManager) (at ./Library/PackageCache/com.unity.netcode.gameobjects@0f12e689d980/Runtime/SceneManagement/SceneEventData.cs:1115)
Unity.Netcode.NetworkSceneManager:HandleClientSceneEvent (uint) (at ./Library/PackageCache/com.unity.netcode.gameobjects@0f12e689d980/Runtime/SceneManagement/NetworkSceneManager.cs:2353)
Unity.Netcode.NetworkSceneManager:ClientLoadedSynchronization (uint) (at ./Library/PackageCache/com.unity.netcode.gameobjects@0f12e689d980/Runtime/SceneManagement/NetworkSceneManager.cs:2235)
Unity.Netcode.NetworkSceneManager:OnClientBeginSync (uint) (at ./Library/PackageCache/com.unity.netcode.gameobjects@0f12e689d980/Runtime/SceneManagement/NetworkSceneManager.cs:2166)
Unity.Netcode.NetworkSceneManager:HandleClientSceneEvent (uint) (at ./Library/PackageCache/com.unity.netcode.gameobjects@0f12e689d980/Runtime/SceneManagement/NetworkSceneManager.cs:2335)
Unity.Netcode.NetworkSceneManager:HandleSceneEvent (ulong,Unity.Netcode.FastBufferReader) (at ./Library/PackageCache/com.unity.netcode.gameobjects@0f12e689d980/Runtime/SceneManagement/NetworkSceneManager.cs:2680)
Unity.Netcode.SceneEventMessage:Handle (Unity.Netcode.NetworkContext&) (at ./Library/PackageCache/com.unity.netcode.gameobjects@0f12e689d980/Runtime/Messaging/Messages/SceneEventMessage.cs:29)
Unity.Netcode.NetworkMessageManager:ReceiveMessage<Unity.Netcode.SceneEventMessage> (Unity.Netcode.FastBufferReader,Unity.Netcode.NetworkContext&,Unity.Netcode.NetworkMessageManager) (at ./Library/PackageCache/com.unity.netcode.gameobjects@0f12e689d980/Runtime/Messaging/NetworkMessageManager.cs:566)
Unity.Netcode.NetworkMessageManager:HandleMessage (Unity.Netcode.NetworkMessageHeader&,Unity.Netcode.FastBufferReader,ulong,single,int) (at ./Library/PackageCache/com.unity.netcode.gameobjects@0f12e689d980/Runtime/Messaging/NetworkMessageManager.cs:420)
Unity.Netcode.NetworkMessageManager:ProcessIncomingMessageQueue () (at ./Library/PackageCache/com.unity.netcode.gameobjects@0f12e689d980/Runtime/Messaging/NetworkMessageManager.cs:446)
Unity.Netcode.NetworkManager:NetworkUpdate (Unity.Netcode.NetworkUpdateStage) (at ./Library/PackageCache/com.unity.netcode.gameobjects@0f12e689d980/Runtime/Core/NetworkManager.cs:364)
Unity.Netcode.NetworkUpdateLoop:RunNetworkUpdateStage (Unity.Netcode.NetworkUpdateStage) (at ./Library/PackageCache/com.unity.netcode.gameobjects@0f12e689d980/Runtime/Core/NetworkUpdateLoop.cs:191)
Unity.Netcode.NetworkUpdateLoop/NetworkEarlyUpdate/<>c:<CreateLoopSystem>b__0_0 () (at ./Library/PackageCache/com.unity.netcode.gameobjects@0f12e689d980/Runtime/Core/NetworkUpdateLoop.cs:214)

(Filename: C:/build/output/unity/unity/Runtime/Export/Debug/Debug.bindings.cs Line: 123)

PHS_SHIP_STATUS_CONNECTED provider=NetworkShipSystemsState server=False
UnityEngine.Debug:ExtractStackTraceNoAlloc (byte*,int,string)
UnityEngine.StackTraceUtility:ExtractStackTrace () (at C:/build/output/unity/unity/Runtime/Export/Scripting/StackTrace.cs:35)
UnityEngine.DebugLogHandler:Internal_Log (UnityEngine.LogType,UnityEngine.LogOption,string,UnityEngine.Object)
UnityEngine.DebugLogHandler:LogFormat (UnityEngine.LogType,UnityEngine.Object,string,object[]) (at C:/build/output/unity/unity/Runtime/Export/Logging/DebugLogHandler.cs:9)
UnityEngine.Logger:Log (UnityEngine.LogType,object,UnityEngine.Object) (at C:/build/output/unity/unity/Runtime/Export/Logging/Logger.cs:66)
UnityEngine.Debug:Log (object,UnityEngine.Object) (at C:/build/output/unity/unity/Runtime/Export/Debug/Debug.bindings.cs:128)
LastJumpCrew.ParkHanSol.Multiplayer.NetworkShipSystemsState:TryRegisterWithGameCore () (at E:/UNITY/LastJumpCrew/Assets/02. ParkHanSol_TeamLeader_Build & Multi/02. Script/Multiplayer/NetworkShipSystemsState.cs:718)
LastJumpCrew.ParkHanSol.Multiplayer.NetworkShipSystemsState:OnNetworkSpawn () (at E:/UNITY/LastJumpCrew/Assets/02. ParkHanSol_TeamLeader_Build & Multi/02. Script/Multiplayer/NetworkShipSystemsState.cs:106)
Unity.Netcode.NetworkBehaviour:NetworkSpawn () (at ./Library/PackageCache/com.unity.netcode.gameobjects@0f12e689d980/Runtime/Core/NetworkBehaviour.cs:813)
Unity.Netcode.NetworkObject:InvokeBehaviourNetworkSpawn () (at ./Library/PackageCache/com.unity.netcode.gameobjects@0f12e689d980/Runtime/Core/NetworkObject.cs:2698)
Unity.Netcode.NetworkSpawnManager:SpawnNetworkObjectLocallyCommon (Unity.Netcode.NetworkObject,ulong,bool,bool,ulong,bool) (at ./Library/PackageCache/com.unity.netcode.gameobjects@0f12e689d980/Runtime/Spawning/NetworkSpawnManager.cs:1384)
Unity.Netcode.NetworkSpawnManager:NonAuthorityLocalSpawn (Unity.Netcode.NetworkObject/SerializedObject&,Unity.Netcode.NetworkObject&,Unity.Netcode.FastBufferReader,bool) (at ./Library/PackageCache/com.unity.netcode.gameobjects@0f12e689d980/Runtime/Spawning/NetworkSpawnManager.cs:1284)
Unity.Netcode.NetworkObject:Deserialize (Unity.Netcode.NetworkObject/SerializedObject&,Unity.Netcode.FastBufferReader,Unity.Netcode.NetworkManager,bool) (at ./Library/PackageCache/com.unity.netcode.gameobjects@0f12e689d980/Runtime/Core/NetworkObject.cs:3383)
Unity.Netcode.SceneEventData:SynchronizeSceneNetworkObjects (Unity.Netcode.NetworkManager) (at ./Library/PackageCache/com.unity.netcode.gameobjects@0f12e689d980/Runtime/SceneManagement/SceneEventData.cs:1115)
Unity.Netcode.NetworkSceneManager:HandleClientSceneEvent (uint) (at ./Library/PackageCache/com.unity.netcode.gameobjects@0f12e689d980/Runtime/SceneManagement/NetworkSceneManager.cs:2353)
Unity.Netcode.NetworkSceneManager:ClientLoadedSynchronization (uint) (at ./Library/PackageCache/com.unity.netcode.gameobjects@0f12e689d980/Runtime/SceneManagement/NetworkSceneManager.cs:2235)
Unity.Netcode.NetworkSceneManager:OnClientBeginSync (uint) (at ./Library/PackageCache/com.unity.netcode.gameobjects@0f12e689d980/Runtime/SceneManagement/NetworkSceneManager.cs:2166)
Unity.Netcode.NetworkSceneManager:HandleClientSceneEvent (uint) (at ./Library/PackageCache/com.unity.netcode.gameobjects@0f12e689d980/Runtime/SceneManagement/NetworkSceneManager.cs:2335)
Unity.Netcode.NetworkSceneManager:HandleSceneEvent (ulong,Unity.Netcode.FastBufferReader) (at ./Library/PackageCache/com.unity.netcode.gameobjects@0f12e689d980/Runtime/SceneManagement/NetworkSceneManager.cs:2680)
Unity.Netcode.SceneEventMessage:Handle (Unity.Netcode.NetworkContext&) (at ./Library/PackageCache/com.unity.netcode.gameobjects@0f12e689d980/Runtime/Messaging/Messages/SceneEventMessage.cs:29)
Unity.Netcode.NetworkMessageManager:ReceiveMessage<Unity.Netcode.SceneEventMessage> (Unity.Netcode.FastBufferReader,Unity.Netcode.NetworkContext&,Unity.Netcode.NetworkMessageManager) (at ./Library/PackageCache/com.unity.netcode.gameobjects@0f12e689d980/Runtime/Messaging/NetworkMessageManager.cs:566)
Unity.Netcode.NetworkMessageManager:HandleMessage (Unity.Netcode.NetworkMessageHeader&,Unity.Netcode.FastBufferReader,ulong,single,int) (at ./Library/PackageCache/com.unity.netcode.gameobjects@0f12e689d980/Runtime/Messaging/NetworkMessageManager.cs:420)
Unity.Netcode.NetworkMessageManager:ProcessIncomingMessageQueue () (at ./Library/PackageCache/com.unity.netcode.gameobjects@0f12e689d980/Runtime/Messaging/NetworkMessageManager.cs:446)
Unity.Netcode.NetworkManager:NetworkUpdate (Unity.Netcode.NetworkUpdateStage) (at ./Library/PackageCache/com.unity.netcode.gameobjects@0f12e689d980/Runtime/Core/NetworkManager.cs:364)
Unity.Netcode.NetworkUpdateLoop:RunNetworkUpdateStage (Unity.Netcode.NetworkUpdateStage) (at ./Library/PackageCache/com.unity.netcode.gameobjects@0f12e689d980/Runtime/Core/NetworkUpdateLoop.cs:191)
Unity.Netcode.NetworkUpdateLoop/NetworkEarlyUpdate/<>c:<CreateLoopSystem>b__0_0 () (at ./Library/PackageCache/com.unity.netcode.gameobjects@0f12e689d980/Runtime/Core/NetworkUpdateLoop.cs:214)

(Filename: C:/build/output/unity/unity/Runtime/Export/Debug/Debug.bindings.cs Line: 128)

PHS_SHIP_SYSTEMS_SNAPSHOT reason=network_spawn hp=100/100 power=True gravity=True battery=False damageCause=none revision=1
UnityEngine.Debug:ExtractStackTraceNoAlloc (byte*,int,string)
UnityEngine.StackTraceUtility:ExtractStackTrace () (at C:/build/output/unity/unity/Runtime/Export/Scripting/StackTrace.cs:35)
UnityEngine.DebugLogHandler:Internal_Log (UnityEngine.LogType,UnityEngine.LogOption,string,UnityEngine.Object)
UnityEngine.DebugLogHandler:LogFormat (UnityEngine.LogType,UnityEngine.Object,string,object[]) (at C:/build/output/unity/unity/Runtime/Export/Logging/DebugLogHandler.cs:9)
UnityEngine.Logger:Log (UnityEngine.LogType,object,UnityEngine.Object) (at C:/build/output/unity/unity/Runtime/Export/Logging/Logger.cs:66)
UnityEngine.Debug:Log (object,UnityEngine.Object) (at C:/build/output/unity/unity/Runtime/Export/Debug/Debug.bindings.cs:128)
LastJumpCrew.ParkHanSol.Multiplayer.NetworkShipSystemsState:PublishStateChanged (string) (at E:/UNITY/LastJumpCrew/Assets/02. ParkHanSol_TeamLeader_Build & Multi/02. Script/Multiplayer/NetworkShipSystemsState.cs:811)
LastJumpCrew.ParkHanSol.Multiplayer.NetworkShipSystemsState:OnNetworkSpawn () (at E:/UNITY/LastJumpCrew/Assets/02. ParkHanSol_TeamLeader_Build & Multi/02. Script/Multiplayer/NetworkShipSystemsState.cs:107)
Unity.Netcode.NetworkBehaviour:NetworkSpawn () (at ./Library/PackageCache/com.unity.netcode.gameobjects@0f12e689d980/Runtime/Core/NetworkBehaviour.cs:813)
Unity.Netcode.NetworkObject:InvokeBehaviourNetworkSpawn () (at ./Library/PackageCache/com.unity.netcode.gameobjects@0f12e689d980/Runtime/Core/NetworkObject.cs:2698)
Unity.Netcode.NetworkSpawnManager:SpawnNetworkObjectLocallyCommon (Unity.Netcode.NetworkObject,ulong,bool,bool,ulong,bool) (at ./Library/PackageCache/com.unity.netcode.gameobjects@0f12e689d980/Runtime/Spawning/NetworkSpawnManager.cs:1384)
Unity.Netcode.NetworkSpawnManager:NonAuthorityLocalSpawn (Unity.Netcode.NetworkObject/SerializedObject&,Unity.Netcode.NetworkObject&,Unity.Netcode.FastBufferReader,bool) (at ./Library/PackageCache/com.unity.netcode.gameobjects@0f12e689d980/Runtime/Spawning/NetworkSpawnManager.cs:1284)
Unity.Netcode.NetworkObject:Deserialize (Unity.Netcode.NetworkObject/SerializedObject&,Unity.Netcode.FastBufferReader,Unity.Netcode.NetworkManager,bool) (at ./Library/PackageCache/com.unity.netcode.gameobjects@0f12e689d980/Runtime/Core/NetworkObject.cs:3383)
Unity.Netcode.SceneEventData:SynchronizeSceneNetworkObjects (Unity.Netcode.NetworkManager) (at ./Library/PackageCache/com.unity.netcode.gameobjects@0f12e689d980/Runtime/SceneManagement/SceneEventData.cs:1115)
Unity.Netcode.NetworkSceneManager:HandleClientSceneEvent (uint) (at ./Library/PackageCache/com.unity.netcode.gameobjects@0f12e689d980/Runtime/SceneManagement/NetworkSceneManager.cs:2353)
Unity.Netcode.NetworkSceneManager:ClientLoadedSynchronization (uint) (at ./Library/PackageCache/com.unity.netcode.gameobjects@0f12e689d980/Runtime/SceneManagement/NetworkSceneManager.cs:2235)
Unity.Netcode.NetworkSceneManager:OnClientBeginSync (uint) (at ./Library/PackageCache/com.unity.netcode.gameobjects@0f12e689d980/Runtime/SceneManagement/NetworkSceneManager.cs:2166)
Unity.Netcode.NetworkSceneManager:HandleClientSceneEvent (uint) (at ./Library/PackageCache/com.unity.netcode.gameobjects@0f12e689d980/Runtime/SceneManagement/NetworkSceneManager.cs:2335)
Unity.Netcode.NetworkSceneManager:HandleSceneEvent (ulong,Unity.Netcode.FastBufferReader) (at ./Library/PackageCache/com.unity.netcode.gameobjects@0f12e689d980/Runtime/SceneManagement/NetworkSceneManager.cs:2680)
Unity.Netcode.SceneEventMessage:Handle (Unity.Netcode.NetworkContext&) (at ./Library/PackageCache/com.unity.netcode.gameobjects@0f12e689d980/Runtime/Messaging/Messages/SceneEventMessage.cs:29)
Unity.Netcode.NetworkMessageManager:ReceiveMessage<Unity.Netcode.SceneEventMessage> (Unity.Netcode.FastBufferReader,Unity.Netcode.NetworkContext&,Unity.Netcode.NetworkMessageManager) (at ./Library/PackageCache/com.unity.netcode.gameobjects@0f12e689d980/Runtime/Messaging/NetworkMessageManager.cs:566)
Unity.Netcode.NetworkMessageManager:HandleMessage (Unity.Netcode.NetworkMessageHeader&,Unity.Netcode.FastBufferReader,ulong,single,int) (at ./Library/PackageCache/com.unity.netcode.gameobjects@0f12e689d980/Runtime/Messaging/NetworkMessageManager.cs:420)
Unity.Netcode.NetworkMessageManager:ProcessIncomingMessageQueue () (at ./Library/PackageCache/com.unity.netcode.gameobjects@0f12e689d980/Runtime/Messaging/NetworkMessageManager.cs:446)
Unity.Netcode.NetworkManager:NetworkUpdate (Unity.Netcode.NetworkUpdateStage) (at ./Library/PackageCache/com.unity.netcode.gameobjects@0f12e689d980/Runtime/Core/NetworkManager.cs:364)
Unity.Netcode.NetworkUpdateLoop:RunNetworkUpdateStage (Unity.Netcode.NetworkUpdateStage) (at ./Library/PackageCache/com.unity.netcode.gameobjects@0f12e689d980/Runtime/Core/NetworkUpdateLoop.cs:191)
Unity.Netcode.NetworkUpdateLoop/NetworkEarlyUpdate/<>c:<CreateLoopSystem>b__0_0 () (at ./Library/PackageCache/com.unity.netcode.gameobjects@0f12e689d980/Runtime/Core/NetworkUpdateLoop.cs:214)

(Filename: C:/build/output/unity/unity/Runtime/Export/Debug/Debug.bindings.cs Line: 128)

PHS_SHIP_SYSTEMS_READY server=False revision=1 modules=4
UnityEngine.Debug:ExtractStackTraceNoAlloc (byte*,int,string)
UnityEngine.StackTraceUtility:ExtractStackTrace () (at C:/build/output/unity/unity/Runtime/Export/Scripting/StackTrace.cs:35)
UnityEngine.DebugLogHandler:Internal_Log (UnityEngine.LogType,UnityEngine.LogOption,string,UnityEngine.Object)
UnityEngine.DebugLogHandler:LogFormat (UnityEngine.LogType,UnityEngine.Object,string,object[]) (at C:/build/output/unity/unity/Runtime/Export/Logging/DebugLogHandler.cs:9)
UnityEngine.Logger:Log (UnityEngine.LogType,object,UnityEngine.Object) (at C:/build/output/unity/unity/Runtime/Export/Logging/Logger.cs:66)
UnityEngine.Debug:Log (object,UnityEngine.Object) (at C:/build/output/unity/unity/Runtime/Export/Debug/Debug.bindings.cs:128)
LastJumpCrew.ParkHanSol.Multiplayer.NetworkShipSystemsState:OnNetworkSpawn () (at E:/UNITY/LastJumpCrew/Assets/02. ParkHanSol_TeamLeader_Build & Multi/02. Script/Multiplayer/NetworkShipSystemsState.cs:108)
Unity.Netcode.NetworkBehaviour:NetworkSpawn () (at ./Library/PackageCache/com.unity.netcode.gameobjects@0f12e689d980/Runtime/Core/NetworkBehaviour.cs:813)
Unity.Netcode.NetworkObject:InvokeBehaviourNetworkSpawn () (at ./Library/PackageCache/com.unity.netcode.gameobjects@0f12e689d980/Runtime/Core/NetworkObject.cs:2698)
Unity.Netcode.NetworkSpawnManager:SpawnNetworkObjectLocallyCommon (Unity.Netcode.NetworkObject,ulong,bool,bool,ulong,bool) (at ./Library/PackageCache/com.unity.netcode.gameobjects@0f12e689d980/Runtime/Spawning/NetworkSpawnManager.cs:1384)
Unity.Netcode.NetworkSpawnManager:NonAuthorityLocalSpawn (Unity.Netcode.NetworkObject/SerializedObject&,Unity.Netcode.NetworkObject&,Unity.Netcode.FastBufferReader,bool) (at ./Library/PackageCache/com.unity.netcode.gameobjects@0f12e689d980/Runtime/Spawning/NetworkSpawnManager.cs:1284)
Unity.Netcode.NetworkObject:Deserialize (Unity.Netcode.NetworkObject/SerializedObject&,Unity.Netcode.FastBufferReader,Unity.Netcode.NetworkManager,bool) (at ./Library/PackageCache/com.unity.netcode.gameobjects@0f12e689d980/Runtime/Core/NetworkObject.cs:3383)
Unity.Netcode.SceneEventData:SynchronizeSceneNetworkObjects (Unity.Netcode.NetworkManager) (at ./Library/PackageCache/com.unity.netcode.gameobjects@0f12e689d980/Runtime/SceneManagement/SceneEventData.cs:1115)
Unity.Netcode.NetworkSceneManager:HandleClientSceneEvent (uint) (at ./Library/PackageCache/com.unity.netcode.gameobjects@0f12e689d980/Runtime/SceneManagement/NetworkSceneManager.cs:2353)
Unity.Netcode.NetworkSceneManager:ClientLoadedSynchronization (uint) (at ./Library/PackageCache/com.unity.netcode.gameobjects@0f12e689d980/Runtime/SceneManagement/NetworkSceneManager.cs:2235)
Unity.Netcode.NetworkSceneManager:OnClientBeginSync (uint) (at ./Library/PackageCache/com.unity.netcode.gameobjects@0f12e689d980/Runtime/SceneManagement/NetworkSceneManager.cs:2166)
Unity.Netcode.NetworkSceneManager:HandleClientSceneEvent (uint) (at ./Library/PackageCache/com.unity.netcode.gameobjects@0f12e689d980/Runtime/SceneManagement/NetworkSceneManager.cs:2335)
Unity.Netcode.NetworkSceneManager:HandleSceneEvent (ulong,Unity.Netcode.FastBufferReader) (at ./Library/PackageCache/com.unity.netcode.gameobjects@0f12e689d980/Runtime/SceneManagement/NetworkSceneManager.cs:2680)
Unity.Netcode.SceneEventMessage:Handle (Unity.Netcode.NetworkContext&) (at ./Library/PackageCache/com.unity.netcode.gameobjects@0f12e689d980/Runtime/Messaging/Messages/SceneEventMessage.cs:29)
Unity.Netcode.NetworkMessageManager:ReceiveMessage<Unity.Netcode.SceneEventMessage> (Unity.Netcode.FastBufferReader,Unity.Netcode.NetworkContext&,Unity.Netcode.NetworkMessageManager) (at ./Library/PackageCache/com.unity.netcode.gameobjects@0f12e689d980/Runtime/Messaging/NetworkMessageManager.cs:566)
Unity.Netcode.NetworkMessageManager:HandleMessage (Unity.Netcode.NetworkMessageHeader&,Unity.Netcode.FastBufferReader,ulong,single,int) (at ./Library/PackageCache/com.unity.netcode.gameobjects@0f12e689d980/Runtime/Messaging/NetworkMessageManager.cs:420)
Unity.Netcode.NetworkMessageManager:ProcessIncomingMessageQueue () (at ./Library/PackageCache/com.unity.netcode.gameobjects@0f12e689d980/Runtime/Messaging/NetworkMessageManager.cs:446)
Unity.Netcode.NetworkManager:NetworkUpdate (Unity.Netcode.NetworkUpdateStage) (at ./Library/PackageCache/com.unity.netcode.gameobjects@0f12e689d980/Runtime/Core/NetworkManager.cs:364)
Unity.Netcode.NetworkUpdateLoop:RunNetworkUpdateStage (Unity.Netcode.NetworkUpdateStage) (at ./Library/PackageCache/com.unity.netcode.gameobjects@0f12e689d980/Runtime/Core/NetworkUpdateLoop.cs:191)
Unity.Netcode.NetworkUpdateLoop/NetworkEarlyUpdate/<>c:<CreateLoopSystem>b__0_0 () (at ./Library/PackageCache/com.unity.netcode.gameobjects@0f12e689d980/Runtime/Core/NetworkUpdateLoop.cs:214)

(Filename: C:/build/output/unity/unity/Runtime/Export/Debug/Debug.bindings.cs Line: 128)

PHS_RUN_SESSION_ROOT_READY server=False objectId=2
UnityEngine.Debug:ExtractStackTraceNoAlloc (byte*,int,string)
UnityEngine.StackTraceUtility:ExtractStackTrace () (at C:/build/output/unity/unity/Runtime/Export/Scripting/StackTrace.cs:35)
UnityEngine.DebugLogHandler:Internal_Log (UnityEngine.LogType,UnityEngine.LogOption,string,UnityEngine.Object)
UnityEngine.DebugLogHandler:LogFormat (UnityEngine.LogType,UnityEngine.Object,string,object[]) (at C:/build/output/unity/unity/Runtime/Export/Logging/DebugLogHandler.cs:9)
UnityEngine.Logger:Log (UnityEngine.LogType,object,UnityEngine.Object) (at C:/build/output/unity/unity/Runtime/Export/Logging/Logger.cs:66)
UnityEngine.Debug:Log (object,UnityEngine.Object) (at C:/build/output/unity/unity/Runtime/Export/Debug/Debug.bindings.cs:128)
LastJumpCrew.ParkHanSol.Multiplayer.NetworkRunSessionRoot:OnNetworkSpawn () (at E:/UNITY/LastJumpCrew/Assets/02. ParkHanSol_TeamLeader_Build & Multi/02. Script/Multiplayer/RunFlow/NetworkRunSessionRoot.cs:93)
Unity.Netcode.NetworkBehaviour:NetworkSpawn () (at ./Library/PackageCache/com.unity.netcode.gameobjects@0f12e689d980/Runtime/Core/NetworkBehaviour.cs:813)
Unity.Netcode.NetworkObject:InvokeBehaviourNetworkSpawn () (at ./Library/PackageCache/com.unity.netcode.gameobjects@0f12e689d980/Runtime/Core/NetworkObject.cs:2698)
Unity.Netcode.NetworkSpawnManager:SpawnNetworkObjectLocallyCommon (Unity.Netcode.NetworkObject,ulong,bool,bool,ulong,bool) (at ./Library/PackageCache/com.unity.netcode.gameobjects@0f12e689d980/Runtime/Spawning/NetworkSpawnManager.cs:1384)
Unity.Netcode.NetworkSpawnManager:NonAuthorityLocalSpawn (Unity.Netcode.NetworkObject/SerializedObject&,Unity.Netcode.NetworkObject&,Unity.Netcode.FastBufferReader,bool) (at ./Library/PackageCache/com.unity.netcode.gameobjects@0f12e689d980/Runtime/Spawning/NetworkSpawnManager.cs:1284)
Unity.Netcode.NetworkObject:Deserialize (Unity.Netcode.NetworkObject/SerializedObject&,Unity.Netcode.FastBufferReader,Unity.Netcode.NetworkManager,bool) (at ./Library/PackageCache/com.unity.netcode.gameobjects@0f12e689d980/Runtime/Core/NetworkObject.cs:3383)
Unity.Netcode.SceneEventData:SynchronizeSceneNetworkObjects (Unity.Netcode.NetworkManager) (at ./Library/PackageCache/com.unity.netcode.gameobjects@0f12e689d980/Runtime/SceneManagement/SceneEventData.cs:1115)
Unity.Netcode.NetworkSceneManager:HandleClientSceneEvent (uint) (at ./Library/PackageCache/com.unity.netcode.gameobjects@0f12e689d980/Runtime/SceneManagement/NetworkSceneManager.cs:2353)
Unity.Netcode.NetworkSceneManager:ClientLoadedSynchronization (uint) (at ./Library/PackageCache/com.unity.netcode.gameobjects@0f12e689d980/Runtime/SceneManagement/NetworkSceneManager.cs:2235)
Unity.Netcode.NetworkSceneManager:OnClientBeginSync (uint) (at ./Library/PackageCache/com.unity.netcode.gameobjects@0f12e689d980/Runtime/SceneManagement/NetworkSceneManager.cs:2166)
Unity.Netcode.NetworkSceneManager:HandleClientSceneEvent (uint) (at ./Library/PackageCache/com.unity.netcode.gameobjects@0f12e689d980/Runtime/SceneManagement/NetworkSceneManager.cs:2335)
Unity.Netcode.NetworkSceneManager:HandleSceneEvent (ulong,Unity.Netcode.FastBufferReader) (at ./Library/PackageCache/com.unity.netcode.gameobjects@0f12e689d980/Runtime/SceneManagement/NetworkSceneManager.cs:2680)
Unity.Netcode.SceneEventMessage:Handle (Unity.Netcode.NetworkContext&) (at ./Library/PackageCache/com.unity.netcode.gameobjects@0f12e689d980/Runtime/Messaging/Messages/SceneEventMessage.cs:29)
Unity.Netcode.NetworkMessageManager:ReceiveMessage<Unity.Netcode.SceneEventMessage> (Unity.Netcode.FastBufferReader,Unity.Netcode.NetworkContext&,Unity.Netcode.NetworkMessageManager) (at ./Library/PackageCache/com.unity.netcode.gameobjects@0f12e689d980/Runtime/Messaging/NetworkMessageManager.cs:566)
Unity.Netcode.NetworkMessageManager:HandleMessage (Unity.Netcode.NetworkMessageHeader&,Unity.Netcode.FastBufferReader,ulong,single,int) (at ./Library/PackageCache/com.unity.netcode.gameobjects@0f12e689d980/Runtime/Messaging/NetworkMessageManager.cs:420)
Unity.Netcode.NetworkMessageManager:ProcessIncomingMessageQueue () (at ./Library/PackageCache/com.unity.netcode.gameobjects@0f12e689d980/Runtime/Messaging/NetworkMessageManager.cs:446)
Unity.Netcode.NetworkManager:NetworkUpdate (Unity.Netcode.NetworkUpdateStage) (at ./Library/PackageCache/com.unity.netcode.gameobjects@0f12e689d980/Runtime/Core/NetworkManager.cs:364)
Unity.Netcode.NetworkUpdateLoop:RunNetworkUpdateStage (Unity.Netcode.NetworkUpdateStage) (at ./Library/PackageCache/com.unity.netcode.gameobjects@0f12e689d980/Runtime/Core/NetworkUpdateLoop.cs:191)
Unity.Netcode.NetworkUpdateLoop/NetworkEarlyUpdate/<>c:<CreateLoopSystem>b__0_0 () (at ./Library/PackageCache/com.unity.netcode.gameobjects@0f12e689d980/Runtime/Core/NetworkUpdateLoop.cs:214)

(Filename: C:/build/output/unity/unity/Runtime/Export/Debug/Debug.bindings.cs Line: 128)

PHS_STAGE_CLOCK_READY server=False state=Stopped sequence=0 revision=0
UnityEngine.Debug:ExtractStackTraceNoAlloc (byte*,int,string)
UnityEngine.StackTraceUtility:ExtractStackTrace () (at C:/build/output/unity/unity/Runtime/Export/Scripting/StackTrace.cs:35)
UnityEngine.DebugLogHandler:Internal_Log (UnityEngine.LogType,UnityEngine.LogOption,string,UnityEngine.Object)
UnityEngine.DebugLogHandler:LogFormat (UnityEngine.LogType,UnityEngine.Object,string,object[]) (at C:/build/output/unity/unity/Runtime/Export/Logging/DebugLogHandler.cs:9)
UnityEngine.Logger:Log (UnityEngine.LogType,object,UnityEngine.Object) (at C:/build/output/unity/unity/Runtime/Export/Logging/Logger.cs:66)
UnityEngine.Debug:Log (object,UnityEngine.Object) (at C:/build/output/unity/unity/Runtime/Export/Debug/Debug.bindings.cs:128)
LastJumpCrew.ParkHanSol.Multiplayer.NetworkRunStageClock:OnNetworkSpawn () (at E:/UNITY/LastJumpCrew/Assets/02. ParkHanSol_TeamLeader_Build & Multi/02. Script/Multiplayer/RunFlow/NetworkRunStageClock.cs:46)
Unity.Netcode.NetworkBehaviour:NetworkSpawn () (at ./Library/PackageCache/com.unity.netcode.gameobjects@0f12e689d980/Runtime/Core/NetworkBehaviour.cs:813)
Unity.Netcode.NetworkObject:InvokeBehaviourNetworkSpawn () (at ./Library/PackageCache/com.unity.netcode.gameobjects@0f12e689d980/Runtime/Core/NetworkObject.cs:2698)
Unity.Netcode.NetworkSpawnManager:SpawnNetworkObjectLocallyCommon (Unity.Netcode.NetworkObject,ulong,bool,bool,ulong,bool) (at ./Library/PackageCache/com.unity.netcode.gameobjects@0f12e689d980/Runtime/Spawning/NetworkSpawnManager.cs:1384)
Unity.Netcode.NetworkSpawnManager:NonAuthorityLocalSpawn (Unity.Netcode.NetworkObject/SerializedObject&,Unity.Netcode.NetworkObject&,Unity.Netcode.FastBufferReader,bool) (at ./Library/PackageCache/com.unity.netcode.gameobjects@0f12e689d980/Runtime/Spawning/NetworkSpawnManager.cs:1284)
Unity.Netcode.NetworkObject:Deserialize (Unity.Netcode.NetworkObject/SerializedObject&,Unity.Netcode.FastBufferReader,Unity.Netcode.NetworkManager,bool) (at ./Library/PackageCache/com.unity.netcode.gameobjects@0f12e689d980/Runtime/Core/NetworkObject.cs:3383)
Unity.Netcode.SceneEventData:SynchronizeSceneNetworkObjects (Unity.Netcode.NetworkManager) (at ./Library/PackageCache/com.unity.netcode.gameobjects@0f12e689d980/Runtime/SceneManagement/SceneEventData.cs:1115)
Unity.Netcode.NetworkSceneManager:HandleClientSceneEvent (uint) (at ./Library/PackageCache/com.unity.netcode.gameobjects@0f12e689d980/Runtime/SceneManagement/NetworkSceneManager.cs:2353)
Unity.Netcode.NetworkSceneManager:ClientLoadedSynchronization (uint) (at ./Library/PackageCache/com.unity.netcode.gameobjects@0f12e689d980/Runtime/SceneManagement/NetworkSceneManager.cs:2235)
Unity.Netcode.NetworkSceneManager:OnClientBeginSync (uint) (at ./Library/PackageCache/com.unity.netcode.gameobjects@0f12e689d980/Runtime/SceneManagement/NetworkSceneManager.cs:2166)
Unity.Netcode.NetworkSceneManager:HandleClientSceneEvent (uint) (at ./Library/PackageCache/com.unity.netcode.gameobjects@0f12e689d980/Runtime/SceneManagement/NetworkSceneManager.cs:2335)
Unity.Netcode.NetworkSceneManager:HandleSceneEvent (ulong,Unity.Netcode.FastBufferReader) (at ./Library/PackageCache/com.unity.netcode.gameobjects@0f12e689d980/Runtime/SceneManagement/NetworkSceneManager.cs:2680)
Unity.Netcode.SceneEventMessage:Handle (Unity.Netcode.NetworkContext&) (at ./Library/PackageCache/com.unity.netcode.gameobjects@0f12e689d980/Runtime/Messaging/Messages/SceneEventMessage.cs:29)
Unity.Netcode.NetworkMessageManager:ReceiveMessage<Unity.Netcode.SceneEventMessage> (Unity.Netcode.FastBufferReader,Unity.Netcode.NetworkContext&,Unity.Netcode.NetworkMessageManager) (at ./Library/PackageCache/com.unity.netcode.gameobjects@0f12e689d980/Runtime/Messaging/NetworkMessageManager.cs:566)
Unity.Netcode.NetworkMessageManager:HandleMessage (Unity.Netcode.NetworkMessageHeader&,Unity.Netcode.FastBufferReader,ulong,single,int) (at ./Library/PackageCache/com.unity.netcode.gameobjects@0f12e689d980/Runtime/Messaging/NetworkMessageManager.cs:420)
Unity.Netcode.NetworkMessageManager:ProcessIncomingMessageQueue () (at ./Library/PackageCache/com.unity.netcode.gameobjects@0f12e689d980/Runtime/Messaging/NetworkMessageManager.cs:446)
Unity.Netcode.NetworkManager:NetworkUpdate (Unity.Netcode.NetworkUpdateStage) (at ./Library/PackageCache/com.unity.netcode.gameobjects@0f12e689d980/Runtime/Core/NetworkManager.cs:364)
Unity.Netcode.NetworkUpdateLoop:RunNetworkUpdateStage (Unity.Netcode.NetworkUpdateStage) (at ./Library/PackageCache/com.unity.netcode.gameobjects@0f12e689d980/Runtime/Core/NetworkUpdateLoop.cs:191)
Unity.Netcode.NetworkUpdateLoop/NetworkEarlyUpdate/<>c:<CreateLoopSystem>b__0_0 () (at ./Library/PackageCache/com.unity.netcode.gameobjects@0f12e689d980/Runtime/Core/NetworkUpdateLoop.cs:214)

(Filename: C:/build/output/unity/unity/Runtime/Export/Debug/Debug.bindings.cs Line: 128)

PHS_RUN_ECONOMY_READY server=False credits=500 revision=1 deliveries=0
UnityEngine.Debug:ExtractStackTraceNoAlloc (byte*,int,string)
UnityEngine.StackTraceUtility:ExtractStackTrace () (at C:/build/output/unity/unity/Runtime/Export/Scripting/StackTrace.cs:35)
UnityEngine.DebugLogHandler:Internal_Log (UnityEngine.LogType,UnityEngine.LogOption,string,UnityEngine.Object)
UnityEngine.DebugLogHandler:LogFormat (UnityEngine.LogType,UnityEngine.Object,string,object[]) (at C:/build/output/unity/unity/Runtime/Export/Logging/DebugLogHandler.cs:9)
UnityEngine.Logger:Log (UnityEngine.LogType,object,UnityEngine.Object) (at C:/build/output/unity/unity/Runtime/Export/Logging/Logger.cs:66)
UnityEngine.Debug:Log (object,UnityEngine.Object) (at C:/build/output/unity/unity/Runtime/Export/Debug/Debug.bindings.cs:128)
LastJumpCrew.ParkHanSol.Multiplayer.NetworkRunEconomyLedger:OnNetworkSpawn () (at E:/UNITY/LastJumpCrew/Assets/02. ParkHanSol_TeamLeader_Build & Multi/02. Script/Multiplayer/Economy/NetworkRunEconomyLedger.cs:70)
Unity.Netcode.NetworkBehaviour:NetworkSpawn () (at ./Library/PackageCache/com.unity.netcode.gameobjects@0f12e689d980/Runtime/Core/NetworkBehaviour.cs:813)
Unity.Netcode.NetworkObject:InvokeBehaviourNetworkSpawn () (at ./Library/PackageCache/com.unity.netcode.gameobjects@0f12e689d980/Runtime/Core/NetworkObject.cs:2698)
Unity.Netcode.NetworkSpawnManager:SpawnNetworkObjectLocallyCommon (Unity.Netcode.NetworkObject,ulong,bool,bool,ulong,bool) (at ./Library/PackageCache/com.unity.netcode.gameobjects@0f12e689d980/Runtime/Spawning/NetworkSpawnManager.cs:1384)
Unity.Netcode.NetworkSpawnManager:NonAuthorityLocalSpawn (Unity.Netcode.NetworkObject/SerializedObject&,Unity.Netcode.NetworkObject&,Unity.Netcode.FastBufferReader,bool) (at ./Library/PackageCache/com.unity.netcode.gameobjects@0f12e689d980/Runtime/Spawning/NetworkSpawnManager.cs:1284)
Unity.Netcode.NetworkObject:Deserialize (Unity.Netcode.NetworkObject/SerializedObject&,Unity.Netcode.FastBufferReader,Unity.Netcode.NetworkManager,bool) (at ./Library/PackageCache/com.unity.netcode.gameobjects@0f12e689d980/Runtime/Core/NetworkObject.cs:3383)
Unity.Netcode.SceneEventData:SynchronizeSceneNetworkObjects (Unity.Netcode.NetworkManager) (at ./Library/PackageCache/com.unity.netcode.gameobjects@0f12e689d980/Runtime/SceneManagement/SceneEventData.cs:1115)
Unity.Netcode.NetworkSceneManager:HandleClientSceneEvent (uint) (at ./Library/PackageCache/com.unity.netcode.gameobjects@0f12e689d980/Runtime/SceneManagement/NetworkSceneManager.cs:2353)
Unity.Netcode.NetworkSceneManager:ClientLoadedSynchronization (uint) (at ./Library/PackageCache/com.unity.netcode.gameobjects@0f12e689d980/Runtime/SceneManagement/NetworkSceneManager.cs:2235)
Unity.Netcode.NetworkSceneManager:OnClientBeginSync (uint) (at ./Library/PackageCache/com.unity.netcode.gameobjects@0f12e689d980/Runtime/SceneManagement/NetworkSceneManager.cs:2166)
Unity.Netcode.NetworkSceneManager:HandleClientSceneEvent (uint) (at ./Library/PackageCache/com.unity.netcode.gameobjects@0f12e689d980/Runtime/SceneManagement/NetworkSceneManager.cs:2335)
Unity.Netcode.NetworkSceneManager:HandleSceneEvent (ulong,Unity.Netcode.FastBufferReader) (at ./Library/PackageCache/com.unity.netcode.gameobjects@0f12e689d980/Runtime/SceneManagement/NetworkSceneManager.cs:2680)
Unity.Netcode.SceneEventMessage:Handle (Unity.Netcode.NetworkContext&) (at ./Library/PackageCache/com.unity.netcode.gameobjects@0f12e689d980/Runtime/Messaging/Messages/SceneEventMessage.cs:29)
Unity.Netcode.NetworkMessageManager:ReceiveMessage<Unity.Netcode.SceneEventMessage> (Unity.Netcode.FastBufferReader,Unity.Netcode.NetworkContext&,Unity.Netcode.NetworkMessageManager) (at ./Library/PackageCache/com.unity.netcode.gameobjects@0f12e689d980/Runtime/Messaging/NetworkMessageManager.cs:566)
Unity.Netcode.NetworkMessageManager:HandleMessage (Unity.Netcode.NetworkMessageHeader&,Unity.Netcode.FastBufferReader,ulong,single,int) (at ./Library/PackageCache/com.unity.netcode.gameobjects@0f12e689d980/Runtime/Messaging/NetworkMessageManager.cs:420)
Unity.Netcode.NetworkMessageManager:ProcessIncomingMessageQueue () (at ./Library/PackageCache/com.unity.netcode.gameobjects@0f12e689d980/Runtime/Messaging/NetworkMessageManager.cs:446)
Unity.Netcode.NetworkManager:NetworkUpdate (Unity.Netcode.NetworkUpdateStage) (at ./Library/PackageCache/com.unity.netcode.gameobjects@0f12e689d980/Runtime/Core/NetworkManager.cs:364)
Unity.Netcode.NetworkUpdateLoop:RunNetworkUpdateStage (Unity.Netcode.NetworkUpdateStage) (at ./Library/PackageCache/com.unity.netcode.gameobjects@0f12e689d980/Runtime/Core/NetworkUpdateLoop.cs:191)
Unity.Netcode.NetworkUpdateLoop/NetworkEarlyUpdate/<>c:<CreateLoopSystem>b__0_0 () (at ./Library/PackageCache/com.unity.netcode.gameobjects@0f12e689d980/Runtime/Core/NetworkUpdateLoop.cs:214)

(Filename: C:/build/output/unity/unity/Runtime/Export/Debug/Debug.bindings.cs Line: 128)

PHS_RUN_RANDOM_READY server=False seed=1370927125512463671 algorithm=1 revision=1
UnityEngine.Debug:ExtractStackTraceNoAlloc (byte*,int,string)
UnityEngine.StackTraceUtility:ExtractStackTrace () (at C:/build/output/unity/unity/Runtime/Export/Scripting/StackTrace.cs:35)
UnityEngine.DebugLogHandler:Internal_Log (UnityEngine.LogType,UnityEngine.LogOption,string,UnityEngine.Object)
UnityEngine.DebugLogHandler:LogFormat (UnityEngine.LogType,UnityEngine.Object,string,object[]) (at C:/build/output/unity/unity/Runtime/Export/Logging/DebugLogHandler.cs:9)
UnityEngine.Logger:Log (UnityEngine.LogType,object,UnityEngine.Object) (at C:/build/output/unity/unity/Runtime/Export/Logging/Logger.cs:66)
UnityEngine.Debug:Log (object,UnityEngine.Object) (at C:/build/output/unity/unity/Runtime/Export/Debug/Debug.bindings.cs:128)
LastJumpCrew.ParkHanSol.Multiplayer.NetworkRunRandomLedger:OnNetworkSpawn () (at E:/UNITY/LastJumpCrew/Assets/02. ParkHanSol_TeamLeader_Build & Multi/02. Script/Multiplayer/Rng/NetworkRunRandomLedger.cs:63)
Unity.Netcode.NetworkBehaviour:NetworkSpawn () (at ./Library/PackageCache/com.unity.netcode.gameobjects@0f12e689d980/Runtime/Core/NetworkBehaviour.cs:813)
Unity.Netcode.NetworkObject:InvokeBehaviourNetworkSpawn () (at ./Library/PackageCache/com.unity.netcode.gameobjects@0f12e689d980/Runtime/Core/NetworkObject.cs:2698)
Unity.Netcode.NetworkSpawnManager:SpawnNetworkObjectLocallyCommon (Unity.Netcode.NetworkObject,ulong,bool,bool,ulong,bool) (at ./Library/PackageCache/com.unity.netcode.gameobjects@0f12e689d980/Runtime/Spawning/NetworkSpawnManager.cs:1384)
Unity.Netcode.NetworkSpawnManager:NonAuthorityLocalSpawn (Unity.Netcode.NetworkObject/SerializedObject&,Unity.Netcode.NetworkObject&,Unity.Netcode.FastBufferReader,bool) (at ./Library/PackageCache/com.unity.netcode.gameobjects@0f12e689d980/Runtime/Spawning/NetworkSpawnManager.cs:1284)
Unity.Netcode.NetworkObject:Deserialize (Unity.Netcode.NetworkObject/SerializedObject&,Unity.Netcode.FastBufferReader,Unity.Netcode.NetworkManager,bool) (at ./Library/PackageCache/com.unity.netcode.gameobjects@0f12e689d980/Runtime/Core/NetworkObject.cs:3383)
Unity.Netcode.SceneEventData:SynchronizeSceneNetworkObjects (Unity.Netcode.NetworkManager) (at ./Library/PackageCache/com.unity.netcode.gameobjects@0f12e689d980/Runtime/SceneManagement/SceneEventData.cs:1115)
Unity.Netcode.NetworkSceneManager:HandleClientSceneEvent (uint) (at ./Library/PackageCache/com.unity.netcode.gameobjects@0f12e689d980/Runtime/SceneManagement/NetworkSceneManager.cs:2353)
Unity.Netcode.NetworkSceneManager:ClientLoadedSynchronization (uint) (at ./Library/PackageCache/com.unity.netcode.gameobjects@0f12e689d980/Runtime/SceneManagement/NetworkSceneManager.cs:2235)
Unity.Netcode.NetworkSceneManager:OnClientBeginSync (uint) (at ./Library/PackageCache/com.unity.netcode.gameobjects@0f12e689d980/Runtime/SceneManagement/NetworkSceneManager.cs:2166)
Unity.Netcode.NetworkSceneManager:HandleClientSceneEvent (uint) (at ./Library/PackageCache/com.unity.netcode.gameobjects@0f12e689d980/Runtime/SceneManagement/NetworkSceneManager.cs:2335)
Unity.Netcode.NetworkSceneManager:HandleSceneEvent (ulong,Unity.Netcode.FastBufferReader) (at ./Library/PackageCache/com.unity.netcode.gameobjects@0f12e689d980/Runtime/SceneManagement/NetworkSceneManager.cs:2680)
Unity.Netcode.SceneEventMessage:Handle (Unity.Netcode.NetworkContext&) (at ./Library/PackageCache/com.unity.netcode.gameobjects@0f12e689d980/Runtime/Messaging/Messages/SceneEventMessage.cs:29)
Unity.Netcode.NetworkMessageManager:ReceiveMessage<Unity.Netcode.SceneEventMessage> (Unity.Netcode.FastBufferReader,Unity.Netcode.NetworkContext&,Unity.Netcode.NetworkMessageManager) (at ./Library/PackageCache/com.unity.netcode.gameobjects@0f12e689d980/Runtime/Messaging/NetworkMessageManager.cs:566)
Unity.Netcode.NetworkMessageManager:HandleMessage (Unity.Netcode.NetworkMessageHeader&,Unity.Netcode.FastBufferReader,ulong,single,int) (at ./Library/PackageCache/com.unity.netcode.gameobjects@0f12e689d980/Runtime/Messaging/NetworkMessageManager.cs:420)
Unity.Netcode.NetworkMessageManager:ProcessIncomingMessageQueue () (at ./Library/PackageCache/com.unity.netcode.gameobjects@0f12e689d980/Runtime/Messaging/NetworkMessageManager.cs:446)
Unity.Netcode.NetworkManager:NetworkUpdate (Unity.Netcode.NetworkUpdateStage) (at ./Library/PackageCache/com.unity.netcode.gameobjects@0f12e689d980/Runtime/Core/NetworkManager.cs:364)
Unity.Netcode.NetworkUpdateLoop:RunNetworkUpdateStage (Unity.Netcode.NetworkUpdateStage) (at ./Library/PackageCache/com.unity.netcode.gameobjects@0f12e689d980/Runtime/Core/NetworkUpdateLoop.cs:191)
Unity.Netcode.NetworkUpdateLoop/NetworkEarlyUpdate/<>c:<CreateLoopSystem>b__0_0 () (at ./Library/PackageCache/com.unity.netcode.gameobjects@0f12e689d980/Runtime/Core/NetworkUpdateLoop.cs:214)

(Filename: C:/build/output/unity/unity/Runtime/Export/Debug/Debug.bindings.cs Line: 128)

PHS_RUN_INCIDENT_READY server=False state=Inactive stage=0 revision=1 commands=0
UnityEngine.Debug:ExtractStackTraceNoAlloc (byte*,int,string)
UnityEngine.StackTraceUtility:ExtractStackTrace () (at C:/build/output/unity/unity/Runtime/Export/Scripting/StackTrace.cs:35)
UnityEngine.DebugLogHandler:Internal_Log (UnityEngine.LogType,UnityEngine.LogOption,string,UnityEngine.Object)
UnityEngine.DebugLogHandler:LogFormat (UnityEngine.LogType,UnityEngine.Object,string,object[]) (at C:/build/output/unity/unity/Runtime/Export/Logging/DebugLogHandler.cs:9)
UnityEngine.Logger:Log (UnityEngine.LogType,object,UnityEngine.Object) (at C:/build/output/unity/unity/Runtime/Export/Logging/Logger.cs:66)
UnityEngine.Debug:Log (object,UnityEngine.Object) (at C:/build/output/unity/unity/Runtime/Export/Debug/Debug.bindings.cs:128)
LastJumpCrew.ParkHanSol.Multiplayer.NetworkRunIncidentLedger:OnNetworkSpawn () (at E:/UNITY/LastJumpCrew/Assets/02. ParkHanSol_TeamLeader_Build & Multi/02. Script/Multiplayer/Incidents/NetworkRunIncidentLedger.cs:83)
Unity.Netcode.NetworkBehaviour:NetworkSpawn () (at ./Library/PackageCache/com.unity.netcode.gameobjects@0f12e689d980/Runtime/Core/NetworkBehaviour.cs:813)
Unity.Netcode.NetworkObject:InvokeBehaviourNetworkSpawn () (at ./Library/PackageCache/com.unity.netcode.gameobjects@0f12e689d980/Runtime/Core/NetworkObject.cs:2698)
Unity.Netcode.NetworkSpawnManager:SpawnNetworkObjectLocallyCommon (Unity.Netcode.NetworkObject,ulong,bool,bool,ulong,bool) (at ./Library/PackageCache/com.unity.netcode.gameobjects@0f12e689d980/Runtime/Spawning/NetworkSpawnManager.cs:1384)
Unity.Netcode.NetworkSpawnManager:NonAuthorityLocalSpawn (Unity.Netcode.NetworkObject/SerializedObject&,Unity.Netcode.NetworkObject&,Unity.Netcode.FastBufferReader,bool) (at ./Library/PackageCache/com.unity.netcode.gameobjects@0f12e689d980/Runtime/Spawning/NetworkSpawnManager.cs:1284)
Unity.Netcode.NetworkObject:Deserialize (Unity.Netcode.NetworkObject/SerializedObject&,Unity.Netcode.FastBufferReader,Unity.Netcode.NetworkManager,bool) (at ./Library/PackageCache/com.unity.netcode.gameobjects@0f12e689d980/Runtime/Core/NetworkObject.cs:3383)
Unity.Netcode.SceneEventData:SynchronizeSceneNetworkObjects (Unity.Netcode.NetworkManager) (at ./Library/PackageCache/com.unity.netcode.gameobjects@0f12e689d980/Runtime/SceneManagement/SceneEventData.cs:1115)
Unity.Netcode.NetworkSceneManager:HandleClientSceneEvent (uint) (at ./Library/PackageCache/com.unity.netcode.gameobjects@0f12e689d980/Runtime/SceneManagement/NetworkSceneManager.cs:2353)
Unity.Netcode.NetworkSceneManager:ClientLoadedSynchronization (uint) (at ./Library/PackageCache/com.unity.netcode.gameobjects@0f12e689d980/Runtime/SceneManagement/NetworkSceneManager.cs:2235)
Unity.Netcode.NetworkSceneManager:OnClientBeginSync (uint) (at ./Library/PackageCache/com.unity.netcode.gameobjects@0f12e689d980/Runtime/SceneManagement/NetworkSceneManager.cs:2166)
Unity.Netcode.NetworkSceneManager:HandleClientSceneEvent (uint) (at ./Library/PackageCache/com.unity.netcode.gameobjects@0f12e689d980/Runtime/SceneManagement/NetworkSceneManager.cs:2335)
Unity.Netcode.NetworkSceneManager:HandleSceneEvent (ulong,Unity.Netcode.FastBufferReader) (at ./Library/PackageCache/com.unity.netcode.gameobjects@0f12e689d980/Runtime/SceneManagement/NetworkSceneManager.cs:2680)
Unity.Netcode.SceneEventMessage:Handle (Unity.Netcode.NetworkContext&) (at ./Library/PackageCache/com.unity.netcode.gameobjects@0f12e689d980/Runtime/Messaging/Messages/SceneEventMessage.cs:29)
Unity.Netcode.NetworkMessageManager:ReceiveMessage<Unity.Netcode.SceneEventMessage> (Unity.Netcode.FastBufferReader,Unity.Netcode.NetworkContext&,Unity.Netcode.NetworkMessageManager) (at ./Library/PackageCache/com.unity.netcode.gameobjects@0f12e689d980/Runtime/Messaging/NetworkMessageManager.cs:566)
Unity.Netcode.NetworkMessageManager:HandleMessage (Unity.Netcode.NetworkMessageHeader&,Unity.Netcode.FastBufferReader,ulong,single,int) (at ./Library/PackageCache/com.unity.netcode.gameobjects@0f12e689d980/Runtime/Messaging/NetworkMessageManager.cs:420)
Unity.Netcode.NetworkMessageManager:ProcessIncomingMessageQueue () (at ./Library/PackageCache/com.unity.netcode.gameobjects@0f12e689d980/Runtime/Messaging/NetworkMessageManager.cs:446)
Unity.Netcode.NetworkManager:NetworkUpdate (Unity.Netcode.NetworkUpdateStage) (at ./Library/PackageCache/com.unity.netcode.gameobjects@0f12e689d980/Runtime/Core/NetworkManager.cs:364)
Unity.Netcode.NetworkUpdateLoop:RunNetworkUpdateStage (Unity.Netcode.NetworkUpdateStage) (at ./Library/PackageCache/com.unity.netcode.gameobjects@0f12e689d980/Runtime/Core/NetworkUpdateLoop.cs:191)
Unity.Netcode.NetworkUpdateLoop/NetworkEarlyUpdate/<>c:<CreateLoopSystem>b__0_0 () (at ./Library/PackageCache/com.unity.netcode.gameobjects@0f12e689d980/Runtime/Core/NetworkUpdateLoop.cs:214)

(Filename: C:/build/output/unity/unity/Runtime/Export/Debug/Debug.bindings.cs Line: 128)

PHS_EXTINGUISHER_EFFECT_CACHED player=PHS_CuteWhiteGhost_Player(Clone) firstPersonParticles=2 worldParticles=2
UnityEngine.Debug:ExtractStackTraceNoAlloc (byte*,int,string)
UnityEngine.StackTraceUtility:ExtractStackTrace () (at C:/build/output/unity/unity/Runtime/Export/Scripting/StackTrace.cs:35)
UnityEngine.DebugLogHandler:Internal_Log (UnityEngine.LogType,UnityEngine.LogOption,string,UnityEngine.Object)
UnityEngine.DebugLogHandler:LogFormat (UnityEngine.LogType,UnityEngine.Object,string,object[]) (at C:/build/output/unity/unity/Runtime/Export/Logging/DebugLogHandler.cs:9)
UnityEngine.Logger:Log (UnityEngine.LogType,object) (at C:/build/output/unity/unity/Runtime/Export/Logging/Logger.cs:60)
UnityEngine.Debug:Log (object) (at C:/build/output/unity/unity/Runtime/Export/Debug/Debug.bindings.cs:123)
LastJumpCrew.ParkHanSol.Multiplayer.NetworkPlayerCombatController:CacheExtinguisherEffects () (at E:/UNITY/LastJumpCrew/Assets/06. JoHanYong_PlayerSystem/02. Script/NetworkPlayerCombatController.cs:149)
LastJumpCrew.ParkHanSol.Multiplayer.NetworkPlayerCombatController:Awake () (at E:/UNITY/LastJumpCrew/Assets/06. JoHanYong_PlayerSystem/02. Script/NetworkPlayerCombatController.cs:128)
UnityEngine.Object:Internal_CloneSingle (UnityEngine.Object)
UnityEngine.Object:Instantiate<UnityEngine.GameObject> (UnityEngine.GameObject) (at C:/build/output/unity/unity/Runtime/Export/Scripting/UnityEngineObject.bindings.cs:671)
Unity.Netcode.NetworkSpawnManager:InstantiateNetworkPrefab (UnityEngine.GameObject,uint,System.Nullable`1<UnityEngine.Vector3>,System.Nullable`1<UnityEngine.Quaternion>) (at ./Library/PackageCache/com.unity.netcode.gameobjects@0f12e689d980/Runtime/Spawning/NetworkSpawnManager.cs:938)
Unity.Netcode.NetworkSpawnManager:GetNetworkObjectToSpawn (uint,ulong,System.Nullable`1<UnityEngine.Vector3>,System.Nullable`1<UnityEngine.Quaternion>,bool,byte[]) (at ./Library/PackageCache/com.unity.netcode.gameobjects@0f12e689d980/Runtime/Spawning/NetworkSpawnManager.cs:918)
Unity.Netcode.NetworkSpawnManager:CreateLocalNetworkObject (Unity.Netcode.NetworkObject/SerializedObject,byte[]) (at ./Library/PackageCache/com.unity.netcode.gameobjects@0f12e689d980/Runtime/Spawning/NetworkSpawnManager.cs:973)
Unity.Netcode.NetworkSpawnManager:NonAuthorityLocalSpawn (Unity.Netcode.NetworkObject/SerializedObject&,Unity.Netcode.NetworkObject&,Unity.Netcode.FastBufferReader,bool) (at ./Library/PackageCache/com.unity.netcode.gameobjects@0f12e689d980/Runtime/Spawning/NetworkSpawnManager.cs:1228)
Unity.Netcode.NetworkObject:Deserialize (Unity.Netcode.NetworkObject/SerializedObject&,Unity.Netcode.FastBufferReader,Unity.Netcode.NetworkManager,bool) (at ./Library/PackageCache/com.unity.netcode.gameobjects@0f12e689d980/Runtime/Core/NetworkObject.cs:3383)
Unity.Netcode.SceneEventData:SynchronizeSceneNetworkObjects (Unity.Netcode.NetworkManager) (at ./Library/PackageCache/com.unity.netcode.gameobjects@0f12e689d980/Runtime/SceneManagement/SceneEventData.cs:1115)
Unity.Netcode.NetworkSceneManager:HandleClientSceneEvent (uint) (at ./Library/PackageCache/com.unity.netcode.gameobjects@0f12e689d980/Runtime/SceneManagement/NetworkSceneManager.cs:2353)
Unity.Netcode.NetworkSceneManager:ClientLoadedSynchronization (uint) (at ./Library/PackageCache/com.unity.netcode.gameobjects@0f12e689d980/Runtime/SceneManagement/NetworkSceneManager.cs:2235)
Unity.Netcode.NetworkSceneManager:OnClientBeginSync (uint) (at ./Library/PackageCache/com.unity.netcode.gameobjects@0f12e689d980/Runtime/SceneManagement/NetworkSceneManager.cs:2166)
Unity.Netcode.NetworkSceneManager:HandleClientSceneEvent (uint) (at ./Library/PackageCache/com.unity.netcode.gameobjects@0f12e689d980/Runtime/SceneManagement/NetworkSceneManager.cs:2335)
Unity.Netcode.NetworkSceneManager:HandleSceneEvent (ulong,Unity.Netcode.FastBufferReader) (at ./Library/PackageCache/com.unity.netcode.gameobjects@0f12e689d980/Runtime/SceneManagement/NetworkSceneManager.cs:2680)
Unity.Netcode.SceneEventMessage:Handle (Unity.Netcode.NetworkContext&) (at ./Library/PackageCache/com.unity.netcode.gameobjects@0f12e689d980/Runtime/Messaging/Messages/SceneEventMessage.cs:29)
Unity.Netcode.NetworkMessageManager:ReceiveMessage<Unity.Netcode.SceneEventMessage> (Unity.Netcode.FastBufferReader,Unity.Netcode.NetworkContext&,Unity.Netcode.NetworkMessageManager) (at ./Library/PackageCache/com.unity.netcode.gameobjects@0f12e689d980/Runtime/Messaging/NetworkMessageManager.cs:566)
Unity.Netcode.NetworkMessageManager:HandleMessage (Unity.Netcode.NetworkMessageHeader&,Unity.Netcode.FastBufferReader,ulong,single,int) (at ./Library/PackageCache/com.unity.netcode.gameobjects@0f12e689d980/Runtime/Messaging/NetworkMessageManager.cs:420)
Unity.Netcode.NetworkMessageManager:ProcessIncomingMessageQueue () (at ./Library/PackageCache/com.unity.netcode.gameobjects@0f12e689d980/Runtime/Messaging/NetworkMessageManager.cs:446)
Unity.Netcode.NetworkManager:NetworkUpdate (Unity.Netcode.NetworkUpdateStage) (at ./Library/PackageCache/com.unity.netcode.gameobjects@0f12e689d980/Runtime/Core/NetworkManager.cs:364)
Unity.Netcode.NetworkUpdateLoop:RunNetworkUpdateStage (Unity.Netcode.NetworkUpdateStage) (at ./Library/PackageCache/com.unity.netcode.gameobjects@0f12e689d980/Runtime/Core/NetworkUpdateLoop.cs:191)
Unity.Netcode.NetworkUpdateLoop/NetworkEarlyUpdate/<>c:<CreateLoopSystem>b__0_0 () (at ./Library/PackageCache/com.unity.netcode.gameobjects@0f12e689d980/Runtime/Core/NetworkUpdateLoop.cs:214)

(Filename: C:/build/output/unity/unity/Runtime/Export/Debug/Debug.bindings.cs Line: 123)

PHS_PLAYER_SCENE_STATE scene=ParkHanSol_LobbyScene owner=True input=False
UnityEngine.Debug:ExtractStackTraceNoAlloc (byte*,int,string)
UnityEngine.StackTraceUtility:ExtractStackTrace () (at C:/build/output/unity/unity/Runtime/Export/Scripting/StackTrace.cs:35)
UnityEngine.DebugLogHandler:Internal_Log (UnityEngine.LogType,UnityEngine.LogOption,string,UnityEngine.Object)
UnityEngine.DebugLogHandler:LogFormat (UnityEngine.LogType,UnityEngine.Object,string,object[]) (at C:/build/output/unity/unity/Runtime/Export/Logging/DebugLogHandler.cs:9)
UnityEngine.Logger:Log (UnityEngine.LogType,object) (at C:/build/output/unity/unity/Runtime/Export/Logging/Logger.cs:60)
UnityEngine.Debug:Log (object) (at C:/build/output/unity/unity/Runtime/Export/Debug/Debug.bindings.cs:123)
LastJumpCrew.ParkHanSol.Multiplayer.NetworkPlayerController:RefreshForActiveScene () (at E:/UNITY/LastJumpCrew/Assets/02. ParkHanSol_TeamLeader_Build & Multi/02. Script/Multiplayer/NetworkPlayerController.cs:733)
LastJumpCrew.ParkHanSol.Multiplayer.NetworkPlayerController:OnNetworkSpawn () (at E:/UNITY/LastJumpCrew/Assets/02. ParkHanSol_TeamLeader_Build & Multi/02. Script/Multiplayer/NetworkPlayerController.cs:505)
Unity.Netcode.NetworkBehaviour:NetworkSpawn () (at ./Library/PackageCache/com.unity.netcode.gameobjects@0f12e689d980/Runtime/Core/NetworkBehaviour.cs:813)
Unity.Netcode.NetworkObject:InvokeBehaviourNetworkSpawn () (at ./Library/PackageCache/com.unity.netcode.gameobjects@0f12e689d980/Runtime/Core/NetworkObject.cs:2698)
Unity.Netcode.NetworkSpawnManager:SpawnNetworkObjectLocallyCommon (Unity.Netcode.NetworkObject,ulong,bool,bool,ulong,bool) (at ./Library/PackageCache/com.unity.netcode.gameobjects@0f12e689d980/Runtime/Spawning/NetworkSpawnManager.cs:1384)
Unity.Netcode.NetworkSpawnManager:NonAuthorityLocalSpawn (Unity.Netcode.NetworkObject/SerializedObject&,Unity.Netcode.NetworkObject&,Unity.Netcode.FastBufferReader,bool) (at ./Library/PackageCache/com.unity.netcode.gameobjects@0f12e689d980/Runtime/Spawning/NetworkSpawnManager.cs:1284)
Unity.Netcode.NetworkObject:Deserialize (Unity.Netcode.NetworkObject/SerializedObject&,Unity.Netcode.FastBufferReader,Unity.Netcode.NetworkManager,bool) (at ./Library/PackageCache/com.unity.netcode.gameobjects@0f12e689d980/Runtime/Core/NetworkObject.cs:3383)
Unity.Netcode.SceneEventData:SynchronizeSceneNetworkObjects (Unity.Netcode.NetworkManager) (at ./Library/PackageCache/com.unity.netcode.gameobjects@0f12e689d980/Runtime/SceneManagement/SceneEventData.cs:1115)
Unity.Netcode.NetworkSceneManager:HandleClientSceneEvent (uint) (at ./Library/PackageCache/com.unity.netcode.gameobjects@0f12e689d980/Runtime/SceneManagement/NetworkSceneManager.cs:2353)
Unity.Netcode.NetworkSceneManager:ClientLoadedSynchronization (uint) (at ./Library/PackageCache/com.unity.netcode.gameobjects@0f12e689d980/Runtime/SceneManagement/NetworkSceneManager.cs:2235)
Unity.Netcode.NetworkSceneManager:OnClientBeginSync (uint) (at ./Library/PackageCache/com.unity.netcode.gameobjects@0f12e689d980/Runtime/SceneManagement/NetworkSceneManager.cs:2166)
Unity.Netcode.NetworkSceneManager:HandleClientSceneEvent (uint) (at ./Library/PackageCache/com.unity.netcode.gameobjects@0f12e689d980/Runtime/SceneManagement/NetworkSceneManager.cs:2335)
Unity.Netcode.NetworkSceneManager:HandleSceneEvent (ulong,Unity.Netcode.FastBufferReader) (at ./Library/PackageCache/com.unity.netcode.gameobjects@0f12e689d980/Runtime/SceneManagement/NetworkSceneManager.cs:2680)
Unity.Netcode.SceneEventMessage:Handle (Unity.Netcode.NetworkContext&) (at ./Library/PackageCache/com.unity.netcode.gameobjects@0f12e689d980/Runtime/Messaging/Messages/SceneEventMessage.cs:29)
Unity.Netcode.NetworkMessageManager:ReceiveMessage<Unity.Netcode.SceneEventMessage> (Unity.Netcode.FastBufferReader,Unity.Netcode.NetworkContext&,Unity.Netcode.NetworkMessageManager) (at ./Library/PackageCache/com.unity.netcode.gameobjects@0f12e689d980/Runtime/Messaging/NetworkMessageManager.cs:566)
Unity.Netcode.NetworkMessageManager:HandleMessage (Unity.Netcode.NetworkMessageHeader&,Unity.Netcode.FastBufferReader,ulong,single,int) (at ./Library/PackageCache/com.unity.netcode.gameobjects@0f12e689d980/Runtime/Messaging/NetworkMessageManager.cs:420)
Unity.Netcode.NetworkMessageManager:ProcessIncomingMessageQueue () (at ./Library/PackageCache/com.unity.netcode.gameobjects@0f12e689d980/Runtime/Messaging/NetworkMessageManager.cs:446)
Unity.Netcode.NetworkManager:NetworkUpdate (Unity.Netcode.NetworkUpdateStage) (at ./Library/PackageCache/com.unity.netcode.gameobjects@0f12e689d980/Runtime/Core/NetworkManager.cs:364)
Unity.Netcode.NetworkUpdateLoop:RunNetworkUpdateStage (Unity.Netcode.NetworkUpdateStage) (at ./Library/PackageCache/com.unity.netcode.gameobjects@0f12e689d980/Runtime/Core/NetworkUpdateLoop.cs:191)
Unity.Netcode.NetworkUpdateLoop/NetworkEarlyUpdate/<>c:<CreateLoopSystem>b__0_0 () (at ./Library/PackageCache/com.unity.netcode.gameobjects@0f12e689d980/Runtime/Core/NetworkUpdateLoop.cs:214)

(Filename: C:/build/output/unity/unity/Runtime/Export/Debug/Debug.bindings.cs Line: 123)

PHS_VOICE_SERVICE_READY
UnityEngine.Debug:ExtractStackTraceNoAlloc (byte*,int,string)
UnityEngine.StackTraceUtility:ExtractStackTrace () (at C:/build/output/unity/unity/Runtime/Export/Scripting/StackTrace.cs:35)
UnityEngine.DebugLogHandler:Internal_Log (UnityEngine.LogType,UnityEngine.LogOption,string,UnityEngine.Object)
UnityEngine.DebugLogHandler:LogFormat (UnityEngine.LogType,UnityEngine.Object,string,object[]) (at C:/build/output/unity/unity/Runtime/Export/Logging/DebugLogHandler.cs:9)
UnityEngine.Logger:Log (UnityEngine.LogType,object) (at C:/build/output/unity/unity/Runtime/Export/Logging/Logger.cs:60)
UnityEngine.Debug:Log (object) (at C:/build/output/unity/unity/Runtime/Export/Debug/Debug.bindings.cs:123)
LastJumpCrew.ParkHanSol.Multiplayer.ProximityVoiceChatSession/<InitializeServicesAsync>d__70:MoveNext () (at E:/UNITY/LastJumpCrew/Assets/02. ParkHanSol_TeamLeader_Build & Multi/02. Script/Multiplayer/ProximityVoiceChatSession.cs:611)
System.Runtime.CompilerServices.AsyncMethodBuilderCore/MoveNextRunner:InvokeMoveNext (object)
System.Threading.ExecutionContext:RunInternal (System.Threading.ExecutionContext,System.Threading.ContextCallback,object,bool)
System.Threading.ExecutionContext:Run (System.Threading.ExecutionContext,System.Threading.ContextCallback,object,bool)
System.Runtime.CompilerServices.AsyncMethodBuilderCore/MoveNextRunner:Run ()
System.Threading.Tasks.AwaitTaskContinuation:InvokeAction (object)
System.Threading.Tasks.AwaitTaskContinuation:RunCallback (System.Threading.ContextCallback,object,System.Threading.Tasks.Task&)
System.Threading.Tasks.SynchronizationContextAwaitTaskContinuation:Run (System.Threading.Tasks.Task,bool)
System.Threading.Tasks.Task:FinishContinuations ()
System.Threading.Tasks.Task:FinishStageThree ()
System.Threading.Tasks.Task`1<System.Threading.Tasks.VoidTaskResult>:TrySetResult (System.Threading.Tasks.VoidTaskResult)
System.Runtime.CompilerServices.AsyncTaskMethodBuilder`1<System.Threading.Tasks.VoidTaskResult>:SetResult (System.Threading.Tasks.VoidTaskResult)
System.Runtime.CompilerServices.AsyncTaskMethodBuilder`1<System.Threading.Tasks.VoidTaskResult>:SetResult (System.Threading.Tasks.Task`1<System.Threading.Tasks.VoidTaskResult>)
System.Runtime.CompilerServices.AsyncTaskMethodBuilder:SetResult ()
Unity.Services.Vivox.VivoxServiceInternal/<InitializeAsync>d__153:MoveNext () (at ./Library/PackageCache/com.unity.services.vivox@3c02b450f2ee/Runtime/VivoxServiceInternal.cs:202)
System.Runtime.CompilerServices.AsyncMethodBuilderCore/MoveNextRunner:InvokeMoveNext (object)
System.Threading.ExecutionContext:RunInternal (System.Threading.ExecutionContext,System.Threading.ContextCallback,object,bool)
System.Threading.ExecutionContext:Run (System.Threading.ExecutionContext,System.Threading.ContextCallback,object,bool)
System.Runtime.CompilerServices.AsyncMethodBuilderCore/MoveNextRunner:Run ()
System.Threading.Tasks.AwaitTaskContinuation:InvokeAction (object)
System.Threading.Tasks.AwaitTaskContinuation:RunCallback (System.Threading.ContextCallback,object,System.Threading.Tasks.Task&)
System.Threading.Tasks.SynchronizationContextAwaitTaskContinuation:Run (System.Threading.Tasks.Task,bool)
System.Threading.Tasks.Task:FinishContinuations ()
System.Threading.Tasks.Task:FinishStageThree ()
System.Threading.Tasks.Task`1<System.Threading.Tasks.VoidTaskResult>:TrySetResult (System.Threading.Tasks.VoidTaskResult)
System.Runtime.CompilerServices.AsyncTaskMethodBuilder`1<System.Threading.Tasks.VoidTaskResult>:SetResult (System.Threading.Tasks.VoidTaskResult)
System.Runtime.CompilerServices.AsyncTaskMethodBuilder`1<System.Threading.Tasks.VoidTaskResult>:SetResult (System.Threading.Tasks.Task`1<System.Threading.Tasks.VoidTaskResult>)
System.Runtime.CompilerServices.AsyncTaskMethodBuilder:SetResult ()
Unity.Services.Vivox.Client/<InitializeAsync>d__21:MoveNext () (at ./Library/PackageCache/com.unity.services.vivox@3c02b450f2ee/Runtime/VivoxUnity/Client.cs:90)
System.Runtime.CompilerServices.AsyncMethodBuilderCore/MoveNextRunner:InvokeMoveNext (object)
System.Threading.ExecutionContext:RunInternal (System.Threading.ExecutionContext,System.Threading.ContextCallback,object,bool)
System.Threading.ExecutionContext:Run (System.Threading.ExecutionContext,System.Threading.ContextCallback,object,bool)
System.Runtime.CompilerServices.AsyncMethodBuilderCore/MoveNextRunner:Run ()
System.Threading.Tasks.AwaitTaskContinuation:InvokeAction (object)
System.Threading.Tasks.AwaitTaskContinuation:RunCallback (System.Threading.ContextCallback,object,System.Threading.Tasks.Task&)
System.Threading.Tasks.SynchronizationContextAwaitTaskContinuation:Run (System.Threading.Tasks.Task,bool)
System.Threading.Tasks.Task:FinishContinuations ()
System.Threading.Tasks.Task:FinishStageThree ()
System.Threading.Tasks.Task`1<System.Threading.Tasks.VoidTaskResult>:TrySetResult (System.Threading.Tasks.VoidTaskResult)
System.Runtime.CompilerServices.AsyncTaskMethodBuilder`1<System.Threading.Tasks.VoidTaskResult>:SetResult (System.Threading.Tasks.VoidTaskResult)
System.Runtime.CompilerServices.AsyncTaskMethodBuilder`1<System.Threading.Tasks.VoidTaskResult>:SetResult (System.Threading.Tasks.Task`1<System.Threading.Tasks.VoidTaskResult>)
System.Runtime.CompilerServices.AsyncTaskMethodBuilder:SetResult ()
Unity.Services.Vivox.AudioOutputDevices/<RefreshDevicesAsync>d__46:MoveNext () (at ./Library/PackageCache/com.unity.services.vivox@3c02b450f2ee/Runtime/VivoxUnity/Private/AudioOutputDevices.cs:349)
System.Runtime.CompilerServices.AsyncMethodBuilderCore/MoveNextRunner:InvokeMoveNext (object)
System.Threading.ExecutionContext:RunInternal (System.Threading.ExecutionContext,System.Threading.ContextCallback,object,bool)
System.Threading.ExecutionContext:Run (System.Threading.ExecutionContext,System.Threading.ContextCallback,object,bool)
System.Runtime.CompilerServices.AsyncMethodBuilderCore/MoveNextRunner:Run ()
System.Threading.Tasks.SynchronizationContextAwaitTaskContinuation/<>c:<.cctor>b__7_0 (object)
UnityEngine.UnitySynchronizationContext/WorkRequest:Invoke () (at C:/build/output/unity/unity/Runtime/Export/Scripting/UnitySynchronizationContext.cs:156)
UnityEngine.UnitySynchronizationContext:Exec () (at C:/build/output/unity/unity/Runtime/Export/Scripting/UnitySynchronizationContext.cs:84)
UnityEngine.UnitySynchronizationContext:ExecuteTasks () (at C:/build/output/unity/unity/Runtime/Export/Scripting/UnitySynchronizationContext.cs:110)

(Filename: C:/build/output/unity/unity/Runtime/Export/Debug/Debug.bindings.cs Line: 123)

Unloading 7 Unused Serialized files (Serialized files now loaded: 0)
UnloadTime: 6.372800 ms
PHS_GRAVITY_AREA_STATE area=PHS_Gravity_Bridge gravity=True
UnityEngine.Debug:ExtractStackTraceNoAlloc (byte*,int,string)
UnityEngine.StackTraceUtility:ExtractStackTrace () (at C:/build/output/unity/unity/Runtime/Export/Scripting/StackTrace.cs:35)
UnityEngine.DebugLogHandler:Internal_Log (UnityEngine.LogType,UnityEngine.LogOption,string,UnityEngine.Object)
UnityEngine.DebugLogHandler:LogFormat (UnityEngine.LogType,UnityEngine.Object,string,object[]) (at C:/build/output/unity/unity/Runtime/Export/Logging/DebugLogHandler.cs:9)
UnityEngine.Logger:Log (UnityEngine.LogType,object) (at C:/build/output/unity/unity/Runtime/Export/Logging/Logger.cs:60)
UnityEngine.Debug:Log (object) (at C:/build/output/unity/unity/Runtime/Export/Debug/Debug.bindings.cs:123)
LastJumpCrew.ParkHanSol.Multiplayer.NetworkPlayerGravityArea:SetShipGravityEnabled (bool) (at E:/UNITY/LastJumpCrew/Assets/02. ParkHanSol_TeamLeader_Build & Multi/02. Script/Multiplayer/NetworkPlayerGravityArea.cs:39)
LastJumpCrew.ParkHanSol.Multiplayer.ShipGravityZoneController:ApplyGravityState (bool,string) (at E:/UNITY/LastJumpCrew/Assets/02. ParkHanSol_TeamLeader_Build & Multi/02. Script/Multiplayer/ShipGravityZoneController.cs:157)
LastJumpCrew.ParkHanSol.Multiplayer.ShipGravityZoneController:TryBindShipState () (at E:/UNITY/LastJumpCrew/Assets/02. ParkHanSol_TeamLeader_Build & Multi/02. Script/Multiplayer/ShipGravityZoneController.cs:108)
LastJumpCrew.ParkHanSol.Multiplayer.ShipGravityZoneController:OnEnable () (at E:/UNITY/LastJumpCrew/Assets/02. ParkHanSol_TeamLeader_Build & Multi/02. Script/Multiplayer/ShipGravityZoneController.cs:24)

(Filename: C:/build/output/unity/unity/Runtime/Export/Debug/Debug.bindings.cs Line: 123)

PHS_GRAVITY_AREA_STATE area=PHS_Gravity_EntryWing A gravity=True
UnityEngine.Debug:ExtractStackTraceNoAlloc (byte*,int,string)
UnityEngine.StackTraceUtility:ExtractStackTrace () (at C:/build/output/unity/unity/Runtime/Export/Scripting/StackTrace.cs:35)
UnityEngine.DebugLogHandler:Internal_Log (UnityEngine.LogType,UnityEngine.LogOption,string,UnityEngine.Object)
UnityEngine.DebugLogHandler:LogFormat (UnityEngine.LogType,UnityEngine.Object,string,object[]) (at C:/build/output/unity/unity/Runtime/Export/Logging/DebugLogHandler.cs:9)
UnityEngine.Logger:Log (UnityEngine.LogType,object) (at C:/build/output/unity/unity/Runtime/Export/Logging/Logger.cs:60)
UnityEngine.Debug:Log (object) (at C:/build/output/unity/unity/Runtime/Export/Debug/Debug.bindings.cs:123)
LastJumpCrew.ParkHanSol.Multiplayer.NetworkPlayerGravityArea:SetShipGravityEnabled (bool) (at E:/UNITY/LastJumpCrew/Assets/02. ParkHanSol_TeamLeader_Build & Multi/02. Script/Multiplayer/NetworkPlayerGravityArea.cs:39)
LastJumpCrew.ParkHanSol.Multiplayer.ShipGravityZoneController:ApplyGravityState (bool,string) (at E:/UNITY/LastJumpCrew/Assets/02. ParkHanSol_TeamLeader_Build & Multi/02. Script/Multiplayer/ShipGravityZoneController.cs:157)
LastJumpCrew.ParkHanSol.Multiplayer.ShipGravityZoneController:TryBindShipState () (at E:/UNITY/LastJumpCrew/Assets/02. ParkHanSol_TeamLeader_Build & Multi/02. Script/Multiplayer/ShipGravityZoneController.cs:108)
LastJumpCrew.ParkHanSol.Multiplayer.ShipGravityZoneController:OnEnable () (at E:/UNITY/LastJumpCrew/Assets/02. ParkHanSol_TeamLeader_Build & Multi/02. Script/Multiplayer/ShipGravityZoneController.cs:24)

(Filename: C:/build/output/unity/unity/Runtime/Export/Debug/Debug.bindings.cs Line: 123)

PHS_GRAVITY_AREA_STATE area=PHS_Gravity_EntryWing B gravity=True
UnityEngine.Debug:ExtractStackTraceNoAlloc (byte*,int,string)
UnityEngine.StackTraceUtility:ExtractStackTrace () (at C:/build/output/unity/unity/Runtime/Export/Scripting/StackTrace.cs:35)
UnityEngine.DebugLogHandler:Internal_Log (UnityEngine.LogType,UnityEngine.LogOption,string,UnityEngine.Object)
UnityEngine.DebugLogHandler:LogFormat (UnityEngine.LogType,UnityEngine.Object,string,object[]) (at C:/build/output/unity/unity/Runtime/Export/Logging/DebugLogHandler.cs:9)
UnityEngine.Logger:Log (UnityEngine.LogType,object) (at C:/build/output/unity/unity/Runtime/Export/Logging/Logger.cs:60)
UnityEngine.Debug:Log (object) (at C:/build/output/unity/unity/Runtime/Export/Debug/Debug.bindings.cs:123)
LastJumpCrew.ParkHanSol.Multiplayer.NetworkPlayerGravityArea:SetShipGravityEnabled (bool) (at E:/UNITY/LastJumpCrew/Assets/02. ParkHanSol_TeamLeader_Build & Multi/02. Script/Multiplayer/NetworkPlayerGravityArea.cs:39)
LastJumpCrew.ParkHanSol.Multiplayer.ShipGravityZoneController:ApplyGravityState (bool,string) (at E:/UNITY/LastJumpCrew/Assets/02. ParkHanSol_TeamLeader_Build & Multi/02. Script/Multiplayer/ShipGravityZoneController.cs:157)
LastJumpCrew.ParkHanSol.Multiplayer.ShipGravityZoneController:TryBindShipState () (at E:/UNITY/LastJumpCrew/Assets/02. ParkHanSol_TeamLeader_Build & Multi/02. Script/Multiplayer/ShipGravityZoneController.cs:108)
LastJumpCrew.ParkHanSol.Multiplayer.ShipGravityZoneController:OnEnable () (at E:/UNITY/LastJumpCrew/Assets/02. ParkHanSol_TeamLeader_Build & Multi/02. Script/Multiplayer/ShipGravityZoneController.cs:24)

(Filename: C:/build/output/unity/unity/Runtime/Export/Debug/Debug.bindings.cs Line: 123)

PHS_GRAVITY_AREA_STATE area=PHS_Gravity_MainHall gravity=True
UnityEngine.Debug:ExtractStackTraceNoAlloc (byte*,int,string)
UnityEngine.StackTraceUtility:ExtractStackTrace () (at C:/build/output/unity/unity/Runtime/Export/Scripting/StackTrace.cs:35)
UnityEngine.DebugLogHandler:Internal_Log (UnityEngine.LogType,UnityEngine.LogOption,string,UnityEngine.Object)
UnityEngine.DebugLogHandler:LogFormat (UnityEngine.LogType,UnityEngine.Object,string,object[]) (at C:/build/output/unity/unity/Runtime/Export/Logging/DebugLogHandler.cs:9)
UnityEngine.Logger:Log (UnityEngine.LogType,object) (at C:/build/output/unity/unity/Runtime/Export/Logging/Logger.cs:60)
UnityEngine.Debug:Log (object) (at C:/build/output/unity/unity/Runtime/Export/Debug/Debug.bindings.cs:123)
LastJumpCrew.ParkHanSol.Multiplayer.NetworkPlayerGravityArea:SetShipGravityEnabled (bool) (at E:/UNITY/LastJumpCrew/Assets/02. ParkHanSol_TeamLeader_Build & Multi/02. Script/Multiplayer/NetworkPlayerGravityArea.cs:39)
LastJumpCrew.ParkHanSol.Multiplayer.ShipGravityZoneController:ApplyGravityState (bool,string) (at E:/UNITY/LastJumpCrew/Assets/02. ParkHanSol_TeamLeader_Build & Multi/02. Script/Multiplayer/ShipGravityZoneController.cs:157)
LastJumpCrew.ParkHanSol.Multiplayer.ShipGravityZoneController:TryBindShipState () (at E:/UNITY/LastJumpCrew/Assets/02. ParkHanSol_TeamLeader_Build & Multi/02. Script/Multiplayer/ShipGravityZoneController.cs:108)
LastJumpCrew.ParkHanSol.Multiplayer.ShipGravityZoneController:OnEnable () (at E:/UNITY/LastJumpCrew/Assets/02. ParkHanSol_TeamLeader_Build & Multi/02. Script/Multiplayer/ShipGravityZoneController.cs:24)

(Filename: C:/build/output/unity/unity/Runtime/Export/Debug/Debug.bindings.cs Line: 123)

PHS_GRAVITY_AREA_STATE area=PHS_Gravity_CommandRoom gravity=True
UnityEngine.Debug:ExtractStackTraceNoAlloc (byte*,int,string)
UnityEngine.StackTraceUtility:ExtractStackTrace () (at C:/build/output/unity/unity/Runtime/Export/Scripting/StackTrace.cs:35)
UnityEngine.DebugLogHandler:Internal_Log (UnityEngine.LogType,UnityEngine.LogOption,string,UnityEngine.Object)
UnityEngine.DebugLogHandler:LogFormat (UnityEngine.LogType,UnityEngine.Object,string,object[]) (at C:/build/output/unity/unity/Runtime/Export/Logging/DebugLogHandler.cs:9)
UnityEngine.Logger:Log (UnityEngine.LogType,object) (at C:/build/output/unity/unity/Runtime/Export/Logging/Logger.cs:60)
UnityEngine.Debug:Log (object) (at C:/build/output/unity/unity/Runtime/Export/Debug/Debug.bindings.cs:123)
LastJumpCrew.ParkHanSol.Multiplayer.NetworkPlayerGravityArea:SetShipGravityEnabled (bool) (at E:/UNITY/LastJumpCrew/Assets/02. ParkHanSol_TeamLeader_Build & Multi/02. Script/Multiplayer/NetworkPlayerGravityArea.cs:39)
LastJumpCrew.ParkHanSol.Multiplayer.ShipGravityZoneController:ApplyGravityState (bool,string) (at E:/UNITY/LastJumpCrew/Assets/02. ParkHanSol_TeamLeader_Build & Multi/02. Script/Multiplayer/ShipGravityZoneController.cs:157)
LastJumpCrew.ParkHanSol.Multiplayer.ShipGravityZoneController:TryBindShipState () (at E:/UNITY/LastJumpCrew/Assets/02. ParkHanSol_TeamLeader_Build & Multi/02. Script/Multiplayer/ShipGravityZoneController.cs:108)
LastJumpCrew.ParkHanSol.Multiplayer.ShipGravityZoneController:OnEnable () (at E:/UNITY/LastJumpCrew/Assets/02. ParkHanSol_TeamLeader_Build & Multi/02. Script/Multiplayer/ShipGravityZoneController.cs:24)

(Filename: C:/build/output/unity/unity/Runtime/Export/Debug/Debug.bindings.cs Line: 123)

PHS_GRAVITY_AREA_STATE area=PHS_Gravity_AftCorridor gravity=True
UnityEngine.Debug:ExtractStackTraceNoAlloc (byte*,int,string)
UnityEngine.StackTraceUtility:ExtractStackTrace () (at C:/build/output/unity/unity/Runtime/Export/Scripting/StackTrace.cs:35)
UnityEngine.DebugLogHandler:Internal_Log (UnityEngine.LogType,UnityEngine.LogOption,string,UnityEngine.Object)
UnityEngine.DebugLogHandler:LogFormat (UnityEngine.LogType,UnityEngine.Object,string,object[]) (at C:/build/output/unity/unity/Runtime/Export/Logging/DebugLogHandler.cs:9)
UnityEngine.Logger:Log (UnityEngine.LogType,object) (at C:/build/output/unity/unity/Runtime/Export/Logging/Logger.cs:60)
UnityEngine.Debug:Log (object) (at C:/build/output/unity/unity/Runtime/Export/Debug/Debug.bindings.cs:123)
LastJumpCrew.ParkHanSol.Multiplayer.NetworkPlayerGravityArea:SetShipGravityEnabled (bool) (at E:/UNITY/LastJumpCrew/Assets/02. ParkHanSol_TeamLeader_Build & Multi/02. Script/Multiplayer/NetworkPlayerGravityArea.cs:39)
LastJumpCrew.ParkHanSol.Multiplayer.ShipGravityZoneController:ApplyGravityState (bool,string) (at E:/UNITY/LastJumpCrew/Assets/02. ParkHanSol_TeamLeader_Build & Multi/02. Script/Multiplayer/ShipGravityZoneController.cs:157)
LastJumpCrew.ParkHanSol.Multiplayer.ShipGravityZoneController:TryBindShipState () (at E:/UNITY/LastJumpCrew/Assets/02. ParkHanSol_TeamLeader_Build & Multi/02. Script/Multiplayer/ShipGravityZoneController.cs:108)
LastJumpCrew.ParkHanSol.Multiplayer.ShipGravityZoneController:OnEnable () (at E:/UNITY/LastJumpCrew/Assets/02. ParkHanSol_TeamLeader_Build & Multi/02. Script/Multiplayer/ShipGravityZoneController.cs:24)

(Filename: C:/build/output/unity/unity/Runtime/Export/Debug/Debug.bindings.cs Line: 123)

PHS_GRAVITY_ZONE_STATE zone=PHS_Gravity_Bridge gravity=True
UnityEngine.Debug:ExtractStackTraceNoAlloc (byte*,int,string)
UnityEngine.StackTraceUtility:ExtractStackTrace () (at C:/build/output/unity/unity/Runtime/Export/Scripting/StackTrace.cs:35)
UnityEngine.DebugLogHandler:Internal_Log (UnityEngine.LogType,UnityEngine.LogOption,string,UnityEngine.Object)
UnityEngine.DebugLogHandler:LogFormat (UnityEngine.LogType,UnityEngine.Object,string,object[]) (at C:/build/output/unity/unity/Runtime/Export/Logging/DebugLogHandler.cs:9)
UnityEngine.Logger:Log (UnityEngine.LogType,object) (at C:/build/output/unity/unity/Runtime/Export/Logging/Logger.cs:60)
UnityEngine.Debug:Log (object) (at C:/build/output/unity/unity/Runtime/Export/Debug/Debug.bindings.cs:123)
LastJumpCrew.ParkHanSol.Multiplayer.GravityZone:SetShipGravityEnabled (bool) (at E:/UNITY/LastJumpCrew/Assets/02. ParkHanSol_TeamLeader_Build & Multi/02. Script/Multiplayer/Gravity/GravityZone.cs:32)
LastJumpCrew.ParkHanSol.Multiplayer.ShipGravityZoneController:ApplyGravityState (bool,string) (at E:/UNITY/LastJumpCrew/Assets/02. ParkHanSol_TeamLeader_Build & Multi/02. Script/Multiplayer/ShipGravityZoneController.cs:173)
LastJumpCrew.ParkHanSol.Multiplayer.ShipGravityZoneController:TryBindShipState () (at E:/UNITY/LastJumpCrew/Assets/02. ParkHanSol_TeamLeader_Build & Multi/02. Script/Multiplayer/ShipGravityZoneController.cs:108)
LastJumpCrew.ParkHanSol.Multiplayer.ShipGravityZoneController:OnEnable () (at E:/UNITY/LastJumpCrew/Assets/02. ParkHanSol_TeamLeader_Build & Multi/02. Script/Multiplayer/ShipGravityZoneController.cs:24)

(Filename: C:/build/output/unity/unity/Runtime/Export/Debug/Debug.bindings.cs Line: 123)

PHS_GRAVITY_ZONE_STATE zone=PHS_Gravity_EntryWing A gravity=True
UnityEngine.Debug:ExtractStackTraceNoAlloc (byte*,int,string)
UnityEngine.StackTraceUtility:ExtractStackTrace () (at C:/build/output/unity/unity/Runtime/Export/Scripting/StackTrace.cs:35)
UnityEngine.DebugLogHandler:Internal_Log (UnityEngine.LogType,UnityEngine.LogOption,string,UnityEngine.Object)
UnityEngine.DebugLogHandler:LogFormat (UnityEngine.LogType,UnityEngine.Object,string,object[]) (at C:/build/output/unity/unity/Runtime/Export/Logging/DebugLogHandler.cs:9)
UnityEngine.Logger:Log (UnityEngine.LogType,object) (at C:/build/output/unity/unity/Runtime/Export/Logging/Logger.cs:60)
UnityEngine.Debug:Log (object) (at C:/build/output/unity/unity/Runtime/Export/Debug/Debug.bindings.cs:123)
LastJumpCrew.ParkHanSol.Multiplayer.GravityZone:SetShipGravityEnabled (bool) (at E:/UNITY/LastJumpCrew/Assets/02. ParkHanSol_TeamLeader_Build & Multi/02. Script/Multiplayer/Gravity/GravityZone.cs:32)
LastJumpCrew.ParkHanSol.Multiplayer.ShipGravityZoneController:ApplyGravityState (bool,string) (at E:/UNITY/LastJumpCrew/Assets/02. ParkHanSol_TeamLeader_Build & Multi/02. Script/Multiplayer/ShipGravityZoneController.cs:173)
LastJumpCrew.ParkHanSol.Multiplayer.ShipGravityZoneController:TryBindShipState () (at E:/UNITY/LastJumpCrew/Assets/02. ParkHanSol_TeamLeader_Build & Multi/02. Script/Multiplayer/ShipGravityZoneController.cs:108)
LastJumpCrew.ParkHanSol.Multiplayer.ShipGravityZoneController:OnEnable () (at E:/UNITY/LastJumpCrew/Assets/02. ParkHanSol_TeamLeader_Build & Multi/02. Script/Multiplayer/ShipGravityZoneController.cs:24)

(Filename: C:/build/output/unity/unity/Runtime/Export/Debug/Debug.bindings.cs Line: 123)

PHS_GRAVITY_ZONE_STATE zone=PHS_Gravity_EntryWing B gravity=True
UnityEngine.Debug:ExtractStackTraceNoAlloc (byte*,int,string)
UnityEngine.StackTraceUtility:ExtractStackTrace () (at C:/build/output/unity/unity/Runtime/Export/Scripting/StackTrace.cs:35)
UnityEngine.DebugLogHandler:Internal_Log (UnityEngine.LogType,UnityEngine.LogOption,string,UnityEngine.Object)
UnityEngine.DebugLogHandler:LogFormat (UnityEngine.LogType,UnityEngine.Object,string,object[]) (at C:/build/output/unity/unity/Runtime/Export/Logging/DebugLogHandler.cs:9)
UnityEngine.Logger:Log (UnityEngine.LogType,object) (at C:/build/output/unity/unity/Runtime/Export/Logging/Logger.cs:60)
UnityEngine.Debug:Log (object) (at C:/build/output/unity/unity/Runtime/Export/Debug/Debug.bindings.cs:123)
LastJumpCrew.ParkHanSol.Multiplayer.GravityZone:SetShipGravityEnabled (bool) (at E:/UNITY/LastJumpCrew/Assets/02. ParkHanSol_TeamLeader_Build & Multi/02. Script/Multiplayer/Gravity/GravityZone.cs:32)
LastJumpCrew.ParkHanSol.Multiplayer.ShipGravityZoneController:ApplyGravityState (bool,string) (at E:/UNITY/LastJumpCrew/Assets/02. ParkHanSol_TeamLeader_Build & Multi/02. Script/Multiplayer/ShipGravityZoneController.cs:173)
LastJumpCrew.ParkHanSol.Multiplayer.ShipGravityZoneController:TryBindShipState () (at E:/UNITY/LastJumpCrew/Assets/02. ParkHanSol_TeamLeader_Build & Multi/02. Script/Multiplayer/ShipGravityZoneController.cs:108)
LastJumpCrew.ParkHanSol.Multiplayer.ShipGravityZoneController:OnEnable () (at E:/UNITY/LastJumpCrew/Assets/02. ParkHanSol_TeamLeader_Build & Multi/02. Script/Multiplayer/ShipGravityZoneController.cs:24)

(Filename: C:/build/output/unity/unity/Runtime/Export/Debug/Debug.bindings.cs Line: 123)

PHS_GRAVITY_ZONE_STATE zone=PHS_Gravity_MainHall gravity=True
UnityEngine.Debug:ExtractStackTraceNoAlloc (byte*,int,string)
UnityEngine.StackTraceUtility:ExtractStackTrace () (at C:/build/output/unity/unity/Runtime/Export/Scripting/StackTrace.cs:35)
UnityEngine.DebugLogHandler:Internal_Log (UnityEngine.LogType,UnityEngine.LogOption,string,UnityEngine.Object)
UnityEngine.DebugLogHandler:LogFormat (UnityEngine.LogType,UnityEngine.Object,string,object[]) (at C:/build/output/unity/unity/Runtime/Export/Logging/DebugLogHandler.cs:9)
UnityEngine.Logger:Log (UnityEngine.LogType,object) (at C:/build/output/unity/unity/Runtime/Export/Logging/Logger.cs:60)
UnityEngine.Debug:Log (object) (at C:/build/output/unity/unity/Runtime/Export/Debug/Debug.bindings.cs:123)
LastJumpCrew.ParkHanSol.Multiplayer.GravityZone:SetShipGravityEnabled (bool) (at E:/UNITY/LastJumpCrew/Assets/02. ParkHanSol_TeamLeader_Build & Multi/02. Script/Multiplayer/Gravity/GravityZone.cs:32)
LastJumpCrew.ParkHanSol.Multiplayer.ShipGravityZoneController:ApplyGravityState (bool,string) (at E:/UNITY/LastJumpCrew/Assets/02. ParkHanSol_TeamLeader_Build & Multi/02. Script/Multiplayer/ShipGravityZoneController.cs:173)
LastJumpCrew.ParkHanSol.Multiplayer.ShipGravityZoneController:TryBindShipState () (at E:/UNITY/LastJumpCrew/Assets/02. ParkHanSol_TeamLeader_Build & Multi/02. Script/Multiplayer/ShipGravityZoneController.cs:108)
LastJumpCrew.ParkHanSol.Multiplayer.ShipGravityZoneController:OnEnable () (at E:/UNITY/LastJumpCrew/Assets/02. ParkHanSol_TeamLeader_Build & Multi/02. Script/Multiplayer/ShipGravityZoneController.cs:24)

(Filename: C:/build/output/unity/unity/Runtime/Export/Debug/Debug.bindings.cs Line: 123)

PHS_GRAVITY_ZONE_STATE zone=PHS_Gravity_CommandRoom gravity=True
UnityEngine.Debug:ExtractStackTraceNoAlloc (byte*,int,string)
UnityEngine.StackTraceUtility:ExtractStackTrace () (at C:/build/output/unity/unity/Runtime/Export/Scripting/StackTrace.cs:35)
UnityEngine.DebugLogHandler:Internal_Log (UnityEngine.LogType,UnityEngine.LogOption,string,UnityEngine.Object)
UnityEngine.DebugLogHandler:LogFormat (UnityEngine.LogType,UnityEngine.Object,string,object[]) (at C:/build/output/unity/unity/Runtime/Export/Logging/DebugLogHandler.cs:9)
UnityEngine.Logger:Log (UnityEngine.LogType,object) (at C:/build/output/unity/unity/Runtime/Export/Logging/Logger.cs:60)
UnityEngine.Debug:Log (object) (at C:/build/output/unity/unity/Runtime/Export/Debug/Debug.bindings.cs:123)
LastJumpCrew.ParkHanSol.Multiplayer.GravityZone:SetShipGravityEnabled (bool) (at E:/UNITY/LastJumpCrew/Assets/02. ParkHanSol_TeamLeader_Build & Multi/02. Script/Multiplayer/Gravity/GravityZone.cs:32)
LastJumpCrew.ParkHanSol.Multiplayer.ShipGravityZoneController:ApplyGravityState (bool,string) (at E:/UNITY/LastJumpCrew/Assets/02. ParkHanSol_TeamLeader_Build & Multi/02. Script/Multiplayer/ShipGravityZoneController.cs:173)
LastJumpCrew.ParkHanSol.Multiplayer.ShipGravityZoneController:TryBindShipState () (at E:/UNITY/LastJumpCrew/Assets/02. ParkHanSol_TeamLeader_Build & Multi/02. Script/Multiplayer/ShipGravityZoneController.cs:108)
LastJumpCrew.ParkHanSol.Multiplayer.ShipGravityZoneController:OnEnable () (at E:/UNITY/LastJumpCrew/Assets/02. ParkHanSol_TeamLeader_Build & Multi/02. Script/Multiplayer/ShipGravityZoneController.cs:24)

(Filename: C:/build/output/unity/unity/Runtime/Export/Debug/Debug.bindings.cs Line: 123)

PHS_GRAVITY_ZONE_STATE zone=PHS_Gravity_AftCorridor gravity=True
UnityEngine.Debug:ExtractStackTraceNoAlloc (byte*,int,string)
UnityEngine.StackTraceUtility:ExtractStackTrace () (at C:/build/output/unity/unity/Runtime/Export/Scripting/StackTrace.cs:35)
UnityEngine.DebugLogHandler:Internal_Log (UnityEngine.LogType,UnityEngine.LogOption,string,UnityEngine.Object)
UnityEngine.DebugLogHandler:LogFormat (UnityEngine.LogType,UnityEngine.Object,string,object[]) (at C:/build/output/unity/unity/Runtime/Export/Logging/DebugLogHandler.cs:9)
UnityEngine.Logger:Log (UnityEngine.LogType,object) (at C:/build/output/unity/unity/Runtime/Export/Logging/Logger.cs:60)
UnityEngine.Debug:Log (object) (at C:/build/output/unity/unity/Runtime/Export/Debug/Debug.bindings.cs:123)
LastJumpCrew.ParkHanSol.Multiplayer.GravityZone:SetShipGravityEnabled (bool) (at E:/UNITY/LastJumpCrew/Assets/02. ParkHanSol_TeamLeader_Build & Multi/02. Script/Multiplayer/Gravity/GravityZone.cs:32)
LastJumpCrew.ParkHanSol.Multiplayer.ShipGravityZoneController:ApplyGravityState (bool,string) (at E:/UNITY/LastJumpCrew/Assets/02. ParkHanSol_TeamLeader_Build & Multi/02. Script/Multiplayer/ShipGravityZoneController.cs:173)
LastJumpCrew.ParkHanSol.Multiplayer.ShipGravityZoneController:TryBindShipState () (at E:/UNITY/LastJumpCrew/Assets/02. ParkHanSol_TeamLeader_Build & Multi/02. Script/Multiplayer/ShipGravityZoneController.cs:108)
LastJumpCrew.ParkHanSol.Multiplayer.ShipGravityZoneController:OnEnable () (at E:/UNITY/LastJumpCrew/Assets/02. ParkHanSol_TeamLeader_Build & Multi/02. Script/Multiplayer/ShipGravityZoneController.cs:24)

(Filename: C:/build/output/unity/unity/Runtime/Export/Debug/Debug.bindings.cs Line: 123)

PHS_SHIP_GRAVITY_APPLIED enabled=True reason=initial_snapshot controller=PHS_GravityGenerator
UnityEngine.Debug:ExtractStackTraceNoAlloc (byte*,int,string)
UnityEngine.StackTraceUtility:ExtractStackTrace () (at C:/build/output/unity/unity/Runtime/Export/Scripting/StackTrace.cs:35)
UnityEngine.DebugLogHandler:Internal_Log (UnityEngine.LogType,UnityEngine.LogOption,string,UnityEngine.Object)
UnityEngine.DebugLogHandler:LogFormat (UnityEngine.LogType,UnityEngine.Object,string,object[]) (at C:/build/output/unity/unity/Runtime/Export/Logging/DebugLogHandler.cs:9)
UnityEngine.Logger:Log (UnityEngine.LogType,object,UnityEngine.Object) (at C:/build/output/unity/unity/Runtime/Export/Logging/Logger.cs:66)
UnityEngine.Debug:Log (object,UnityEngine.Object) (at C:/build/output/unity/unity/Runtime/Export/Debug/Debug.bindings.cs:128)
LastJumpCrew.ParkHanSol.Multiplayer.ShipGravityZoneController:ApplyGravityState (bool,string) (at E:/UNITY/LastJumpCrew/Assets/02. ParkHanSol_TeamLeader_Build & Multi/02. Script/Multiplayer/ShipGravityZoneController.cs:195)
LastJumpCrew.ParkHanSol.Multiplayer.ShipGravityZoneController:TryBindShipState () (at E:/UNITY/LastJumpCrew/Assets/02. ParkHanSol_TeamLeader_Build & Multi/02. Script/Multiplayer/ShipGravityZoneController.cs:108)
LastJumpCrew.ParkHanSol.Multiplayer.ShipGravityZoneController:OnEnable () (at E:/UNITY/LastJumpCrew/Assets/02. ParkHanSol_TeamLeader_Build & Multi/02. Script/Multiplayer/ShipGravityZoneController.cs:24)

(Filename: C:/build/output/unity/unity/Runtime/Export/Debug/Debug.bindings.cs Line: 128)

PHS_SHIP_GRAVITY_BOUND revision=1 controller=PHS_GravityGenerator
UnityEngine.Debug:ExtractStackTraceNoAlloc (byte*,int,string)
UnityEngine.StackTraceUtility:ExtractStackTrace () (at C:/build/output/unity/unity/Runtime/Export/Scripting/StackTrace.cs:35)
UnityEngine.DebugLogHandler:Internal_Log (UnityEngine.LogType,UnityEngine.LogOption,string,UnityEngine.Object)
UnityEngine.DebugLogHandler:LogFormat (UnityEngine.LogType,UnityEngine.Object,string,object[]) (at C:/build/output/unity/unity/Runtime/Export/Logging/DebugLogHandler.cs:9)
UnityEngine.Logger:Log (UnityEngine.LogType,object,UnityEngine.Object) (at C:/build/output/unity/unity/Runtime/Export/Logging/Logger.cs:66)
UnityEngine.Debug:Log (object,UnityEngine.Object) (at C:/build/output/unity/unity/Runtime/Export/Debug/Debug.bindings.cs:128)
LastJumpCrew.ParkHanSol.Multiplayer.ShipGravityZoneController:TryBindShipState () (at E:/UNITY/LastJumpCrew/Assets/02. ParkHanSol_TeamLeader_Build & Multi/02. Script/Multiplayer/ShipGravityZoneController.cs:109)
LastJumpCrew.ParkHanSol.Multiplayer.ShipGravityZoneController:OnEnable () (at E:/UNITY/LastJumpCrew/Assets/02. ParkHanSol_TeamLeader_Build & Multi/02. Script/Multiplayer/ShipGravityZoneController.cs:24)

(Filename: C:/build/output/unity/unity/Runtime/Export/Debug/Debug.bindings.cs Line: 128)

PHS_SHIP_HUD_BOUND revision=1
UnityEngine.Debug:ExtractStackTraceNoAlloc (byte*,int,string)
UnityEngine.StackTraceUtility:ExtractStackTrace () (at C:/build/output/unity/unity/Runtime/Export/Scripting/StackTrace.cs:35)
UnityEngine.DebugLogHandler:Internal_Log (UnityEngine.LogType,UnityEngine.LogOption,string,UnityEngine.Object)
UnityEngine.DebugLogHandler:LogFormat (UnityEngine.LogType,UnityEngine.Object,string,object[]) (at C:/build/output/unity/unity/Runtime/Export/Logging/DebugLogHandler.cs:9)
UnityEngine.Logger:Log (UnityEngine.LogType,object,UnityEngine.Object) (at C:/build/output/unity/unity/Runtime/Export/Logging/Logger.cs:66)
UnityEngine.Debug:Log (object,UnityEngine.Object) (at C:/build/output/unity/unity/Runtime/Export/Debug/Debug.bindings.cs:128)
LastJumpCrew.ParkHanSol.Multiplayer.PHSShipSystemsHudBinder:TryBind () (at E:/UNITY/LastJumpCrew/Assets/02. ParkHanSol_TeamLeader_Build & Multi/02. Script/Multiplayer/PHSShipSystemsHudBinder.cs:61)
LastJumpCrew.ParkHanSol.Multiplayer.PHSShipSystemsHudBinder:OnEnable () (at E:/UNITY/LastJumpCrew/Assets/02. ParkHanSol_TeamLeader_Build & Multi/02. Script/Multiplayer/PHSShipSystemsHudBinder.cs:17)

(Filename: C:/build/output/unity/unity/Runtime/Export/Debug/Debug.bindings.cs Line: 128)

PHS_PLAYER_SCENE_STATE scene=PHS_Map_ver1 owner=False input=False
UnityEngine.Debug:ExtractStackTraceNoAlloc (byte*,int,string)
UnityEngine.StackTraceUtility:ExtractStackTrace () (at C:/build/output/unity/unity/Runtime/Export/Scripting/StackTrace.cs:35)
UnityEngine.DebugLogHandler:Internal_Log (UnityEngine.LogType,UnityEngine.LogOption,string,UnityEngine.Object)
UnityEngine.DebugLogHandler:LogFormat (UnityEngine.LogType,UnityEngine.Object,string,object[]) (at C:/build/output/unity/unity/Runtime/Export/Logging/DebugLogHandler.cs:9)
UnityEngine.Logger:Log (UnityEngine.LogType,object) (at C:/build/output/unity/unity/Runtime/Export/Logging/Logger.cs:60)
UnityEngine.Debug:Log (object) (at C:/build/output/unity/unity/Runtime/Export/Debug/Debug.bindings.cs:123)
LastJumpCrew.ParkHanSol.Multiplayer.NetworkPlayerController:RefreshForActiveScene () (at E:/UNITY/LastJumpCrew/Assets/02. ParkHanSol_TeamLeader_Build & Multi/02. Script/Multiplayer/NetworkPlayerController.cs:733)
LastJumpCrew.ParkHanSol.Multiplayer.NetworkPlayerController:HandleActiveSceneChanged (UnityEngine.SceneManagement.Scene,UnityEngine.SceneManagement.Scene) (at E:/UNITY/LastJumpCrew/Assets/02. ParkHanSol_TeamLeader_Build & Multi/02. Script/Multiplayer/NetworkPlayerController.cs:689)
UnityEngine.SceneManagement.SceneManager:Internal_ActiveSceneChanged (UnityEngine.SceneManagement.Scene,UnityEngine.SceneManagement.Scene) (at C:/build/output/unity/unity/Runtime/Export/SceneManager/SceneManager.cs:262)

(Filename: C:/build/output/unity/unity/Runtime/Export/Debug/Debug.bindings.cs Line: 123)

PHS_PLAYER_SCENE_STATE scene=PHS_Map_ver1 owner=True input=True
UnityEngine.Debug:ExtractStackTraceNoAlloc (byte*,int,string)
UnityEngine.StackTraceUtility:ExtractStackTrace () (at C:/build/output/unity/unity/Runtime/Export/Scripting/StackTrace.cs:35)
UnityEngine.DebugLogHandler:Internal_Log (UnityEngine.LogType,UnityEngine.LogOption,string,UnityEngine.Object)
UnityEngine.DebugLogHandler:LogFormat (UnityEngine.LogType,UnityEngine.Object,string,object[]) (at C:/build/output/unity/unity/Runtime/Export/Logging/DebugLogHandler.cs:9)
UnityEngine.Logger:Log (UnityEngine.LogType,object) (at C:/build/output/unity/unity/Runtime/Export/Logging/Logger.cs:60)
UnityEngine.Debug:Log (object) (at C:/build/output/unity/unity/Runtime/Export/Debug/Debug.bindings.cs:123)
LastJumpCrew.ParkHanSol.Multiplayer.NetworkPlayerController:RefreshForActiveScene () (at E:/UNITY/LastJumpCrew/Assets/02. ParkHanSol_TeamLeader_Build & Multi/02. Script/Multiplayer/NetworkPlayerController.cs:733)
LastJumpCrew.ParkHanSol.Multiplayer.NetworkPlayerController:HandleActiveSceneChanged (UnityEngine.SceneManagement.Scene,UnityEngine.SceneManagement.Scene) (at E:/UNITY/LastJumpCrew/Assets/02. ParkHanSol_TeamLeader_Build & Multi/02. Script/Multiplayer/NetworkPlayerController.cs:689)
UnityEngine.SceneManagement.SceneManager:Internal_ActiveSceneChanged (UnityEngine.SceneManagement.Scene,UnityEngine.SceneManagement.Scene) (at C:/build/output/unity/unity/Runtime/Export/SceneManager/SceneManager.cs:262)

(Filename: C:/build/output/unity/unity/Runtime/Export/Debug/Debug.bindings.cs Line: 123)

PHS_FIRE_COORDINATOR_READY server=False zones=4 patches=22
UnityEngine.Debug:ExtractStackTraceNoAlloc (byte*,int,string)
UnityEngine.StackTraceUtility:ExtractStackTrace () (at C:/build/output/unity/unity/Runtime/Export/Scripting/StackTrace.cs:35)
UnityEngine.DebugLogHandler:Internal_Log (UnityEngine.LogType,UnityEngine.LogOption,string,UnityEngine.Object)
UnityEngine.DebugLogHandler:LogFormat (UnityEngine.LogType,UnityEngine.Object,string,object[]) (at C:/build/output/unity/unity/Runtime/Export/Logging/DebugLogHandler.cs:9)
UnityEngine.Logger:Log (UnityEngine.LogType,object,UnityEngine.Object) (at C:/build/output/unity/unity/Runtime/Export/Logging/Logger.cs:66)
UnityEngine.Debug:Log (object,UnityEngine.Object) (at C:/build/output/unity/unity/Runtime/Export/Debug/Debug.bindings.cs:128)
LastJumpCrew.ParkHanSol.Multiplayer.Incidents.Fire.PHSNetworkFireCoordinator:OnNetworkSpawn () (at E:/UNITY/LastJumpCrew/Assets/02. ParkHanSol_TeamLeader_Build & Multi/02. Script/Multiplayer/Incidents/Fire/PHSNetworkFireCoordinator.cs:170)
Unity.Netcode.NetworkBehaviour:NetworkSpawn () (at ./Library/PackageCache/com.unity.netcode.gameobjects@0f12e689d980/Runtime/Core/NetworkBehaviour.cs:813)
Unity.Netcode.NetworkObject:InvokeBehaviourNetworkSpawn () (at ./Library/PackageCache/com.unity.netcode.gameobjects@0f12e689d980/Runtime/Core/NetworkObject.cs:2698)
Unity.Netcode.NetworkSpawnManager:SpawnNetworkObjectLocallyCommon (Unity.Netcode.NetworkObject,ulong,bool,bool,ulong,bool) (at ./Library/PackageCache/com.unity.netcode.gameobjects@0f12e689d980/Runtime/Spawning/NetworkSpawnManager.cs:1384)
Unity.Netcode.NetworkSpawnManager:NonAuthorityLocalSpawn (Unity.Netcode.NetworkObject/SerializedObject&,Unity.Netcode.NetworkObject&,Unity.Netcode.FastBufferReader,bool) (at ./Library/PackageCache/com.unity.netcode.gameobjects@0f12e689d980/Runtime/Spawning/NetworkSpawnManager.cs:1284)
Unity.Netcode.NetworkObject:Deserialize (Unity.Netcode.NetworkObject/SerializedObject&,Unity.Netcode.FastBufferReader,Unity.Netcode.NetworkManager,bool) (at ./Library/PackageCache/com.unity.netcode.gameobjects@0f12e689d980/Runtime/Core/NetworkObject.cs:3383)
Unity.Netcode.SceneEventData:DeserializeScenePlacedObjects () (at ./Library/PackageCache/com.unity.netcode.gameobjects@0f12e689d980/Runtime/SceneManagement/SceneEventData.cs:884)
Unity.Netcode.NetworkSceneManager:OnClientLoadedScene (uint,UnityEngine.SceneManagement.Scene) (at ./Library/PackageCache/com.unity.netcode.gameobjects@0f12e689d980/Runtime/SceneManagement/NetworkSceneManager.cs:1898)
Unity.Netcode.NetworkSceneManager:OnSceneLoaded (uint) (at ./Library/PackageCache/com.unity.netcode.gameobjects@0f12e689d980/Runtime/SceneManagement/NetworkSceneManager.cs:1826)
Unity.Netcode.SceneEventProgress:<SetAsyncOperation>b__38_0 (UnityEngine.AsyncOperation) (at ./Library/PackageCache/com.unity.netcode.gameobjects@0f12e689d980/Runtime/SceneManagement/SceneEventProgress.cs:280)
UnityEngine.AsyncOperation:InvokeCompletionEvent () (at C:/build/output/unity/unity/Runtime/Export/Scripting/AsyncOperation.cs:24)

(Filename: C:/build/output/unity/unity/Runtime/Export/Debug/Debug.bindings.cs Line: 128)

PHS_EVENT_SNAPSHOT_CACHE_SYNC reason=network_spawn count=0 server=False
UnityEngine.Debug:ExtractStackTraceNoAlloc (byte*,int,string)
UnityEngine.StackTraceUtility:ExtractStackTrace () (at C:/build/output/unity/unity/Runtime/Export/Scripting/StackTrace.cs:35)
UnityEngine.DebugLogHandler:Internal_Log (UnityEngine.LogType,UnityEngine.LogOption,string,UnityEngine.Object)
UnityEngine.DebugLogHandler:LogFormat (UnityEngine.LogType,UnityEngine.Object,string,object[]) (at C:/build/output/unity/unity/Runtime/Export/Logging/DebugLogHandler.cs:9)
UnityEngine.Logger:Log (UnityEngine.LogType,object,UnityEngine.Object) (at C:/build/output/unity/unity/Runtime/Export/Logging/Logger.cs:66)
UnityEngine.Debug:Log (object,UnityEngine.Object) (at C:/build/output/unity/unity/Runtime/Export/Debug/Debug.bindings.cs:128)
LastJumpCrew.ParkHanSol.Multiplayer.Events.NetworkEventCoordinator:RebuildSnapshotCache (string) (at E:/UNITY/LastJumpCrew/Assets/02. ParkHanSol_TeamLeader_Build & Multi/02. Script/Multiplayer/Events/NetworkEventCoordinator.cs:1384)
LastJumpCrew.ParkHanSol.Multiplayer.Events.NetworkEventCoordinator:OnNetworkSpawn () (at E:/UNITY/LastJumpCrew/Assets/02. ParkHanSol_TeamLeader_Build & Multi/02. Script/Multiplayer/Events/NetworkEventCoordinator.cs:104)
Unity.Netcode.NetworkBehaviour:NetworkSpawn () (at ./Library/PackageCache/com.unity.netcode.gameobjects@0f12e689d980/Runtime/Core/NetworkBehaviour.cs:813)
Unity.Netcode.NetworkObject:InvokeBehaviourNetworkSpawn () (at ./Library/PackageCache/com.unity.netcode.gameobjects@0f12e689d980/Runtime/Core/NetworkObject.cs:2698)
Unity.Netcode.NetworkSpawnManager:SpawnNetworkObjectLocallyCommon (Unity.Netcode.NetworkObject,ulong,bool,bool,ulong,bool) (at ./Library/PackageCache/com.unity.netcode.gameobjects@0f12e689d980/Runtime/Spawning/NetworkSpawnManager.cs:1384)
Unity.Netcode.NetworkSpawnManager:NonAuthorityLocalSpawn (Unity.Netcode.NetworkObject/SerializedObject&,Unity.Netcode.NetworkObject&,Unity.Netcode.FastBufferReader,bool) (at ./Library/PackageCache/com.unity.netcode.gameobjects@0f12e689d980/Runtime/Spawning/NetworkSpawnManager.cs:1284)
Unity.Netcode.NetworkObject:Deserialize (Unity.Netcode.NetworkObject/SerializedObject&,Unity.Netcode.FastBufferReader,Unity.Netcode.NetworkManager,bool) (at ./Library/PackageCache/com.unity.netcode.gameobjects@0f12e689d980/Runtime/Core/NetworkObject.cs:3383)
Unity.Netcode.SceneEventData:DeserializeScenePlacedObjects () (at ./Library/PackageCache/com.unity.netcode.gameobjects@0f12e689d980/Runtime/SceneManagement/SceneEventData.cs:884)
Unity.Netcode.NetworkSceneManager:OnClientLoadedScene (uint,UnityEngine.SceneManagement.Scene) (at ./Library/PackageCache/com.unity.netcode.gameobjects@0f12e689d980/Runtime/SceneManagement/NetworkSceneManager.cs:1898)
Unity.Netcode.NetworkSceneManager:OnSceneLoaded (uint) (at ./Library/PackageCache/com.unity.netcode.gameobjects@0f12e689d980/Runtime/SceneManagement/NetworkSceneManager.cs:1826)
Unity.Netcode.SceneEventProgress:<SetAsyncOperation>b__38_0 (UnityEngine.AsyncOperation) (at ./Library/PackageCache/com.unity.netcode.gameobjects@0f12e689d980/Runtime/SceneManagement/SceneEventProgress.cs:280)
UnityEngine.AsyncOperation:InvokeCompletionEvent () (at C:/build/output/unity/unity/Runtime/Export/Scripting/AsyncOperation.cs:24)

(Filename: C:/build/output/unity/unity/Runtime/Export/Debug/Debug.bindings.cs Line: 128)

PHS_EVENT_EFFECT_CACHE_SYNC reason=network_spawn count=0 server=False
UnityEngine.Debug:ExtractStackTraceNoAlloc (byte*,int,string)
UnityEngine.StackTraceUtility:ExtractStackTrace () (at C:/build/output/unity/unity/Runtime/Export/Scripting/StackTrace.cs:35)
UnityEngine.DebugLogHandler:Internal_Log (UnityEngine.LogType,UnityEngine.LogOption,string,UnityEngine.Object)
UnityEngine.DebugLogHandler:LogFormat (UnityEngine.LogType,UnityEngine.Object,string,object[]) (at C:/build/output/unity/unity/Runtime/Export/Logging/DebugLogHandler.cs:9)
UnityEngine.Logger:Log (UnityEngine.LogType,object,UnityEngine.Object) (at C:/build/output/unity/unity/Runtime/Export/Logging/Logger.cs:66)
UnityEngine.Debug:Log (object,UnityEngine.Object) (at C:/build/output/unity/unity/Runtime/Export/Debug/Debug.bindings.cs:128)
LastJumpCrew.ParkHanSol.Multiplayer.Events.NetworkEventCoordinator:RebuildEffectSnapshotCache (string) (at E:/UNITY/LastJumpCrew/Assets/02. ParkHanSol_TeamLeader_Build & Multi/02. Script/Multiplayer/Events/NetworkEventCoordinator.cs:1406)
LastJumpCrew.ParkHanSol.Multiplayer.Events.NetworkEventCoordinator:OnNetworkSpawn () (at E:/UNITY/LastJumpCrew/Assets/02. ParkHanSol_TeamLeader_Build & Multi/02. Script/Multiplayer/Events/NetworkEventCoordinator.cs:105)
Unity.Netcode.NetworkBehaviour:NetworkSpawn () (at ./Library/PackageCache/com.unity.netcode.gameobjects@0f12e689d980/Runtime/Core/NetworkBehaviour.cs:813)
Unity.Netcode.NetworkObject:InvokeBehaviourNetworkSpawn () (at ./Library/PackageCache/com.unity.netcode.gameobjects@0f12e689d980/Runtime/Core/NetworkObject.cs:2698)
Unity.Netcode.NetworkSpawnManager:SpawnNetworkObjectLocallyCommon (Unity.Netcode.NetworkObject,ulong,bool,bool,ulong,bool) (at ./Library/PackageCache/com.unity.netcode.gameobjects@0f12e689d980/Runtime/Spawning/NetworkSpawnManager.cs:1384)
Unity.Netcode.NetworkSpawnManager:NonAuthorityLocalSpawn (Unity.Netcode.NetworkObject/SerializedObject&,Unity.Netcode.NetworkObject&,Unity.Netcode.FastBufferReader,bool) (at ./Library/PackageCache/com.unity.netcode.gameobjects@0f12e689d980/Runtime/Spawning/NetworkSpawnManager.cs:1284)
Unity.Netcode.NetworkObject:Deserialize (Unity.Netcode.NetworkObject/SerializedObject&,Unity.Netcode.FastBufferReader,Unity.Netcode.NetworkManager,bool) (at ./Library/PackageCache/com.unity.netcode.gameobjects@0f12e689d980/Runtime/Core/NetworkObject.cs:3383)
Unity.Netcode.SceneEventData:DeserializeScenePlacedObjects () (at ./Library/PackageCache/com.unity.netcode.gameobjects@0f12e689d980/Runtime/SceneManagement/SceneEventData.cs:884)
Unity.Netcode.NetworkSceneManager:OnClientLoadedScene (uint,UnityEngine.SceneManagement.Scene) (at ./Library/PackageCache/com.unity.netcode.gameobjects@0f12e689d980/Runtime/SceneManagement/NetworkSceneManager.cs:1898)
Unity.Netcode.NetworkSceneManager:OnSceneLoaded (uint) (at ./Library/PackageCache/com.unity.netcode.gameobjects@0f12e689d980/Runtime/SceneManagement/NetworkSceneManager.cs:1826)
Unity.Netcode.SceneEventProgress:<SetAsyncOperation>b__38_0 (UnityEngine.AsyncOperation) (at ./Library/PackageCache/com.unity.netcode.gameobjects@0f12e689d980/Runtime/SceneManagement/SceneEventProgress.cs:280)
UnityEngine.AsyncOperation:InvokeCompletionEvent () (at C:/build/output/unity/unity/Runtime/Export/Scripting/AsyncOperation.cs:24)

(Filename: C:/build/output/unity/unity/Runtime/Export/Debug/Debug.bindings.cs Line: 128)

PHS_EVENT_COORDINATOR_READY server=False snapshots=0 effects=0 effect_sync=true
UnityEngine.Debug:ExtractStackTraceNoAlloc (byte*,int,string)
UnityEngine.StackTraceUtility:ExtractStackTrace () (at C:/build/output/unity/unity/Runtime/Export/Scripting/StackTrace.cs:35)
UnityEngine.DebugLogHandler:Internal_Log (UnityEngine.LogType,UnityEngine.LogOption,string,UnityEngine.Object)
UnityEngine.DebugLogHandler:LogFormat (UnityEngine.LogType,UnityEngine.Object,string,object[]) (at C:/build/output/unity/unity/Runtime/Export/Logging/DebugLogHandler.cs:9)
UnityEngine.Logger:Log (UnityEngine.LogType,object,UnityEngine.Object) (at C:/build/output/unity/unity/Runtime/Export/Logging/Logger.cs:66)
UnityEngine.Debug:Log (object,UnityEngine.Object) (at C:/build/output/unity/unity/Runtime/Export/Debug/Debug.bindings.cs:128)
LastJumpCrew.ParkHanSol.Multiplayer.Events.NetworkEventCoordinator:OnNetworkSpawn () (at E:/UNITY/LastJumpCrew/Assets/02. ParkHanSol_TeamLeader_Build & Multi/02. Script/Multiplayer/Events/NetworkEventCoordinator.cs:129)
Unity.Netcode.NetworkBehaviour:NetworkSpawn () (at ./Library/PackageCache/com.unity.netcode.gameobjects@0f12e689d980/Runtime/Core/NetworkBehaviour.cs:813)
Unity.Netcode.NetworkObject:InvokeBehaviourNetworkSpawn () (at ./Library/PackageCache/com.unity.netcode.gameobjects@0f12e689d980/Runtime/Core/NetworkObject.cs:2698)
Unity.Netcode.NetworkSpawnManager:SpawnNetworkObjectLocallyCommon (Unity.Netcode.NetworkObject,ulong,bool,bool,ulong,bool) (at ./Library/PackageCache/com.unity.netcode.gameobjects@0f12e689d980/Runtime/Spawning/NetworkSpawnManager.cs:1384)
Unity.Netcode.NetworkSpawnManager:NonAuthorityLocalSpawn (Unity.Netcode.NetworkObject/SerializedObject&,Unity.Netcode.NetworkObject&,Unity.Netcode.FastBufferReader,bool) (at ./Library/PackageCache/com.unity.netcode.gameobjects@0f12e689d980/Runtime/Spawning/NetworkSpawnManager.cs:1284)
Unity.Netcode.NetworkObject:Deserialize (Unity.Netcode.NetworkObject/SerializedObject&,Unity.Netcode.FastBufferReader,Unity.Netcode.NetworkManager,bool) (at ./Library/PackageCache/com.unity.netcode.gameobjects@0f12e689d980/Runtime/Core/NetworkObject.cs:3383)
Unity.Netcode.SceneEventData:DeserializeScenePlacedObjects () (at ./Library/PackageCache/com.unity.netcode.gameobjects@0f12e689d980/Runtime/SceneManagement/SceneEventData.cs:884)
Unity.Netcode.NetworkSceneManager:OnClientLoadedScene (uint,UnityEngine.SceneManagement.Scene) (at ./Library/PackageCache/com.unity.netcode.gameobjects@0f12e689d980/Runtime/SceneManagement/NetworkSceneManager.cs:1898)
Unity.Netcode.NetworkSceneManager:OnSceneLoaded (uint) (at ./Library/PackageCache/com.unity.netcode.gameobjects@0f12e689d980/Runtime/SceneManagement/NetworkSceneManager.cs:1826)
Unity.Netcode.SceneEventProgress:<SetAsyncOperation>b__38_0 (UnityEngine.AsyncOperation) (at ./Library/PackageCache/com.unity.netcode.gameobjects@0f12e689d980/Runtime/SceneManagement/SceneEventProgress.cs:280)
UnityEngine.AsyncOperation:InvokeCompletionEvent () (at C:/build/output/unity/unity/Runtime/Export/Scripting/AsyncOperation.cs:24)

(Filename: C:/build/output/unity/unity/Runtime/Export/Debug/Debug.bindings.cs Line: 128)

PHS_DEBRIS_STREAM_STATE stream=PHS_RandomDebrisStream enabled=True
UnityEngine.Debug:ExtractStackTraceNoAlloc (byte*,int,string)
UnityEngine.StackTraceUtility:ExtractStackTrace () (at C:/build/output/unity/unity/Runtime/Export/Scripting/StackTrace.cs:35)
UnityEngine.DebugLogHandler:Internal_Log (UnityEngine.LogType,UnityEngine.LogOption,string,UnityEngine.Object)
UnityEngine.DebugLogHandler:LogFormat (UnityEngine.LogType,UnityEngine.Object,string,object[]) (at C:/build/output/unity/unity/Runtime/Export/Logging/DebugLogHandler.cs:9)
UnityEngine.Logger:Log (UnityEngine.LogType,object,UnityEngine.Object) (at C:/build/output/unity/unity/Runtime/Export/Logging/Logger.cs:66)
UnityEngine.Debug:Log (object,UnityEngine.Object) (at C:/build/output/unity/unity/Runtime/Export/Debug/Debug.bindings.cs:128)
LastJumpCrew.ParkHanSol.Multiplayer.PHSRandomDebrisStream:SetSimulationEnabled (bool) (at E:/UNITY/LastJumpCrew/Assets/02. ParkHanSol_TeamLeader_Build & Multi/02. Script/Multiplayer/PHSRandomDebrisStream.cs:50)
LastJumpCrew.ParkHanSol.Multiplayer.Maps.PHSMapRuntimeContext:TryApplyProfile (LastJumpCrew.ParkHanSol.Multiplayer.Maps.PHSMapProfileSO) (at E:/UNITY/LastJumpCrew/Assets/02. ParkHanSol_TeamLeader_Build & Multi/02. Script/Multiplayer/Maps/PHSMapRuntimeContext.cs:339)
LastJumpCrew.ParkHanSol.Multiplayer.Maps.PHSMapRuntimeContext:TryApplyMap (int) (at E:/UNITY/LastJumpCrew/Assets/02. ParkHanSol_TeamLeader_Build & Multi/02. Script/Multiplayer/Maps/PHSMapRuntimeContext.cs:284)
LastJumpCrew.ParkHanSol.Multiplayer.Maps.PHSMapRuntimeContext:ApplyCurrentPhaseState () (at E:/UNITY/LastJumpCrew/Assets/02. ParkHanSol_TeamLeader_Build & Multi/02. Script/Multiplayer/Maps/PHSMapRuntimeContext.cs:165)
LastJumpCrew.ParkHanSol.Multiplayer.Maps.PHSMapRuntimeContext:Update () (at E:/UNITY/LastJumpCrew/Assets/02. ParkHanSol_TeamLeader_Build & Multi/02. Script/Multiplayer/Maps/PHSMapRuntimeContext.cs:106)

(Filename: C:/build/output/unity/unity/Runtime/Export/Debug/Debug.bindings.cs Line: 128)

PHS_MAP_RUNTIME_APPLIED mapId=8001 name=폐기물 궤도
UnityEngine.Debug:ExtractStackTraceNoAlloc (byte*,int,string)
UnityEngine.StackTraceUtility:ExtractStackTrace () (at C:/build/output/unity/unity/Runtime/Export/Scripting/StackTrace.cs:35)
UnityEngine.DebugLogHandler:Internal_Log (UnityEngine.LogType,UnityEngine.LogOption,string,UnityEngine.Object)
UnityEngine.DebugLogHandler:LogFormat (UnityEngine.LogType,UnityEngine.Object,string,object[]) (at C:/build/output/unity/unity/Runtime/Export/Logging/DebugLogHandler.cs:9)
UnityEngine.Logger:Log (UnityEngine.LogType,object,UnityEngine.Object) (at C:/build/output/unity/unity/Runtime/Export/Logging/Logger.cs:66)
UnityEngine.Debug:Log (object,UnityEngine.Object) (at C:/build/output/unity/unity/Runtime/Export/Debug/Debug.bindings.cs:128)
LastJumpCrew.ParkHanSol.Multiplayer.Maps.PHSMapRuntimeContext:TryApplyProfile (LastJumpCrew.ParkHanSol.Multiplayer.Maps.PHSMapProfileSO) (at E:/UNITY/LastJumpCrew/Assets/02. ParkHanSol_TeamLeader_Build & Multi/02. Script/Multiplayer/Maps/PHSMapRuntimeContext.cs:352)
LastJumpCrew.ParkHanSol.Multiplayer.Maps.PHSMapRuntimeContext:TryApplyMap (int) (at E:/UNITY/LastJumpCrew/Assets/02. ParkHanSol_TeamLeader_Build & Multi/02. Script/Multiplayer/Maps/PHSMapRuntimeContext.cs:284)
LastJumpCrew.ParkHanSol.Multiplayer.Maps.PHSMapRuntimeContext:ApplyCurrentPhaseState () (at E:/UNITY/LastJumpCrew/Assets/02. ParkHanSol_TeamLeader_Build & Multi/02. Script/Multiplayer/Maps/PHSMapRuntimeContext.cs:165)
LastJumpCrew.ParkHanSol.Multiplayer.Maps.PHSMapRuntimeContext:Update () (at E:/UNITY/LastJumpCrew/Assets/02. ParkHanSol_TeamLeader_Build & Multi/02. Script/Multiplayer/Maps/PHSMapRuntimeContext.cs:106)

(Filename: C:/build/output/unity/unity/Runtime/Export/Debug/Debug.bindings.cs Line: 128)

PHS_EVENT_HUD_BOUND snapshots=0
UnityEngine.Debug:ExtractStackTraceNoAlloc (byte*,int,string)
UnityEngine.StackTraceUtility:ExtractStackTrace () (at C:/build/output/unity/unity/Runtime/Export/Scripting/StackTrace.cs:35)
UnityEngine.DebugLogHandler:Internal_Log (UnityEngine.LogType,UnityEngine.LogOption,string,UnityEngine.Object)
UnityEngine.DebugLogHandler:LogFormat (UnityEngine.LogType,UnityEngine.Object,string,object[]) (at C:/build/output/unity/unity/Runtime/Export/Logging/DebugLogHandler.cs:9)
UnityEngine.Logger:Log (UnityEngine.LogType,object,UnityEngine.Object) (at C:/build/output/unity/unity/Runtime/Export/Logging/Logger.cs:66)
UnityEngine.Debug:Log (object,UnityEngine.Object) (at C:/build/output/unity/unity/Runtime/Export/Debug/Debug.bindings.cs:128)
LastJumpCrew.ParkHanSol.Multiplayer.Events.PHSNetworkEventHudBinder:TryBindCoordinator () (at E:/UNITY/LastJumpCrew/Assets/02. ParkHanSol_TeamLeader_Build & Multi/02. Script/Multiplayer/Events/PHSNetworkEventHudBinder.cs:143)
LastJumpCrew.ParkHanSol.Multiplayer.Events.PHSNetworkEventHudBinder:Update () (at E:/UNITY/LastJumpCrew/Assets/02. ParkHanSol_TeamLeader_Build & Multi/02. Script/Multiplayer/Events/PHSNetworkEventHudBinder.cs:108)

(Filename: C:/build/output/unity/unity/Runtime/Export/Debug/Debug.bindings.cs Line: 128)

[Multiplayer]: Attempting to apply patches to lobby, but there were no patches to apply.
UnityEngine.Debug:ExtractStackTraceNoAlloc (byte*,int,string)
UnityEngine.StackTraceUtility:ExtractStackTrace () (at C:/build/output/unity/unity/Runtime/Export/Scripting/StackTrace.cs:35)
UnityEngine.DebugLogHandler:Internal_Log (UnityEngine.LogType,UnityEngine.LogOption,string,UnityEngine.Object)
UnityEngine.DebugLogHandler:LogFormat (UnityEngine.LogType,UnityEngine.Object,string,object[]) (at C:/build/output/unity/unity/Runtime/Export/Logging/DebugLogHandler.cs:9)
UnityEngine.Logger:Log (UnityEngine.LogType,string,object,UnityEngine.Object) (at C:/build/output/unity/unity/Runtime/Export/Logging/Logger.cs:78)
Unity.Services.Multiplayer.Logger:Log (UnityEngine.LogType,object,UnityEngine.Object) (at ./Library/PackageCache/com.unity.services.multiplayer@a6d6ce688d71/Runtime/Multiplayer/Utils/Logger.cs:18)
Unity.Services.Multiplayer.Logger:LogWarning (object,UnityEngine.Object) (at ./Library/PackageCache/com.unity.services.multiplayer@a6d6ce688d71/Runtime/Multiplayer/Utils/Logger.cs:38)
Unity.Services.Multiplayer.Logger:LogWarning (object) (at ./Library/PackageCache/com.unity.services.multiplayer@a6d6ce688d71/Runtime/Multiplayer/Utils/Logger.cs:33)
LobbyPatcher:GetLobbyPatches (LobbyPatcher/LobbyPatches) (at ./Library/PackageCache/com.unity.services.multiplayer@a6d6ce688d71/Runtime/Lobbies/SDK/LobbyUpdates/Internal/LobbyPatcher.cs:496)
LobbyPatcher:GetLobbyChanges (string) (at ./Library/PackageCache/com.unity.services.multiplayer@a6d6ce688d71/Runtime/Lobbies/SDK/LobbyUpdates/Internal/LobbyPatcher.cs:489)
Unity.Services.Lobbies.Internal.LobbyChannel/<OnLobbySubscriptionMessage>d__14:MoveNext () (at ./Library/PackageCache/com.unity.services.multiplayer@a6d6ce688d71/Runtime/Lobbies/SDK/LobbyUpdates/Internal/LobbyChannel.cs:90)
System.Runtime.CompilerServices.AsyncTaskMethodBuilder:Start<Unity.Services.Lobbies.Internal.LobbyChannel/<OnLobbySubscriptionMessage>d__14> (Unity.Services.Lobbies.Internal.LobbyChannel/<OnLobbySubscriptionMessage>d__14&)
Unity.Services.Lobbies.Internal.LobbyChannel:OnLobbySubscriptionMessage (string,LobbyEventCallbacks)
Unity.Services.Lobbies.Internal.LobbyChannel/<>c__DisplayClass11_0/<<-ctor>b__0>d:MoveNext () (at ./Library/PackageCache/com.unity.services.multiplayer@a6d6ce688d71/Runtime/Lobbies/SDK/LobbyUpdates/Internal/LobbyChannel.cs:43)
System.Runtime.CompilerServices.AsyncVoidMethodBuilder:Start<Unity.Services.Lobbies.Internal.LobbyChannel/<>c__DisplayClass11_0/<<-ctor>b__0>d> (Unity.Services.Lobbies.Internal.LobbyChannel/<>c__DisplayClass11_0/<<-ctor>b__0>d&)
Unity.Services.Lobbies.Internal.LobbyChannel/<>c__DisplayClass11_0:<.ctor>b__0 (string)
Unity.Services.Wire.Internal.Subscription:ProcessPublication (Unity.Services.Wire.Protocol.Internal.Publication) (at ./Library/PackageCache/com.unity.services.wire@aba8a6fb1fe2/Runtime/Centrifuge/Subscription.cs:98)
Unity.Services.Wire.Internal.Client:HandlePushMessage (Unity.Services.Wire.Protocol.Internal.Push) (at ./Library/PackageCache/com.unity.services.wire@aba8a6fb1fe2/Runtime/Centrifuge/Client.cs:663)
Unity.Services.Wire.Internal.Client:OnWebsocketMessage (byte[]) (at ./Library/PackageCache/com.unity.services.wire@aba8a6fb1fe2/Runtime/Centrifuge/Client.cs:414)
Unity.Services.Wire.Internal.Client/<>c__DisplayClass54_0:<WebsocketMessageListener>b__0 () (at ./Library/PackageCache/com.unity.services.wire@aba8a6fb1fe2/Runtime/Centrifuge/Client.cs:821)
System.Threading.Tasks.Task:InnerInvoke ()
System.Threading.Tasks.Task:Execute ()
System.Threading.Tasks.Task:ExecutionContextCallback (object)
System.Threading.ExecutionContext:RunInternal (System.Threading.ExecutionContext,System.Threading.ContextCallback,object,bool)
System.Threading.ExecutionContext:Run (System.Threading.ExecutionContext,System.Threading.ContextCallback,object,bool)
System.Threading.Tasks.Task:ExecuteWithThreadLocal (System.Threading.Tasks.Task&)
System.Threading.Tasks.Task:ExecuteEntry (bool)
System.Threading.Tasks.SynchronizationContextTaskScheduler/<>c:<.cctor>b__8_0 (object)
UnityEngine.UnitySynchronizationContext/WorkRequest:Invoke () (at C:/build/output/unity/unity/Runtime/Export/Scripting/UnitySynchronizationContext.cs:156)
UnityEngine.UnitySynchronizationContext:Exec () (at C:/build/output/unity/unity/Runtime/Export/Scripting/UnitySynchronizationContext.cs:84)
UnityEngine.UnitySynchronizationContext:ExecuteTasks () (at C:/build/output/unity/unity/Runtime/Export/Scripting/UnitySynchronizationContext.cs:110)

(Filename: ./Library/PackageCache/com.unity.services.multiplayer@a6d6ce688d71/Runtime/Lobbies/SDK/LobbyUpdates/Internal/LobbyPatcher.cs Line: 496)

PHS_ROOM_JOIN_OK sessionId=fj5nK7xP7SKngjBbcQrYyC name=Last Jump Crew Room players=2/8
UnityEngine.Debug:ExtractStackTraceNoAlloc (byte*,int,string)
UnityEngine.StackTraceUtility:ExtractStackTrace () (at C:/build/output/unity/unity/Runtime/Export/Scripting/StackTrace.cs:35)
UnityEngine.DebugLogHandler:Internal_Log (UnityEngine.LogType,UnityEngine.LogOption,string,UnityEngine.Object)
UnityEngine.DebugLogHandler:LogFormat (UnityEngine.LogType,UnityEngine.Object,string,object[]) (at C:/build/output/unity/unity/Runtime/Export/Logging/DebugLogHandler.cs:9)
UnityEngine.Logger:Log (UnityEngine.LogType,object) (at C:/build/output/unity/unity/Runtime/Export/Logging/Logger.cs:60)
UnityEngine.Debug:Log (object) (at C:/build/output/unity/unity/Runtime/Export/Debug/Debug.bindings.cs:123)
LastJumpCrew.ParkHanSol.Multiplayer.MultiplayerRoomService/<JoinRoomInternalAsync>d__36:MoveNext () (at E:/UNITY/LastJumpCrew/Assets/02. ParkHanSol_TeamLeader_Build & Multi/02. Script/Multiplayer/MultiplayerRoomService.cs:219)
System.Runtime.CompilerServices.AsyncMethodBuilderCore/MoveNextRunner:InvokeMoveNext (object)
System.Threading.ExecutionContext:RunInternal (System.Threading.ExecutionContext,System.Threading.ContextCallback,object,bool)
System.Threading.ExecutionContext:Run (System.Threading.ExecutionContext,System.Threading.ContextCallback,object,bool)
System.Runtime.CompilerServices.AsyncMethodBuilderCore/MoveNextRunner:Run ()
System.Threading.Tasks.AwaitTaskContinuation:InvokeAction (object)
System.Threading.Tasks.AwaitTaskContinuation:RunCallback (System.Threading.ContextCallback,object,System.Threading.Tasks.Task&)
System.Threading.Tasks.SynchronizationContextAwaitTaskContinuation:Run (System.Threading.Tasks.Task,bool)
System.Threading.Tasks.Task:FinishContinuations ()
System.Threading.Tasks.Task:FinishStageThree ()
System.Threading.Tasks.Task`1<Unity.Services.Multiplayer.ISession>:TrySetResult (Unity.Services.Multiplayer.ISession)
System.Runtime.CompilerServices.AsyncTaskMethodBuilder`1<Unity.Services.Multiplayer.ISession>:SetResult (Unity.Services.Multiplayer.ISession)
Unity.Services.Multiplayer.WrappedMultiplayerService/<JoinSessionByCodeAsync>d__23:MoveNext () (at ./Library/PackageCache/com.unity.services.multiplayer@a6d6ce688d71/Runtime/Multiplayer/WrappedMultiplayerService.cs:108)
System.Runtime.CompilerServices.AsyncMethodBuilderCore/MoveNextRunner:InvokeMoveNext (object)
System.Threading.ExecutionContext:RunInternal (System.Threading.ExecutionContext,System.Threading.ContextCallback,object,bool)
System.Threading.ExecutionContext:Run (System.Threading.ExecutionContext,System.Threading.ContextCallback,object,bool)
System.Runtime.CompilerServices.AsyncMethodBuilderCore/MoveNextRunner:Run ()
System.Threading.Tasks.AwaitTaskContinuation:InvokeAction (object)
System.Threading.Tasks.AwaitTaskContinuation:RunCallback (System.Threading.ContextCallback,object,System.Threading.Tasks.Task&)
System.Threading.Tasks.SynchronizationContextAwaitTaskContinuation:Run (System.Threading.Tasks.Task,bool)
System.Threading.Tasks.Task:FinishContinuations ()
System.Threading.Tasks.Task:FinishStageThree ()
System.Threading.Tasks.Task`1<Unity.Services.Multiplayer.SessionHandler>:TrySetResult (Unity.Services.Multiplayer.SessionHandler)
System.Runtime.CompilerServices.AsyncTaskMethodBuilder`1<Unity.Services.Multiplayer.SessionHandler>:SetResult (Unity.Services.Multiplayer.SessionHandler)
Unity.Services.Multiplayer.SessionManager/<JoinByCodeAsync>d__19:MoveNext () (at ./Library/PackageCache/com.unity.services.multiplayer@a6d6ce688d71/Runtime/Multiplayer/Session/SessionManager.cs:131)
System.Runtime.CompilerServices.AsyncMethodBuilderCore/MoveNextRunner:InvokeMoveNext (object)
System.Threading.ExecutionContext:RunInternal (System.Threading.ExecutionContext,System.Threading.ContextCallback,object,bool)
System.Threading.ExecutionContext:Run (System.Threading.ExecutionContext,System.Threading.ContextCallback,object,bool)
System.Runtime.CompilerServices.AsyncMethodBuilderCore/MoveNextRunner:Run ()
System.Threading.Tasks.AwaitTaskContinuation:InvokeAction (object)
System.Threading.Tasks.AwaitTaskContinuation:RunCallback (System.Threading.ContextCallback,object,System.Threading.Tasks.Task&)
System.Threading.Tasks.SynchronizationContextAwaitTaskContinuation:Run (System.Threading.Tasks.Task,bool)
System.Threading.Tasks.Task:FinishContinuations ()
System.Threading.Tasks.Task:FinishStageThree ()
System.Threading.Tasks.Task`1<Unity.Services.Multiplayer.SessionHandler>:TrySetResult (Unity.Services.Multiplayer.SessionHandler)
System.Runtime.CompilerServices.AsyncTaskMethodBuilder`1<Unity.Services.Multiplayer.SessionHandler>:SetResult (Unity.Services.Multiplayer.SessionHandler)
Unity.Services.Multiplayer.SessionManager/<SetupSessionAsync>d__24:MoveNext () (at ./Library/PackageCache/com.unity.services.multiplayer@a6d6ce688d71/Runtime/Multiplayer/Session/SessionManager.cs:271)
System.Runtime.CompilerServices.AsyncMethodBuilderCore/MoveNextRunner:InvokeMoveNext (object)
System.Threading.ExecutionContext:RunInternal (System.Threading.ExecutionContext,System.Threading.ContextCallback,object,bool)
System.Threading.ExecutionContext:Run (System.Threading.ExecutionContext,System.Threading.ContextCallback,object,bool)
System.Runtime.CompilerServices.AsyncMethodBuilderCore/MoveNextRunner:Run ()
System.Threading.Tasks.AwaitTaskContinuation:InvokeAction (object)
System.Threading.Tasks.AwaitTaskContinuation:RunCallback (System.Threading.ContextCallback,object,System.Threading.Tasks.Task&)
System.Threading.Tasks.SynchronizationContextAwaitTaskContinuation:Run (System.Threading.Tasks.Task,bool)
System.Threading.Tasks.Task:FinishContinuations ()
System.Threading.Tasks.Task:FinishStageThree ()
System.Threading.Tasks.Task`1<System.Threading.Tasks.VoidTaskResult>:TrySetResult (System.Threading.Tasks.VoidTaskResult)
System.Runtime.CompilerServices.AsyncTaskMethodBuilder`1<System.Threading.Tasks.VoidTaskResult>:SetResult (System.Threading.Tasks.VoidTaskResult)
System.Runtime.CompilerServices.AsyncTaskMethodBuilder`1<System.Threading.Tasks.VoidTaskResult>:SetResult (System.Threading.Tasks.Task`1<System.Threading.Tasks.VoidTaskResult>)
System.Runtime.CompilerServices.AsyncTaskMethodBuilder:SetResult ()
Unity.Services.Multiplayer.SessionHandler/<SavePlayerDataAsync>d__143:MoveNext () (at ./Library/PackageCache/com.unity.services.multiplayer@a6d6ce688d71/Runtime/Multiplayer/Session/SessionHandler.cs:964)
System.Runtime.CompilerServices.AsyncMethodBuilderCore/MoveNextRunner:InvokeMoveNext (object)
System.Threading.ExecutionContext:RunInternal (System.Threading.ExecutionContext,System.Threading.ContextCallback,object,bool)
System.Threading.ExecutionContext:Run (System.Threading.ExecutionContext,System.Threading.ContextCallback,object,bool)
System.Runtime.CompilerServices.AsyncMethodBuilderCore/MoveNextRunner:Run ()
System.Threading.Tasks.AwaitTaskContinuation:InvokeAction (object)
System.Threading.Tasks.AwaitTaskContinuation:RunCallback (System.Threading.ContextCallback,object,System.Threading.Tasks.Task&)
System.Threading.Tasks.SynchronizationContextAwaitTaskContinuation:Run (System.Threading.Tasks.Task,bool)
System.Threading.Tasks.Task:FinishContinuations ()
System.Threading.Tasks.Task:FinishStageThree ()
System.Threading.Tasks.Task`1<System.Threading.Tasks.VoidTaskResult>:TrySetResult (System.Threading.Tasks.VoidTaskResult)
System.Runtime.CompilerServices.AsyncTaskMethodBuilder`1<System.Threading.Tasks.VoidTaskResult>:SetResult (System.Threading.Tasks.VoidTaskResult)
System.Runtime.CompilerServices.AsyncTaskMethodBuilder`1<System.Threading.Tasks.VoidTaskResult>:SetResult (System.Threading.Tasks.Task`1<System.Threading.Tasks.VoidTaskResult>)
System.Runtime.CompilerServices.AsyncTaskMethodBuilder:SetResult ()
Unity.Services.Multiplayer.LobbyHandler/<UpdatePlayerAsync>d__92:MoveNext () (at ./Library/PackageCache/com.unity.services.multiplayer@a6d6ce688d71/Runtime/Multiplayer/Lobby/LobbyHandler.cs:543)
System.Runtime.CompilerServices.AsyncMethodBuilderCore/MoveNextRunner:InvokeMoveNext (object)
System.Threading.ExecutionContext:RunInternal (System.Threading.ExecutionContext,System.Threading.ContextCallback,object,bool)
System.Threading.ExecutionContext:Run (System.Threading.ExecutionContext,System.Threading.ContextCallback,object,bool)
System.Runtime.CompilerServices.AsyncMethodBuilderCore/MoveNextRunner:Run ()
System.Threading.Tasks.AwaitTaskContinuation:InvokeAction (object)
System.Threading.Tasks.AwaitTaskContinuation:RunCallback (System.Threading.ContextCallback,object,System.Threading.Tasks.Task&)
System.Threading.Tasks.SynchronizationContextAwaitTaskContinuation:Run (System.Threading.Tasks.Task,bool)
System.Threading.Tasks.Task:FinishContinuations ()
System.Threading.Tasks.Task:FinishStageThree ()
System.Threading.Tasks.Task`1<Unity.Services.Lobbies.Models.Lobby>:TrySetResult (Unity.Services.Lobbies.Models.Lobby)
System.Runtime.CompilerServices.AsyncTaskMethodBuilder`1<Unity.Services.Lobbies.Models.Lobby>:SetResult (Unity.Services.Lobbies.Models.Lobby)
Unity.Services.Lobbies.Internal.WrappedLobbyService/<UpdatePlayerAsync>d__34:MoveNext () (at ./Library/PackageCache/com.unity.services.multiplayer@a6d6ce688d71/Runtime/Lobbies/SDK/WrappedLobbyService.cs:407)
System.Runtime.CompilerServices.AsyncMethodBuilderCore/MoveNextRunner:InvokeMoveNext (object)
System.Threading.ExecutionContext:RunInternal (System.Threading.ExecutionContext,System.Threading.ContextCallback,object,bool)
System.Threading.ExecutionContext:Run (System.Threading.ExecutionContext,System.Threading.ContextCallback,object,bool)
System.Runtime.CompilerServices.AsyncMethodBuilderCore/MoveNextRunner:Run ()
System.Threading.Tasks.AwaitTaskContinuation:InvokeAction (object)
System.Threading.Tasks.AwaitTaskContinuation:RunCallback (System.Threading.ContextCallback,object,System.Threading.Tasks.Task&)
System.Threading.Tasks.SynchronizationContextAwaitTaskContinuation:Run (System.Threading.Tasks.Task,bool)
System.Threading.Tasks.Task:FinishContinuations ()
System.Threading.Tasks.Task:FinishStageThree ()
System.Threading.Tasks.Task`1<Unity.Services.Lobbies.Response`1<Unity.Services.Lobbies.Models.Lobby>>:TrySetResult (Unity.Services.Lobbies.Response`1<Unity.Services.Lobbies.Models.Lobby>)
System.Runtime.CompilerServices.AsyncTaskMethodBuilder`1<Unity.Services.Lobbies.Response`1<Unity.Services.Lobbies.Models.Lobby>>:SetResult (Unity.Services.Lobbies.Response`1<Unity.Services.Lobbies.Models.Lobby>)
Unity.Services.Lobbies.Internal.WrappedLobbyService/<TryCatchRequest>d__42`2<Unity.Services.Lobbies.Lobby.UpdatePlayerRequest, Unity.Services.Lobbies.Models.Lobby>:MoveNext () (at ./Library/PackageCache/com.unity.services.multiplayer@a6d6ce688d71/Runtime/Lobbies/SDK/WrappedLobbyService.cs:609)
System.Runtime.CompilerServices.AsyncMethodBuilderCore/MoveNextRunner:InvokeMoveNext (object)
System.Threading.ExecutionContext:RunInternal (System.Threading.ExecutionContext,System.Threading.ContextCallback,object,bool)
System.Threading.ExecutionContext:Run (System.Threading.ExecutionContext,System.Threading.ContextCallback,object,bool)
System.Runtime.CompilerServices.AsyncMethodBuilderCore/MoveNextRunner:Run ()
System.Threading.Tasks.AwaitTaskContinuation:InvokeAction (object)
System.Threading.Tasks.AwaitTaskContinuation:RunCallback (System.Threading.ContextCallback,object,System.Threading.Tasks.Task&)
System.Threading.Tasks.SynchronizationContextAwaitTaskContinuation:Run (System.Threading.Tasks.Task,bool)
System.Threading.Tasks.Task:FinishContinuations ()
System.Threading.Tasks.Task:FinishStageThree ()
System.Threading.Tasks.Task`1<Unity.Services.Lobbies.Response`1<Unity.Services.Lobbies.Models.Lobby>>:TrySetResult (Unity.Services.Lobbies.Response`1<Unity.Services.Lobbies.Models.Lobby>)
System.Runtime.CompilerServices.AsyncTaskMethodBuilder`1<Unity.Services.Lobbies.Response`1<Unity.Services.Lobbies.Models.Lobby>>:SetResult (Unity.Services.Lobbies.Response`1<Unity.Services.Lobbies.Models.Lobby>)
Unity.Services.Lobbies.Apis.Lobby.LobbyApiClient/<UpdatePlayerAsync>d__24:MoveNext () (at ./Library/PackageCache/com.unity.services.multiplayer@a6d6ce688d71/Runtime/Lobbies/Apis/LobbyApi.cs:732)
System.Runtime.CompilerServices.AsyncMethodBuilderCore/MoveNextRunner:InvokeMoveNext (object)
System.Threading.ExecutionContext:RunInternal (System.Threading.ExecutionContext,System.Threading.ContextCallback,object,bool)
System.Threading.ExecutionContext:Run (System.Threading.ExecutionContext,System.Threading.ContextCallback,object,bool)
System.Runtime.CompilerServices.AsyncMethodBuilderCore/MoveNextRunner:Run ()
System.Threading.Tasks.AwaitTaskContinuation:InvokeAction (object)
System.Threading.Tasks.AwaitTaskContinuation:RunCallback (System.Threading.ContextCallback,object,System.Threading.Tasks.Task&)
System.Threading.Tasks.SynchronizationContextAwaitTaskContinuation:Run (System.Threading.Tasks.Task,bool)
System.Threading.Tasks.Task:FinishContinuations ()
System.Threading.Tasks.Task:FinishStageThree ()
System.Threading.Tasks.Task`1<Unity.Services.Lobbies.Http.HttpClientResponse>:TrySetResult (Unity.Services.Lobbies.Http.HttpClientResponse)
System.Runtime.CompilerServices.AsyncTaskMethodBuilder`1<Unity.Services.Lobbies.Http.HttpClientResponse>:SetResult (Unity.Services.Lobbies.Http.HttpClientResponse)
Unity.Services.Lobbies.Http.HttpClient/<MakeRequestAsync>d__1:MoveNext () (at ./Library/PackageCache/com.unity.services.multiplayer@a6d6ce688d71/Runtime/Lobbies/Http/HttpClient.cs:41)
System.Runtime.CompilerServices.AsyncMethodBuilderCore/MoveNextRunner:InvokeMoveNext (object)
System.Threading.ExecutionContext:RunInternal (System.Threading.ExecutionContext,System.Threading.ContextCallback,object,bool)
System.Threading.ExecutionContext:Run (System.Threading.ExecutionContext,System.Threading.ContextCallback,object,bool)
System.Runtime.CompilerServices.AsyncMethodBuilderCore/MoveNextRunner:Run ()
System.Threading.Tasks.AwaitTaskContinuation:InvokeAction (object)
System.Threading.Tasks.AwaitTaskContinuation:RunCallback (System.Threading.ContextCallback,object,System.Threading.Tasks.Task&)
System.Threading.Tasks.SynchronizationContextAwaitTaskContinuation:Run (System.Threading.Tasks.Task,bool)
System.Threading.Tasks.Task:FinishContinuations ()
System.Threading.Tasks.Task:FinishStageThree ()
System.Threading.Tasks.Task`1<Unity.Services.Lobbies.Http.HttpClientResponse>:TrySetResult (Unity.Services.Lobbies.Http.HttpClientResponse)
System.Runtime.CompilerServices.AsyncTaskMethodBuilder`1<Unity.Services.Lobbies.Http.HttpClientResponse>:SetResult (Unity.Services.Lobbies.Http.HttpClientResponse)
Unity.Services.Lobbies.Http.HttpClient/<CreateWebRequestAsync>d__3:MoveNext () (at ./Library/PackageCache/com.unity.services.multiplayer@a6d6ce688d71/Runtime/Lobbies/Http/HttpClient.cs:56)
System.Runtime.CompilerServices.AsyncMethodBuilderCore/MoveNextRunner:InvokeMoveNext (object)
System.Threading.ExecutionContext:RunInternal (System.Threading.ExecutionContext,System.Threading.ContextCallback,object,bool)
System.Threading.ExecutionContext:Run (System.Threading.ExecutionContext,System.Threading.ContextCallback,object,bool)
System.Runtime.CompilerServices.AsyncMethodBuilderCore/MoveNextRunner:Run ()
System.Threading.Tasks.AwaitTaskContinuation:InvokeAction (object)
System.Threading.Tasks.AwaitTaskContinuation:RunCallback (System.Threading.ContextCallback,object,System.Threading.Tasks.Task&)
System.Threading.Tasks.SynchronizationContextAwaitTaskContinuation:Run (System.Threading.Tasks.Task,bool)
System.Threading.Tasks.Task:FinishContinuations ()
System.Threading.Tasks.Task:FinishStageThree ()
System.Threading.Tasks.Task`1<Unity.Services.Lobbies.Http.HttpClientResponse>:TrySetResult (Unity.Services.Lobbies.Http.HttpClientResponse)
System.Runtime.CompilerServices.AsyncTaskMethodBuilder`1<Unity.Services.Lobbies.Http.HttpClientResponse>:SetResult (Unity.Services.Lobbies.Http.HttpClientResponse)
Unity.Services.Lobbies.Http.HttpClient/<CreateHttpClientResponse>d__4:MoveNext () (at ./Library/PackageCache/com.unity.services.multiplayer@a6d6ce688d71/Runtime/Lobbies/Http/HttpClient.cs:84)
System.Runtime.CompilerServices.AsyncMethodBuilderCore/MoveNextRunner:InvokeMoveNext (object)
System.Threading.ExecutionContext:RunInternal (System.Threading.ExecutionContext,System.Threading.ContextCallback,object,bool)
System.Threading.ExecutionContext:Run (System.Threading.ExecutionContext,System.Threading.ContextCallback,object,bool)
System.Runtime.Compile

(Filename: C:/build/output/unity/unity/Runtime/Export/Debug/Debug.bindings.cs Line: 123)

Unloading 10 unused Assets / (10.7 KB). Loaded Objects now: 13751.
Memory consumption went from 234.6 MB to 234.6 MB.
Total: 3.381200 ms (FindLiveObjects: 0.459600 ms CreateObjectMapping: 0.902300 ms MarkObjects: 1.963500 ms  DeleteObjects: 0.055400 ms)

PHS_PLAYER_GRAVITY_MODE player=PHS_CuteWhiteGhost_Player(Clone) previous=ShipGravity mode=Spacewalk velocity=(0.00, 0.00, 0.00)
UnityEngine.Debug:ExtractStackTraceNoAlloc (byte*,int,string)
UnityEngine.StackTraceUtility:ExtractStackTrace () (at C:/build/output/unity/unity/Runtime/Export/Scripting/StackTrace.cs:35)
UnityEngine.DebugLogHandler:Internal_Log (UnityEngine.LogType,UnityEngine.LogOption,string,UnityEngine.Object)
UnityEngine.DebugLogHandler:LogFormat (UnityEngine.LogType,UnityEngine.Object,string,object[]) (at C:/build/output/unity/unity/Runtime/Export/Logging/DebugLogHandler.cs:9)
UnityEngine.Logger:Log (UnityEngine.LogType,object) (at C:/build/output/unity/unity/Runtime/Export/Logging/Logger.cs:60)
UnityEngine.Debug:Log (object) (at C:/build/output/unity/unity/Runtime/Export/Debug/Debug.bindings.cs:123)
LastJumpCrew.ParkHanSol.Multiplayer.NetworkPlayerController:SetGravityMode (LastJumpCrew.ParkHanSol.Multiplayer.NetworkPlayerGravityMode) (at E:/UNITY/LastJumpCrew/Assets/02. ParkHanSol_TeamLeader_Build & Multi/02. Script/Multiplayer/NetworkPlayerController.cs:1145)
LastJumpCrew.ParkHanSol.Multiplayer.NetworkPlayerController:ApplyGravityAreaMode () (at E:/UNITY/LastJumpCrew/Assets/02. ParkHanSol_TeamLeader_Build & Multi/02. Script/Multiplayer/NetworkPlayerController.cs:1114)
LastJumpCrew.ParkHanSol.Multiplayer.NetworkPlayerController:EnterGravityArea (LastJumpCrew.ParkHanSol.Multiplayer.NetworkPlayerGravityArea) (at E:/UNITY/LastJumpCrew/Assets/02. ParkHanSol_TeamLeader_Build & Multi/02. Script/Multiplayer/NetworkPlayerController.cs:620)
LastJumpCrew.ParkHanSol.Multiplayer.NetworkPlayerGravityArea:OnTriggerEnter (UnityEngine.Collider) (at E:/UNITY/LastJumpCrew/Assets/02. ParkHanSol_TeamLeader_Build & Multi/02. Script/Multiplayer/NetworkPlayerGravityArea.cs:66)

(Filename: C:/build/output/unity/unity/Runtime/Export/Debug/Debug.bindings.cs Line: 123)

PHS_PLAYER_GRAVITY_MODE player=PHS_CuteWhiteGhost_Player(Clone) previous=Spacewalk mode=ShipGravity velocity=(0.00, 0.00, 0.00)
UnityEngine.Debug:ExtractStackTraceNoAlloc (byte*,int,string)
UnityEngine.StackTraceUtility:ExtractStackTrace () (at C:/build/output/unity/unity/Runtime/Export/Scripting/StackTrace.cs:35)
UnityEngine.DebugLogHandler:Internal_Log (UnityEngine.LogType,UnityEngine.LogOption,string,UnityEngine.Object)
UnityEngine.DebugLogHandler:LogFormat (UnityEngine.LogType,UnityEngine.Object,string,object[]) (at C:/build/output/unity/unity/Runtime/Export/Logging/DebugLogHandler.cs:9)
UnityEngine.Logger:Log (UnityEngine.LogType,object) (at C:/build/output/unity/unity/Runtime/Export/Logging/Logger.cs:60)
UnityEngine.Debug:Log (object) (at C:/build/output/unity/unity/Runtime/Export/Debug/Debug.bindings.cs:123)
LastJumpCrew.ParkHanSol.Multiplayer.NetworkPlayerController:SetGravityMode (LastJumpCrew.ParkHanSol.Multiplayer.NetworkPlayerGravityMode) (at E:/UNITY/LastJumpCrew/Assets/02. ParkHanSol_TeamLeader_Build & Multi/02. Script/Multiplayer/NetworkPlayerController.cs:1145)
LastJumpCrew.ParkHanSol.Multiplayer.NetworkPlayerController:ApplyGravityAreaMode () (at E:/UNITY/LastJumpCrew/Assets/02. ParkHanSol_TeamLeader_Build & Multi/02. Script/Multiplayer/NetworkPlayerController.cs:1114)
LastJumpCrew.ParkHanSol.Multiplayer.NetworkPlayerController:EnterGravityArea (LastJumpCrew.ParkHanSol.Multiplayer.NetworkPlayerGravityArea) (at E:/UNITY/LastJumpCrew/Assets/02. ParkHanSol_TeamLeader_Build & Multi/02. Script/Multiplayer/NetworkPlayerController.cs:620)
LastJumpCrew.ParkHanSol.Multiplayer.NetworkPlayerGravityArea:OnTriggerEnter (UnityEngine.Collider) (at E:/UNITY/LastJumpCrew/Assets/02. ParkHanSol_TeamLeader_Build & Multi/02. Script/Multiplayer/NetworkPlayerGravityArea.cs:66)

(Filename: C:/build/output/unity/unity/Runtime/Export/Debug/Debug.bindings.cs Line: 123)

PHS_PLAYER_TELEPORT_OK player=PHS_CuteWhiteGhost_Player(Clone) pos=(-404.30, 1.00, -14.54)
UnityEngine.Debug:ExtractStackTraceNoAlloc (byte*,int,string)
UnityEngine.StackTraceUtility:ExtractStackTrace () (at C:/build/output/unity/unity/Runtime/Export/Scripting/StackTrace.cs:35)
UnityEngine.DebugLogHandler:Internal_Log (UnityEngine.LogType,UnityEngine.LogOption,string,UnityEngine.Object)
UnityEngine.DebugLogHandler:LogFormat (UnityEngine.LogType,UnityEngine.Object,string,object[]) (at C:/build/output/unity/unity/Runtime/Export/Logging/DebugLogHandler.cs:9)
UnityEngine.Logger:Log (UnityEngine.LogType,object) (at C:/build/output/unity/unity/Runtime/Export/Logging/Logger.cs:60)
UnityEngine.Debug:Log (object) (at C:/build/output/unity/unity/Runtime/Export/Debug/Debug.bindings.cs:123)
LastJumpCrew.ParkHanSol.Multiplayer.NetworkPlayerController:TeleportTo (UnityEngine.Vector3,UnityEngine.Quaternion) (at E:/UNITY/LastJumpCrew/Assets/02. ParkHanSol_TeamLeader_Build & Multi/02. Script/Multiplayer/NetworkPlayerController.cs:1378)
LastJumpCrew.ParkHanSol.Multiplayer.NetworkPlayerController:ApplyGameplaySpawnPointClientRpc (string,uint,UnityEngine.Vector3,UnityEngine.Quaternion,Unity.Netcode.ClientRpcParams) (at E:/UNITY/LastJumpCrew/Assets/02. ParkHanSol_TeamLeader_Build & Multi/02. Script/Multiplayer/NetworkPlayerController.cs:1304)
LastJumpCrew.ParkHanSol.Multiplayer.NetworkPlayerController:__rpc_handler_2076017490 (Unity.Netcode.NetworkBehaviour,Unity.Netcode.FastBufferReader,Unity.Netcode.__RpcParams)
Unity.Netcode.RpcMessageHelpers:Handle (Unity.Netcode.NetworkContext&,Unity.Netcode.RpcMetadata&,Unity.Netcode.FastBufferReader&,Unity.Netcode.__RpcParams&) (at ./Library/PackageCache/com.unity.netcode.gameobjects@0f12e689d980/Runtime/Messaging/Messages/RpcMessages.cs:80)
Unity.Netcode.ClientRpcMessage:Handle (Unity.Netcode.NetworkContext&) (at ./Library/PackageCache/com.unity.netcode.gameobjects@0f12e689d980/Runtime/Messaging/Messages/RpcMessages.cs:174)
Unity.Netcode.NetworkMessageManager:ReceiveMessage<Unity.Netcode.ClientRpcMessage> (Unity.Netcode.FastBufferReader,Unity.Netcode.NetworkContext&,Unity.Netcode.NetworkMessageManager) (at ./Library/PackageCache/com.unity.netcode.gameobjects@0f12e689d980/Runtime/Messaging/NetworkMessageManager.cs:566)
Unity.Netcode.NetworkMessageManager:HandleMessage (Unity.Netcode.NetworkMessageHeader&,Unity.Netcode.FastBufferReader,ulong,single,int) (at ./Library/PackageCache/com.unity.netcode.gameobjects@0f12e689d980/Runtime/Messaging/NetworkMessageManager.cs:420)
Unity.Netcode.NetworkMessageManager:ProcessIncomingMessageQueue () (at ./Library/PackageCache/com.unity.netcode.gameobjects@0f12e689d980/Runtime/Messaging/NetworkMessageManager.cs:446)
Unity.Netcode.NetworkManager:NetworkUpdate (Unity.Netcode.NetworkUpdateStage) (at ./Library/PackageCache/com.unity.netcode.gameobjects@0f12e689d980/Runtime/Core/NetworkManager.cs:364)
Unity.Netcode.NetworkUpdateLoop:RunNetworkUpdateStage (Unity.Netcode.NetworkUpdateStage) (at ./Library/PackageCache/com.unity.netcode.gameobjects@0f12e689d980/Runtime/Core/NetworkUpdateLoop.cs:191)
Unity.Netcode.NetworkUpdateLoop/NetworkEarlyUpdate/<>c:<CreateLoopSystem>b__0_0 () (at ./Library/PackageCache/com.unity.netcode.gameobjects@0f12e689d980/Runtime/Core/NetworkUpdateLoop.cs:214)

(Filename: C:/build/output/unity/unity/Runtime/Export/Debug/Debug.bindings.cs Line: 123)

PHS_PLAYER_SPAWN_POINT_CLIENT ownerClientId=1 pos=(-404.30, 1.00, -14.54)
UnityEngine.Debug:ExtractStackTraceNoAlloc (byte*,int,string)
UnityEngine.StackTraceUtility:ExtractStackTrace () (at C:/build/output/unity/unity/Runtime/Export/Scripting/StackTrace.cs:35)
UnityEngine.DebugLogHandler:Internal_Log (UnityEngine.LogType,UnityEngine.LogOption,string,UnityEngine.Object)
UnityEngine.DebugLogHandler:LogFormat (UnityEngine.LogType,UnityEngine.Object,string,object[]) (at C:/build/output/unity/unity/Runtime/Export/Logging/DebugLogHandler.cs:9)
UnityEngine.Logger:Log (UnityEngine.LogType,object,UnityEngine.Object) (at C:/build/output/unity/unity/Runtime/Export/Logging/Logger.cs:66)
UnityEngine.Debug:Log (object,UnityEngine.Object) (at C:/build/output/unity/unity/Runtime/Export/Debug/Debug.bindings.cs:128)
LastJumpCrew.ParkHanSol.Multiplayer.NetworkPlayerController:ApplyGameplaySpawnPointClientRpc (string,uint,UnityEngine.Vector3,UnityEngine.Quaternion,Unity.Netcode.ClientRpcParams) (at E:/UNITY/LastJumpCrew/Assets/02. ParkHanSol_TeamLeader_Build & Multi/02. Script/Multiplayer/NetworkPlayerController.cs:1306)
LastJumpCrew.ParkHanSol.Multiplayer.NetworkPlayerController:__rpc_handler_2076017490 (Unity.Netcode.NetworkBehaviour,Unity.Netcode.FastBufferReader,Unity.Netcode.__RpcParams)
Unity.Netcode.RpcMessageHelpers:Handle (Unity.Netcode.NetworkContext&,Unity.Netcode.RpcMetadata&,Unity.Netcode.FastBufferReader&,Unity.Netcode.__RpcParams&) (at ./Library/PackageCache/com.unity.netcode.gameobjects@0f12e689d980/Runtime/Messaging/Messages/RpcMessages.cs:80)
Unity.Netcode.ClientRpcMessage:Handle (Unity.Netcode.NetworkContext&) (at ./Library/PackageCache/com.unity.netcode.gameobjects@0f12e689d980/Runtime/Messaging/Messages/RpcMessages.cs:174)
Unity.Netcode.NetworkMessageManager:ReceiveMessage<Unity.Netcode.ClientRpcMessage> (Unity.Netcode.FastBufferReader,Unity.Netcode.NetworkContext&,Unity.Netcode.NetworkMessageManager) (at ./Library/PackageCache/com.unity.netcode.gameobjects@0f12e689d980/Runtime/Messaging/NetworkMessageManager.cs:566)
Unity.Netcode.NetworkMessageManager:HandleMessage (Unity.Netcode.NetworkMessageHeader&,Unity.Netcode.FastBufferReader,ulong,single,int) (at ./Library/PackageCache/com.unity.netcode.gameobjects@0f12e689d980/Runtime/Messaging/NetworkMessageManager.cs:420)
Unity.Netcode.NetworkMessageManager:ProcessIncomingMessageQueue () (at ./Library/PackageCache/com.unity.netcode.gameobjects@0f12e689d980/Runtime/Messaging/NetworkMessageManager.cs:446)
Unity.Netcode.NetworkManager:NetworkUpdate (Unity.Netcode.NetworkUpdateStage) (at ./Library/PackageCache/com.unity.netcode.gameobjects@0f12e689d980/Runtime/Core/NetworkManager.cs:364)
Unity.Netcode.NetworkUpdateLoop:RunNetworkUpdateStage (Unity.Netcode.NetworkUpdateStage) (at ./Library/PackageCache/com.unity.netcode.gameobjects@0f12e689d980/Runtime/Core/NetworkUpdateLoop.cs:191)
Unity.Netcode.NetworkUpdateLoop/NetworkEarlyUpdate/<>c:<CreateLoopSystem>b__0_0 () (at ./Library/PackageCache/com.unity.netcode.gameobjects@0f12e689d980/Runtime/Core/NetworkUpdateLoop.cs:214)

(Filename: C:/build/output/unity/unity/Runtime/Export/Debug/Debug.bindings.cs Line: 128)

PHS_PLAYER_GRAVITY_MODE player=PHS_CuteWhiteGhost_Player(Clone) previous=ShipGravity mode=Spacewalk velocity=(0.00, 0.00, 0.00)
UnityEngine.Debug:ExtractStackTraceNoAlloc (byte*,int,string)
UnityEngine.StackTraceUtility:ExtractStackTrace () (at C:/build/output/unity/unity/Runtime/Export/Scripting/StackTrace.cs:35)
UnityEngine.DebugLogHandler:Internal_Log (UnityEngine.LogType,UnityEngine.LogOption,string,UnityEngine.Object)
UnityEngine.DebugLogHandler:LogFormat (UnityEngine.LogType,UnityEngine.Object,string,object[]) (at C:/build/output/unity/unity/Runtime/Export/Logging/DebugLogHandler.cs:9)
UnityEngine.Logger:Log (UnityEngine.LogType,object) (at C:/build/output/unity/unity/Runtime/Export/Logging/Logger.cs:60)
UnityEngine.Debug:Log (object) (at C:/build/output/unity/unity/Runtime/Export/Debug/Debug.bindings.cs:123)
LastJumpCrew.ParkHanSol.Multiplayer.NetworkPlayerController:SetGravityMode (LastJumpCrew.ParkHanSol.Multiplayer.NetworkPlayerGravityMode) (at E:/UNITY/LastJumpCrew/Assets/02. ParkHanSol_TeamLeader_Build & Multi/02. Script/Multiplayer/NetworkPlayerController.cs:1145)
LastJumpCrew.ParkHanSol.Multiplayer.NetworkPlayerController:ApplyGravityAreaMode () (at E:/UNITY/LastJumpCrew/Assets/02. ParkHanSol_TeamLeader_Build & Multi/02. Script/Multiplayer/NetworkPlayerController.cs:1114)
LastJumpCrew.ParkHanSol.Multiplayer.NetworkPlayerController:EnterGravityArea (LastJumpCrew.ParkHanSol.Multiplayer.NetworkPlayerGravityArea) (at E:/UNITY/LastJumpCrew/Assets/02. ParkHanSol_TeamLeader_Build & Multi/02. Script/Multiplayer/NetworkPlayerController.cs:620)
LastJumpCrew.ParkHanSol.Multiplayer.NetworkPlayerGravityArea:OnTriggerEnter (UnityEngine.Collider) (at E:/UNITY/LastJumpCrew/Assets/02. ParkHanSol_TeamLeader_Build & Multi/02. Script/Multiplayer/NetworkPlayerGravityArea.cs:66)

(Filename: C:/build/output/unity/unity/Runtime/Export/Debug/Debug.bindings.cs Line: 123)

PHS_PLAYER_GRAVITY_MODE player=PHS_CuteWhiteGhost_Player(Clone) previous=Spacewalk mode=ShipGravity velocity=(0.00, 0.00, 0.00)
UnityEngine.Debug:ExtractStackTraceNoAlloc (byte*,int,string)
UnityEngine.StackTraceUtility:ExtractStackTrace () (at C:/build/output/unity/unity/Runtime/Export/Scripting/StackTrace.cs:35)
UnityEngine.DebugLogHandler:Internal_Log (UnityEngine.LogType,UnityEngine.LogOption,string,UnityEngine.Object)
UnityEngine.DebugLogHandler:LogFormat (UnityEngine.LogType,UnityEngine.Object,string,object[]) (at C:/build/output/unity/unity/Runtime/Export/Logging/DebugLogHandler.cs:9)
UnityEngine.Logger:Log (UnityEngine.LogType,object) (at C:/build/output/unity/unity/Runtime/Export/Logging/Logger.cs:60)
UnityEngine.Debug:Log (object) (at C:/build/output/unity/unity/Runtime/Export/Debug/Debug.bindings.cs:123)
LastJumpCrew.ParkHanSol.Multiplayer.NetworkPlayerController:SetGravityMode (LastJumpCrew.ParkHanSol.Multiplayer.NetworkPlayerGravityMode) (at E:/UNITY/LastJumpCrew/Assets/02. ParkHanSol_TeamLeader_Build & Multi/02. Script/Multiplayer/NetworkPlayerController.cs:1145)
LastJumpCrew.ParkHanSol.Multiplayer.NetworkPlayerController:ApplyGravityAreaMode () (at E:/UNITY/LastJumpCrew/Assets/02. ParkHanSol_TeamLeader_Build & Multi/02. Script/Multiplayer/NetworkPlayerController.cs:1114)
LastJumpCrew.ParkHanSol.Multiplayer.NetworkPlayerController:EnterGravityArea (LastJumpCrew.ParkHanSol.Multiplayer.NetworkPlayerGravityArea) (at E:/UNITY/LastJumpCrew/Assets/02. ParkHanSol_TeamLeader_Build & Multi/02. Script/Multiplayer/NetworkPlayerController.cs:620)
LastJumpCrew.ParkHanSol.Multiplayer.NetworkPlayerGravityArea:OnTriggerEnter (UnityEngine.Collider) (at E:/UNITY/LastJumpCrew/Assets/02. ParkHanSol_TeamLeader_Build & Multi/02. Script/Multiplayer/NetworkPlayerGravityArea.cs:66)

(Filename: C:/build/output/unity/unity/Runtime/Export/Debug/Debug.bindings.cs Line: 123)

PHS_NETWORK_ITEM_PRESENTED player=PHS_CuteWhiteGhost_Player(Clone) owner=1 item=wrench
UnityEngine.Debug:ExtractStackTraceNoAlloc (byte*,int,string)
UnityEngine.StackTraceUtility:ExtractStackTrace () (at C:/build/output/unity/unity/Runtime/Export/Scripting/StackTrace.cs:35)
UnityEngine.DebugLogHandler:Internal_Log (UnityEngine.LogType,UnityEngine.LogOption,string,UnityEngine.Object)
UnityEngine.DebugLogHandler:LogFormat (UnityEngine.LogType,UnityEngine.Object,string,object[]) (at C:/build/output/unity/unity/Runtime/Export/Logging/DebugLogHandler.cs:9)
UnityEngine.Logger:Log (UnityEngine.LogType,object) (at C:/build/output/unity/unity/Runtime/Export/Logging/Logger.cs:60)
UnityEngine.Debug:Log (object) (at C:/build/output/unity/unity/Runtime/Export/Debug/Debug.bindings.cs:123)
LastJumpCrew.ParkHanSol.Interaction.TempPlayerItemHolder:HandleNetworkHeldItemChanged (string) (at E:/UNITY/LastJumpCrew/Assets/02. ParkHanSol_TeamLeader_Build & Multi/02. Script/Interaction/TempPlayerItemHolder.cs:706)
LastJumpCrew.ParkHanSol.Multiplayer.NetworkPlayerItemRecord:HandleHeldItemChanged (Unity.Collections.FixedString64Bytes,Unity.Collections.FixedString64Bytes) (at E:/UNITY/LastJumpCrew/Assets/02. ParkHanSol_TeamLeader_Build & Multi/02. Script/Multiplayer/Items/NetworkPlayerItemRecord.cs:275)
Unity.Netcode.NetworkVariable`1<Unity.Collections.FixedString64Bytes>:ReadDelta (Unity.Netcode.FastBufferReader,bool) (at ./Library/PackageCache/com.unity.netcode.gameobjects@0f12e689d980/Runtime/NetworkVariable/NetworkVariable.cs:348)
Unity.Netcode.NetworkVariableDeltaMessage:Handle (Unity.Netcode.NetworkContext&) (at ./Library/PackageCache/com.unity.netcode.gameobjects@0f12e689d980/Runtime/Messaging/Messages/NetworkVariableDeltaMessage.cs:315)
Unity.Netcode.NetworkMessageManager:ReceiveMessage<Unity.Netcode.NetworkVariableDeltaMessage> (Unity.Netcode.FastBufferReader,Unity.Netcode.NetworkContext&,Unity.Netcode.NetworkMessageManager) (at ./Library/PackageCache/com.unity.netcode.gameobjects@0f12e689d980/Runtime/Messaging/NetworkMessageManager.cs:566)
Unity.Netcode.NetworkMessageManager:HandleMessage (Unity.Netcode.NetworkMessageHeader&,Unity.Netcode.FastBufferReader,ulong,single,int) (at ./Library/PackageCache/com.unity.netcode.gameobjects@0f12e689d980/Runtime/Messaging/NetworkMessageManager.cs:420)
Unity.Netcode.NetworkMessageManager:ProcessIncomingMessageQueue () (at ./Library/PackageCache/com.unity.netcode.gameobjects@0f12e689d980/Runtime/Messaging/NetworkMessageManager.cs:446)
Unity.Netcode.NetworkManager:NetworkUpdate (Unity.Netcode.NetworkUpdateStage) (at ./Library/PackageCache/com.unity.netcode.gameobjects@0f12e689d980/Runtime/Core/NetworkManager.cs:364)
Unity.Netcode.NetworkUpdateLoop:RunNetworkUpdateStage (Unity.Netcode.NetworkUpdateStage) (at ./Library/PackageCache/com.unity.netcode.gameobjects@0f12e689d980/Runtime/Core/NetworkUpdateLoop.cs:191)
Unity.Netcode.NetworkUpdateLoop/NetworkEarlyUpdate/<>c:<CreateLoopSystem>b__0_0 () (at ./Library/PackageCache/com.unity.netcode.gameobjects@0f12e689d980/Runtime/Core/NetworkUpdateLoop.cs:214)

(Filename: C:/build/output/unity/unity/Runtime/Export/Debug/Debug.bindings.cs Line: 123)

PHS_ITEM_FEEDBACK_SHOWN kind=Wrench shape=Sphere radius=0.80 distance=0.00 acceptedTargets=0
UnityEngine.Debug:ExtractStackTraceNoAlloc (byte*,int,string)
UnityEngine.StackTraceUtility:ExtractStackTrace () (at C:/build/output/unity/unity/Runtime/Export/Scripting/StackTrace.cs:35)
UnityEngine.DebugLogHandler:Internal_Log (UnityEngine.LogType,UnityEngine.LogOption,string,UnityEngine.Object)
UnityEngine.DebugLogHandler:LogFormat (UnityEngine.LogType,UnityEngine.Object,string,object[]) (at C:/build/output/unity/unity/Runtime/Export/Logging/DebugLogHandler.cs:9)
UnityEngine.Logger:Log (UnityEngine.LogType,object,UnityEngine.Object) (at C:/build/output/unity/unity/Runtime/Export/Logging/Logger.cs:66)
UnityEngine.Debug:Log (object,UnityEngine.Object) (at C:/build/output/unity/unity/Runtime/Export/Debug/Debug.bindings.cs:128)
LastJumpCrew.ParkHanSol.Items.PHSNetworkItemUseFeedbackController:ShowFeedbackLocal (LastJumpCrew.ParkHanSol.Items.PHSItemUseFeedbackKind,LastJumpCrew.ParkHanSol.Items.PHSItemUseFeedbackShape,UnityEngine.Vector3,UnityEngine.Vector3,single,single,UnityEngine.Vector3[]) (at E:/UNITY/LastJumpCrew/Assets/02. ParkHanSol_TeamLeader_Build & Multi/02. Script/Items/PHSNetworkItemUseFeedbackController.cs:331)
LastJumpCrew.ParkHanSol.Items.PHSNetworkItemUseFeedbackController:ShowFeedbackClientRpc (byte,byte,UnityEngine.Vector3,UnityEngine.Vector3,single,single,UnityEngine.Vector3[]) (at E:/UNITY/LastJumpCrew/Assets/02. ParkHanSol_TeamLeader_Build & Multi/02. Script/Items/PHSNetworkItemUseFeedbackController.cs:269)
LastJumpCrew.ParkHanSol.Items.PHSNetworkItemUseFeedbackController:__rpc_handler_3303230777 (Unity.Netcode.NetworkBehaviour,Unity.Netcode.FastBufferReader,Unity.Netcode.__RpcParams)
Unity.Netcode.RpcMessageHelpers:Handle (Unity.Netcode.NetworkContext&,Unity.Netcode.RpcMetadata&,Unity.Netcode.FastBufferReader&,Unity.Netcode.__RpcParams&) (at ./Library/PackageCache/com.unity.netcode.gameobjects@0f12e689d980/Runtime/Messaging/Messages/RpcMessages.cs:80)
Unity.Netcode.ClientRpcMessage:Handle (Unity.Netcode.NetworkContext&) (at ./Library/PackageCache/com.unity.netcode.gameobjects@0f12e689d980/Runtime/Messaging/Messages/RpcMessages.cs:174)
Unity.Netcode.NetworkMessageManager:ReceiveMessage<Unity.Netcode.ClientRpcMessage> (Unity.Netcode.FastBufferReader,Unity.Netcode.NetworkContext&,Unity.Netcode.NetworkMessageManager) (at ./Library/PackageCache/com.unity.netcode.gameobjects@0f12e689d980/Runtime/Messaging/NetworkMessageManager.cs:566)
Unity.Netcode.NetworkMessageManager:HandleMessage (Unity.Netcode.NetworkMessageHeader&,Unity.Netcode.FastBufferReader,ulong,single,int) (at ./Library/PackageCache/com.unity.netcode.gameobjects@0f12e689d980/Runtime/Messaging/NetworkMessageManager.cs:420)
Unity.Netcode.NetworkMessageManager:ProcessIncomingMessageQueue () (at ./Library/PackageCache/com.unity.netcode.gameobjects@0f12e689d980/Runtime/Messaging/NetworkMessageManager.cs:446)
Unity.Netcode.NetworkManager:NetworkUpdate (Unity.Netcode.NetworkUpdateStage) (at ./Library/PackageCache/com.unity.netcode.gameobjects@0f12e689d980/Runtime/Core/NetworkManager.cs:364)
Unity.Netcode.NetworkUpdateLoop:RunNetworkUpdateStage (Unity.Netcode.NetworkUpdateStage) (at ./Library/PackageCache/com.unity.netcode.gameobjects@0f12e689d980/Runtime/Core/NetworkUpdateLoop.cs:191)
Unity.Netcode.NetworkUpdateLoop/NetworkEarlyUpdate/<>c:<CreateLoopSystem>b__0_0 () (at ./Library/PackageCache/com.unity.netcode.gameobjects@0f12e689d980/Runtime/Core/NetworkUpdateLoop.cs:214)

(Filename: C:/build/output/unity/unity/Runtime/Export/Debug/Debug.bindings.cs Line: 128)

PHS_ITEM_THROW_REQUESTED player=PHS_CuteWhiteGhost_Player(Clone) duration=0.50 force=6.60
UnityEngine.Debug:ExtractStackTraceNoAlloc (byte*,int,string)
UnityEngine.StackTraceUtility:ExtractStackTrace () (at C:/build/output/unity/unity/Runtime/Export/Scripting/StackTrace.cs:35)
UnityEngine.DebugLogHandler:Internal_Log (UnityEngine.LogType,UnityEngine.LogOption,string,UnityEngine.Object)
UnityEngine.DebugLogHandler:LogFormat (UnityEngine.LogType,UnityEngine.Object,string,object[]) (at C:/build/output/unity/unity/Runtime/Export/Logging/DebugLogHandler.cs:9)
UnityEngine.Logger:Log (UnityEngine.LogType,object) (at C:/build/output/unity/unity/Runtime/Export/Logging/Logger.cs:60)
UnityEngine.Debug:Log (object) (at C:/build/output/unity/unity/Runtime/Export/Debug/Debug.bindings.cs:123)
LastJumpCrew.ParkHanSol.Multiplayer.NetworkPlayerCombatController:RequestThrowHeldItem (single) (at E:/UNITY/LastJumpCrew/Assets/06. JoHanYong_PlayerSystem/02. Script/NetworkPlayerCombatController.cs:363)
LastJumpCrew.ParkHanSol.Multiplayer.Validation.P0RuntimeValidationDriver:RequestRemoteItemThrowClientRpc (uint,string,Unity.Netcode.ClientRpcParams) (at E:/UNITY/LastJumpCrew/Assets/02. ParkHanSol_TeamLeader_Build & Multi/02. Script/Multiplayer/Validation/P0RuntimeValidationDriver.cs:5473)
LastJumpCrew.ParkHanSol.Multiplayer.Validation.P0RuntimeValidationDriver:__rpc_handler_3972596674 (Unity.Netcode.NetworkBehaviour,Unity.Netcode.FastBufferReader,Unity.Netcode.__RpcParams)
Unity.Netcode.RpcMessageHelpers:Handle (Unity.Netcode.NetworkContext&,Unity.Netcode.RpcMetadata&,Unity.Netcode.FastBufferReader&,Unity.Netcode.__RpcParams&) (at ./Library/PackageCache/com.unity.netcode.gameobjects@0f12e689d980/Runtime/Messaging/Messages/RpcMessages.cs:80)
Unity.Netcode.ClientRpcMessage:Handle (Unity.Netcode.NetworkContext&) (at ./Library/PackageCache/com.unity.netcode.gameobjects@0f12e689d980/Runtime/Messaging/Messages/RpcMessages.cs:174)
Unity.Netcode.NetworkMessageManager:ReceiveMessage<Unity.Netcode.ClientRpcMessage> (Unity.Netcode.FastBufferReader,Unity.Netcode.NetworkContext&,Unity.Netcode.NetworkMessageManager) (at ./Library/PackageCache/com.unity.netcode.gameobjects@0f12e689d980/Runtime/Messaging/NetworkMessageManager.cs:566)
Unity.Netcode.NetworkMessageManager:HandleMessage (Unity.Netcode.NetworkMessageHeader&,Unity.Netcode.FastBufferReader,ulong,single,int) (at ./Library/PackageCache/com.unity.netcode.gameobjects@0f12e689d980/Runtime/Messaging/NetworkMessageManager.cs:420)
Unity.Netcode.NetworkMessageManager:ProcessIncomingMessageQueue () (at ./Library/PackageCache/com.unity.netcode.gameobjects@0f12e689d980/Runtime/Messaging/NetworkMessageManager.cs:446)
Unity.Netcode.NetworkManager:NetworkUpdate (Unity.Netcode.NetworkUpdateStage) (at ./Library/PackageCache/com.unity.netcode.gameobjects@0f12e689d980/Runtime/Core/NetworkManager.cs:364)
Unity.Netcode.NetworkUpdateLoop:RunNetworkUpdateStage (Unity.Netcode.NetworkUpdateStage) (at ./Library/PackageCache/com.unity.netcode.gameobjects@0f12e689d980/Runtime/Core/NetworkUpdateLoop.cs:191)
Unity.Netcode.NetworkUpdateLoop/NetworkEarlyUpdate/<>c:<CreateLoopSystem>b__0_0 () (at ./Library/PackageCache/com.unity.netcode.gameobjects@0f12e689d980/Runtime/Core/NetworkUpdateLoop.cs:214)

(Filename: C:/build/output/unity/unity/Runtime/Export/Debug/Debug.bindings.cs Line: 123)

PHS_NETWORK_ITEM_PRESENTED player=PHS_CuteWhiteGhost_Player(Clone) owner=1 item=fire_extinguisher
UnityEngine.Debug:ExtractStackTraceNoAlloc (byte*,int,string)
UnityEngine.StackTraceUtility:ExtractStackTrace () (at C:/build/output/unity/unity/Runtime/Export/Scripting/StackTrace.cs:35)
UnityEngine.DebugLogHandler:Internal_Log (UnityEngine.LogType,UnityEngine.LogOption,string,UnityEngine.Object)
UnityEngine.DebugLogHandler:LogFormat (UnityEngine.LogType,UnityEngine.Object,string,object[]) (at C:/build/output/unity/unity/Runtime/Export/Logging/DebugLogHandler.cs:9)
UnityEngine.Logger:Log (UnityEngine.LogType,object) (at C:/build/output/unity/unity/Runtime/Export/Logging/Logger.cs:60)
UnityEngine.Debug:Log (object) (at C:/build/output/unity/unity/Runtime/Export/Debug/Debug.bindings.cs:123)
LastJumpCrew.ParkHanSol.Interaction.TempPlayerItemHolder:HandleNetworkHeldItemChanged (string) (at E:/UNITY/LastJumpCrew/Assets/02. ParkHanSol_TeamLeader_Build & Multi/02. Script/Interaction/TempPlayerItemHolder.cs:706)
LastJumpCrew.ParkHanSol.Multiplayer.NetworkPlayerItemRecord:HandleHeldItemChanged (Unity.Collections.FixedString64Bytes,Unity.Collections.FixedString64Bytes) (at E:/UNITY/LastJumpCrew/Assets/02. ParkHanSol_TeamLeader_Build & Multi/02. Script/Multiplayer/Items/NetworkPlayerItemRecord.cs:275)
Unity.Netcode.NetworkVariable`1<Unity.Collections.FixedString64Bytes>:ReadDelta (Unity.Netcode.FastBufferReader,bool) (at ./Library/PackageCache/com.unity.netcode.gameobjects@0f12e689d980/Runtime/NetworkVariable/NetworkVariable.cs:348)
Unity.Netcode.NetworkVariableDeltaMessage:Handle (Unity.Netcode.NetworkContext&) (at ./Library/PackageCache/com.unity.netcode.gameobjects@0f12e689d980/Runtime/Messaging/Messages/NetworkVariableDeltaMessage.cs:315)
Unity.Netcode.NetworkMessageManager:ReceiveMessage<Unity.Netcode.NetworkVariableDeltaMessage> (Unity.Netcode.FastBufferReader,Unity.Netcode.NetworkContext&,Unity.Netcode.NetworkMessageManager) (at ./Library/PackageCache/com.unity.netcode.gameobjects@0f12e689d980/Runtime/Messaging/NetworkMessageManager.cs:566)
Unity.Netcode.NetworkMessageManager:HandleMessage (Unity.Netcode.NetworkMessageHeader&,Unity.Netcode.FastBufferReader,ulong,single,int) (at ./Library/PackageCache/com.unity.netcode.gameobjects@0f12e689d980/Runtime/Messaging/NetworkMessageManager.cs:420)
Unity.Netcode.NetworkMessageManager:ProcessIncomingMessageQueue () (at ./Library/PackageCache/com.unity.netcode.gameobjects@0f12e689d980/Runtime/Messaging/NetworkMessageManager.cs:446)
Unity.Netcode.NetworkManager:NetworkUpdate (Unity.Netcode.NetworkUpdateStage) (at ./Library/PackageCache/com.unity.netcode.gameobjects@0f12e689d980/Runtime/Core/NetworkManager.cs:364)
Unity.Netcode.NetworkUpdateLoop:RunNetworkUpdateStage (Unity.Netcode.NetworkUpdateStage) (at ./Library/PackageCache/com.unity.netcode.gameobjects@0f12e689d980/Runtime/Core/NetworkUpdateLoop.cs:191)
Unity.Netcode.NetworkUpdateLoop/NetworkEarlyUpdate/<>c:<CreateLoopSystem>b__0_0 () (at ./Library/PackageCache/com.unity.netcode.gameobjects@0f12e689d980/Runtime/Core/NetworkUpdateLoop.cs:214)

(Filename: C:/build/output/unity/unity/Runtime/Export/Debug/Debug.bindings.cs Line: 123)

PHS_ITEM_FEEDBACK_SHOWN kind=FireExtinguisher shape=Cast radius=0.35 distance=4.00 acceptedTargets=0
UnityEngine.Debug:ExtractStackTraceNoAlloc (byte*,int,string)
UnityEngine.StackTraceUtility:ExtractStackTrace () (at C:/build/output/unity/unity/Runtime/Export/Scripting/StackTrace.cs:35)
UnityEngine.DebugLogHandler:Internal_Log (UnityEngine.LogType,UnityEngine.LogOption,string,UnityEngine.Object)
UnityEngine.DebugLogHandler:LogFormat (UnityEngine.LogType,UnityEngine.Object,string,object[]) (at C:/build/output/unity/unity/Runtime/Export/Logging/DebugLogHandler.cs:9)
UnityEngine.Logger:Log (UnityEngine.LogType,object,UnityEngine.Object) (at C:/build/output/unity/unity/Runtime/Export/Logging/Logger.cs:66)
UnityEngine.Debug:Log (object,UnityEngine.Object) (at C:/build/output/unity/unity/Runtime/Export/Debug/Debug.bindings.cs:128)
LastJumpCrew.ParkHanSol.Items.PHSNetworkItemUseFeedbackController:ShowFeedbackLocal (LastJumpCrew.ParkHanSol.Items.PHSItemUseFeedbackKind,LastJumpCrew.ParkHanSol.Items.PHSItemUseFeedbackShape,UnityEngine.Vector3,UnityEngine.Vector3,single,single,UnityEngine.Vector3[]) (at E:/UNITY/LastJumpCrew/Assets/02. ParkHanSol_TeamLeader_Build & Multi/02. Script/Items/PHSNetworkItemUseFeedbackController.cs:331)
LastJumpCrew.ParkHanSol.Items.PHSNetworkItemUseFeedbackController:ShowFeedbackClientRpc (byte,byte,UnityEngine.Vector3,UnityEngine.Vector3,single,single,UnityEngine.Vector3[]) (at E:/UNITY/LastJumpCrew/Assets/02. ParkHanSol_TeamLeader_Build & Multi/02. Script/Items/PHSNetworkItemUseFeedbackController.cs:269)
LastJumpCrew.ParkHanSol.Items.PHSNetworkItemUseFeedbackController:__rpc_handler_3303230777 (Unity.Netcode.NetworkBehaviour,Unity.Netcode.FastBufferReader,Unity.Netcode.__RpcParams)
Unity.Netcode.RpcMessageHelpers:Handle (Unity.Netcode.NetworkContext&,Unity.Netcode.RpcMetadata&,Unity.Netcode.FastBufferReader&,Unity.Netcode.__RpcParams&) (at ./Library/PackageCache/com.unity.netcode.gameobjects@0f12e689d980/Runtime/Messaging/Messages/RpcMessages.cs:80)
Unity.Netcode.ClientRpcMessage:Handle (Unity.Netcode.NetworkContext&) (at ./Library/PackageCache/com.unity.netcode.gameobjects@0f12e689d980/Runtime/Messaging/Messages/RpcMessages.cs:174)
Unity.Netcode.NetworkMessageManager:ReceiveMessage<Unity.Netcode.ClientRpcMessage> (Unity.Netcode.FastBufferReader,Unity.Netcode.NetworkContext&,Unity.Netcode.NetworkMessageManager) (at ./Library/PackageCache/com.unity.netcode.gameobjects@0f12e689d980/Runtime/Messaging/NetworkMessageManager.cs:566)
Unity.Netcode.NetworkMessageManager:HandleMessage (Unity.Netcode.NetworkMessageHeader&,Unity.Netcode.FastBufferReader,ulong,single,int) (at ./Library/PackageCache/com.unity.netcode.gameobjects@0f12e689d980/Runtime/Messaging/NetworkMessageManager.cs:420)
Unity.Netcode.NetworkMessageManager:ProcessIncomingMessageQueue () (at ./Library/PackageCache/com.unity.netcode.gameobjects@0f12e689d980/Runtime/Messaging/NetworkMessageManager.cs:446)
Unity.Netcode.NetworkManager:NetworkUpdate (Unity.Netcode.NetworkUpdateStage) (at ./Library/PackageCache/com.unity.netcode.gameobjects@0f12e689d980/Runtime/Core/NetworkManager.cs:364)
Unity.Netcode.NetworkUpdateLoop:RunNetworkUpdateStage (Unity.Netcode.NetworkUpdateStage) (at ./Library/PackageCache/com.unity.netcode.gameobjects@0f12e689d980/Runtime/Core/NetworkUpdateLoop.cs:191)
Unity.Netcode.NetworkUpdateLoop/NetworkEarlyUpdate/<>c:<CreateLoopSystem>b__0_0 () (at ./Library/PackageCache/com.unity.netcode.gameobjects@0f12e689d980/Runtime/Core/NetworkUpdateLoop.cs:214)

(Filename: C:/build/output/unity/unity/Runtime/Export/Debug/Debug.bindings.cs Line: 128)

PHS_EXTINGUISHER_EFFECT_STARTED player=PHS_CuteWhiteGhost_Player(Clone) view=first_person particles=2
UnityEngine.Debug:ExtractStackTraceNoAlloc (byte*,int,string)
UnityEngine.StackTraceUtility:ExtractStackTrace () (at C:/build/output/unity/unity/Runtime/Export/Scripting/StackTrace.cs:35)
UnityEngine.DebugLogHandler:Internal_Log (UnityEngine.LogType,UnityEngine.LogOption,string,UnityEngine.Object)
UnityEngine.DebugLogHandler:LogFormat (UnityEngine.LogType,UnityEngine.Object,string,object[]) (at C:/build/output/unity/unity/Runtime/Export/Logging/DebugLogHandler.cs:9)
UnityEngine.Logger:Log (UnityEngine.LogType,object) (at C:/build/output/unity/unity/Runtime/Export/Logging/Logger.cs:60)
UnityEngine.Debug:Log (object) (at C:/build/output/unity/unity/Runtime/Export/Debug/Debug.bindings.cs:123)
LastJumpCrew.ParkHanSol.Multiplayer.NetworkPlayerCombatController:PlayExtinguisherEffectLocal () (at E:/UNITY/LastJumpCrew/Assets/06. JoHanYong_PlayerSystem/02. Script/NetworkPlayerCombatController.cs:809)
LastJumpCrew.ParkHanSol.Multiplayer.NetworkPlayerCombatController:PlayExtinguisherEffectClientRpc () (at E:/UNITY/LastJumpCrew/Assets/06. JoHanYong_PlayerSystem/02. Script/NetworkPlayerCombatController.cs:752)
LastJumpCrew.ParkHanSol.Multiplayer.NetworkPlayerCombatController:__rpc_handler_2698917127 (Unity.Netcode.NetworkBehaviour,Unity.Netcode.FastBufferReader,Unity.Netcode.__RpcParams)
Unity.Netcode.RpcMessageHelpers:Handle (Unity.Netcode.NetworkContext&,Unity.Netcode.RpcMetadata&,Unity.Netcode.FastBufferReader&,Unity.Netcode.__RpcParams&) (at ./Library/PackageCache/com.unity.netcode.gameobjects@0f12e689d980/Runtime/Messaging/Messages/RpcMessages.cs:80)
Unity.Netcode.ClientRpcMessage:Handle (Unity.Netcode.NetworkContext&) (at ./Library/PackageCache/com.unity.netcode.gameobjects@0f12e689d980/Runtime/Messaging/Messages/RpcMessages.cs:174)
Unity.Netcode.NetworkMessageManager:ReceiveMessage<Unity.Netcode.ClientRpcMessage> (Unity.Netcode.FastBufferReader,Unity.Netcode.NetworkContext&,Unity.Netcode.NetworkMessageManager) (at ./Library/PackageCache/com.unity.netcode.gameobjects@0f12e689d980/Runtime/Messaging/NetworkMessageManager.cs:566)
Unity.Netcode.NetworkMessageManager:HandleMessage (Unity.Netcode.NetworkMessageHeader&,Unity.Netcode.FastBufferReader,ulong,single,int) (at ./Library/PackageCache/com.unity.netcode.gameobjects@0f12e689d980/Runtime/Messaging/NetworkMessageManager.cs:420)
Unity.Netcode.NetworkMessageManager:ProcessIncomingMessageQueue () (at ./Library/PackageCache/com.unity.netcode.gameobjects@0f12e689d980/Runtime/Messaging/NetworkMessageManager.cs:446)
Unity.Netcode.NetworkManager:NetworkUpdate (Unity.Netcode.NetworkUpdateStage) (at ./Library/PackageCache/com.unity.netcode.gameobjects@0f12e689d980/Runtime/Core/NetworkManager.cs:364)
Unity.Netcode.NetworkUpdateLoop:RunNetworkUpdateStage (Unity.Netcode.NetworkUpdateStage) (at ./Library/PackageCache/com.unity.netcode.gameobjects@0f12e689d980/Runtime/Core/NetworkUpdateLoop.cs:191)
Unity.Netcode.NetworkUpdateLoop/NetworkEarlyUpdate/<>c:<CreateLoopSystem>b__0_0 () (at ./Library/PackageCache/com.unity.netcode.gameobjects@0f12e689d980/Runtime/Core/NetworkUpdateLoop.cs:214)

(Filename: C:/build/output/unity/unity/Runtime/Export/Debug/Debug.bindings.cs Line: 123)

PHS_ITEM_THROW_REQUESTED player=PHS_CuteWhiteGhost_Player(Clone) duration=0.50 force=6.60
UnityEngine.Debug:ExtractStackTraceNoAlloc (byte*,int,string)
UnityEngine.StackTraceUtility:ExtractStackTrace () (at C:/build/output/unity/unity/Runtime/Export/Scripting/StackTrace.cs:35)
UnityEngine.DebugLogHandler:Internal_Log (UnityEngine.LogType,UnityEngine.LogOption,string,UnityEngine.Object)
UnityEngine.DebugLogHandler:LogFormat (UnityEngine.LogType,UnityEngine.Object,string,object[]) (at C:/build/output/unity/unity/Runtime/Export/Logging/DebugLogHandler.cs:9)
UnityEngine.Logger:Log (UnityEngine.LogType,object) (at C:/build/output/unity/unity/Runtime/Export/Logging/Logger.cs:60)
UnityEngine.Debug:Log (object) (at C:/build/output/unity/unity/Runtime/Export/Debug/Debug.bindings.cs:123)
LastJumpCrew.ParkHanSol.Multiplayer.NetworkPlayerCombatController:RequestThrowHeldItem (single) (at E:/UNITY/LastJumpCrew/Assets/06. JoHanYong_PlayerSystem/02. Script/NetworkPlayerCombatController.cs:363)
LastJumpCrew.ParkHanSol.Multiplayer.Validation.P0RuntimeValidationDriver:RequestRemoteItemThrowClientRpc (uint,string,Unity.Netcode.ClientRpcParams) (at E:/UNITY/LastJumpCrew/Assets/02. ParkHanSol_TeamLeader_Build & Multi/02. Script/Multiplayer/Validation/P0RuntimeValidationDriver.cs:5473)
LastJumpCrew.ParkHanSol.Multiplayer.Validation.P0RuntimeValidationDriver:__rpc_handler_3972596674 (Unity.Netcode.NetworkBehaviour,Unity.Netcode.FastBufferReader,Unity.Netcode.__RpcParams)
Unity.Netcode.RpcMessageHelpers:Handle (Unity.Netcode.NetworkContext&,Unity.Netcode.RpcMetadata&,Unity.Netcode.FastBufferReader&,Unity.Netcode.__RpcParams&) (at ./Library/PackageCache/com.unity.netcode.gameobjects@0f12e689d980/Runtime/Messaging/Messages/RpcMessages.cs:80)
Unity.Netcode.ClientRpcMessage:Handle (Unity.Netcode.NetworkContext&) (at ./Library/PackageCache/com.unity.netcode.gameobjects@0f12e689d980/Runtime/Messaging/Messages/RpcMessages.cs:174)
Unity.Netcode.NetworkMessageManager:ReceiveMessage<Unity.Netcode.ClientRpcMessage> (Unity.Netcode.FastBufferReader,Unity.Netcode.NetworkContext&,Unity.Netcode.NetworkMessageManager) (at ./Library/PackageCache/com.unity.netcode.gameobjects@0f12e689d980/Runtime/Messaging/NetworkMessageManager.cs:566)
Unity.Netcode.NetworkMessageManager:HandleMessage (Unity.Netcode.NetworkMessageHeader&,Unity.Netcode.FastBufferReader,ulong,single,int) (at ./Library/PackageCache/com.unity.netcode.gameobjects@0f12e689d980/Runtime/Messaging/NetworkMessageManager.cs:420)
Unity.Netcode.NetworkMessageManager:ProcessIncomingMessageQueue () (at ./Library/PackageCache/com.unity.netcode.gameobjects@0f12e689d980/Runtime/Messaging/NetworkMessageManager.cs:446)
Unity.Netcode.NetworkManager:NetworkUpdate (Unity.Netcode.NetworkUpdateStage) (at ./Library/PackageCache/com.unity.netcode.gameobjects@0f12e689d980/Runtime/Core/NetworkManager.cs:364)
Unity.Netcode.NetworkUpdateLoop:RunNetworkUpdateStage (Unity.Netcode.NetworkUpdateStage) (at ./Library/PackageCache/com.unity.netcode.gameobjects@0f12e689d980/Runtime/Core/NetworkUpdateLoop.cs:191)
Unity.Netcode.NetworkUpdateLoop/NetworkEarlyUpdate/<>c:<CreateLoopSystem>b__0_0 () (at ./Library/PackageCache/com.unity.netcode.gameobjects@0f12e689d980/Runtime/Core/NetworkUpdateLoop.cs:214)

(Filename: C:/build/output/unity/unity/Runtime/Export/Debug/Debug.bindings.cs Line: 123)

PHS_NETWORK_ITEM_PRESENTED player=PHS_CuteWhiteGhost_Player(Clone) owner=1 item=battery_pack
UnityEngine.Debug:ExtractStackTraceNoAlloc (byte*,int,string)
UnityEngine.StackTraceUtility:ExtractStackTrace () (at C:/build/output/unity/unity/Runtime/Export/Scripting/StackTrace.cs:35)
UnityEngine.DebugLogHandler:Internal_Log (UnityEngine.LogType,UnityEngine.LogOption,string,UnityEngine.Object)
UnityEngine.DebugLogHandler:LogFormat (UnityEngine.LogType,UnityEngine.Object,string,object[]) (at C:/build/output/unity/unity/Runtime/Export/Logging/DebugLogHandler.cs:9)
UnityEngine.Logger:Log (UnityEngine.LogType,object) (at C:/build/output/unity/unity/Runtime/Export/Logging/Logger.cs:60)
UnityEngine.Debug:Log (object) (at C:/build/output/unity/unity/Runtime/Export/Debug/Debug.bindings.cs:123)
LastJumpCrew.ParkHanSol.Interaction.TempPlayerItemHolder:HandleNetworkHeldItemChanged (string) (at E:/UNITY/LastJumpCrew/Assets/02. ParkHanSol_TeamLeader_Build & Multi/02. Script/Interaction/TempPlayerItemHolder.cs:706)
LastJumpCrew.ParkHanSol.Multiplayer.NetworkPlayerItemRecord:HandleHeldItemChanged (Unity.Collections.FixedString64Bytes,Unity.Collections.FixedString64Bytes) (at E:/UNITY/LastJumpCrew/Assets/02. ParkHanSol_TeamLeader_Build & Multi/02. Script/Multiplayer/Items/NetworkPlayerItemRecord.cs:275)
Unity.Netcode.NetworkVariable`1<Unity.Collections.FixedString64Bytes>:ReadDelta (Unity.Netcode.FastBufferReader,bool) (at ./Library/PackageCache/com.unity.netcode.gameobjects@0f12e689d980/Runtime/NetworkVariable/NetworkVariable.cs:348)
Unity.Netcode.NetworkVariableDeltaMessage:Handle (Unity.Netcode.NetworkContext&) (at ./Library/PackageCache/com.unity.netcode.gameobjects@0f12e689d980/Runtime/Messaging/Messages/NetworkVariableDeltaMessage.cs:315)
Unity.Netcode.NetworkMessageManager:ReceiveMessage<Unity.Netcode.NetworkVariableDeltaMessage> (Unity.Netcode.FastBufferReader,Unity.Netcode.NetworkContext&,Unity.Netcode.NetworkMessageManager) (at ./Library/PackageCache/com.unity.netcode.gameobjects@0f12e689d980/Runtime/Messaging/NetworkMessageManager.cs:566)
Unity.Netcode.NetworkMessageManager:HandleMessage (Unity.Netcode.NetworkMessageHeader&,Unity.Netcode.FastBufferReader,ulong,single,int) (at ./Library/PackageCache/com.unity.netcode.gameobjects@0f12e689d980/Runtime/Messaging/NetworkMessageManager.cs:420)
Unity.Netcode.NetworkMessageManager:ProcessIncomingMessageQueue () (at ./Library/PackageCache/com.unity.netcode.gameobjects@0f12e689d980/Runtime/Messaging/NetworkMessageManager.cs:446)
Unity.Netcode.NetworkManager:NetworkUpdate (Unity.Netcode.NetworkUpdateStage) (at ./Library/PackageCache/com.unity.netcode.gameobjects@0f12e689d980/Runtime/Core/NetworkManager.cs:364)
Unity.Netcode.NetworkUpdateLoop:RunNetworkUpdateStage (Unity.Netcode.NetworkUpdateStage) (at ./Library/PackageCache/com.unity.netcode.gameobjects@0f12e689d980/Runtime/Core/NetworkUpdateLoop.cs:191)
Unity.Netcode.NetworkUpdateLoop/NetworkEarlyUpdate/<>c:<CreateLoopSystem>b__0_0 () (at ./Library/PackageCache/com.unity.netcode.gameobjects@0f12e689d980/Runtime/Core/NetworkUpdateLoop.cs:214)

(Filename: C:/build/output/unity/unity/Runtime/Export/Debug/Debug.bindings.cs Line: 123)

PHS_EXTINGUISHER_EFFECT_STOPPED player=PHS_CuteWhiteGhost_Player(Clone)
UnityEngine.Debug:ExtractStackTraceNoAlloc (byte*,int,string)
UnityEngine.StackTraceUtility:ExtractStackTrace () (at C:/build/output/unity/unity/Runtime/Export/Scripting/StackTrace.cs:35)
UnityEngine.DebugLogHandler:Internal_Log (UnityEngine.LogType,UnityEngine.LogOption,string,UnityEngine.Object)
UnityEngine.DebugLogHandler:LogFormat (UnityEngine.LogType,UnityEngine.Object,string,object[]) (at C:/build/output/unity/unity/Runtime/Export/Logging/DebugLogHandler.cs:9)
UnityEngine.Logger:Log (UnityEngine.LogType,object) (at C:/build/output/unity/unity/Runtime/Export/Logging/Logger.cs:60)
UnityEngine.Debug:Log (object) (at C:/build/output/unity/unity/Runtime/Export/Debug/Debug.bindings.cs:123)
LastJumpCrew.ParkHanSol.Multiplayer.NetworkPlayerCombatController:UpdateExtinguisherEffect () (at E:/UNITY/LastJumpCrew/Assets/06. JoHanYong_PlayerSystem/02. Script/NetworkPlayerCombatController.cs:169)
LastJumpCrew.ParkHanSol.Multiplayer.NetworkPlayerCombatController:Update () (at E:/UNITY/LastJumpCrew/Assets/06. JoHanYong_PlayerSystem/02. Script/NetworkPlayerCombatController.cs:132)

(Filename: C:/build/output/unity/unity/Runtime/Export/Debug/Debug.bindings.cs Line: 123)

PHS_ITEM_FEEDBACK_SHOWN kind=Battery shape=Sphere radius=0.90 distance=0.00 acceptedTargets=0
UnityEngine.Debug:ExtractStackTraceNoAlloc (byte*,int,string)
UnityEngine.StackTraceUtility:ExtractStackTrace () (at C:/build/output/unity/unity/Runtime/Export/Scripting/StackTrace.cs:35)
UnityEngine.DebugLogHandler:Internal_Log (UnityEngine.LogType,UnityEngine.LogOption,string,UnityEngine.Object)
UnityEngine.DebugLogHandler:LogFormat (UnityEngine.LogType,UnityEngine.Object,string,object[]) (at C:/build/output/unity/unity/Runtime/Export/Logging/DebugLogHandler.cs:9)
UnityEngine.Logger:Log (UnityEngine.LogType,object,UnityEngine.Object) (at C:/build/output/unity/unity/Runtime/Export/Logging/Logger.cs:66)
UnityEngine.Debug:Log (object,UnityEngine.Object) (at C:/build/output/unity/unity/Runtime/Export/Debug/Debug.bindings.cs:128)
LastJumpCrew.ParkHanSol.Items.PHSNetworkItemUseFeedbackController:ShowFeedbackLocal (LastJumpCrew.ParkHanSol.Items.PHSItemUseFeedbackKind,LastJumpCrew.ParkHanSol.Items.PHSItemUseFeedbackShape,UnityEngine.Vector3,UnityEngine.Vector3,single,single,UnityEngine.Vector3[]) (at E:/UNITY/LastJumpCrew/Assets/02. ParkHanSol_TeamLeader_Build & Multi/02. Script/Items/PHSNetworkItemUseFeedbackController.cs:331)
LastJumpCrew.ParkHanSol.Items.PHSNetworkItemUseFeedbackController:ShowFeedbackClientRpc (byte,byte,UnityEngine.Vector3,UnityEngine.Vector3,single,single,UnityEngine.Vector3[]) (at E:/UNITY/LastJumpCrew/Assets/02. ParkHanSol_TeamLeader_Build & Multi/02. Script/Items/PHSNetworkItemUseFeedbackController.cs:269)
LastJumpCrew.ParkHanSol.Items.PHSNetworkItemUseFeedbackController:__rpc_handler_3303230777 (Unity.Netcode.NetworkBehaviour,Unity.Netcode.FastBufferReader,Unity.Netcode.__RpcParams)
Unity.Netcode.RpcMessageHelpers:Handle (Unity.Netcode.NetworkContext&,Unity.Netcode.RpcMetadata&,Unity.Netcode.FastBufferReader&,Unity.Netcode.__RpcParams&) (at ./Library/PackageCache/com.unity.netcode.gameobjects@0f12e689d980/Runtime/Messaging/Messages/RpcMessages.cs:80)
Unity.Netcode.ClientRpcMessage:Handle (Unity.Netcode.NetworkContext&) (at ./Library/PackageCache/com.unity.netcode.gameobjects@0f12e689d980/Runtime/Messaging/Messages/RpcMessages.cs:174)
Unity.Netcode.NetworkMessageManager:ReceiveMessage<Unity.Netcode.ClientRpcMessage> (Unity.Netcode.FastBufferReader,Unity.Netcode.NetworkContext&,Unity.Netcode.NetworkMessageManager) (at ./Library/PackageCache/com.unity.netcode.gameobjects@0f12e689d980/Runtime/Messaging/NetworkMessageManager.cs:566)
Unity.Netcode.NetworkMessageManager:HandleMessage (Unity.Netcode.NetworkMessageHeader&,Unity.Netcode.FastBufferReader,ulong,single,int) (at ./Library/PackageCache/com.unity.netcode.gameobjects@0f12e689d980/Runtime/Messaging/NetworkMessageManager.cs:420)
Unity.Netcode.NetworkMessageManager:ProcessIncomingMessageQueue () (at ./Library/PackageCache/com.unity.netcode.gameobjects@0f12e689d980/Runtime/Messaging/NetworkMessageManager.cs:446)
Unity.Netcode.NetworkManager:NetworkUpdate (Unity.Netcode.NetworkUpdateStage) (at ./Library/PackageCache/com.unity.netcode.gameobjects@0f12e689d980/Runtime/Core/NetworkManager.cs:364)
Unity.Netcode.NetworkUpdateLoop:RunNetworkUpdateStage (Unity.Netcode.NetworkUpdateStage) (at ./Library/PackageCache/com.unity.netcode.gameobjects@0f12e689d980/Runtime/Core/NetworkUpdateLoop.cs:191)
Unity.Netcode.NetworkUpdateLoop/NetworkEarlyUpdate/<>c:<CreateLoopSystem>b__0_0 () (at ./Library/PackageCache/com.unity.netcode.gameobjects@0f12e689d980/Runtime/Core/NetworkUpdateLoop.cs:214)

(Filename: C:/build/output/unity/unity/Runtime/Export/Debug/Debug.bindings.cs Line: 128)

PHS_ITEM_FEEDBACK_SHOWN kind=Battery shape=Sphere radius=0.18 distance=0.00 acceptedTargets=1
UnityEngine.Debug:ExtractStackTraceNoAlloc (byte*,int,string)
UnityEngine.StackTraceUtility:ExtractStackTrace () (at C:/build/output/unity/unity/Runtime/Export/Scripting/StackTrace.cs:35)
UnityEngine.DebugLogHandler:Internal_Log (UnityEngine.LogType,UnityEngine.LogOption,string,UnityEngine.Object)
UnityEngine.DebugLogHandler:LogFormat (UnityEngine.LogType,UnityEngine.Object,string,object[]) (at C:/build/output/unity/unity/Runtime/Export/Logging/DebugLogHandler.cs:9)
UnityEngine.Logger:Log (UnityEngine.LogType,object,UnityEngine.Object) (at C:/build/output/unity/unity/Runtime/Export/Logging/Logger.cs:66)
UnityEngine.Debug:Log (object,UnityEngine.Object) (at C:/build/output/unity/unity/Runtime/Export/Debug/Debug.bindings.cs:128)
LastJumpCrew.ParkHanSol.Items.PHSNetworkItemUseFeedbackController:ShowFeedbackLocal (LastJumpCrew.ParkHanSol.Items.PHSItemUseFeedbackKind,LastJumpCrew.ParkHanSol.Items.PHSItemUseFeedbackShape,UnityEngine.Vector3,UnityEngine.Vector3,single,single,UnityEngine.Vector3[]) (at E:/UNITY/LastJumpCrew/Assets/02. ParkHanSol_TeamLeader_Build & Multi/02. Script/Items/PHSNetworkItemUseFeedbackController.cs:331)
LastJumpCrew.ParkHanSol.Items.PHSNetworkItemUseFeedbackController:ShowFeedbackClientRpc (byte,byte,UnityEngine.Vector3,UnityEngine.Vector3,single,single,UnityEngine.Vector3[]) (at E:/UNITY/LastJumpCrew/Assets/02. ParkHanSol_TeamLeader_Build & Multi/02. Script/Items/PHSNetworkItemUseFeedbackController.cs:269)
LastJumpCrew.ParkHanSol.Items.PHSNetworkItemUseFeedbackController:__rpc_handler_3303230777 (Unity.Netcode.NetworkBehaviour,Unity.Netcode.FastBufferReader,Unity.Netcode.__RpcParams)
Unity.Netcode.RpcMessageHelpers:Handle (Unity.Netcode.NetworkContext&,Unity.Netcode.RpcMetadata&,Unity.Netcode.FastBufferReader&,Unity.Netcode.__RpcParams&) (at ./Library/PackageCache/com.unity.netcode.gameobjects@0f12e689d980/Runtime/Messaging/Messages/RpcMessages.cs:80)
Unity.Netcode.ClientRpcMessage:Handle (Unity.Netcode.NetworkContext&) (at ./Library/PackageCache/com.unity.netcode.gameobjects@0f12e689d980/Runtime/Messaging/Messages/RpcMessages.cs:174)
Unity.Netcode.NetworkMessageManager:ReceiveMessage<Unity.Netcode.ClientRpcMessage> (Unity.Netcode.FastBufferReader,Unity.Netcode.NetworkContext&,Unity.Netcode.NetworkMessageManager) (at ./Library/PackageCache/com.unity.netcode.gameobjects@0f12e689d980/Runtime/Messaging/NetworkMessageManager.cs:566)
Unity.Netcode.NetworkMessageManager:HandleMessage (Unity.Netcode.NetworkMessageHeader&,Unity.Netcode.FastBufferReader,ulong,single,int) (at ./Library/PackageCache/com.unity.netcode.gameobjects@0f12e689d980/Runtime/Messaging/NetworkMessageManager.cs:420)
Unity.Netcode.NetworkMessageManager:ProcessIncomingMessageQueue () (at ./Library/PackageCache/com.unity.netcode.gameobjects@0f12e689d980/Runtime/Messaging/NetworkMessageManager.cs:446)
Unity.Netcode.NetworkManager:NetworkUpdate (Unity.Netcode.NetworkUpdateStage) (at ./Library/PackageCache/com.unity.netcode.gameobjects@0f12e689d980/Runtime/Core/NetworkManager.cs:364)
Unity.Netcode.NetworkUpdateLoop:RunNetworkUpdateStage (Unity.Netcode.NetworkUpdateStage) (at ./Library/PackageCache/com.unity.netcode.gameobjects@0f12e689d980/Runtime/Core/NetworkUpdateLoop.cs:191)
Unity.Netcode.NetworkUpdateLoop/NetworkEarlyUpdate/<>c:<CreateLoopSystem>b__0_0 () (at ./Library/PackageCache/com.unity.netcode.gameobjects@0f12e689d980/Runtime/Core/NetworkUpdateLoop.cs:214)

(Filename: C:/build/output/unity/unity/Runtime/Export/Debug/Debug.bindings.cs Line: 128)

PHS_NETWORK_ITEM_PRESENTED player=PHS_CuteWhiteGhost_Player(Clone) owner=1 item=battery_pack
UnityEngine.Debug:ExtractStackTraceNoAlloc (byte*,int,string)
UnityEngine.StackTraceUtility:ExtractStackTrace () (at C:/build/output/unity/unity/Runtime/Export/Scripting/StackTrace.cs:35)
UnityEngine.DebugLogHandler:Internal_Log (UnityEngine.LogType,UnityEngine.LogOption,string,UnityEngine.Object)
UnityEngine.DebugLogHandler:LogFormat (UnityEngine.LogType,UnityEngine.Object,string,object[]) (at C:/build/output/unity/unity/Runtime/Export/Logging/DebugLogHandler.cs:9)
UnityEngine.Logger:Log (UnityEngine.LogType,object) (at C:/build/output/unity/unity/Runtime/Export/Logging/Logger.cs:60)
UnityEngine.Debug:Log (object) (at C:/build/output/unity/unity/Runtime/Export/Debug/Debug.bindings.cs:123)
LastJumpCrew.ParkHanSol.Interaction.TempPlayerItemHolder:HandleNetworkHeldItemChanged (string) (at E:/UNITY/LastJumpCrew/Assets/02. ParkHanSol_TeamLeader_Build & Multi/02. Script/Interaction/TempPlayerItemHolder.cs:706)
LastJumpCrew.ParkHanSol.Multiplayer.NetworkPlayerItemRecord:HandleHeldItemChanged (Unity.Collections.FixedString64Bytes,Unity.Collections.FixedString64Bytes) (at E:/UNITY/LastJumpCrew/Assets/02. ParkHanSol_TeamLeader_Build & Multi/02. Script/Multiplayer/Items/NetworkPlayerItemRecord.cs:275)
Unity.Netcode.NetworkVariable`1<Unity.Collections.FixedString64Bytes>:ReadDelta (Unity.Netcode.FastBufferReader,bool) (at ./Library/PackageCache/com.unity.netcode.gameobjects@0f12e689d980/Runtime/NetworkVariable/NetworkVariable.cs:348)
Unity.Netcode.NetworkVariableDeltaMessage:Handle (Unity.Netcode.NetworkContext&) (at ./Library/PackageCache/com.unity.netcode.gameobjects@0f12e689d980/Runtime/Messaging/Messages/NetworkVariableDeltaMessage.cs:315)
Unity.Netcode.NetworkMessageManager:ReceiveMessage<Unity.Netcode.NetworkVariableDeltaMessage> (Unity.Netcode.FastBufferReader,Unity.Netcode.NetworkContext&,Unity.Netcode.NetworkMessageManager) (at ./Library/PackageCache/com.unity.netcode.gameobjects@0f12e689d980/Runtime/Messaging/NetworkMessageManager.cs:566)
Unity.Netcode.NetworkMessageManager:HandleMessage (Unity.Netcode.NetworkMessageHeader&,Unity.Netcode.FastBufferReader,ulong,single,int) (at ./Library/PackageCache/com.unity.netcode.gameobjects@0f12e689d980/Runtime/Messaging/NetworkMessageManager.cs:420)
Unity.Netcode.NetworkMessageManager:ProcessIncomingMessageQueue () (at ./Library/PackageCache/com.unity.netcode.gameobjects@0f12e689d980/Runtime/Messaging/NetworkMessageManager.cs:446)
Unity.Netcode.NetworkManager:NetworkUpdate (Unity.Netcode.NetworkUpdateStage) (at ./Library/PackageCache/com.unity.netcode.gameobjects@0f12e689d980/Runtime/Core/NetworkManager.cs:364)
Unity.Netcode.NetworkUpdateLoop:RunNetworkUpdateStage (Unity.Netcode.NetworkUpdateStage) (at ./Library/PackageCache/com.unity.netcode.gameobjects@0f12e689d980/Runtime/Core/NetworkUpdateLoop.cs:191)
Unity.Netcode.NetworkUpdateLoop/NetworkEarlyUpdate/<>c:<CreateLoopSystem>b__0_0 () (at ./Library/PackageCache/com.unity.netcode.gameobjects@0f12e689d980/Runtime/Core/NetworkUpdateLoop.cs:214)

(Filename: C:/build/output/unity/unity/Runtime/Export/Debug/Debug.bindings.cs Line: 123)

PHS_ITEM_THROW_REQUESTED player=PHS_CuteWhiteGhost_Player(Clone) duration=0.50 force=6.60
UnityEngine.Debug:ExtractStackTraceNoAlloc (byte*,int,string)
UnityEngine.StackTraceUtility:ExtractStackTrace () (at C:/build/output/unity/unity/Runtime/Export/Scripting/StackTrace.cs:35)
UnityEngine.DebugLogHandler:Internal_Log (UnityEngine.LogType,UnityEngine.LogOption,string,UnityEngine.Object)
UnityEngine.DebugLogHandler:LogFormat (UnityEngine.LogType,UnityEngine.Object,string,object[]) (at C:/build/output/unity/unity/Runtime/Export/Logging/DebugLogHandler.cs:9)
UnityEngine.Logger:Log (UnityEngine.LogType,object) (at C:/build/output/unity/unity/Runtime/Export/Logging/Logger.cs:60)
UnityEngine.Debug:Log (object) (at C:/build/output/unity/unity/Runtime/Export/Debug/Debug.bindings.cs:123)
LastJumpCrew.ParkHanSol.Multiplayer.NetworkPlayerCombatController:RequestThrowHeldItem (single) (at E:/UNITY/LastJumpCrew/Assets/06. JoHanYong_PlayerSystem/02. Script/NetworkPlayerCombatController.cs:363)
LastJumpCrew.ParkHanSol.Multiplayer.Validation.P0RuntimeValidationDriver:RequestRemoteItemThrowClientRpc (uint,string,Unity.Netcode.ClientRpcParams) (at E:/UNITY/LastJumpCrew/Assets/02. ParkHanSol_TeamLeader_Build & Multi/02. Script/Multiplayer/Validation/P0RuntimeValidationDriver.cs:5473)
LastJumpCrew.ParkHanSol.Multiplayer.Validation.P0RuntimeValidationDriver:__rpc_handler_3972596674 (Unity.Netcode.NetworkBehaviour,Unity.Netcode.FastBufferReader,Unity.Netcode.__RpcParams)
Unity.Netcode.RpcMessageHelpers:Handle (Unity.Netcode.NetworkContext&,Unity.Netcode.RpcMetadata&,Unity.Netcode.FastBufferReader&,Unity.Netcode.__RpcParams&) (at ./Library/PackageCache/com.unity.netcode.gameobjects@0f12e689d980/Runtime/Messaging/Messages/RpcMessages.cs:80)
Unity.Netcode.ClientRpcMessage:Handle (Unity.Netcode.NetworkContext&) (at ./Library/PackageCache/com.unity.netcode.gameobjects@0f12e689d980/Runtime/Messaging/Messages/RpcMessages.cs:174)
Unity.Netcode.NetworkMessageManager:ReceiveMessage<Unity.Netcode.ClientRpcMessage> (Unity.Netcode.FastBufferReader,Unity.Netcode.NetworkContext&,Unity.Netcode.NetworkMessageManager) (at ./Library/PackageCache/com.unity.netcode.gameobjects@0f12e689d980/Runtime/Messaging/NetworkMessageManager.cs:566)
Unity.Netcode.NetworkMessageManager:HandleMessage (Unity.Netcode.NetworkMessageHeader&,Unity.Netcode.FastBufferReader,ulong,single,int) (at ./Library/PackageCache/com.unity.netcode.gameobjects@0f12e689d980/Runtime/Messaging/NetworkMessageManager.cs:420)
Unity.Netcode.NetworkMessageManager:ProcessIncomingMessageQueue () (at ./Library/PackageCache/com.unity.netcode.gameobjects@0f12e689d980/Runtime/Messaging/NetworkMessageManager.cs:446)
Unity.Netcode.NetworkManager:NetworkUpdate (Unity.Netcode.NetworkUpdateStage) (at ./Library/PackageCache/com.unity.netcode.gameobjects@0f12e689d980/Runtime/Core/NetworkManager.cs:364)
Unity.Netcode.NetworkUpdateLoop:RunNetworkUpdateStage (Unity.Netcode.NetworkUpdateStage) (at ./Library/PackageCache/com.unity.netcode.gameobjects@0f12e689d980/Runtime/Core/NetworkUpdateLoop.cs:191)
Unity.Netcode.NetworkUpdateLoop/NetworkEarlyUpdate/<>c:<CreateLoopSystem>b__0_0 () (at ./Library/PackageCache/com.unity.netcode.gameobjects@0f12e689d980/Runtime/Core/NetworkUpdateLoop.cs:214)

(Filename: C:/build/output/unity/unity/Runtime/Export/Debug/Debug.bindings.cs Line: 123)

PHS_BATTERY_IMPACT_EFFECT effect=lightning_ball center=(-403.83, 0.74, -12.79) lifetime=0.80
UnityEngine.Debug:ExtractStackTraceNoAlloc (byte*,int,string)
UnityEngine.StackTraceUtility:ExtractStackTrace () (at C:/build/output/unity/unity/Runtime/Export/Scripting/StackTrace.cs:35)
UnityEngine.DebugLogHandler:Internal_Log (UnityEngine.LogType,UnityEngine.LogOption,string,UnityEngine.Object)
UnityEngine.DebugLogHandler:LogFormat (UnityEngine.LogType,UnityEngine.Object,string,object[]) (at C:/build/output/unity/unity/Runtime/Export/Logging/DebugLogHandler.cs:9)
UnityEngine.Logger:Log (UnityEngine.LogType,object,UnityEngine.Object) (at C:/build/output/unity/unity/Runtime/Export/Logging/Logger.cs:66)
UnityEngine.Debug:Log (object,UnityEngine.Object) (at C:/build/output/unity/unity/Runtime/Export/Debug/Debug.bindings.cs:128)
LastJumpCrew.ParkHanSol.Items.BatteryThrownImpact:SpawnImpactEffect (UnityEngine.GameObject,UnityEngine.Vector3,single,string) (at E:/UNITY/LastJumpCrew/Assets/06. JoHanYong_PlayerSystem/02. Script/BatteryThrownImpact.cs:195)
LastJumpCrew.ParkHanSol.Items.BatteryThrownImpact:PlayImpactEffectClientRpc (UnityEngine.Vector3) (at E:/UNITY/LastJumpCrew/Assets/06. JoHanYong_PlayerSystem/02. Script/BatteryThrownImpact.cs:157)
LastJumpCrew.ParkHanSol.Items.BatteryThrownImpact:__rpc_handler_855497018 (Unity.Netcode.NetworkBehaviour,Unity.Netcode.FastBufferReader,Unity.Netcode.__RpcParams)
Unity.Netcode.RpcMessageHelpers:Handle (Unity.Netcode.NetworkContext&,Unity.Netcode.RpcMetadata&,Unity.Netcode.FastBufferReader&,Unity.Netcode.__RpcParams&) (at ./Library/PackageCache/com.unity.netcode.gameobjects@0f12e689d980/Runtime/Messaging/Messages/RpcMessages.cs:80)
Unity.Netcode.ClientRpcMessage:Handle (Unity.Netcode.NetworkContext&) (at ./Library/PackageCache/com.unity.netcode.gameobjects@0f12e689d980/Runtime/Messaging/Messages/RpcMessages.cs:174)
Unity.Netcode.NetworkMessageManager:ReceiveMessage<Unity.Netcode.ClientRpcMessage> (Unity.Netcode.FastBufferReader,Unity.Netcode.NetworkContext&,Unity.Netcode.NetworkMessageManager) (at ./Library/PackageCache/com.unity.netcode.gameobjects@0f12e689d980/Runtime/Messaging/NetworkMessageManager.cs:566)
Unity.Netcode.NetworkMessageManager:HandleMessage (Unity.Netcode.NetworkMessageHeader&,Unity.Netcode.FastBufferReader,ulong,single,int) (at ./Library/PackageCache/com.unity.netcode.gameobjects@0f12e689d980/Runtime/Messaging/NetworkMessageManager.cs:420)
Unity.Netcode.NetworkMessageManager:ProcessIncomingMessageQueue () (at ./Library/PackageCache/com.unity.netcode.gameobjects@0f12e689d980/Runtime/Messaging/NetworkMessageManager.cs:446)
Unity.Netcode.NetworkManager:NetworkUpdate (Unity.Netcode.NetworkUpdateStage) (at ./Library/PackageCache/com.unity.netcode.gameobjects@0f12e689d980/Runtime/Core/NetworkManager.cs:364)
Unity.Netcode.NetworkUpdateLoop:RunNetworkUpdateStage (Unity.Netcode.NetworkUpdateStage) (at ./Library/PackageCache/com.unity.netcode.gameobjects@0f12e689d980/Runtime/Core/NetworkUpdateLoop.cs:191)
Unity.Netcode.NetworkUpdateLoop/NetworkEarlyUpdate/<>c:<CreateLoopSystem>b__0_0 () (at ./Library/PackageCache/com.unity.netcode.gameobjects@0f12e689d980/Runtime/Core/NetworkUpdateLoop.cs:214)

(Filename: C:/build/output/unity/unity/Runtime/Export/Debug/Debug.bindings.cs Line: 128)

PHS_BATTERY_IMPACT_EFFECT effect=lightning_ring center=(-403.83, 0.74, -12.79) lifetime=0.80
UnityEngine.Debug:ExtractStackTraceNoAlloc (byte*,int,string)
UnityEngine.StackTraceUtility:ExtractStackTrace () (at C:/build/output/unity/unity/Runtime/Export/Scripting/StackTrace.cs:35)
UnityEngine.DebugLogHandler:Internal_Log (UnityEngine.LogType,UnityEngine.LogOption,string,UnityEngine.Object)
UnityEngine.DebugLogHandler:LogFormat (UnityEngine.LogType,UnityEngine.Object,string,object[]) (at C:/build/output/unity/unity/Runtime/Export/Logging/DebugLogHandler.cs:9)
UnityEngine.Logger:Log (UnityEngine.LogType,object,UnityEngine.Object) (at C:/build/output/unity/unity/Runtime/Export/Logging/Logger.cs:66)
UnityEngine.Debug:Log (object,UnityEngine.Object) (at C:/build/output/unity/unity/Runtime/Export/Debug/Debug.bindings.cs:128)
LastJumpCrew.ParkHanSol.Items.BatteryThrownImpact:SpawnImpactEffect (UnityEngine.GameObject,UnityEngine.Vector3,single,string) (at E:/UNITY/LastJumpCrew/Assets/06. JoHanYong_PlayerSystem/02. Script/BatteryThrownImpact.cs:195)
LastJumpCrew.ParkHanSol.Items.BatteryThrownImpact:PlayImpactEffectClientRpc (UnityEngine.Vector3) (at E:/UNITY/LastJumpCrew/Assets/06. JoHanYong_PlayerSystem/02. Script/BatteryThrownImpact.cs:162)
LastJumpCrew.ParkHanSol.Items.BatteryThrownImpact:__rpc_handler_855497018 (Unity.Netcode.NetworkBehaviour,Unity.Netcode.FastBufferReader,Unity.Netcode.__RpcParams)
Unity.Netcode.RpcMessageHelpers:Handle (Unity.Netcode.NetworkContext&,Unity.Netcode.RpcMetadata&,Unity.Netcode.FastBufferReader&,Unity.Netcode.__RpcParams&) (at ./Library/PackageCache/com.unity.netcode.gameobjects@0f12e689d980/Runtime/Messaging/Messages/RpcMessages.cs:80)
Unity.Netcode.ClientRpcMessage:Handle (Unity.Netcode.NetworkContext&) (at ./Library/PackageCache/com.unity.netcode.gameobjects@0f12e689d980/Runtime/Messaging/Messages/RpcMessages.cs:174)
Unity.Netcode.NetworkMessageManager:ReceiveMessage<Unity.Netcode.ClientRpcMessage> (Unity.Netcode.FastBufferReader,Unity.Netcode.NetworkContext&,Unity.Netcode.NetworkMessageManager) (at ./Library/PackageCache/com.unity.netcode.gameobjects@0f12e689d980/Runtime/Messaging/NetworkMessageManager.cs:566)
Unity.Netcode.NetworkMessageManager:HandleMessage (Unity.Netcode.NetworkMessageHeader&,Unity.Netcode.FastBufferReader,ulong,single,int) (at ./Library/PackageCache/com.unity.netcode.gameobjects@0f12e689d980/Runtime/Messaging/NetworkMessageManager.cs:420)
Unity.Netcode.NetworkMessageManager:ProcessIncomingMessageQueue () (at ./Library/PackageCache/com.unity.netcode.gameobjects@0f12e689d980/Runtime/Messaging/NetworkMessageManager.cs:446)
Unity.Netcode.NetworkManager:NetworkUpdate (Unity.Netcode.NetworkUpdateStage) (at ./Library/PackageCache/com.unity.netcode.gameobjects@0f12e689d980/Runtime/Core/NetworkManager.cs:364)
Unity.Netcode.NetworkUpdateLoop:RunNetworkUpdateStage (Unity.Netcode.NetworkUpdateStage) (at ./Library/PackageCache/com.unity.netcode.gameobjects@0f12e689d980/Runtime/Core/NetworkUpdateLoop.cs:191)
Unity.Netcode.NetworkUpdateLoop/NetworkEarlyUpdate/<>c:<CreateLoopSystem>b__0_0 () (at ./Library/PackageCache/com.unity.netcode.gameobjects@0f12e689d980/Runtime/Core/NetworkUpdateLoop.cs:214)

(Filename: C:/build/output/unity/unity/Runtime/Export/Debug/Debug.bindings.cs Line: 128)

PHS_ITEM_FEEDBACK_SHOWN kind=Battery shape=Sphere radius=3.00 distance=0.00 acceptedTargets=2
UnityEngine.Debug:ExtractStackTraceNoAlloc (byte*,int,string)
UnityEngine.StackTraceUtility:ExtractStackTrace () (at C:/build/output/unity/unity/Runtime/Export/Scripting/StackTrace.cs:35)
UnityEngine.DebugLogHandler:Internal_Log (UnityEngine.LogType,UnityEngine.LogOption,string,UnityEngine.Object)
UnityEngine.DebugLogHandler:LogFormat (UnityEngine.LogType,UnityEngine.Object,string,object[]) (at C:/build/output/unity/unity/Runtime/Export/Logging/DebugLogHandler.cs:9)
UnityEngine.Logger:Log (UnityEngine.LogType,object,UnityEngine.Object) (at C:/build/output/unity/unity/Runtime/Export/Logging/Logger.cs:66)
UnityEngine.Debug:Log (object,UnityEngine.Object) (at C:/build/output/unity/unity/Runtime/Export/Debug/Debug.bindings.cs:128)
LastJumpCrew.ParkHanSol.Items.PHSNetworkItemUseFeedbackController:ShowFeedbackLocal (LastJumpCrew.ParkHanSol.Items.PHSItemUseFeedbackKind,LastJumpCrew.ParkHanSol.Items.PHSItemUseFeedbackShape,UnityEngine.Vector3,UnityEngine.Vector3,single,single,UnityEngine.Vector3[]) (at E:/UNITY/LastJumpCrew/Assets/02. ParkHanSol_TeamLeader_Build & Multi/02. Script/Items/PHSNetworkItemUseFeedbackController.cs:331)
LastJumpCrew.ParkHanSol.Items.PHSNetworkItemUseFeedbackController:ShowFeedbackClientRpc (byte,byte,UnityEngine.Vector3,UnityEngine.Vector3,single,single,UnityEngine.Vector3[]) (at E:/UNITY/LastJumpCrew/Assets/02. ParkHanSol_TeamLeader_Build & Multi/02. Script/Items/PHSNetworkItemUseFeedbackController.cs:269)
LastJumpCrew.ParkHanSol.Items.PHSNetworkItemUseFeedbackController:__rpc_handler_3303230777 (Unity.Netcode.NetworkBehaviour,Unity.Netcode.FastBufferReader,Unity.Netcode.__RpcParams)
Unity.Netcode.RpcMessageHelpers:Handle (Unity.Netcode.NetworkContext&,Unity.Netcode.RpcMetadata&,Unity.Netcode.FastBufferReader&,Unity.Netcode.__RpcParams&) (at ./Library/PackageCache/com.unity.netcode.gameobjects@0f12e689d980/Runtime/Messaging/Messages/RpcMessages.cs:80)
Unity.Netcode.ClientRpcMessage:Handle (Unity.Netcode.NetworkContext&) (at ./Library/PackageCache/com.unity.netcode.gameobjects@0f12e689d980/Runtime/Messaging/Messages/RpcMessages.cs:174)
Unity.Netcode.NetworkMessageManager:ReceiveMessage<Unity.Netcode.ClientRpcMessage> (Unity.Netcode.FastBufferReader,Unity.Netcode.NetworkContext&,Unity.Netcode.NetworkMessageManager) (at ./Library/PackageCache/com.unity.netcode.gameobjects@0f12e689d980/Runtime/Messaging/NetworkMessageManager.cs:566)
Unity.Netcode.NetworkMessageManager:HandleMessage (Unity.Netcode.NetworkMessageHeader&,Unity.Netcode.FastBufferReader,ulong,single,int) (at ./Library/PackageCache/com.unity.netcode.gameobjects@0f12e689d980/Runtime/Messaging/NetworkMessageManager.cs:420)
Unity.Netcode.NetworkMessageManager:ProcessIncomingMessageQueue () (at ./Library/PackageCache/com.unity.netcode.gameobjects@0f12e689d980/Runtime/Messaging/NetworkMessageManager.cs:446)
Unity.Netcode.NetworkManager:NetworkUpdate (Unity.Netcode.NetworkUpdateStage) (at ./Library/PackageCache/com.unity.netcode.gameobjects@0f12e689d980/Runtime/Core/NetworkManager.cs:364)
Unity.Netcode.NetworkUpdateLoop:RunNetworkUpdateStage (Unity.Netcode.NetworkUpdateStage) (at ./Library/PackageCache/com.unity.netcode.gameobjects@0f12e689d980/Runtime/Core/NetworkUpdateLoop.cs:191)
Unity.Netcode.NetworkUpdateLoop/NetworkEarlyUpdate/<>c:<CreateLoopSystem>b__0_0 () (at ./Library/PackageCache/com.unity.netcode.gameobjects@0f12e689d980/Runtime/Core/NetworkUpdateLoop.cs:214)

(Filename: C:/build/output/unity/unity/Runtime/Export/Debug/Debug.bindings.cs Line: 128)

[Vivox]: RTP(0)[::init_connection] Not binding local port
UnityEngine.Debug:ExtractStackTraceNoAlloc (byte*,int,string)
UnityEngine.StackTraceUtility:ExtractStackTrace () (at C:/build/output/unity/unity/Runtime/Export/Scripting/StackTrace.cs:35)
UnityEngine.DebugLogHandler:Internal_Log (UnityEngine.LogType,UnityEngine.LogOption,string,UnityEngine.Object)
UnityEngine.DebugLogHandler:LogFormat (UnityEngine.LogType,UnityEngine.Object,string,object[]) (at C:/build/output/unity/unity/Runtime/Export/Logging/DebugLogHandler.cs:9)
UnityEngine.Logger:Log (string,object) (at C:/build/output/unity/unity/Runtime/Export/Logging/Logger.cs:90)
Unity.Services.Vivox.VivoxLogger:Log (object) (at ./Library/PackageCache/com.unity.services.vivox@3c02b450f2ee/Runtime/SDK/Utils/VivoxLogger.cs:13)
Unity.Services.Vivox.VivoxCoreInstancePINVOKE/SWIGLogHelper:Vx_Log_Event (Unity.Services.Vivox.vx_log_level,string,string) (at ./Library/PackageCache/com.unity.services.vivox@3c02b450f2ee/Runtime/VivoxUnity/swig/VivoxCoreInstancePINVOKE.cs:10901)

(Filename: ./Library/PackageCache/com.unity.services.vivox@3c02b450f2ee/Runtime/VivoxUnity/swig/VivoxCoreInstancePINVOKE.cs Line: 10901)

PHS_VOICE_CHANNEL_READY channel=ParkHanSol_TestVoice
UnityEngine.Debug:ExtractStackTraceNoAlloc (byte*,int,string)
UnityEngine.StackTraceUtility:ExtractStackTrace () (at C:/build/output/unity/unity/Runtime/Export/Scripting/StackTrace.cs:35)
UnityEngine.DebugLogHandler:Internal_Log (UnityEngine.LogType,UnityEngine.LogOption,string,UnityEngine.Object)
UnityEngine.DebugLogHandler:LogFormat (UnityEngine.LogType,UnityEngine.Object,string,object[]) (at C:/build/output/unity/unity/Runtime/Export/Logging/DebugLogHandler.cs:9)
UnityEngine.Logger:Log (UnityEngine.LogType,object) (at C:/build/output/unity/unity/Runtime/Export/Logging/Logger.cs:60)
UnityEngine.Debug:Log (object) (at C:/build/output/unity/unity/Runtime/Export/Debug/Debug.bindings.cs:123)
LastJumpCrew.ParkHanSol.Multiplayer.ProximityVoiceChatSession/<JoinForLocalPlayerAsync>d__44:MoveNext () (at E:/UNITY/LastJumpCrew/Assets/02. ParkHanSol_TeamLeader_Build & Multi/02. Script/Multiplayer/ProximityVoiceChatSession.cs:116)
System.Runtime.CompilerServices.AsyncMethodBuilderCore/MoveNextRunner:InvokeMoveNext (object)
System.Threading.ExecutionContext:RunInternal (System.Threading.ExecutionContext,System.Threading.ContextCallback,object,bool)
System.Threading.ExecutionContext:Run (System.Threading.ExecutionContext,System.Threading.ContextCallback,object,bool)
System.Runtime.CompilerServices.AsyncMethodBuilderCore/MoveNextRunner:Run ()
System.Threading.Tasks.AwaitTaskContinuation:InvokeAction (object)
System.Threading.Tasks.AwaitTaskContinuation:RunCallback (System.Threading.ContextCallback,object,System.Threading.Tasks.Task&)
System.Threading.Tasks.SynchronizationContextAwaitTaskContinuation:Run (System.Threading.Tasks.Task,bool)
System.Threading.Tasks.Task:FinishContinuations ()
System.Threading.Tasks.Task:FinishStageThree ()
System.Threading.Tasks.Task`1<System.Threading.Tasks.VoidTaskResult>:TrySetResult (System.Threading.Tasks.VoidTaskResult)
System.Runtime.CompilerServices.AsyncTaskMethodBuilder`1<System.Threading.Tasks.VoidTaskResult>:SetResult (System.Threading.Tasks.VoidTaskResult)
System.Runtime.CompilerServices.AsyncTaskMethodBuilder`1<System.Threading.Tasks.VoidTaskResult>:SetResult (System.Threading.Tasks.Task`1<System.Threading.Tasks.VoidTaskResult>)
System.Runtime.CompilerServices.AsyncTaskMethodBuilder:SetResult ()
LastJumpCrew.ParkHanSol.Multiplayer.ProximityVoiceChatSession/<ApplyChannelVolumeAsync>d__75:MoveNext () (at E:/UNITY/LastJumpCrew/Assets/02. ParkHanSol_TeamLeader_Build & Multi/02. Script/Multiplayer/ProximityVoiceChatSession.cs:669)
System.Runtime.CompilerServices.AsyncMethodBuilderCore/MoveNextRunner:InvokeMoveNext (object)
System.Threading.ExecutionContext:RunInternal (System.Threading.ExecutionContext,System.Threading.ContextCallback,object,bool)
System.Threading.ExecutionContext:Run (System.Threading.ExecutionContext,System.Threading.ContextCallback,object,bool)
System.Runtime.CompilerServices.AsyncMethodBuilderCore/MoveNextRunner:Run ()
System.Threading.Tasks.AwaitTaskContinuation:InvokeAction (object)
System.Threading.Tasks.AwaitTaskContinuation:RunCallback (System.Threading.ContextCallback,object,System.Threading.Tasks.Task&)
System.Threading.Tasks.SynchronizationContextAwaitTaskContinuation:Run (System.Threading.Tasks.Task,bool)
System.Threading.Tasks.Task:FinishContinuations ()
System.Threading.Tasks.Task:FinishStageThree ()
System.Threading.Tasks.Task`1<System.Threading.Tasks.VoidTaskResult>:TrySetResult (System.Threading.Tasks.VoidTaskResult)
System.Runtime.CompilerServices.AsyncTaskMethodBuilder`1<System.Threading.Tasks.VoidTaskResult>:SetResult (System.Threading.Tasks.VoidTaskResult)
System.Runtime.CompilerServices.AsyncTaskMethodBuilder`1<System.Threading.Tasks.VoidTaskResult>:SetResult (System.Threading.Tasks.Task`1<System.Threading.Tasks.VoidTaskResult>)
System.Runtime.CompilerServices.AsyncTaskMethodBuilder:SetResult ()
Unity.Services.Vivox.VivoxServiceInternal/<SetChannelVolumeAsync>d__192:MoveNext () (at ./Library/PackageCache/com.unity.services.vivox@3c02b450f2ee/Runtime/VivoxServiceInternal.cs:690)
System.Runtime.CompilerServices.AsyncMethodBuilderCore/MoveNextRunner:InvokeMoveNext (object)
System.Threading.ExecutionContext:RunInternal (System.Threading.ExecutionContext,System.Threading.ContextCallback,object,bool)
System.Threading.ExecutionContext:Run (System.Threading.ExecutionContext,System.Threading.ContextCallback,object,bool)
System.Runtime.CompilerServices.AsyncMethodBuilderCore/MoveNextRunner:Run ()
System.Threading.Tasks.AwaitTaskContinuation:InvokeAction (object)
System.Threading.Tasks.AwaitTaskContinuation:RunCallback (System.Threading.ContextCallback,object,System.Threading.Tasks.Task&)
System.Threading.Tasks.SynchronizationContextAwaitTaskContinuation:Run (System.Threading.Tasks.Task,bool)
System.Threading.Tasks.Task:FinishContinuations ()
System.Threading.Tasks.Task:FinishStageThree ()
System.Threading.Tasks.Task`1<System.Threading.Tasks.VoidTaskResult>:TrySetResult (System.Threading.Tasks.VoidTaskResult)
System.Runtime.CompilerServices.AsyncTaskMethodBuilder`1<System.Threading.Tasks.VoidTaskResult>:SetResult (System.Threading.Tasks.VoidTaskResult)
System.Runtime.CompilerServices.AsyncTaskMethodBuilder`1<System.Threading.Tasks.VoidTaskResult>:SetResult (System.Threading.Tasks.Task`1<System.Threading.Tasks.VoidTaskResult>)
System.Runtime.CompilerServices.AsyncTaskMethodBuilder:SetResult ()
Unity.Services.Vivox.ChannelSession/<SetVolumeAsync>d__42:MoveNext () (at ./Library/PackageCache/com.unity.services.vivox@3c02b450f2ee/Runtime/VivoxUnity/Private/ChannelSession.cs:475)
System.Runtime.CompilerServices.AsyncMethodBuilderCore/MoveNextRunner:InvokeMoveNext (object)
System.Threading.ExecutionContext:RunInternal (System.Threading.ExecutionContext,System.Threading.ContextCallback,object,bool)
System.Threading.ExecutionContext:Run (System.Threading.ExecutionContext,System.Threading.ContextCallback,object,bool)
System.Runtime.CompilerServices.AsyncMethodBuilderCore/MoveNextRunner:Run ()
System.Threading.Tasks.SynchronizationContextAwaitTaskContinuation/<>c:<.cctor>b__7_0 (object)
UnityEngine.UnitySynchronizationContext/WorkRequest:Invoke () (at C:/build/output/unity/unity/Runtime/Export/Scripting/UnitySynchronizationContext.cs:156)
UnityEngine.UnitySynchronizationContext:Exec () (at C:/build/output/unity/unity/Runtime/Export/Scripting/UnitySynchronizationContext.cs:84)
UnityEngine.UnitySynchronizationContext:ExecuteTasks () (at C:/build/output/unity/unity/Runtime/Export/Scripting/UnitySynchronizationContext.cs:110)

(Filename: C:/build/output/unity/unity/Runtime/Export/Debug/Debug.bindings.cs Line: 123)

