Mono path[0] = 'E:/UNITY/LastJumpCrew/Builds/PHS0717Validation/LastJumpCrew_Data/Managed'
Mono config path = 'E:/UNITY/LastJumpCrew/Builds/PHS0717Validation/MonoBleedingEdge/etc'
CodeReloadManager initialized
Found 1 interfaces on host : 0) 172.30.1.7
Player connection [48804]  Target information:

Player connection [48804]  * "[IP] 172.30.1.7 [Port] 55000 [Flags] 2 [Guid] 2462953306 [EditorId] 2512859468 [Version] 1048832 [Id] WindowsPlayer(2,hansolcom) [Debug] 0 [PackageName] WindowsPlayer [ProjectName] LastJumpCrew" 

Player connection [48804] Started UDP target info broadcast (1) on [225.0.0.222:54997].

Input System module state changed to: Initialized.
[Physics::Module] Initialized fallback backend.
[Physics::Module] Id: 0xdecafbad
Initialize engine version: 6000.5.2f1 (eb73d3b415a1)
[Subsystems] Discovering subsystems at path E:/UNITY/LastJumpCrew/Builds/PHS0717Validation/LastJumpCrew_Data/UnitySubsystems
[D3D12 Device Filter] Vendor Name: NVIDIA
[D3D12 Device Filter] Device Name: NVIDIA GeForce RTX 4080
[D3D12 Device Filter] Driver Version: 32.0.15.7283
[D3D12 Device Filter] Feature Level: 12.2
[D3D12 Device Filter] Graphics Memory: 16050 MB
[D3D12 Device Filter] Processor Count: 24
[D3D12 Device Filter] Device Type: Discrete
GfxDevice: creating device client; kGfxThreadingModeSplitJobs
d3d12: failed to query info queue interface (0x80004002).
Direct3D:
    Version:         Direct3D 12 [level 12.2]
    Renderer:        NVIDIA GeForce RTX 4080 (ID=0x2704)
    Vendor:          NVIDIA
    VRAM:            16050 MB
    App VRAM Budget: 15282 MB
    Driver:          32.0.15.7283
Begin MonoManager ReloadAssembly
- Finished resetting the current domain, in  0.049 seconds
[Physics::Module] Selected backend.
[Physics::Module] Name: PhysX
[Physics::Module] Id: 0xf2b8ea05
[Physics::Module] SDK Version: 4.1.2
[Physics::Module] Integration Version: 1.0.0
[Physics::Module] Threading Mode: Multi-Threaded
<RI> Initializing input.
Using Windows.Gaming.Input
UnloadTime: 5.357500 ms
PHS_DEBRIS_STREAM_READY stream=PHS_LobbyDebrisStream mode=local total=11 generated=1
UnityEngine.Debug:ExtractStackTraceNoAlloc (byte*,int,string)
UnityEngine.StackTraceUtility:ExtractStackTrace () (at C:/build/output/unity/unity/Runtime/Export/Scripting/StackTrace.cs:35)
UnityEngine.DebugLogHandler:Internal_Log (UnityEngine.LogType,UnityEngine.LogOption,string,UnityEngine.Object)
UnityEngine.DebugLogHandler:LogFormat (UnityEngine.LogType,UnityEngine.Object,string,object[]) (at C:/build/output/unity/unity/Runtime/Export/Logging/DebugLogHandler.cs:9)
UnityEngine.Logger:Log (UnityEngine.LogType,object,UnityEngine.Object) (at C:/build/output/unity/unity/Runtime/Export/Logging/Logger.cs:66)
UnityEngine.Debug:Log (object,UnityEngine.Object) (at C:/build/output/unity/unity/Runtime/Export/Debug/Debug.bindings.cs:128)
LastJumpCrew.ParkHanSol.Multiplayer.PHSRandomDebrisStream:InitializeSimulation () (at E:/UNITY/LastJumpCrew/Assets/02. ParkHanSol_TeamLeader_Build & Multi/02. Script/Multiplayer/PHSRandomDebrisStream.cs:158)
LastJumpCrew.ParkHanSol.Multiplayer.PHSRandomDebrisStream:Awake () (at E:/UNITY/LastJumpCrew/Assets/02. ParkHanSol_TeamLeader_Build & Multi/02. Script/Multiplayer/PHSRandomDebrisStream.cs:76)

(Filename: C:/build/output/unity/unity/Runtime/Export/Debug/Debug.bindings.cs Line: 128)

[DataManager] Init 완료 — Items 8 / Tools 8 / Zones 0
UnityEngine.Debug:ExtractStackTraceNoAlloc (byte*,int,string)
UnityEngine.StackTraceUtility:ExtractStackTrace () (at C:/build/output/unity/unity/Runtime/Export/Scripting/StackTrace.cs:35)
UnityEngine.DebugLogHandler:Internal_Log (UnityEngine.LogType,UnityEngine.LogOption,string,UnityEngine.Object)
UnityEngine.DebugLogHandler:LogFormat (UnityEngine.LogType,UnityEngine.Object,string,object[]) (at C:/build/output/unity/unity/Runtime/Export/Logging/DebugLogHandler.cs:9)
UnityEngine.Logger:Log (UnityEngine.LogType,object) (at C:/build/output/unity/unity/Runtime/Export/Logging/Logger.cs:60)
UnityEngine.Debug:Log (object) (at C:/build/output/unity/unity/Runtime/Export/Debug/Debug.bindings.cs:123)
LastJumpCrew.SeoBoGyeong.DataManager:Init () (at E:/UNITY/LastJumpCrew/Assets/03. SeoBoGyeong_Game Economy/02. Script/DataManager.cs:37)
LastJumpCrew.SeoBoGyeong.GameCore:Init () (at E:/UNITY/LastJumpCrew/Assets/03. SeoBoGyeong_Game Economy/02. Script/GameCore.cs:66)
LastJumpCrew.SeoBoGyeong.GameCore:Awake () (at E:/UNITY/LastJumpCrew/Assets/03. SeoBoGyeong_Game Economy/02. Script/GameCore.cs:47)

(Filename: C:/build/output/unity/unity/Runtime/Export/Debug/Debug.bindings.cs Line: 123)

Ran out of Graphics Ring Buffer space. Consider using the -gfx-ring-buffer-size command line option to increase the size.
PHS_AUTO_HOST_BEGIN
UnityEngine.Debug:ExtractStackTraceNoAlloc (byte*,int,string)
UnityEngine.StackTraceUtility:ExtractStackTrace () (at C:/build/output/unity/unity/Runtime/Export/Scripting/StackTrace.cs:35)
UnityEngine.DebugLogHandler:Internal_Log (UnityEngine.LogType,UnityEngine.LogOption,string,UnityEngine.Object)
UnityEngine.DebugLogHandler:LogFormat (UnityEngine.LogType,UnityEngine.Object,string,object[]) (at C:/build/output/unity/unity/Runtime/Export/Logging/DebugLogHandler.cs:9)
UnityEngine.Logger:Log (UnityEngine.LogType,object) (at C:/build/output/unity/unity/Runtime/Export/Logging/Logger.cs:60)
UnityEngine.Debug:Log (object) (at C:/build/output/unity/unity/Runtime/Export/Debug/Debug.bindings.cs:123)
LastJumpCrew.ParkHanSol.Multiplayer.ParkHanSolLobbyMenuController/<RunCommandLineAutomation>d__52:MoveNext () (at E:/UNITY/LastJumpCrew/Assets/02. ParkHanSol_TeamLeader_Build & Multi/02. Script/Multiplayer/ParkHanSolLobbyMenuController.cs:413)
UnityEngine.SetupCoroutine:InvokeMoveNext (System.Collections.IEnumerator,intptr) (at C:/build/output/unity/unity/Runtime/Export/Scripting/Coroutines.cs:17)

(Filename: C:/build/output/unity/unity/Runtime/Export/Debug/Debug.bindings.cs Line: 123)

PHS_SERVICES_PROFILE profile=p0-final-host-2259
UnityEngine.Debug:ExtractStackTraceNoAlloc (byte*,int,string)
UnityEngine.StackTraceUtility:ExtractStackTrace () (at C:/build/output/unity/unity/Runtime/Export/Scripting/StackTrace.cs:35)
UnityEngine.DebugLogHandler:Internal_Log (UnityEngine.LogType,UnityEngine.LogOption,string,UnityEngine.Object)
UnityEngine.DebugLogHandler:LogFormat (UnityEngine.LogType,UnityEngine.Object,string,object[]) (at C:/build/output/unity/unity/Runtime/Export/Logging/DebugLogHandler.cs:9)
UnityEngine.Logger:Log (UnityEngine.LogType,object) (at C:/build/output/unity/unity/Runtime/Export/Logging/Logger.cs:60)
UnityEngine.Debug:Log (object) (at C:/build/output/unity/unity/Runtime/Export/Debug/Debug.bindings.cs:123)
LastJumpCrew.ParkHanSol.Multiplayer.MultiplayerRoomService:BuildInitializationOptions () (at E:/UNITY/LastJumpCrew/Assets/02. ParkHanSol_TeamLeader_Build & Multi/02. Script/Multiplayer/MultiplayerRoomService.cs:545)
LastJumpCrew.ParkHanSol.Multiplayer.MultiplayerRoomService/<InitializeServicesAsync>d__38:MoveNext () (at E:/UNITY/LastJumpCrew/Assets/02. ParkHanSol_TeamLeader_Build & Multi/02. Script/Multiplayer/MultiplayerRoomService.cs:287)
System.Runtime.CompilerServices.AsyncTaskMethodBuilder`1<bool>:Start<LastJumpCrew.ParkHanSol.Multiplayer.MultiplayerRoomService/<InitializeServicesAsync>d__38> (LastJumpCrew.ParkHanSol.Multiplayer.MultiplayerRoomService/<InitializeServicesAsync>d__38&)
LastJumpCrew.ParkHanSol.Multiplayer.MultiplayerRoomService:InitializeServicesAsync ()
LastJumpCrew.ParkHanSol.Multiplayer.MultiplayerRoomService/<CreateRoomAsync>d__33:MoveNext () (at E:/UNITY/LastJumpCrew/Assets/02. ParkHanSol_TeamLeader_Build & Multi/02. Script/Multiplayer/MultiplayerRoomService.cs:120)
System.Runtime.CompilerServices.AsyncTaskMethodBuilder`1<bool>:Start<LastJumpCrew.ParkHanSol.Multiplayer.MultiplayerRoomService/<CreateRoomAsync>d__33> (LastJumpCrew.ParkHanSol.Multiplayer.MultiplayerRoomService/<CreateRoomAsync>d__33&)
LastJumpCrew.ParkHanSol.Multiplayer.MultiplayerRoomService:CreateRoomAsync (string,int,string)
LastJumpCrew.ParkHanSol.Multiplayer.ParkHanSolLobbyMenuController/<CreateRoomAsync>d__40:MoveNext () (at E:/UNITY/LastJumpCrew/Assets/02. ParkHanSol_TeamLeader_Build & Multi/02. Script/Multiplayer/ParkHanSolLobbyMenuController.cs:232)
System.Runtime.CompilerServices.AsyncTaskMethodBuilder`1<bool>:Start<LastJumpCrew.ParkHanSol.Multiplayer.ParkHanSolLobbyMenuController/<CreateRoomAsync>d__40> (LastJumpCrew.ParkHanSol.Multiplayer.ParkHanSolLobbyMenuController/<CreateRoomAsync>d__40&)
LastJumpCrew.ParkHanSol.Multiplayer.ParkHanSolLobbyMenuController:CreateRoomAsync (string,int)
LastJumpCrew.ParkHanSol.Multiplayer.ParkHanSolLobbyMenuController/<CreateRoomFromCommandLineAsync>d__53:MoveNext () (at E:/UNITY/LastJumpCrew/Assets/02. ParkHanSol_TeamLeader_Build & Multi/02. Script/Multiplayer/ParkHanSolLobbyMenuController.cs:433)
System.Runtime.CompilerServices.AsyncTaskMethodBuilder:Start<LastJumpCrew.ParkHanSol.Multiplayer.ParkHanSolLobbyMenuController/<CreateRoomFromCommandLineAsync>d__53> (LastJumpCrew.ParkHanSol.Multiplayer.ParkHanSolLobbyMenuController/<CreateRoomFromCommandLineAsync>d__53&)
LastJumpCrew.ParkHanSol.Multiplayer.ParkHanSolLobbyMenuController:CreateRoomFromCommandLineAsync ()
LastJumpCrew.ParkHanSol.Multiplayer.ParkHanSolLobbyMenuController/<RunCommandLineAutomation>d__52:MoveNext () (at E:/UNITY/LastJumpCrew/Assets/02. ParkHanSol_TeamLeader_Build & Multi/02. Script/Multiplayer/ParkHanSolLobbyMenuController.cs:414)
UnityEngine.SetupCoroutine:InvokeMoveNext (System.Collections.IEnumerator,intptr) (at C:/build/output/unity/unity/Runtime/Export/Scripting/Coroutines.cs:17)

(Filename: C:/build/output/unity/unity/Runtime/Export/Debug/Debug.bindings.cs Line: 123)

PHS_ROOM_SERVICE_READY playerId=8ozrr4nr5dnBroKESvnh2XKS6II3
UnityEngine.Debug:ExtractStackTraceNoAlloc (byte*,int,string)
UnityEngine.StackTraceUtility:ExtractStackTrace () (at C:/build/output/unity/unity/Runtime/Export/Scripting/StackTrace.cs:35)
UnityEngine.DebugLogHandler:Internal_Log (UnityEngine.LogType,UnityEngine.LogOption,string,UnityEngine.Object)
UnityEngine.DebugLogHandler:LogFormat (UnityEngine.LogType,UnityEngine.Object,string,object[]) (at C:/build/output/unity/unity/Runtime/Export/Logging/DebugLogHandler.cs:9)
UnityEngine.Logger:Log (UnityEngine.LogType,object) (at C:/build/output/unity/unity/Runtime/Export/Logging/Logger.cs:60)
UnityEngine.Debug:Log (object) (at C:/build/output/unity/unity/Runtime/Export/Debug/Debug.bindings.cs:123)
LastJumpCrew.ParkHanSol.Multiplayer.MultiplayerRoomService/<InitializeServicesAsync>d__38:MoveNext () (at E:/UNITY/LastJumpCrew/Assets/02. ParkHanSol_TeamLeader_Build & Multi/02. Script/Multiplayer/MultiplayerRoomService.cs:325)
System.Runtime.CompilerServices.AsyncMethodBuilderCore/MoveNextRunner:InvokeMoveNext (object)
System.Threading.ExecutionContext:RunInternal (System.Threading.ExecutionContext,System.Threading.ContextCallback,object,bool)
System.Threading.ExecutionContext:Run (System.Threading.ExecutionContext,System.Threading.ContextCallback,object,bool)
System.Runtime.CompilerServices.AsyncMethodBuilderCore/MoveNextRunner:Run ()
System.Threading.Tasks.AwaitTaskContinuation:InvokeAction (object)
System.Threading.Tasks.AwaitTaskContinuation:RunCallback (System.Threading.ContextCallback,object,System.Threading.Tasks.Task&)
System.Threading.Tasks.SynchronizationContextAwaitTaskContinuation:Run (System.Threading.Tasks.Task,bool)
System.Threading.Tasks.Task:FinishContinuations ()
System.Threading.Tasks.Task:FinishStageThree ()
System.Threading.Tasks.Task`1<System.Threading.Tasks.VoidTaskResult>:TrySetResult (System.Threading.Tasks.VoidTaskResult)
System.Runtime.CompilerServices.AsyncTaskMethodBuilder`1<System.Threading.Tasks.VoidTaskResult>:SetResult (System.Threading.Tasks.VoidTaskResult)
System.Runtime.CompilerServices.AsyncTaskMethodBuilder`1<System.Threading.Tasks.VoidTaskResult>:SetResult (System.Threading.Tasks.Task`1<System.Threading.Tasks.VoidTaskResult>)
System.Runtime.CompilerServices.AsyncTaskMethodBuilder:SetResult ()
Unity.Services.Authentication.AuthenticationServiceInternal/<HandleSignInRequestAsync>d__195:MoveNext () (at ./Library/PackageCache/com.unity.services.authentication@9a8b7a204688/Runtime/AuthenticationServiceInternal.cs:340)
System.Runtime.CompilerServices.AsyncMethodBuilderCore/MoveNextRunner:InvokeMoveNext (object)
System.Threading.ExecutionContext:RunInternal (System.Threading.ExecutionContext,System.Threading.ContextCallback,object,bool)
System.Threading.ExecutionContext:Run (System.Threading.ExecutionContext,System.Threading.ContextCallback,object,bool)
System.Runtime.CompilerServices.AsyncMethodBuilderCore/MoveNextRunner:Run ()
System.Threading.Tasks.AwaitTaskContinuation:InvokeAction (object)
System.Threading.Tasks.AwaitTaskContinuation:RunCallback (System.Threading.ContextCallback,object,System.Threading.Tasks.Task&)
System.Threading.Tasks.SynchronizationContextAwaitTaskContinuation:Run (System.Threading.Tasks.Task,bool)
System.Threading.Tasks.Task:FinishContinuations ()
System.Threading.Tasks.Task:FinishStageThree ()
System.Threading.Tasks.Task`1<Unity.Services.Authentication.SignInResponse>:TrySetResult (Unity.Services.Authentication.SignInResponse)
System.Runtime.CompilerServices.AsyncTaskMethodBuilder`1<Unity.Services.Authentication.SignInResponse>:SetResult (Unity.Services.Authentication.SignInResponse)
Unity.Services.Authentication.WebRequest/<SendAsync>d__15`1<Unity.Services.Authentication.SignInResponse>:MoveNext () (at ./Library/PackageCache/com.unity.services.authentication@9a8b7a204688/Runtime/Network/WebRequest.cs:66)
System.Runtime.CompilerServices.AsyncMethodBuilderCore/MoveNextRunner:InvokeMoveNext (object)
System.Threading.ExecutionContext:RunInternal (System.Threading.ExecutionContext,System.Threading.ContextCallback,object,bool)
System.Threading.ExecutionContext:Run (System.Threading.ExecutionContext,System.Threading.ContextCallback,object,bool)
System.Runtime.CompilerServices.AsyncMethodBuilderCore/MoveNextRunner:Run ()
System.Threading.Tasks.AwaitTaskContinuation:InvokeAction (object)
System.Threading.Tasks.AwaitTaskContinuation:RunCallback (System.Threading.ContextCallback,object,System.Threading.Tasks.Task&)
System.Threading.Tasks.SynchronizationContextAwaitTaskContinuation:Run (System.Threading.Tasks.Task,bool)
System.Threading.Tasks.Task:FinishContinuations ()
System.Threading.Tasks.Task:FinishStageThree ()
System.Threading.Tasks.Task`1<string>:TrySetResult (string)
System.Threading.Tasks.TaskCompletionSource`1<string>:TrySetResult (string)
System.Threading.Tasks.TaskCompletionSource`1<string>:SetResult (string)
Unity.Services.Authentication.WebRequest:RequestCompleted (System.Threading.Tasks.TaskCompletionSource`1<string>,long,bool,bool,string,string,System.Collections.Generic.IDictionary`2<string, string>) (at ./Library/PackageCache/com.unity.services.authentication@9a8b7a204688/Runtime/Network/WebRequest.cs:198)
Unity.Services.Authentication.WebRequest/<>c__DisplayClass16_0:<SendAttemptAsync>b__0 (UnityEngine.AsyncOperation) (at ./Library/PackageCache/com.unity.services.authentication@9a8b7a204688/Runtime/Network/WebRequest.cs:76)
UnityEngine.AsyncOperation:InvokeCompletionEvent () (at C:/build/output/unity/unity/Runtime/Export/Scripting/AsyncOperation.cs:24)

(Filename: C:/build/output/unity/unity/Runtime/Export/Debug/Debug.bindings.cs Line: 123)

QosJob: executing job with 10000ms timeout
UnityEngine.Debug:ExtractStackTraceNoAlloc (byte*,int,string)
UnityEngine.StackTraceUtility:ExtractStackTrace () (at C:/build/output/unity/unity/Runtime/Export/Scripting/StackTrace.cs:35)
UnityEngine.DebugLogHandler:Internal_Log (UnityEngine.LogType,UnityEngine.LogOption,string,UnityEngine.Object)
UnityEngine.DebugLogHandler:LogFormat (UnityEngine.LogType,UnityEngine.Object,string,object[]) (at C:/build/output/unity/unity/Runtime/Export/Logging/DebugLogHandler.cs:9)
UnityEngine.Logger:Log (UnityEngine.LogType,object) (at C:/build/output/unity/unity/Runtime/Export/Logging/Logger.cs:60)
UnityEngine.Debug:Log (object) (at C:/build/output/unity/unity/Runtime/Export/Debug/Debug.bindings.cs:123)
Unity.Networking.QoS.QosJob:Execute () (at ./Library/PackageCache/com.unity.services.qos@03d4b52d4980/Runtime/Runner/QosJob.cs:127)
Unity.Jobs.IJobExtensions/JobStruct`1<Unity.Networking.QoS.QosJob>:Execute (Unity.Networking.QoS.QosJob&,intptr,intptr,Unity.Jobs.LowLevel.Unsafe.JobRanges&,int) (at C:/build/output/unity/unity/Runtime/Jobs/Managed/IJob.cs:61)

(Filename: C:/build/output/unity/unity/Runtime/Export/Debug/Debug.bindings.cs Line: 123)

QosJob: send to 34.124.138.42:7778 took 2ms
UnityEngine.Debug:ExtractStackTraceNoAlloc (byte*,int,string)
UnityEngine.StackTraceUtility:ExtractStackTrace () (at C:/build/output/unity/unity/Runtime/Export/Scripting/StackTrace.cs:35)
UnityEngine.DebugLogHandler:Internal_Log (UnityEngine.LogType,UnityEngine.LogOption,string,UnityEngine.Object)
UnityEngine.DebugLogHandler:LogFormat (UnityEngine.LogType,UnityEngine.Object,string,object[]) (at C:/build/output/unity/unity/Runtime/Export/Logging/DebugLogHandler.cs:9)
UnityEngine.Logger:Log (UnityEngine.LogType,object) (at C:/build/output/unity/unity/Runtime/Export/Logging/Logger.cs:60)
UnityEngine.Debug:Log (object) (at C:/build/output/unity/unity/Runtime/Export/Debug/Debug.bindings.cs:123)
Unity.Networking.QoS.QosJob:ProcessServer (Unity.Networking.QoS.QosJob/InternalQosServer,Unity.Baselib.LowLevel.Binding/Baselib_Socket_Handle) (at ./Library/PackageCache/com.unity.services.qos@03d4b52d4980/Runtime/Runner/QosJob.cs:225)
Unity.Networking.QoS.QosJob:ProcessServers (Unity.Baselib.LowLevel.Binding/Baselib_Socket_Handle) (at ./Library/PackageCache/com.unity.services.qos@03d4b52d4980/Runtime/Runner/QosJob.cs:165)
Unity.Networking.QoS.QosJob:Execute () (at ./Library/PackageCache/com.unity.services.qos@03d4b52d4980/Runtime/Runner/QosJob.cs:142)
Unity.Jobs.IJobExtensions/JobStruct`1<Unity.Networking.QoS.QosJob>:Execute (Unity.Networking.QoS.QosJob&,intptr,intptr,Unity.Jobs.LowLevel.Unsafe.JobRanges&,int) (at C:/build/output/unity/unity/Runtime/Jobs/Managed/IJob.cs:61)

(Filename: C:/build/output/unity/unity/Runtime/Export/Debug/Debug.bindings.cs Line: 123)

QosJob: send to 34.55.12.160:7778 took 2ms
UnityEngine.Debug:ExtractStackTraceNoAlloc (byte*,int,string)
UnityEngine.StackTraceUtility:ExtractStackTrace () (at C:/build/output/unity/unity/Runtime/Export/Scripting/StackTrace.cs:35)
UnityEngine.DebugLogHandler:Internal_Log (UnityEngine.LogType,UnityEngine.LogOption,string,UnityEngine.Object)
UnityEngine.DebugLogHandler:LogFormat (UnityEngine.LogType,UnityEngine.Object,string,object[]) (at C:/build/output/unity/unity/Runtime/Export/Logging/DebugLogHandler.cs:9)
UnityEngine.Logger:Log (UnityEngine.LogType,object) (at C:/build/output/unity/unity/Runtime/Export/Logging/Logger.cs:60)
UnityEngine.Debug:Log (object) (at C:/build/output/unity/unity/Runtime/Export/Debug/Debug.bindings.cs:123)
Unity.Networking.QoS.QosJob:ProcessServer (Unity.Networking.QoS.QosJob/InternalQosServer,Unity.Baselib.LowLevel.Binding/Baselib_Socket_Handle) (at ./Library/PackageCache/com.unity.services.qos@03d4b52d4980/Runtime/Runner/QosJob.cs:225)
Unity.Networking.QoS.QosJob:ProcessServers (Unity.Baselib.LowLevel.Binding/Baselib_Socket_Handle) (at ./Library/PackageCache/com.unity.services.qos@03d4b52d4980/Runtime/Runner/QosJob.cs:165)
Unity.Networking.QoS.QosJob:Execute () (at ./Library/PackageCache/com.unity.services.qos@03d4b52d4980/Runtime/Runner/QosJob.cs:142)
Unity.Jobs.IJobExtensions/JobStruct`1<Unity.Networking.QoS.QosJob>:Execute (Unity.Networking.QoS.QosJob&,intptr,intptr,Unity.Jobs.LowLevel.Unsafe.JobRanges&,int) (at C:/build/output/unity/unity/Runtime/Jobs/Managed/IJob.cs:61)

(Filename: C:/build/output/unity/unity/Runtime/Export/Debug/Debug.bindings.cs Line: 123)

QosJob: send to 34.88.79.163:7778 took 0ms
UnityEngine.Debug:ExtractStackTraceNoAlloc (byte*,int,string)
UnityEngine.StackTraceUtility:ExtractStackTrace () (at C:/build/output/unity/unity/Runtime/Export/Scripting/StackTrace.cs:35)
UnityEngine.DebugLogHandler:Internal_Log (UnityEngine.LogType,UnityEngine.LogOption,string,UnityEngine.Object)
UnityEngine.DebugLogHandler:LogFormat (UnityEngine.LogType,UnityEngine.Object,string,object[]) (at C:/build/output/unity/unity/Runtime/Export/Logging/DebugLogHandler.cs:9)
UnityEngine.Logger:Log (UnityEngine.LogType,object) (at C:/build/output/unity/unity/Runtime/Export/Logging/Logger.cs:60)
UnityEngine.Debug:Log (object) (at C:/build/output/unity/unity/Runtime/Export/Debug/Debug.bindings.cs:123)
Unity.Networking.QoS.QosJob:ProcessServer (Unity.Networking.QoS.QosJob/InternalQosServer,Unity.Baselib.LowLevel.Binding/Baselib_Socket_Handle) (at ./Library/PackageCache/com.unity.services.qos@03d4b52d4980/Runtime/Runner/QosJob.cs:225)
Unity.Networking.QoS.QosJob:ProcessServers (Unity.Baselib.LowLevel.Binding/Baselib_Socket_Handle) (at ./Library/PackageCache/com.unity.services.qos@03d4b52d4980/Runtime/Runner/QosJob.cs:165)
Unity.Networking.QoS.QosJob:Execute () (at ./Library/PackageCache/com.unity.services.qos@03d4b52d4980/Runtime/Runner/QosJob.cs:142)
Unity.Jobs.IJobExtensions/JobStruct`1<Unity.Networking.QoS.QosJob>:Execute (Unity.Networking.QoS.QosJob&,intptr,intptr,Unity.Jobs.LowLevel.Unsafe.JobRanges&,int) (at C:/build/output/unity/unity/Runtime/Jobs/Managed/IJob.cs:61)

(Filename: C:/build/output/unity/unity/Runtime/Export/Debug/Debug.bindings.cs Line: 123)

QosJob: send to 34.151.83.253:7778 took 1ms
UnityEngine.Debug:ExtractStackTraceNoAlloc (byte*,int,string)
UnityEngine.StackTraceUtility:ExtractStackTrace () (at C:/build/output/unity/unity/Runtime/Export/Scripting/StackTrace.cs:35)
UnityEngine.DebugLogHandler:Internal_Log (UnityEngine.LogType,UnityEngine.LogOption,string,UnityEngine.Object)
UnityEngine.DebugLogHandler:LogFormat (UnityEngine.LogType,UnityEngine.Object,string,object[]) (at C:/build/output/unity/unity/Runtime/Export/Logging/DebugLogHandler.cs:9)
UnityEngine.Logger:Log (UnityEngine.LogType,object) (at C:/build/output/unity/unity/Runtime/Export/Logging/Logger.cs:60)
UnityEngine.Debug:Log (object) (at C:/build/output/unity/unity/Runtime/Export/Debug/Debug.bindings.cs:123)
Unity.Networking.QoS.QosJob:ProcessServer (Unity.Networking.QoS.QosJob/InternalQosServer,Unity.Baselib.LowLevel.Binding/Baselib_Socket_Handle) (at ./Library/PackageCache/com.unity.services.qos@03d4b52d4980/Runtime/Runner/QosJob.cs:225)
Unity.Networking.QoS.QosJob:ProcessServers (Unity.Baselib.LowLevel.Binding/Baselib_Socket_Handle) (at ./Library/PackageCache/com.unity.services.qos@03d4b52d4980/Runtime/Runner/QosJob.cs:165)
Unity.Networking.QoS.QosJob:Execute () (at ./Library/PackageCache/com.unity.services.qos@03d4b52d4980/Runtime/Runner/QosJob.cs:142)
Unity.Jobs.IJobExtensions/JobStruct`1<Unity.Networking.QoS.QosJob>:Execute (Unity.Networking.QoS.QosJob&,intptr,intptr,Unity.Jobs.LowLevel.Unsafe.JobRanges&,int) (at C:/build/output/unity/unity/Runtime/Jobs/Managed/IJob.cs:61)

(Filename: C:/build/output/unity/unity/Runtime/Export/Debug/Debug.bindings.cs Line: 123)

QosJob: send to 35.204.68.24:7778 took 0ms
UnityEngine.Debug:ExtractStackTraceNoAlloc (byte*,int,string)
UnityEngine.StackTraceUtility:ExtractStackTrace () (at C:/build/output/unity/unity/Runtime/Export/Scripting/StackTrace.cs:35)
UnityEngine.DebugLogHandler:Internal_Log (UnityEngine.LogType,UnityEngine.LogOption,string,UnityEngine.Object)
UnityEngine.DebugLogHandler:LogFormat (UnityEngine.LogType,UnityEngine.Object,string,object[]) (at C:/build/output/unity/unity/Runtime/Export/Logging/DebugLogHandler.cs:9)
UnityEngine.Logger:Log (UnityEngine.LogType,object) (at C:/build/output/unity/unity/Runtime/Export/Logging/Logger.cs:60)
UnityEngine.Debug:Log (object) (at C:/build/output/unity/unity/Runtime/Export/Debug/Debug.bindings.cs:123)
Unity.Networking.QoS.QosJob:ProcessServer (Unity.Networking.QoS.QosJob/InternalQosServer,Unity.Baselib.LowLevel.Binding/Baselib_Socket_Handle) (at ./Library/PackageCache/com.unity.services.qos@03d4b52d4980/Runtime/Runner/QosJob.cs:225)
Unity.Networking.QoS.QosJob:ProcessServers (Unity.Baselib.LowLevel.Binding/Baselib_Socket_Handle) (at ./Library/PackageCache/com.unity.services.qos@03d4b52d4980/Runtime/Runner/QosJob.cs:165)
Unity.Networking.QoS.QosJob:Execute () (at ./Library/PackageCache/com.unity.services.qos@03d4b52d4980/Runtime/Runner/QosJob.cs:142)
Unity.Jobs.IJobExtensions/JobStruct`1<Unity.Networking.QoS.QosJob>:Execute (Unity.Networking.QoS.QosJob&,intptr,intptr,Unity.Jobs.LowLevel.Unsafe.JobRanges&,int) (at C:/build/output/unity/unity/Runtime/Jobs/Managed/IJob.cs:61)

(Filename: C:/build/output/unity/unity/Runtime/Export/Debug/Debug.bindings.cs Line: 123)

QosJob: send to 34.93.31.77:7778 took 2ms
UnityEngine.Debug:ExtractStackTraceNoAlloc (byte*,int,string)
UnityEngine.StackTraceUtility:ExtractStackTrace () (at C:/build/output/unity/unity/Runtime/Export/Scripting/StackTrace.cs:35)
UnityEngine.DebugLogHandler:Internal_Log (UnityEngine.LogType,UnityEngine.LogOption,string,UnityEngine.Object)
UnityEngine.DebugLogHandler:LogFormat (UnityEngine.LogType,UnityEngine.Object,string,object[]) (at C:/build/output/unity/unity/Runtime/Export/Logging/DebugLogHandler.cs:9)
UnityEngine.Logger:Log (UnityEngine.LogType,object) (at C:/build/output/unity/unity/Runtime/Export/Logging/Logger.cs:60)
UnityEngine.Debug:Log (object) (at C:/build/output/unity/unity/Runtime/Export/Debug/Debug.bindings.cs:123)
Unity.Networking.QoS.QosJob:ProcessServer (Unity.Networking.QoS.QosJob/InternalQosServer,Unity.Baselib.LowLevel.Binding/Baselib_Socket_Handle) (at ./Library/PackageCache/com.unity.services.qos@03d4b52d4980/Runtime/Runner/QosJob.cs:225)
Unity.Networking.QoS.QosJob:ProcessServers (Unity.Baselib.LowLevel.Binding/Baselib_Socket_Handle) (at ./Library/PackageCache/com.unity.services.qos@03d4b52d4980/Runtime/Runner/QosJob.cs:165)
Unity.Networking.QoS.QosJob:Execute () (at ./Library/PackageCache/com.unity.services.qos@03d4b52d4980/Runtime/Runner/QosJob.cs:142)
Unity.Jobs.IJobExtensions/JobStruct`1<Unity.Networking.QoS.QosJob>:Execute (Unity.Networking.QoS.QosJob&,intptr,intptr,Unity.Jobs.LowLevel.Unsafe.JobRanges&,int) (at C:/build/output/unity/unity/Runtime/Jobs/Managed/IJob.cs:61)

(Filename: C:/build/output/unity/unity/Runtime/Export/Debug/Debug.bindings.cs Line: 123)

QosJob: send to 34.116.181.88:7778 took 0ms
UnityEngine.Debug:ExtractStackTraceNoAlloc (byte*,int,string)
UnityEngine.StackTraceUtility:ExtractStackTrace () (at C:/build/output/unity/unity/Runtime/Export/Scripting/StackTrace.cs:35)
UnityEngine.DebugLogHandler:Internal_Log (UnityEngine.LogType,UnityEngine.LogOption,string,UnityEngine.Object)
UnityEngine.DebugLogHandler:LogFormat (UnityEngine.LogType,UnityEngine.Object,string,object[]) (at C:/build/output/unity/unity/Runtime/Export/Logging/DebugLogHandler.cs:9)
UnityEngine.Logger:Log (UnityEngine.LogType,object) (at C:/build/output/unity/unity/Runtime/Export/Logging/Logger.cs:60)
UnityEngine.Debug:Log (object) (at C:/build/output/unity/unity/Runtime/Export/Debug/Debug.bindings.cs:123)
Unity.Networking.QoS.QosJob:ProcessServer (Unity.Networking.QoS.QosJob/InternalQosServer,Unity.Baselib.LowLevel.Binding/Baselib_Socket_Handle) (at ./Library/PackageCache/com.unity.services.qos@03d4b52d4980/Runtime/Runner/QosJob.cs:225)
Unity.Networking.QoS.QosJob:ProcessServers (Unity.Baselib.LowLevel.Binding/Baselib_Socket_Handle) (at ./Library/PackageCache/com.unity.services.qos@03d4b52d4980/Runtime/Runner/QosJob.cs:165)
Unity.Networking.QoS.QosJob:Execute () (at ./Library/PackageCache/com.unity.services.qos@03d4b52d4980/Runtime/Runner/QosJob.cs:142)
Unity.Jobs.IJobExtensions/JobStruct`1<Unity.Networking.QoS.QosJob>:Execute (Unity.Networking.QoS.QosJob&,intptr,intptr,Unity.Jobs.LowLevel.Unsafe.JobRanges&,int) (at C:/build/output/unity/unity/Runtime/Jobs/Managed/IJob.cs:61)

(Filename: C:/build/output/unity/unity/Runtime/Export/Debug/Debug.bindings.cs Line: 123)

QosJob: send to 35.200.5.172:7778 took 1ms
UnityEngine.Debug:ExtractStackTraceNoAlloc (byte*,int,string)
UnityEngine.StackTraceUtility:ExtractStackTrace () (at C:/build/output/unity/unity/Runtime/Export/Scripting/StackTrace.cs:35)
UnityEngine.DebugLogHandler:Internal_Log (UnityEngine.LogType,UnityEngine.LogOption,string,UnityEngine.Object)
UnityEngine.DebugLogHandler:LogFormat (UnityEngine.LogType,UnityEngine.Object,string,object[]) (at C:/build/output/unity/unity/Runtime/Export/Logging/DebugLogHandler.cs:9)
UnityEngine.Logger:Log (UnityEngine.LogType,object) (at C:/build/output/unity/unity/Runtime/Export/Logging/Logger.cs:60)
UnityEngine.Debug:Log (object) (at C:/build/output/unity/unity/Runtime/Export/Debug/Debug.bindings.cs:123)
Unity.Networking.QoS.QosJob:ProcessServer (Unity.Networking.QoS.QosJob/InternalQosServer,Unity.Baselib.LowLevel.Binding/Baselib_Socket_Handle) (at ./Library/PackageCache/com.unity.services.qos@03d4b52d4980/Runtime/Runner/QosJob.cs:225)
Unity.Networking.QoS.QosJob:ProcessServers (Unity.Baselib.LowLevel.Binding/Baselib_Socket_Handle) (at ./Library/PackageCache/com.unity.services.qos@03d4b52d4980/Runtime/Runner/QosJob.cs:165)
Unity.Networking.QoS.QosJob:Execute () (at ./Library/PackageCache/com.unity.services.qos@03d4b52d4980/Runtime/Runner/QosJob.cs:142)
Unity.Jobs.IJobExtensions/JobStruct`1<Unity.Networking.QoS.QosJob>:Execute (Unity.Networking.QoS.QosJob&,intptr,intptr,Unity.Jobs.LowLevel.Unsafe.JobRanges&,int) (at C:/build/output/unity/unity/Runtime/Jobs/Managed/IJob.cs:61)

(Filename: C:/build/output/unity/unity/Runtime/Export/Debug/Debug.bindings.cs Line: 123)

QosJob: send to 34.95.231.177:7778 took 0ms
UnityEngine.Debug:ExtractStackTraceNoAlloc (byte*,int,string)
UnityEngine.StackTraceUtility:ExtractStackTrace () (at C:/build/output/unity/unity/Runtime/Export/Scripting/StackTrace.cs:35)
UnityEngine.DebugLogHandler:Internal_Log (UnityEngine.LogType,UnityEngine.LogOption,string,UnityEngine.Object)
UnityEngine.DebugLogHandler:LogFormat (UnityEngine.LogType,UnityEngine.Object,string,object[]) (at C:/build/output/unity/unity/Runtime/Export/Logging/DebugLogHandler.cs:9)
UnityEngine.Logger:Log (UnityEngine.LogType,object) (at C:/build/output/unity/unity/Runtime/Export/Logging/Logger.cs:60)
UnityEngine.Debug:Log (object) (at C:/build/output/unity/unity/Runtime/Export/Debug/Debug.bindings.cs:123)
Unity.Networking.QoS.QosJob:ProcessServer (Unity.Networking.QoS.QosJob/InternalQosServer,Unity.Baselib.LowLevel.Binding/Baselib_Socket_Handle) (at ./Library/PackageCache/com.unity.services.qos@03d4b52d4980/Runtime/Runner/QosJob.cs:225)
Unity.Networking.QoS.QosJob:ProcessServers (Unity.Baselib.LowLevel.Binding/Baselib_Socket_Handle) (at ./Library/PackageCache/com.unity.services.qos@03d4b52d4980/Runtime/Runner/QosJob.cs:165)
Unity.Networking.QoS.QosJob:Execute () (at ./Library/PackageCache/com.unity.services.qos@03d4b52d4980/Runtime/Runner/QosJob.cs:142)
Unity.Jobs.IJobExtensions/JobStruct`1<Unity.Networking.QoS.QosJob>:Execute (Unity.Networking.QoS.QosJob&,intptr,intptr,Unity.Jobs.LowLevel.Unsafe.JobRanges&,int) (at C:/build/output/unity/unity/Runtime/Jobs/Managed/IJob.cs:61)

(Filename: C:/build/output/unity/unity/Runtime/Export/Debug/Debug.bindings.cs Line: 123)

QosJob: send to 34.75.250.9:7778 took 1ms
UnityEngine.Debug:ExtractStackTraceNoAlloc (byte*,int,string)
UnityEngine.StackTraceUtility:ExtractStackTrace () (at C:/build/output/unity/unity/Runtime/Export/Scripting/StackTrace.cs:35)
UnityEngine.DebugLogHandler:Internal_Log (UnityEngine.LogType,UnityEngine.LogOption,string,UnityEngine.Object)
UnityEngine.DebugLogHandler:LogFormat (UnityEngine.LogType,UnityEngine.Object,string,object[]) (at C:/build/output/unity/unity/Runtime/Export/Logging/DebugLogHandler.cs:9)
UnityEngine.Logger:Log (UnityEngine.LogType,object) (at C:/build/output/unity/unity/Runtime/Export/Logging/Logger.cs:60)
UnityEngine.Debug:Log (object) (at C:/build/output/unity/unity/Runtime/Export/Debug/Debug.bindings.cs:123)
Unity.Networking.QoS.QosJob:ProcessServer (Unity.Networking.QoS.QosJob/InternalQosServer,Unity.Baselib.LowLevel.Binding/Baselib_Socket_Handle) (at ./Library/PackageCache/com.unity.services.qos@03d4b52d4980/Runtime/Runner/QosJob.cs:225)
Unity.Networking.QoS.QosJob:ProcessServers (Unity.Baselib.LowLevel.Binding/Baselib_Socket_Handle) (at ./Library/PackageCache/com.unity.services.qos@03d4b52d4980/Runtime/Runner/QosJob.cs:165)
Unity.Networking.QoS.QosJob:Execute () (at ./Library/PackageCache/com.unity.services.qos@03d4b52d4980/Runtime/Runner/QosJob.cs:142)
Unity.Jobs.IJobExtensions/JobStruct`1<Unity.Networking.QoS.QosJob>:Execute (Unity.Networking.QoS.QosJob&,intptr,intptr,Unity.Jobs.LowLevel.Unsafe.JobRanges&,int) (at C:/build/output/unity/unity/Runtime/Jobs/Managed/IJob.cs:61)

(Filename: C:/build/output/unity/unity/Runtime/Export/Debug/Debug.bindings.cs Line: 123)

QosJob: send to 34.82.227.179:7778 took 0ms
UnityEngine.Debug:ExtractStackTraceNoAlloc (byte*,int,string)
UnityEngine.StackTraceUtility:ExtractStackTrace () (at C:/build/output/unity/unity/Runtime/Export/Scripting/StackTrace.cs:35)
UnityEngine.DebugLogHandler:Internal_Log (UnityEngine.LogType,UnityEngine.LogOption,string,UnityEngine.Object)
UnityEngine.DebugLogHandler:LogFormat (UnityEngine.LogType,UnityEngine.Object,string,object[]) (at C:/build/output/unity/unity/Runtime/Export/Logging/DebugLogHandler.cs:9)
UnityEngine.Logger:Log (UnityEngine.LogType,object) (at C:/build/output/unity/unity/Runtime/Export/Logging/Logger.cs:60)
UnityEngine.Debug:Log (object) (at C:/build/output/unity/unity/Runtime/Export/Debug/Debug.bindings.cs:123)
Unity.Networking.QoS.QosJob:ProcessServer (Unity.Networking.QoS.QosJob/InternalQosServer,Unity.Baselib.LowLevel.Binding/Baselib_Socket_Handle) (at ./Library/PackageCache/com.unity.services.qos@03d4b52d4980/Runtime/Runner/QosJob.cs:225)
Unity.Networking.QoS.QosJob:ProcessServers (Unity.Baselib.LowLevel.Binding/Baselib_Socket_Handle) (at ./Library/PackageCache/com.unity.services.qos@03d4b52d4980/Runtime/Runner/QosJob.cs:165)
Unity.Networking.QoS.QosJob:Execute () (at ./Library/PackageCache/com.unity.services.qos@03d4b52d4980/Runtime/Runner/QosJob.cs:142)
Unity.Jobs.IJobExtensions/JobStruct`1<Unity.Networking.QoS.QosJob>:Execute (Unity.Networking.QoS.QosJob&,intptr,intptr,Unity.Jobs.LowLevel.Unsafe.JobRanges&,int) (at C:/build/output/unity/unity/Runtime/Jobs/Managed/IJob.cs:61)

(Filename: C:/build/output/unity/unity/Runtime/Export/Debug/Debug.bindings.cs Line: 123)

QosJob: received 55 responses of 55/55 in 291ms waiting avg 5ms per response
UnityEngine.Debug:ExtractStackTraceNoAlloc (byte*,int,string)
UnityEngine.StackTraceUtility:ExtractStackTrace () (at C:/build/output/unity/unity/Runtime/Export/Scripting/StackTrace.cs:35)
UnityEngine.DebugLogHandler:Internal_Log (UnityEngine.LogType,UnityEngine.LogOption,string,UnityEngine.Object)
UnityEngine.DebugLogHandler:LogFormat (UnityEngine.LogType,UnityEngine.Object,string,object[]) (at C:/build/output/unity/unity/Runtime/Export/Logging/DebugLogHandler.cs:9)
UnityEngine.Logger:Log (UnityEngine.LogType,object) (at C:/build/output/unity/unity/Runtime/Export/Logging/Logger.cs:60)
UnityEngine.Debug:Log (object) (at C:/build/output/unity/unity/Runtime/Export/Debug/Debug.bindings.cs:123)
Unity.Networking.QoS.QosJob:RecvQosResponsesTimed (Unity.Networking.QoS.NetworkEndPoint,System.DateTime,Unity.Baselib.LowLevel.Binding/Baselib_Socket_Handle,bool) (at ./Library/PackageCache/com.unity.services.qos@03d4b52d4980/Runtime/Runner/QosJob.cs:331)
Unity.Networking.QoS.QosJob:ProcessServers (Unity.Baselib.LowLevel.Binding/Baselib_Socket_Handle) (at ./Library/PackageCache/com.unity.services.qos@03d4b52d4980/Runtime/Runner/QosJob.cs:184)
Unity.Networking.QoS.QosJob:Execute () (at ./Library/PackageCache/com.unity.services.qos@03d4b52d4980/Runtime/Runner/QosJob.cs:142)
Unity.Jobs.IJobExtensions/JobStruct`1<Unity.Networking.QoS.QosJob>:Execute (Unity.Networking.QoS.QosJob&,intptr,intptr,Unity.Jobs.LowLevel.Unsafe.JobRanges&,int) (at C:/build/output/unity/unity/Runtime/Jobs/Managed/IJob.cs:61)

(Filename: C:/build/output/unity/unity/Runtime/Export/Debug/Debug.bindings.cs Line: 123)

QosJob: took 304ms to process 11 servers
UnityEngine.Debug:ExtractStackTraceNoAlloc (byte*,int,string)
UnityEngine.StackTraceUtility:ExtractStackTrace () (at C:/build/output/unity/unity/Runtime/Export/Scripting/StackTrace.cs:35)
UnityEngine.DebugLogHandler:Internal_Log (UnityEngine.LogType,UnityEngine.LogOption,string,UnityEngine.Object)
UnityEngine.DebugLogHandler:LogFormat (UnityEngine.LogType,UnityEngine.Object,string,object[]) (at C:/build/output/unity/unity/Runtime/Export/Logging/DebugLogHandler.cs:9)
UnityEngine.Logger:Log (UnityEngine.LogType,object) (at C:/build/output/unity/unity/Runtime/Export/Logging/Logger.cs:60)
UnityEngine.Debug:Log (object) (at C:/build/output/unity/unity/Runtime/Export/Debug/Debug.bindings.cs:123)
Unity.Networking.QoS.QosJob:Execute () (at ./Library/PackageCache/com.unity.services.qos@03d4b52d4980/Runtime/Runner/QosJob.cs:146)
Unity.Jobs.IJobExtensions/JobStruct`1<Unity.Networking.QoS.QosJob>:Execute (Unity.Networking.QoS.QosJob&,intptr,intptr,Unity.Jobs.LowLevel.Unsafe.JobRanges&,int) (at C:/build/output/unity/unity/Runtime/Jobs/Managed/IJob.cs:61)

(Filename: C:/build/output/unity/unity/Runtime/Export/Debug/Debug.bindings.cs Line: 123)

PHS_EXTINGUISHER_EFFECT_CACHED player=PHS_CuteWhiteGhost_Player(Clone) firstPersonParticles=2 worldParticles=2
UnityEngine.Debug:ExtractStackTraceNoAlloc (byte*,int,string)
UnityEngine.StackTraceUtility:ExtractStackTrace () (at C:/build/output/unity/unity/Runtime/Export/Scripting/StackTrace.cs:35)
UnityEngine.DebugLogHandler:Internal_Log (UnityEngine.LogType,UnityEngine.LogOption,string,UnityEngine.Object)
UnityEngine.DebugLogHandler:LogFormat (UnityEngine.LogType,UnityEngine.Object,string,object[]) (at C:/build/output/unity/unity/Runtime/Export/Logging/DebugLogHandler.cs:9)
UnityEngine.Logger:Log (UnityEngine.LogType,object) (at C:/build/output/unity/unity/Runtime/Export/Logging/Logger.cs:60)
UnityEngine.Debug:Log (object) (at C:/build/output/unity/unity/Runtime/Export/Debug/Debug.bindings.cs:123)
LastJumpCrew.ParkHanSol.Multiplayer.NetworkPlayerCombatController:CacheExtinguisherEffects () (at E:/UNITY/LastJumpCrew/Assets/06. JoHanYong_PlayerSystem/02. Script/NetworkPlayerCombatController.cs:149)
LastJumpCrew.ParkHanSol.Multiplayer.NetworkPlayerCombatController:Awake () (at E:/UNITY/LastJumpCrew/Assets/06. JoHanYong_PlayerSystem/02. Script/NetworkPlayerCombatController.cs:128)
UnityEngine.Object:Internal_CloneSingle (UnityEngine.Object)
UnityEngine.Object:Instantiate<UnityEngine.GameObject> (UnityEngine.GameObject) (at C:/build/output/unity/unity/Runtime/Export/Scripting/UnityEngineObject.bindings.cs:671)
Unity.Netcode.NetworkSpawnManager:InstantiateNetworkPrefab (UnityEngine.GameObject,uint,System.Nullable`1<UnityEngine.Vector3>,System.Nullable`1<UnityEngine.Quaternion>) (at ./Library/PackageCache/com.unity.netcode.gameobjects@0f12e689d980/Runtime/Spawning/NetworkSpawnManager.cs:938)
Unity.Netcode.NetworkSpawnManager:GetNetworkObjectToSpawn (uint,ulong,System.Nullable`1<UnityEngine.Vector3>,System.Nullable`1<UnityEngine.Quaternion>,bool,byte[]) (at ./Library/PackageCache/com.unity.netcode.gameobjects@0f12e689d980/Runtime/Spawning/NetworkSpawnManager.cs:918)
Unity.Netcode.NetworkConnectionManager:HandleConnectionApproval (ulong,bool,System.Nullable`1<uint>,System.Nullable`1<UnityEngine.Vector3>,System.Nullable`1<UnityEngine.Quaternion>) (at ./Library/PackageCache/com.unity.netcode.gameobjects@0f12e689d980/Runtime/Connection/NetworkConnectionManager.cs:1015)
Unity.Netcode.NetworkManager:HostServerInitialize () (at ./Library/PackageCache/com.unity.netcode.gameobjects@0f12e689d980/Runtime/Core/NetworkManager.cs:1516)
Unity.Netcode.NetworkManager:StartHost () (at ./Library/PackageCache/com.unity.netcode.gameobjects@0f12e689d980/Runtime/Core/NetworkManager.cs:1483)
Unity.Services.Multiplayer.NetworkManagerSession:SetupNetworkManagerLifecycleMonitoring (System.Threading.CancellationToken) (at ./Library/PackageCache/com.unity.services.multiplayer@a6d6ce688d71/Runtime/Multiplayer/Modules/Network/Handlers/NetworkHandler/NetworkManagerSession.cs:328)
Unity.Services.Multiplayer.NetworkManagerSession/<StartAsync>d__28:MoveNext () (at ./Library/PackageCache/com.unity.services.multiplayer@a6d6ce688d71/Runtime/Multiplayer/Modules/Network/Handlers/NetworkHandler/NetworkManagerSession.cs:165)
System.Runtime.CompilerServices.AsyncTaskMethodBuilder:Start<Unity.Services.Multiplayer.NetworkManagerSession/<StartAsync>d__28> (Unity.Services.Multiplayer.NetworkManagerSession/<StartAsync>d__28&)
Unity.Services.Multiplayer.NetworkManagerSession:StartAsync (System.Threading.CancellationToken)
Unity.Services.Multiplayer.GameObjectsNetcodeNetworkHandler/<StartAsync>d__4:MoveNext () (at ./Library/PackageCache/com.unity.services.multiplayer@a6d6ce688d71/Runtime/Multiplayer/Modules/Network/Handlers/NetworkHandler/GameObjectsNetcodeNetworkHandler.cs:77)
System.Runtime.CompilerServices.AsyncTaskMethodBuilder:Start<Unity.Services.Multiplayer.GameObjectsNetcodeNetworkHandler/<StartAsync>d__4> (Unity.Services.Multiplayer.GameObjectsNetcodeNetworkHandler/<StartAsync>d__4&)
Unity.Services.Multiplayer.GameObjectsNetcodeNetworkHandler:StartAsync (Unity.Services.Multiplayer.NetworkConfiguration)
Unity.Services.Multiplayer.NetworkModule:StartNetworkHandlerAsync (Unity.Services.Multiplayer.NetworkConfiguration) (at ./Library/PackageCache/com.unity.services.multiplayer@a6d6ce688d71/Runtime/Multiplayer/Modules/Network/NetworkModule.cs:554)
Unity.Services.Multiplayer.NetworkModule/<StartNetworkWithOptionsAsync>d__64:MoveNext () (at ./Library/PackageCache/com.unity.services.multiplayer@a6d6ce688d71/Runtime/Multiplayer/Modules/Network/NetworkModule.cs:303)
System.Runtime.CompilerServices.AsyncMethodBuilderCore/MoveNextRunner:InvokeMoveNext (object)
System.Threading.ExecutionContext:RunInternal (System.Threading.ExecutionContext,System.Threading.ContextCallback,object,bool)
System.Threading.ExecutionContext:Run (System.Threading.ExecutionContext,System.Threading.ContextCallback,object,bool)
System.Runtime.CompilerServices.AsyncMethodBuilderCore/MoveNextRunner:Run ()
System.Threading.Tasks.AwaitTaskContinuation:InvokeAction (object)
System.Threading.Tasks.AwaitTaskContinuation:RunCallback (System.Threading.ContextCallback,object,System.Threading.Tasks.Task&)
System.Threading.Tasks.SynchronizationContextAwaitTaskContinuation:Run (System.Threading.Tasks.Task,bool)
System.Threading.Tasks.Task:FinishContinuations ()
System.Threading.Tasks.Task:FinishStageThree ()
System.Threading.Tasks.Task`1<System.Threading.Tasks.VoidTaskResult>:TrySetResult (System.Threading.Tasks.VoidTaskResult)
System.Runtime.CompilerServices.AsyncTaskMethodBuilder`1<System.Threading.Tasks.VoidTaskResult>:SetResult (System.Threading.Tasks.VoidTaskResult)
System.Runtime.CompilerServices.AsyncTaskMethodBuilder`1<System.Threading.Tasks.VoidTaskResult>:SetResult (System.Threading.Tasks.Task`1<System.Threading.Tasks.VoidTaskResult>)
System.Runtime.CompilerServices.AsyncTaskMethodBuilder:SetResult ()
Unity.Services.Multiplayer.RelayHandler/<FetchJoinCodeAsync>d__22:MoveNext () (at ./Library/PackageCache/com.unity.services.multiplayer@a6d6ce688d71/Runtime/Multiplayer/Modules/Network/Handlers/Relay/RelayHandler.cs:109)
System.Runtime.CompilerServices.AsyncMethodBuilderCore/MoveNextRunner:InvokeMoveNext (object)
System.Threading.ExecutionContext:RunInternal (System.Threading.ExecutionContext,System.Threading.ContextCallback,object,bool)
System.Threading.ExecutionContext:Run (System.Threading.ExecutionContext,System.Threading.ContextCallback,object,bool)
System.Runtime.CompilerServices.AsyncMethodBuilderCore/MoveNextRunner:Run ()
System.Threading.Tasks.AwaitTaskContinuation:InvokeAction (object)
System.Threading.Tasks.AwaitTaskContinuation:RunCallback (System.Threading.ContextCallback,object,System.Threading.Tasks.Task&)
System.Threading.Tasks.SynchronizationContextAwaitTaskContinuation:Run (System.Threading.Tasks.Task,bool)
System.Threading.Tasks.Task:FinishContinuations ()
System.Threading.Tasks.Task:FinishStageThree ()
System.Threading.Tasks.Task`1<string>:TrySetResult (string)
System.Runtime.CompilerServices.AsyncTaskMethodBuilder`1<string>:SetResult (string)
Unity.Services.Relay.WrappedRelayService/<GetJoinCodeAsync>d__11:MoveNext () (at ./Library/PackageCache/com.unity.services.multiplayer@a6d6ce688d71/Runtime/Relay/SDK/WrappedRelayService.cs:134)
System.Runtime.CompilerServices.AsyncMethodBuilderCore/MoveNextRunner:InvokeMoveNext (object)
System.Threading.ExecutionContext:RunInternal (System.Threading.ExecutionContext,System.Threading.ContextCallback,object,bool)
System.Threading.ExecutionContext:Run (System.Threading.ExecutionContext,System.Threading.ContextCallback,object,bool)
System.Runtime.CompilerServices.AsyncMethodBuilderCore/MoveNextRunner:Run ()
System.Threading.Tasks.AwaitTaskContinuation:InvokeAction (object)
System.Threading.Tasks.AwaitTaskContinuation:RunCallback (System.Threading.ContextCallback,object,System.Threading.Tasks.Task&)
System.Threading.Tasks.SynchronizationContextAwaitTaskContinuation:Run (System.Threading.Tasks.Task,bool)
System.Threading.Tasks.Task:FinishContinuations ()
System.Threading.Tasks.Task:FinishStageThree ()
System.Threading.Tasks.Task`1<Unity.Services.Relay.Response`1<Unity.Services.Relay.Models.JoinCodeResponseBody>>:TrySetResult (Unity.Services.Relay.Response`1<Unity.Services.Relay.Models.JoinCodeResponseBody>)
System.Runtime.CompilerServices.AsyncTaskMethodBuilder`1<Unity.Services.Relay.Response`1<Unity.Services.Relay.Models.JoinCodeResponseBody>>:SetResult (Unity.Services.Relay.Response`1<Unity.Services.Relay.Models.JoinCodeResponseBody>)
Unity.Services.Relay.Apis.RelayAllocations.RelayAllocationsApiClient/<CreateJoincodeAsync>d__8:MoveNext () (at ./Library/PackageCache/com.unity.services.multiplayer@a6d6ce688d71/Runtime/Relay/Apis/RelayAllocationsApi.cs:160)
System.Runtime.CompilerServices.AsyncMethodBuilderCore/MoveNextRunner:InvokeMoveNext (object)
System.Threading.ExecutionContext:RunInternal (System.Threading.ExecutionContext,System.Threading.ContextCallback,object,bool)
System.Threading.ExecutionContext:Run (System.Threading.ExecutionContext,System.Threading.ContextCallback,object,bool)
System.Runtime.CompilerServices.AsyncMethodBuilderCore/MoveNextRunner:Run ()
System.Threading.Tasks.AwaitTaskContinuation:InvokeAction (object)
System.Threading.Tasks.AwaitTaskContinuation:RunCallback (System.Threading.ContextCallback,object,System.Threading.Tasks.Task&)
System.Threading.Tasks.SynchronizationContextAwaitTaskContinuation:Run (System.Threading.Tasks.Task,bool)
System.Threading.Tasks.Task:FinishContinuations ()
System.Threading.Tasks.Task:FinishStageThree ()
System.Threading.Tasks.Task`1<Unity.Services.Relay.Http.HttpClientResponse>:TrySetResult (Unity.Services.Relay.Http.HttpClientResponse)
System.Runtime.CompilerServices.AsyncTaskMethodBuilder`1<Unity.Services.Relay.Http.HttpClientResponse>:SetResult (Unity.Services.Relay.Http.HttpClientResponse)
Unity.Services.Relay.Http.HttpClient/<MakeRequestAsync>d__1:MoveNext () (at ./Library/PackageCache/com.unity.services.multiplayer@a6d6ce688d71/Runtime/Relay/Http/HttpClient.cs:41)
System.Runtime.CompilerServices.AsyncMethodBuilderCore/MoveNextRunner:InvokeMoveNext (object)
System.Threading.ExecutionContext:RunInternal (System.Threading.ExecutionContext,System.Threading.ContextCallback,object,bool)
System.Threading.ExecutionContext:Run (System.Threading.ExecutionContext,System.Threading.ContextCallback,object,bool)
System.Runtime.CompilerServices.AsyncMethodBuilderCore/MoveNextRunner:Run ()
System.Threading.Tasks.AwaitTaskContinuation:InvokeAction (object)
System.Threading.Tasks.AwaitTaskContinuation:RunCallback (System.Threading.ContextCallback,object,System.Threading.Tasks.Task&)
System.Threading.Tasks.SynchronizationContextAwaitTaskContinuation:Run (System.Threading.Tasks.Task,bool)
System.Threading.Tasks.Task:FinishContinuations ()
System.Threading.Tasks.Task:FinishStageThree ()
System.Threading.Tasks.Task`1<Unity.Services.Relay.Http.HttpClientResponse>:TrySetResult (Unity.Services.Relay.Http.HttpClientResponse)
System.Runtime.CompilerServices.AsyncTaskMethodBuilder`1<Unity.Services.Relay.Http.HttpClientResponse>:SetResult (Unity.Services.Relay.Http.HttpClientResponse)
Unity.Services.Relay.Http.HttpClient/<CreateWebRequestAsync>d__3:MoveNext () (at ./Library/PackageCache/com.unity.services.multiplayer@a6d6ce688d71/Runtime/Relay/Http/HttpClient.cs:56)
System.Runtime.CompilerServices.AsyncMethodBuilderCore/MoveNextRunner:InvokeMoveNext (object)
System.Threading.ExecutionContext:RunInternal (System.Threading.ExecutionContext,System.Threading.ContextCallback,object,bool)
System.Threading.ExecutionContext:Run (System.Threading.ExecutionContext,System.Threading.ContextCallback,object,bool)
System.Runtime.CompilerServices.AsyncMethodBuilderCore/MoveNextRunner:Run ()
System.Threading.Tasks.AwaitTaskContinuation:InvokeAction (object)
System.Threading.Tasks.AwaitTaskContinuation:RunCallback (System.Threading.ContextCallback,object,System.Threading.Tasks.Task&)
System.Threading.Tasks.SynchronizationContextAwaitTaskContinuation:Run (System.Threading.Tasks.Task,bool)
System.Threading.Tasks.Task:FinishContinuations ()
System.Threading.Tasks.Task:FinishStageThree ()
System.Threading.Tasks.Task`1<Unity.Services.Relay.Http.HttpClientResponse>:TrySetResult (Unity.Services.Relay.Http.HttpClientResponse)
System.Runtime.CompilerServices.AsyncTaskMethodBuilder`1<Unity.Services.Relay.Http.HttpClientResponse>:SetResult (Unity.Services.Relay.Http.HttpClientResponse)
Unity.Services.Relay.Http.HttpClient/<CreateHttpClientResponse>d__4:MoveNext () (at ./Library/PackageCache/com.unity.services.multiplayer@a6d6ce688d71/Runtime/Relay/Http/HttpClient.cs:84)
System.Runtime.CompilerServices.AsyncMethodBuilderCore/MoveNextRunner:InvokeMoveNext (object)
System.Threading.ExecutionContext:RunInternal (System.Threading.ExecutionContext,System.Threading.ContextCallback,object,bool)
System.Threading.ExecutionContext:Run (System.Threading.ExecutionContext,System.Threading.ContextCallback,object,bool)
System.Runtime.CompilerServices.AsyncMethodBuilderCore/MoveNextRunner:Run ()
System.Threading.Tasks.AwaitTaskContinuation:InvokeAction (object)
System.Threading.Tasks.AwaitTaskContinuation:RunCallback (System.Threading.ContextCallback,object,System.Threading.Tasks.Task&)
System.Threading.Tasks.SynchronizationContextAwaitTaskContinuation:Run (System.Threading.Tasks.Task,bool)
System.Threading.Tasks.Task:FinishContinuations ()
System.Threading.Tasks.Task:FinishStageThree ()
System.Threading.Tasks.Task`1<Unity.Services.Relay.Http.HttpClientResponse>:TrySetResult (Unity.Services.Relay.Http.HttpClientResponse)
System.Runtime.CompilerServices.AsyncTaskMethodBuilder`1<Unity.Services.Relay.Http.HttpClientResponse>:SetResult (Unity.Services.Relay.Http.HttpClientResponse)
Unity.Services.Relay.Http.HttpClient/<>c__DisplayClass4_0/<<CreateHttpClientResponse>b__0>d:MoveNext () (at ./Library/PackageCache/com.unity.services.multiplayer@a6d6ce688d71/Runtime/Relay/Http/HttpClient.cs:81)
System.Runtime.CompilerServices.AsyncMethodBuilderCore/MoveNextRunner:InvokeMoveNext (object)
System.Threading.ExecutionContext:RunInternal (System.Threading.ExecutionContext,System.Threading.ContextCallback,object,bool)
System.Threading.ExecutionContext:Run (System.Threading.ExecutionContext,System.Threading.ContextCallback,object,bool)
System.Runtime.CompilerServices.AsyncMethodBuilderCore/MoveNextRunner:Run ()
System.Threading.Tasks.AwaitTaskContinuation:InvokeAction (object)
System.Threading.Tasks.AwaitTaskContinuation:RunCallback (System.Threading.ContextCallback,object,System.Threading.Tasks.Task&)
System.Threading.Tasks.SynchronizationContextAwaitTaskContinuation:Run (System.Threading.Tasks.Task,bool)
System.Threading.Tasks.Task:FinishContinuations ()
System.Threading.Tasks.Task:FinishStageThree ()
System.Threading.Tasks.Task`1<Unity.Services.Relay.Http.HttpClientResponse>:TrySetResult (Unity.Services.Relay.Http.HttpClientResponse)
System.Threading.Tasks.TaskCompletionSource`1<Unity.Services.Relay.Http.HttpClientResponse>:TrySetResult (Unity.Services.Relay.Http.HttpClientResponse)
System.Threading.Tasks.TaskCompletionSource`1<Unity.Services.Relay.Http.HttpClientResponse>:SetResult (Unity.Services.Relay.Http.HttpClientResponse)
Unity.Services.Relay.Http.UnityWebRequestHelpers/<>c__DisplayClass0_0:<GetAwaiter>b__0 (UnityEngine.AsyncOperation) (at ./Library/PackageCache/com.unity.services.multiplayer@a6d6ce688d71/Runtime/Relay/Http/UnityWebRequestHelpers.cs:34)
UnityEngine.AsyncOperation:InvokeCompletionEvent () (at C:/build/output/unity/unity/Runtime/Export/Scripting/AsyncOperation.cs:24)

(Filename: C:/build/output/unity/unity/Runtime/Export/Debug/Debug.bindings.cs Line: 123)

PHS_PLAYER_SCENE_STATE scene=ParkHanSol_LobbyScene owner=True input=False
UnityEngine.Debug:ExtractStackTraceNoAlloc (byte*,int,string)
UnityEngine.StackTraceUtility:ExtractStackTrace () (at C:/build/output/unity/unity/Runtime/Export/Scripting/StackTrace.cs:35)
UnityEngine.DebugLogHandler:Internal_Log (UnityEngine.LogType,UnityEngine.LogOption,string,UnityEngine.Object)
UnityEngine.DebugLogHandler:LogFormat (UnityEngine.LogType,UnityEngine.Object,string,object[]) (at C:/build/output/unity/unity/Runtime/Export/Logging/DebugLogHandler.cs:9)
UnityEngine.Logger:Log (UnityEngine.LogType,object) (at C:/build/output/unity/unity/Runtime/Export/Logging/Logger.cs:60)
UnityEngine.Debug:Log (object) (at C:/build/output/unity/unity/Runtime/Export/Debug/Debug.bindings.cs:123)
LastJumpCrew.ParkHanSol.Multiplayer.NetworkPlayerController:RefreshForActiveScene () (at E:/UNITY/LastJumpCrew/Assets/02. ParkHanSol_TeamLeader_Build & Multi/02. Script/Multiplayer/NetworkPlayerController.cs:733)
LastJumpCrew.ParkHanSol.Multiplayer.NetworkPlayerController:OnNetworkSpawn () (at E:/UNITY/LastJumpCrew/Assets/02. ParkHanSol_TeamLeader_Build & Multi/02. Script/Multiplayer/NetworkPlayerController.cs:505)
Unity.Netcode.NetworkBehaviour:NetworkSpawn () (at ./Library/PackageCache/com.unity.netcode.gameobjects@0f12e689d980/Runtime/Core/NetworkBehaviour.cs:813)
Unity.Netcode.NetworkObject:InvokeBehaviourNetworkSpawn () (at ./Library/PackageCache/com.unity.netcode.gameobjects@0f12e689d980/Runtime/Core/NetworkObject.cs:2698)
Unity.Netcode.NetworkSpawnManager:SpawnNetworkObjectLocallyCommon (Unity.Netcode.NetworkObject,ulong,bool,bool,ulong,bool) (at ./Library/PackageCache/com.unity.netcode.gameobjects@0f12e689d980/Runtime/Spawning/NetworkSpawnManager.cs:1384)
Unity.Netcode.NetworkSpawnManager:AuthorityLocalSpawn (Unity.Netcode.NetworkObject,ulong,bool,bool,ulong,bool) (at ./Library/PackageCache/com.unity.netcode.gameobjects@0f12e689d980/Runtime/Spawning/NetworkSpawnManager.cs:1182)
Unity.Netcode.NetworkConnectionManager:HandleConnectionApproval (ulong,bool,System.Nullable`1<uint>,System.Nullable`1<UnityEngine.Vector3>,System.Nullable`1<UnityEngine.Quaternion>) (at ./Library/PackageCache/com.unity.netcode.gameobjects@0f12e689d980/Runtime/Connection/NetworkConnectionManager.cs:1027)
Unity.Netcode.NetworkManager:HostServerInitialize () (at ./Library/PackageCache/com.unity.netcode.gameobjects@0f12e689d980/Runtime/Core/NetworkManager.cs:1516)
Unity.Netcode.NetworkManager:StartHost () (at ./Library/PackageCache/com.unity.netcode.gameobjects@0f12e689d980/Runtime/Core/NetworkManager.cs:1483)
Unity.Services.Multiplayer.NetworkManagerSession:SetupNetworkManagerLifecycleMonitoring (System.Threading.CancellationToken) (at ./Library/PackageCache/com.unity.services.multiplayer@a6d6ce688d71/Runtime/Multiplayer/Modules/Network/Handlers/NetworkHandler/NetworkManagerSession.cs:328)
Unity.Services.Multiplayer.NetworkManagerSession/<StartAsync>d__28:MoveNext () (at ./Library/PackageCache/com.unity.services.multiplayer@a6d6ce688d71/Runtime/Multiplayer/Modules/Network/Handlers/NetworkHandler/NetworkManagerSession.cs:165)
System.Runtime.CompilerServices.AsyncTaskMethodBuilder:Start<Unity.Services.Multiplayer.NetworkManagerSession/<StartAsync>d__28> (Unity.Services.Multiplayer.NetworkManagerSession/<StartAsync>d__28&)
Unity.Services.Multiplayer.NetworkManagerSession:StartAsync (System.Threading.CancellationToken)
Unity.Services.Multiplayer.GameObjectsNetcodeNetworkHandler/<StartAsync>d__4:MoveNext () (at ./Library/PackageCache/com.unity.services.multiplayer@a6d6ce688d71/Runtime/Multiplayer/Modules/Network/Handlers/NetworkHandler/GameObjectsNetcodeNetworkHandler.cs:77)
System.Runtime.CompilerServices.AsyncTaskMethodBuilder:Start<Unity.Services.Multiplayer.GameObjectsNetcodeNetworkHandler/<StartAsync>d__4> (Unity.Services.Multiplayer.GameObjectsNetcodeNetworkHandler/<StartAsync>d__4&)
Unity.Services.Multiplayer.GameObjectsNetcodeNetworkHandler:StartAsync (Unity.Services.Multiplayer.NetworkConfiguration)
Unity.Services.Multiplayer.NetworkModule:StartNetworkHandlerAsync (Unity.Services.Multiplayer.NetworkConfiguration) (at ./Library/PackageCache/com.unity.services.multiplayer@a6d6ce688d71/Runtime/Multiplayer/Modules/Network/NetworkModule.cs:554)
Unity.Services.Multiplayer.NetworkModule/<StartNetworkWithOptionsAsync>d__64:MoveNext () (at ./Library/PackageCache/com.unity.services.multiplayer@a6d6ce688d71/Runtime/Multiplayer/Modules/Network/NetworkModule.cs:303)
System.Runtime.CompilerServices.AsyncMethodBuilderCore/MoveNextRunner:InvokeMoveNext (object)
System.Threading.ExecutionContext:RunInternal (System.Threading.ExecutionContext,System.Threading.ContextCallback,object,bool)
System.Threading.ExecutionContext:Run (System.Threading.ExecutionContext,System.Threading.ContextCallback,object,bool)
System.Runtime.CompilerServices.AsyncMethodBuilderCore/MoveNextRunner:Run ()
System.Threading.Tasks.AwaitTaskContinuation:InvokeAction (object)
System.Threading.Tasks.AwaitTaskContinuation:RunCallback (System.Threading.ContextCallback,object,System.Threading.Tasks.Task&)
System.Threading.Tasks.SynchronizationContextAwaitTaskContinuation:Run (System.Threading.Tasks.Task,bool)
System.Threading.Tasks.Task:FinishContinuations ()
System.Threading.Tasks.Task:FinishStageThree ()
System.Threading.Tasks.Task`1<System.Threading.Tasks.VoidTaskResult>:TrySetResult (System.Threading.Tasks.VoidTaskResult)
System.Runtime.CompilerServices.AsyncTaskMethodBuilder`1<System.Threading.Tasks.VoidTaskResult>:SetResult (System.Threading.Tasks.VoidTaskResult)
System.Runtime.CompilerServices.AsyncTaskMethodBuilder`1<System.Threading.Tasks.VoidTaskResult>:SetResult (System.Threading.Tasks.Task`1<System.Threading.Tasks.VoidTaskResult>)
System.Runtime.CompilerServices.AsyncTaskMethodBuilder:SetResult ()
Unity.Services.Multiplayer.RelayHandler/<FetchJoinCodeAsync>d__22:MoveNext () (at ./Library/PackageCache/com.unity.services.multiplayer@a6d6ce688d71/Runtime/Multiplayer/Modules/Network/Handlers/Relay/RelayHandler.cs:109)
System.Runtime.CompilerServices.AsyncMethodBuilderCore/MoveNextRunner:InvokeMoveNext (object)
System.Threading.ExecutionContext:RunInternal (System.Threading.ExecutionContext,System.Threading.ContextCallback,object,bool)
System.Threading.ExecutionContext:Run (System.Threading.ExecutionContext,System.Threading.ContextCallback,object,bool)
System.Runtime.CompilerServices.AsyncMethodBuilderCore/MoveNextRunner:Run ()
System.Threading.Tasks.AwaitTaskContinuation:InvokeAction (object)
System.Threading.Tasks.AwaitTaskContinuation:RunCallback (System.Threading.ContextCallback,object,System.Threading.Tasks.Task&)
System.Threading.Tasks.SynchronizationContextAwaitTaskContinuation:Run (System.Threading.Tasks.Task,bool)
System.Threading.Tasks.Task:FinishContinuations ()
System.Threading.Tasks.Task:FinishStageThree ()
System.Threading.Tasks.Task`1<string>:TrySetResult (string)
System.Runtime.CompilerServices.AsyncTaskMethodBuilder`1<string>:SetResult (string)
Unity.Services.Relay.WrappedRelayService/<GetJoinCodeAsync>d__11:MoveNext () (at ./Library/PackageCache/com.unity.services.multiplayer@a6d6ce688d71/Runtime/Relay/SDK/WrappedRelayService.cs:134)
System.Runtime.CompilerServices.AsyncMethodBuilderCore/MoveNextRunner:InvokeMoveNext (object)
System.Threading.ExecutionContext:RunInternal (System.Threading.ExecutionContext,System.Threading.ContextCallback,object,bool)
System.Threading.ExecutionContext:Run (System.Threading.ExecutionContext,System.Threading.ContextCallback,object,bool)
System.Runtime.CompilerServices.AsyncMethodBuilderCore/MoveNextRunner:Run ()
System.Threading.Tasks.AwaitTaskContinuation:InvokeAction (object)
System.Threading.Tasks.AwaitTaskContinuation:RunCallback (System.Threading.ContextCallback,object,System.Threading.Tasks.Task&)
System.Threading.Tasks.SynchronizationContextAwaitTaskContinuation:Run (System.Threading.Tasks.Task,bool)
System.Threading.Tasks.Task:FinishContinuations ()
System.Threading.Tasks.Task:FinishStageThree ()
System.Threading.Tasks.Task`1<Unity.Services.Relay.Response`1<Unity.Services.Relay.Models.JoinCodeResponseBody>>:TrySetResult (Unity.Services.Relay.Response`1<Unity.Services.Relay.Models.JoinCodeResponseBody>)
System.Runtime.CompilerServices.AsyncTaskMethodBuilder`1<Unity.Services.Relay.Response`1<Unity.Services.Relay.Models.JoinCodeResponseBody>>:SetResult (Unity.Services.Relay.Response`1<Unity.Services.Relay.Models.JoinCodeResponseBody>)
Unity.Services.Relay.Apis.RelayAllocations.RelayAllocationsApiClient/<CreateJoincodeAsync>d__8:MoveNext () (at ./Library/PackageCache/com.unity.services.multiplayer@a6d6ce688d71/Runtime/Relay/Apis/RelayAllocationsApi.cs:160)
System.Runtime.CompilerServices.AsyncMethodBuilderCore/MoveNextRunner:InvokeMoveNext (object)
System.Threading.ExecutionContext:RunInternal (System.Threading.ExecutionContext,System.Threading.ContextCallback,object,bool)
System.Threading.ExecutionContext:Run (System.Threading.ExecutionContext,System.Threading.ContextCallback,object,bool)
System.Runtime.CompilerServices.AsyncMethodBuilderCore/MoveNextRunner:Run ()
System.Threading.Tasks.AwaitTaskContinuation:InvokeAction (object)
System.Threading.Tasks.AwaitTaskContinuation:RunCallback (System.Threading.ContextCallback,object,System.Threading.Tasks.Task&)
System.Threading.Tasks.SynchronizationContextAwaitTaskContinuation:Run (System.Threading.Tasks.Task,bool)
System.Threading.Tasks.Task:FinishContinuations ()
System.Threading.Tasks.Task:FinishStageThree ()
System.Threading.Tasks.Task`1<Unity.Services.Relay.Http.HttpClientResponse>:TrySetResult (Unity.Services.Relay.Http.HttpClientResponse)
System.Runtime.CompilerServices.AsyncTaskMethodBuilder`1<Unity.Services.Relay.Http.HttpClientResponse>:SetResult (Unity.Services.Relay.Http.HttpClientResponse)
Unity.Services.Relay.Http.HttpClient/<MakeRequestAsync>d__1:MoveNext () (at ./Library/PackageCache/com.unity.services.multiplayer@a6d6ce688d71/Runtime/Relay/Http/HttpClient.cs:41)
System.Runtime.CompilerServices.AsyncMethodBuilderCore/MoveNextRunner:InvokeMoveNext (object)
System.Threading.ExecutionContext:RunInternal (System.Threading.ExecutionContext,System.Threading.ContextCallback,object,bool)
System.Threading.ExecutionContext:Run (System.Threading.ExecutionContext,System.Threading.ContextCallback,object,bool)
System.Runtime.CompilerServices.AsyncMethodBuilderCore/MoveNextRunner:Run ()
System.Threading.Tasks.AwaitTaskContinuation:InvokeAction (object)
System.Threading.Tasks.AwaitTaskContinuation:RunCallback (System.Threading.ContextCallback,object,System.Threading.Tasks.Task&)
System.Threading.Tasks.SynchronizationContextAwaitTaskContinuation:Run (System.Threading.Tasks.Task,bool)
System.Threading.Tasks.Task:FinishContinuations ()
System.Threading.Tasks.Task:FinishStageThree ()
System.Threading.Tasks.Task`1<Unity.Services.Relay.Http.HttpClientResponse>:TrySetResult (Unity.Services.Relay.Http.HttpClientResponse)
System.Runtime.CompilerServices.AsyncTaskMethodBuilder`1<Unity.Services.Relay.Http.HttpClientResponse>:SetResult (Unity.Services.Relay.Http.HttpClientResponse)
Unity.Services.Relay.Http.HttpClient/<CreateWebRequestAsync>d__3:MoveNext () (at ./Library/PackageCache/com.unity.services.multiplayer@a6d6ce688d71/Runtime/Relay/Http/HttpClient.cs:56)
System.Runtime.CompilerServices.AsyncMethodBuilderCore/MoveNextRunner:InvokeMoveNext (object)
System.Threading.ExecutionContext:RunInternal (System.Threading.ExecutionContext,System.Threading.ContextCallback,object,bool)
System.Threading.ExecutionContext:Run (System.Threading.ExecutionContext,System.Threading.ContextCallback,object,bool)
System.Runtime.CompilerServices.AsyncMethodBuilderCore/MoveNextRunner:Run ()
System.Threading.Tasks.AwaitTaskContinuation:InvokeAction (object)
System.Threading.Tasks.AwaitTaskContinuation:RunCallback (System.Threading.ContextCallback,object,System.Threading.Tasks.Task&)
System.Threading.Tasks.SynchronizationContextAwaitTaskContinuation:Run (System.Threading.Tasks.Task,bool)
System.Threading.Tasks.Task:FinishContinuations ()
System.Threading.Tasks.Task:FinishStageThree ()
System.Threading.Tasks.Task`1<Unity.Services.Relay.Http.HttpClientResponse>:TrySetResult (Unity.Services.Relay.Http.HttpClientResponse)
System.Runtime.CompilerServices.AsyncTaskMethodBuilder`1<Unity.Services.Relay.Http.HttpClientResponse>:SetResult (Unity.Services.Relay.Http.HttpClientResponse)
Unity.Services.Relay.Http.HttpClient/<CreateHttpClientResponse>d__4:MoveNext () (at ./Library/PackageCache/com.unity.services.multiplayer@a6d6ce688d71/Runtime/Relay/Http/HttpClient.cs:84)
System.Runtime.CompilerServices.AsyncMethodBuilderCore/MoveNextRunner:InvokeMoveNext (object)
System.Threading.ExecutionContext:RunInternal (System.Threading.ExecutionContext,System.Threading.ContextCallback,object,bool)
System.Threading.ExecutionContext:Run (System.Threading.ExecutionContext,System.Threading.ContextCallback,object,bool)
System.Runtime.CompilerServices.AsyncMethodBuilderCore/MoveNextRunner:Run ()
System.Threading.Tasks.AwaitTaskContinuation:InvokeAction (object)
System.Threading.Tasks.AwaitTaskContinuation:RunCallback (System.Threading.ContextCallback,object,System.Threading.Tasks.Task&)
System.Threading.Tasks.SynchronizationContextAwaitTaskContinuation:Run (System.Threading.Tasks.Task,bool)
System.Threading.Tasks.Task:FinishContinuations ()
System.Threading.Tasks.Task:FinishStageThree ()
System.Threading.Tasks.Task`1<Unity.Services.Relay.Http.HttpClientResponse>:TrySetResult (Unity.Services.Relay.Http.HttpClientResponse)
System.Runtime.CompilerServices.AsyncTaskMethodBuilder`1<Unity.Services.Relay.Http.HttpClientResponse>:SetResult (Unity.Services.Relay.Http.HttpClientResponse)
Unity.Services.Relay.Http.HttpClient/<>c__DisplayClass4_0/<<CreateHttpClientResponse>b__0>d:MoveNext () (at ./Library/PackageCache/com.unity.services.multiplayer@a6d6ce688d71/Runtime/Relay/Http/HttpClient.cs:81)
System.Runtime.CompilerServices.AsyncMethodBuilderCore/MoveNextRunner:InvokeMoveNext (object)
System.Threading.ExecutionContext:RunInternal (System.Threading.ExecutionContext,System.Threading.ContextCallback,object,bool)
System.Threading.ExecutionContext:Run (System.Threading.ExecutionContext,System.Threading.ContextCallback,object,bool)
System.Runtime.CompilerServices.AsyncMethodBuilderCore/MoveNextRunner:Run ()
System.Threading.Tasks.AwaitTaskContinuation:InvokeAction (object)
System.Threading.Tasks.AwaitTaskContinuation:RunCallback (System.Threading.ContextCallback,object,System.Threading.Tasks.Task&)
System.Threading.Tasks.SynchronizationContextAwaitTaskContinuation:Run (System.Threading.Tasks.Task,bool)
System.Threading.Tasks.Task:FinishContinuations ()
System.Threading.Tasks.Task:FinishStageThree ()
System.Threading.Tasks.Task`1<Unity.Services.Relay.Http.HttpClientResponse>:TrySetResult (Unity.Services.Relay.Http.HttpClientResponse)
System.Threading.Tasks.TaskCompletionSource`1<Unity.Services.Relay.Http.HttpClientResponse>:TrySetResult (Unity.Services.Relay.Http.HttpClientResponse)
System.Threading.Tasks.TaskCompletionSource`1<Unity.Services.Relay.Http.HttpClientResponse>:SetResult (Unity.Services.Relay.Http.HttpClientResponse)
Unity.Services.Relay.Http.UnityWebRequestHelpers/<>c__DisplayClass0_0:<GetAwaiter>b__0 (UnityEngine.AsyncOperation) (at ./Library/PackageCache/com.unity.services.multiplayer@a6d6ce688d71/Runtime/Relay/Http/UnityWebRequestHelpers.cs:34)
UnityEngine.AsyncOperation:InvokeCompletionEvent () (at C:/build/output/unity/unity/Runtime/Export/Scripting/AsyncOperation.cs:24)

(Filename: C:/build/output/unity/unity/Runtime/Export/Debug/Debug.bindings.cs Line: 123)

PHS_ITEM_P0_BEGIN expectedClients=2
UnityEngine.Debug:ExtractStackTraceNoAlloc (byte*,int,string)
UnityEngine.StackTraceUtility:ExtractStackTrace () (at C:/build/output/unity/unity/Runtime/Export/Scripting/StackTrace.cs:35)
UnityEngine.DebugLogHandler:Internal_Log (UnityEngine.LogType,UnityEngine.LogOption,string,UnityEngine.Object)
UnityEngine.DebugLogHandler:LogFormat (UnityEngine.LogType,UnityEngine.Object,string,object[]) (at C:/build/output/unity/unity/Runtime/Export/Logging/DebugLogHandler.cs:9)
UnityEngine.Logger:Log (UnityEngine.LogType,object,UnityEngine.Object) (at C:/build/output/unity/unity/Runtime/Export/Logging/Logger.cs:66)
UnityEngine.Debug:Log (object,UnityEngine.Object) (at C:/build/output/unity/unity/Runtime/Export/Debug/Debug.bindings.cs:128)
LastJumpCrew.ParkHanSol.Multiplayer.Validation.P0RuntimeValidationDriver/<RunItemServerScenario>d__68:MoveNext () (at E:/UNITY/LastJumpCrew/Assets/02. ParkHanSol_TeamLeader_Build & Multi/02. Script/Multiplayer/Validation/P0RuntimeValidationDriver.cs:385)
UnityEngine.SetupCoroutine:InvokeMoveNext (System.Collections.IEnumerator,intptr) (at C:/build/output/unity/unity/Runtime/Export/Scripting/Coroutines.cs:17)
UnityEngine.MonoBehaviour:StartCoroutineManaged2 (System.Collections.IEnumerator)
UnityEngine.MonoBehaviour:StartCoroutine (System.Collections.IEnumerator) (at C:/build/output/unity/unity/Runtime/Export/Scripting/MonoBehaviour.bindings.cs:114)
LastJumpCrew.ParkHanSol.Multiplayer.Validation.P0RuntimeValidationDriver:OnNetworkSpawn () (at E:/UNITY/LastJumpCrew/Assets/02. ParkHanSol_TeamLeader_Build & Multi/02. Script/Multiplayer/Validation/P0RuntimeValidationDriver.cs:376)
Unity.Netcode.NetworkBehaviour:NetworkSpawn () (at ./Library/PackageCache/com.unity.netcode.gameobjects@0f12e689d980/Runtime/Core/NetworkBehaviour.cs:813)
Unity.Netcode.NetworkObject:InvokeBehaviourNetworkSpawn () (at ./Library/PackageCache/com.unity.netcode.gameobjects@0f12e689d980/Runtime/Core/NetworkObject.cs:2698)
Unity.Netcode.NetworkSpawnManager:SpawnNetworkObjectLocallyCommon (Unity.Netcode.NetworkObject,ulong,bool,bool,ulong,bool) (at ./Library/PackageCache/com.unity.netcode.gameobjects@0f12e689d980/Runtime/Spawning/NetworkSpawnManager.cs:1384)
Unity.Netcode.NetworkSpawnManager:AuthorityLocalSpawn (Unity.Netcode.NetworkObject,ulong,bool,bool,ulong,bool) (at ./Library/PackageCache/com.unity.netcode.gameobjects@0f12e689d980/Runtime/Spawning/NetworkSpawnManager.cs:1182)
Unity.Netcode.NetworkConnectionManager:HandleConnectionApproval (ulong,bool,System.Nullable`1<uint>,System.Nullable`1<UnityEngine.Vector3>,System.Nullable`1<UnityEngine.Quaternion>) (at ./Library/PackageCache/com.unity.netcode.gameobjects@0f12e689d980/Runtime/Connection/NetworkConnectionManager.cs:1027)
Unity.Netcode.NetworkManager:HostServerInitialize () (at ./Library/PackageCache/com.unity.netcode.gameobjects@0f12e689d980/Runtime/Core/NetworkManager.cs:1516)
Unity.Netcode.NetworkManager:StartHost () (at ./Library/PackageCache/com.unity.netcode.gameobjects@0f12e689d980/Runtime/Core/NetworkManager.cs:1483)
Unity.Services.Multiplayer.NetworkManagerSession:SetupNetworkManagerLifecycleMonitoring (System.Threading.CancellationToken) (at ./Library/PackageCache/com.unity.services.multiplayer@a6d6ce688d71/Runtime/Multiplayer/Modules/Network/Handlers/NetworkHandler/NetworkManagerSession.cs:328)
Unity.Services.Multiplayer.NetworkManagerSession/<StartAsync>d__28:MoveNext () (at ./Library/PackageCache/com.unity.services.multiplayer@a6d6ce688d71/Runtime/Multiplayer/Modules/Network/Handlers/NetworkHandler/NetworkManagerSession.cs:165)
System.Runtime.CompilerServices.AsyncTaskMethodBuilder:Start<Unity.Services.Multiplayer.NetworkManagerSession/<StartAsync>d__28> (Unity.Services.Multiplayer.NetworkManagerSession/<StartAsync>d__28&)
Unity.Services.Multiplayer.NetworkManagerSession:StartAsync (System.Threading.CancellationToken)
Unity.Services.Multiplayer.GameObjectsNetcodeNetworkHandler/<StartAsync>d__4:MoveNext () (at ./Library/PackageCache/com.unity.services.multiplayer@a6d6ce688d71/Runtime/Multiplayer/Modules/Network/Handlers/NetworkHandler/GameObjectsNetcodeNetworkHandler.cs:77)
System.Runtime.CompilerServices.AsyncTaskMethodBuilder:Start<Unity.Services.Multiplayer.GameObjectsNetcodeNetworkHandler/<StartAsync>d__4> (Unity.Services.Multiplayer.GameObjectsNetcodeNetworkHandler/<StartAsync>d__4&)
Unity.Services.Multiplayer.GameObjectsNetcodeNetworkHandler:StartAsync (Unity.Services.Multiplayer.NetworkConfiguration)
Unity.Services.Multiplayer.NetworkModule:StartNetworkHandlerAsync (Unity.Services.Multiplayer.NetworkConfiguration) (at ./Library/PackageCache/com.unity.services.multiplayer@a6d6ce688d71/Runtime/Multiplayer/Modules/Network/NetworkModule.cs:554)
Unity.Services.Multiplayer.NetworkModule/<StartNetworkWithOptionsAsync>d__64:MoveNext () (at ./Library/PackageCache/com.unity.services.multiplayer@a6d6ce688d71/Runtime/Multiplayer/Modules/Network/NetworkModule.cs:303)
System.Runtime.CompilerServices.AsyncMethodBuilderCore/MoveNextRunner:InvokeMoveNext (object)
System.Threading.ExecutionContext:RunInternal (System.Threading.ExecutionContext,System.Threading.ContextCallback,object,bool)
System.Threading.ExecutionContext:Run (System.Threading.ExecutionContext,System.Threading.ContextCallback,object,bool)
System.Runtime.CompilerServices.AsyncMethodBuilderCore/MoveNextRunner:Run ()
System.Threading.Tasks.AwaitTaskContinuation:InvokeAction (object)
System.Threading.Tasks.AwaitTaskContinuation:RunCallback (System.Threading.ContextCallback,object,System.Threading.Tasks.Task&)
System.Threading.Tasks.SynchronizationContextAwaitTaskContinuation:Run (System.Threading.Tasks.Task,bool)
System.Threading.Tasks.Task:FinishContinuations ()
System.Threading.Tasks.Task:FinishStageThree ()
System.Threading.Tasks.Task`1<System.Threading.Tasks.VoidTaskResult>:TrySetResult (System.Threading.Tasks.VoidTaskResult)
System.Runtime.CompilerServices.AsyncTaskMethodBuilder`1<System.Threading.Tasks.VoidTaskResult>:SetResult (System.Threading.Tasks.VoidTaskResult)
System.Runtime.CompilerServices.AsyncTaskMethodBuilder`1<System.Threading.Tasks.VoidTaskResult>:SetResult (System.Threading.Tasks.Task`1<System.Threading.Tasks.VoidTaskResult>)
System.Runtime.CompilerServices.AsyncTaskMethodBuilder:SetResult ()
Unity.Services.Multiplayer.RelayHandler/<FetchJoinCodeAsync>d__22:MoveNext () (at ./Library/PackageCache/com.unity.services.multiplayer@a6d6ce688d71/Runtime/Multiplayer/Modules/Network/Handlers/Relay/RelayHandler.cs:109)
System.Runtime.CompilerServices.AsyncMethodBuilderCore/MoveNextRunner:InvokeMoveNext (object)
System.Threading.ExecutionContext:RunInternal (System.Threading.ExecutionContext,System.Threading.ContextCallback,object,bool)
System.Threading.ExecutionContext:Run (System.Threading.ExecutionContext,System.Threading.ContextCallback,object,bool)
System.Runtime.CompilerServices.AsyncMethodBuilderCore/MoveNextRunner:Run ()
System.Threading.Tasks.AwaitTaskContinuation:InvokeAction (object)
System.Threading.Tasks.AwaitTaskContinuation:RunCallback (System.Threading.ContextCallback,object,System.Threading.Tasks.Task&)
System.Threading.Tasks.SynchronizationContextAwaitTaskContinuation:Run (System.Threading.Tasks.Task,bool)
System.Threading.Tasks.Task:FinishContinuations ()
System.Threading.Tasks.Task:FinishStageThree ()
System.Threading.Tasks.Task`1<string>:TrySetResult (string)
System.Runtime.CompilerServices.AsyncTaskMethodBuilder`1<string>:SetResult (string)
Unity.Services.Relay.WrappedRelayService/<GetJoinCodeAsync>d__11:MoveNext () (at ./Library/PackageCache/com.unity.services.multiplayer@a6d6ce688d71/Runtime/Relay/SDK/WrappedRelayService.cs:134)
System.Runtime.CompilerServices.AsyncMethodBuilderCore/MoveNextRunner:InvokeMoveNext (object)
System.Threading.ExecutionContext:RunInternal (System.Threading.ExecutionContext,System.Threading.ContextCallback,object,bool)
System.Threading.ExecutionContext:Run (System.Threading.ExecutionContext,System.Threading.ContextCallback,object,bool)
System.Runtime.CompilerServices.AsyncMethodBuilderCore/MoveNextRunner:Run ()
System.Threading.Tasks.AwaitTaskContinuation:InvokeAction (object)
System.Threading.Tasks.AwaitTaskContinuation:RunCallback (System.Threading.ContextCallback,object,System.Threading.Tasks.Task&)
System.Threading.Tasks.SynchronizationContextAwaitTaskContinuation:Run (System.Threading.Tasks.Task,bool)
System.Threading.Tasks.Task:FinishContinuations ()
System.Threading.Tasks.Task:FinishStageThree ()
System.Threading.Tasks.Task`1<Unity.Services.Relay.Response`1<Unity.Services.Relay.Models.JoinCodeResponseBody>>:TrySetResult (Unity.Services.Relay.Response`1<Unity.Services.Relay.Models.JoinCodeResponseBody>)
System.Runtime.CompilerServices.AsyncTaskMethodBuilder`1<Unity.Services.Relay.Response`1<Unity.Services.Relay.Models.JoinCodeResponseBody>>:SetResult (Unity.Services.Relay.Response`1<Unity.Services.Relay.Models.JoinCodeResponseBody>)
Unity.Services.Relay.Apis.RelayAllocations.RelayAllocationsApiClient/<CreateJoincodeAsync>d__8:MoveNext () (at ./Library/PackageCache/com.unity.services.multiplayer@a6d6ce688d71/Runtime/Relay/Apis/RelayAllocationsApi.cs:160)
System.Runtime.CompilerServices.AsyncMethodBuilderCore/MoveNextRunner:InvokeMoveNext (object)
System.Threading.ExecutionContext:RunInternal (System.Threading.ExecutionContext,System.Threading.ContextCallback,object,bool)
System.Threading.ExecutionContext:Run (System.Threading.ExecutionContext,System.Threading.ContextCallback,object,bool)
System.Runtime.CompilerServices.AsyncMethodBuilderCore/MoveNextRunner:Run ()
System.Threading.Tasks.AwaitTaskContinuation:InvokeAction (object)
System.Threading.Tasks.AwaitTaskContinuation:RunCallback (System.Threading.ContextCallback,object,System.Threading.Tasks.Task&)
System.Threading.Tasks.SynchronizationContextAwaitTaskContinuation:Run (System.Threading.Tasks.Task,bool)
System.Threading.Tasks.Task:FinishContinuations ()
System.Threading.Tasks.Task:FinishStageThree ()
System.Threading.Tasks.Task`1<Unity.Services.Relay.Http.HttpClientResponse>:TrySetResult (Unity.Services.Relay.Http.HttpClientResponse)
System.Runtime.CompilerServices.AsyncTaskMethodBuilder`1<Unity.Services.Relay.Http.HttpClientResponse>:SetResult (Unity.Services.Relay.Http.HttpClientResponse)
Unity.Services.Relay.Http.HttpClient/<MakeRequestAsync>d__1:MoveNext () (at ./Library/PackageCache/com.unity.services.multiplayer@a6d6ce688d71/Runtime/Relay/Http/HttpClient.cs:41)
System.Runtime.CompilerServices.AsyncMethodBuilderCore/MoveNextRunner:InvokeMoveNext (object)
System.Threading.ExecutionContext:RunInternal (System.Threading.ExecutionContext,System.Threading.ContextCallback,object,bool)
System.Threading.ExecutionContext:Run (System.Threading.ExecutionContext,System.Threading.ContextCallback,object,bool)
System.Runtime.CompilerServices.AsyncMethodBuilderCore/MoveNextRunner:Run ()
System.Threading.Tasks.AwaitTaskContinuation:InvokeAction (object)
System.Threading.Tasks.AwaitTaskContinuation:RunCallback (System.Threading.ContextCallback,object,System.Threading.Tasks.Task&)
System.Threading.Tasks.SynchronizationContextAwaitTaskContinuation:Run (System.Threading.Tasks.Task,bool)
System.Threading.Tasks.Task:FinishContinuations ()
System.Threading.Tasks.Task:FinishStageThree ()
System.Threading.Tasks.Task`1<Unity.Services.Relay.Http.HttpClientResponse>:TrySetResult (Unity.Services.Relay.Http.HttpClientResponse)
System.Runtime.CompilerServices.AsyncTaskMethodBuilder`1<Unity.Services.Relay.Http.HttpClientResponse>:SetResult (Unity.Services.Relay.Http.HttpClientResponse)
Unity.Services.Relay.Http.HttpClient/<CreateWebRequestAsync>d__3:MoveNext () (at ./Library/PackageCache/com.unity.services.multiplayer@a6d6ce688d71/Runtime/Relay/Http/HttpClient.cs:56)
System.Runtime.CompilerServices.AsyncMethodBuilderCore/MoveNextRunner:InvokeMoveNext (object)
System.Threading.ExecutionContext:RunInternal (System.Threading.ExecutionContext,System.Threading.ContextCallback,object,bool)
System.Threading.ExecutionContext:Run (System.Threading.ExecutionContext,System.Threading.ContextCallback,object,bool)
System.Runtime.CompilerServices.AsyncMethodBuilderCore/MoveNextRunner:Run ()
System.Threading.Tasks.AwaitTaskContinuation:InvokeAction (object)
System.Threading.Tasks.AwaitTaskContinuation:RunCallback (System.Threading.ContextCallback,object,System.Threading.Tasks.Task&)
System.Threading.Tasks.SynchronizationContextAwaitTaskContinuation:Run (System.Threading.Tasks.Task,bool)
System.Threading.Tasks.Task:FinishContinuations ()
System.Threading.Tasks.Task:FinishStageThree ()
System.Threading.Tasks.Task`1<Unity.Services.Relay.Http.HttpClientResponse>:TrySetResult (Unity.Services.Relay.Http.HttpClientResponse)
System.Runtime.CompilerServices.AsyncTaskMethodBuilder`1<Unity.Services.Relay.Http.HttpClientResponse>:SetResult (Unity.Services.Relay.Http.HttpClientResponse)
Unity.Services.Relay.Http.HttpClient/<CreateHttpClientResponse>d__4:MoveNext () (at ./Library/PackageCache/com.unity.services.multiplayer@a6d6ce688d71/Runtime/Relay/Http/HttpClient.cs:84)
System.Runtime.CompilerServices.AsyncMethodBuilderCore/MoveNextRunner:InvokeMoveNext (object)
System.Threading.ExecutionContext:RunInternal (System.Threading.ExecutionContext,System.Threading.ContextCallback,object,bool)
System.Threading.ExecutionContext:Run (System.Threading.ExecutionContext,System.Threading.ContextCallback,object,bool)
System.Runtime.CompilerServices.AsyncMethodBuilderCore/MoveNextRunner:Run ()
System.Threading.Tasks.AwaitTaskContinuation:InvokeAction (object)
System.Threading.Tasks.AwaitTaskContinuation:RunCallback (System.Threading.ContextCallback,object,System.Threading.Tasks.Task&)
System.Threading.Tasks.SynchronizationContextAwaitTaskContinuation:Run (System.Threading.Tasks.Task,bool)
System.Threading.Tasks.Task:FinishContinuations ()
System.Threading.Tasks.Task:FinishStageThree ()
System.Threading.Tasks.Task`1<Unity.Services.Relay.Http.HttpClientResponse>:TrySetResult (Unity.Services.Relay.Http.HttpClientResponse)
System.Runtime.CompilerServices.AsyncTaskMethodBuilder`1<Unity.Services.Relay.Http.HttpClientResponse>:SetResult (Unity.Services.Relay.Http.HttpClientResponse)
Unity.Services.Relay.Http.HttpClient/<>c__DisplayClass4_0/<<CreateHttpClientResponse>b__0>d:MoveNext () (at ./Library/PackageCache/com.unity.services.multiplayer@a6d6ce688d71/Runtime/Relay/Http/HttpClient.cs:81)
System.Runtime.CompilerServices.AsyncMethodBuilderCore/MoveNextRunner:InvokeMoveNext (object)
System.Threading.ExecutionContext:RunInternal (System.Threading.ExecutionContext,System.Threading.ContextCallback,object,bool)
System.Threading.ExecutionContext:Run (System.Threading.ExecutionContext,System.Threading.ContextCallback,object,bool)
System.Runtime.CompilerServices.AsyncMethodBuilderCore/MoveNextRunner:Run ()
System.Threading.Tasks.AwaitTaskContinuation:InvokeAction (object)
System.Threading.Tasks.AwaitTaskContinuation:RunCallback (System.Threading.ContextCallback,object,System.Threading.Tasks.Task&)
System.Threading.Tasks.SynchronizationContextAwaitTaskContinuation:Run (System.Threading.Tasks.Task,bool)
System.Threading.Tasks.Task:FinishContinuations ()
System.Threading.Tasks.Task:FinishStageThree ()
System.Threading.Tasks.Task`1<Unity.Services.Relay.Http.HttpClientResponse>:TrySetResult (Unity.Services.Relay.Http.HttpClientResponse)
System.Threading.Tasks.TaskCompletionSource`1<Unity.Services.Relay.Http.HttpClientResponse>:TrySetResult (Unity.Services.Relay.Http.HttpClientResponse)
System.Threading.Tasks.TaskCompletionSource`1<Unity.Services.Relay.Http.HttpClientResponse>:SetResult (Unity.Services.Relay.Http.HttpClientResponse)
Unity.Services.Relay.Http.UnityWebRequestHelpers/<>c__DisplayClass0_0:<GetAwaiter>b__0 (UnityEngine.AsyncOperation) (at ./Library/PackageCache/com.unity.services.multiplayer@a6d6ce688d71/Runtime/Relay/Http/UnityWebRequestHelpers.cs:34)
UnityEngine.AsyncOperation:InvokeCompletionEvent () (at C:/build/output/unity/unity/Runtime/Export/Scripting/AsyncOperation.cs:24)

(Filename: C:/build/output/unity/unity/Runtime/Export/Debug/Debug.bindings.cs Line: 128)

PHS_RUN_FLOW_BOUND coordinator=PHS_NetworkRunSessionRoot(Clone) phase=ZoneSelect
UnityEngine.Debug:ExtractStackTraceNoAlloc (byte*,int,string)
UnityEngine.StackTraceUtility:ExtractStackTrace () (at C:/build/output/unity/unity/Runtime/Export/Scripting/StackTrace.cs:35)
UnityEngine.DebugLogHandler:Internal_Log (UnityEngine.LogType,UnityEngine.LogOption,string,UnityEngine.Object)
UnityEngine.DebugLogHandler:LogFormat (UnityEngine.LogType,UnityEngine.Object,string,object[]) (at C:/build/output/unity/unity/Runtime/Export/Logging/DebugLogHandler.cs:9)
UnityEngine.Logger:Log (UnityEngine.LogType,object) (at C:/build/output/unity/unity/Runtime/Export/Logging/Logger.cs:60)
UnityEngine.Debug:Log (object) (at C:/build/output/unity/unity/Runtime/Export/Debug/Debug.bindings.cs:123)
LastJumpCrew.ParkHanSol.Multiplayer.NetworkRunFlowCoordinator:TryBindGameFlow () (at E:/UNITY/LastJumpCrew/Assets/02. ParkHanSol_TeamLeader_Build & Multi/02. Script/Multiplayer/RunFlow/NetworkRunFlowCoordinator.cs:512)
LastJumpCrew.ParkHanSol.Multiplayer.NetworkRunFlowCoordinator:OnNetworkSpawn () (at E:/UNITY/LastJumpCrew/Assets/02. ParkHanSol_TeamLeader_Build & Multi/02. Script/Multiplayer/RunFlow/NetworkRunFlowCoordinator.cs:241)
Unity.Netcode.NetworkBehaviour:NetworkSpawn () (at ./Library/PackageCache/com.unity.netcode.gameobjects@0f12e689d980/Runtime/Core/NetworkBehaviour.cs:813)
Unity.Netcode.NetworkObject:InvokeBehaviourNetworkSpawn () (at ./Library/PackageCache/com.unity.netcode.gameobjects@0f12e689d980/Runtime/Core/NetworkObject.cs:2698)
Unity.Netcode.NetworkSpawnManager:SpawnNetworkObjectLocallyCommon (Unity.Netcode.NetworkObject,ulong,bool,bool,ulong,bool) (at ./Library/PackageCache/com.unity.netcode.gameobjects@0f12e689d980/Runtime/Spawning/NetworkSpawnManager.cs:1384)
Unity.Netcode.NetworkSpawnManager:AuthorityLocalSpawn (Unity.Netcode.NetworkObject,ulong,bool,bool,ulong,bool) (at ./Library/PackageCache/com.unity.netcode.gameobjects@0f12e689d980/Runtime/Spawning/NetworkSpawnManager.cs:1182)
Unity.Netcode.NetworkObject:SpawnWithOwnership (ulong,bool) (at ./Library/PackageCache/com.unity.netcode.gameobjects@0f12e689d980/Runtime/Core/NetworkObject.cs:2026)
Unity.Netcode.NetworkSpawnManager:InstantiateAndSpawnNoParameterChecks (Unity.Netcode.NetworkObject,Unity.Netcode.NetworkManager,ulong,bool,bool,bool,UnityEngine.Vector3,UnityEngine.Quaternion) (at ./Library/PackageCache/com.unity.netcode.gameobjects@0f12e689d980/Runtime/Spawning/NetworkSpawnManager.cs:853)
Unity.Netcode.NetworkSpawnManager:InstantiateAndSpawn (Unity.Netcode.NetworkObject,ulong,bool,bool,bool,UnityEngine.Vector3,UnityEngine.Quaternion) (at ./Library/PackageCache/com.unity.netcode.gameobjects@0f12e689d980/Runtime/Spawning/NetworkSpawnManager.cs:811)
LastJumpCrew.ParkHanSol.Multiplayer.NetworkRunSessionRootBootstrap:TrySpawnServerRoot () (at E:/UNITY/LastJumpCrew/Assets/02. ParkHanSol_TeamLeader_Build & Multi/02. Script/Multiplayer/RunFlow/NetworkRunSessionRootBootstrap.cs:86)
LastJumpCrew.ParkHanSol.Multiplayer.NetworkRunSessionRootBootstrap:HandleServerStarted () (at E:/UNITY/LastJumpCrew/Assets/02. ParkHanSol_TeamLeader_Build & Multi/02. Script/Multiplayer/RunFlow/NetworkRunSessionRootBootstrap.cs:61)
Unity.Netcode.NetworkManager:HostServerInitialize () (at ./Library/PackageCache/com.unity.netcode.gameobjects@0f12e689d980/Runtime/Core/NetworkManager.cs:1530)
Unity.Netcode.NetworkManager:StartHost () (at ./Library/PackageCache/com.unity.netcode.gameobjects@0f12e689d980/Runtime/Core/NetworkManager.cs:1483)
Unity.Services.Multiplayer.NetworkManagerSession:SetupNetworkManagerLifecycleMonitoring (System.Threading.CancellationToken) (at ./Library/PackageCache/com.unity.services.multiplayer@a6d6ce688d71/Runtime/Multiplayer/Modules/Network/Handlers/NetworkHandler/NetworkManagerSession.cs:328)
Unity.Services.Multiplayer.NetworkManagerSession/<StartAsync>d__28:MoveNext () (at ./Library/PackageCache/com.unity.services.multiplayer@a6d6ce688d71/Runtime/Multiplayer/Modules/Network/Handlers/NetworkHandler/NetworkManagerSession.cs:165)
System.Runtime.CompilerServices.AsyncTaskMethodBuilder:Start<Unity.Services.Multiplayer.NetworkManagerSession/<StartAsync>d__28> (Unity.Services.Multiplayer.NetworkManagerSession/<StartAsync>d__28&)
Unity.Services.Multiplayer.NetworkManagerSession:StartAsync (System.Threading.CancellationToken)
Unity.Services.Multiplayer.GameObjectsNetcodeNetworkHandler/<StartAsync>d__4:MoveNext () (at ./Library/PackageCache/com.unity.services.multiplayer@a6d6ce688d71/Runtime/Multiplayer/Modules/Network/Handlers/NetworkHandler/GameObjectsNetcodeNetworkHandler.cs:77)
System.Runtime.CompilerServices.AsyncTaskMethodBuilder:Start<Unity.Services.Multiplayer.GameObjectsNetcodeNetworkHandler/<StartAsync>d__4> (Unity.Services.Multiplayer.GameObjectsNetcodeNetworkHandler/<StartAsync>d__4&)
Unity.Services.Multiplayer.GameObjectsNetcodeNetworkHandler:StartAsync (Unity.Services.Multiplayer.NetworkConfiguration)
Unity.Services.Multiplayer.NetworkModule:StartNetworkHandlerAsync (Unity.Services.Multiplayer.NetworkConfiguration) (at ./Library/PackageCache/com.unity.services.multiplayer@a6d6ce688d71/Runtime/Multiplayer/Modules/Network/NetworkModule.cs:554)
Unity.Services.Multiplayer.NetworkModule/<StartNetworkWithOptionsAsync>d__64:MoveNext () (at ./Library/PackageCache/com.unity.services.multiplayer@a6d6ce688d71/Runtime/Multiplayer/Modules/Network/NetworkModule.cs:303)
System.Runtime.CompilerServices.AsyncMethodBuilderCore/MoveNextRunner:InvokeMoveNext (object)
System.Threading.ExecutionContext:RunInternal (System.Threading.ExecutionContext,System.Threading.ContextCallback,object,bool)
System.Threading.ExecutionContext:Run (System.Threading.ExecutionContext,System.Threading.ContextCallback,object,bool)
System.Runtime.CompilerServices.AsyncMethodBuilderCore/MoveNextRunner:Run ()
System.Threading.Tasks.AwaitTaskContinuation:InvokeAction (object)
System.Threading.Tasks.AwaitTaskContinuation:RunCallback (System.Threading.ContextCallback,object,System.Threading.Tasks.Task&)
System.Threading.Tasks.SynchronizationContextAwaitTaskContinuation:Run (System.Threading.Tasks.Task,bool)
System.Threading.Tasks.Task:FinishContinuations ()
System.Threading.Tasks.Task:FinishStageThree ()
System.Threading.Tasks.Task`1<System.Threading.Tasks.VoidTaskResult>:TrySetResult (System.Threading.Tasks.VoidTaskResult)
System.Runtime.CompilerServices.AsyncTaskMethodBuilder`1<System.Threading.Tasks.VoidTaskResult>:SetResult (System.Threading.Tasks.VoidTaskResult)
System.Runtime.CompilerServices.AsyncTaskMethodBuilder`1<System.Threading.Tasks.VoidTaskResult>:SetResult (System.Threading.Tasks.Task`1<System.Threading.Tasks.VoidTaskResult>)
System.Runtime.CompilerServices.AsyncTaskMethodBuilder:SetResult ()
Unity.Services.Multiplayer.RelayHandler/<FetchJoinCodeAsync>d__22:MoveNext () (at ./Library/PackageCache/com.unity.services.multiplayer@a6d6ce688d71/Runtime/Multiplayer/Modules/Network/Handlers/Relay/RelayHandler.cs:109)
System.Runtime.CompilerServices.AsyncMethodBuilderCore/MoveNextRunner:InvokeMoveNext (object)
System.Threading.ExecutionContext:RunInternal (System.Threading.ExecutionContext,System.Threading.ContextCallback,object,bool)
System.Threading.ExecutionContext:Run (System.Threading.ExecutionContext,System.Threading.ContextCallback,object,bool)
System.Runtime.CompilerServices.AsyncMethodBuilderCore/MoveNextRunner:Run ()
System.Threading.Tasks.AwaitTaskContinuation:InvokeAction (object)
System.Threading.Tasks.AwaitTaskContinuation:RunCallback (System.Threading.ContextCallback,object,System.Threading.Tasks.Task&)
System.Threading.Tasks.SynchronizationContextAwaitTaskContinuation:Run (System.Threading.Tasks.Task,bool)
System.Threading.Tasks.Task:FinishContinuations ()
System.Threading.Tasks.Task:FinishStageThree ()
System.Threading.Tasks.Task`1<string>:TrySetResult (string)
System.Runtime.CompilerServices.AsyncTaskMethodBuilder`1<string>:SetResult (string)
Unity.Services.Relay.WrappedRelayService/<GetJoinCodeAsync>d__11:MoveNext () (at ./Library/PackageCache/com.unity.services.multiplayer@a6d6ce688d71/Runtime/Relay/SDK/WrappedRelayService.cs:134)
System.Runtime.CompilerServices.AsyncMethodBuilderCore/MoveNextRunner:InvokeMoveNext (object)
System.Threading.ExecutionContext:RunInternal (System.Threading.ExecutionContext,System.Threading.ContextCallback,object,bool)
System.Threading.ExecutionContext:Run (System.Threading.ExecutionContext,System.Threading.ContextCallback,object,bool)
System.Runtime.CompilerServices.AsyncMethodBuilderCore/MoveNextRunner:Run ()
System.Threading.Tasks.AwaitTaskContinuation:InvokeAction (object)
System.Threading.Tasks.AwaitTaskContinuation:RunCallback (System.Threading.ContextCallback,object,System.Threading.Tasks.Task&)
System.Threading.Tasks.SynchronizationContextAwaitTaskContinuation:Run (System.Threading.Tasks.Task,bool)
System.Threading.Tasks.Task:FinishContinuations ()
System.Threading.Tasks.Task:FinishStageThree ()
System.Threading.Tasks.Task`1<Unity.Services.Relay.Response`1<Unity.Services.Relay.Models.JoinCodeResponseBody>>:TrySetResult (Unity.Services.Relay.Response`1<Unity.Services.Relay.Models.JoinCodeResponseBody>)
System.Runtime.CompilerServices.AsyncTaskMethodBuilder`1<Unity.Services.Relay.Response`1<Unity.Services.Relay.Models.JoinCodeResponseBody>>:SetResult (Unity.Services.Relay.Response`1<Unity.Services.Relay.Models.JoinCodeResponseBody>)
Unity.Services.Relay.Apis.RelayAllocations.RelayAllocationsApiClient/<CreateJoincodeAsync>d__8:MoveNext () (at ./Library/PackageCache/com.unity.services.multiplayer@a6d6ce688d71/Runtime/Relay/Apis/RelayAllocationsApi.cs:160)
System.Runtime.CompilerServices.AsyncMethodBuilderCore/MoveNextRunner:InvokeMoveNext (object)
System.Threading.ExecutionContext:RunInternal (System.Threading.ExecutionContext,System.Threading.ContextCallback,object,bool)
System.Threading.ExecutionContext:Run (System.Threading.ExecutionContext,System.Threading.ContextCallback,object,bool)
System.Runtime.CompilerServices.AsyncMethodBuilderCore/MoveNextRunner:Run ()
System.Threading.Tasks.AwaitTaskContinuation:InvokeAction (object)
System.Threading.Tasks.AwaitTaskContinuation:RunCallback (System.Threading.ContextCallback,object,System.Threading.Tasks.Task&)
System.Threading.Tasks.SynchronizationContextAwaitTaskContinuation:Run (System.Threading.Tasks.Task,bool)
System.Threading.Tasks.Task:FinishContinuations ()
System.Threading.Tasks.Task:FinishStageThree ()
System.Threading.Tasks.Task`1<Unity.Services.Relay.Http.HttpClientResponse>:TrySetResult (Unity.Services.Relay.Http.HttpClientResponse)
System.Runtime.CompilerServices.AsyncTaskMethodBuilder`1<Unity.Services.Relay.Http.HttpClientResponse>:SetResult (Unity.Services.Relay.Http.HttpClientResponse)
Unity.Services.Relay.Http.HttpClient/<MakeRequestAsync>d__1:MoveNext () (at ./Library/PackageCache/com.unity.services.multiplayer@a6d6ce688d71/Runtime/Relay/Http/HttpClient.cs:41)
System.Runtime.CompilerServices.AsyncMethodBuilderCore/MoveNextRunner:InvokeMoveNext (object)
System.Threading.ExecutionContext:RunInternal (System.Threading.ExecutionContext,System.Threading.ContextCallback,object,bool)
System.Threading.ExecutionContext:Run (System.Threading.ExecutionContext,System.Threading.ContextCallback,object,bool)
System.Runtime.CompilerServices.AsyncMethodBuilderCore/MoveNextRunner:Run ()
System.Threading.Tasks.AwaitTaskContinuation:InvokeAction (object)
System.Threading.Tasks.AwaitTaskContinuation:RunCallback (System.Threading.ContextCallback,object,System.Threading.Tasks.Task&)
System.Threading.Tasks.SynchronizationContextAwaitTaskContinuation:Run (System.Threading.Tasks.Task,bool)
System.Threading.Tasks.Task:FinishContinuations ()
System.Threading.Tasks.Task:FinishStageThree ()
System.Threading.Tasks.Task`1<Unity.Services.Relay.Http.HttpClientResponse>:TrySetResult (Unity.Services.Relay.Http.HttpClientResponse)
System.Runtime.CompilerServices.AsyncTaskMethodBuilder`1<Unity.Services.Relay.Http.HttpClientResponse>:SetResult (Unity.Services.Relay.Http.HttpClientResponse)
Unity.Services.Relay.Http.HttpClient/<CreateWebRequestAsync>d__3:MoveNext () (at ./Library/PackageCache/com.unity.services.multiplayer@a6d6ce688d71/Runtime/Relay/Http/HttpClient.cs:56)
System.Runtime.CompilerServices.AsyncMethodBuilderCore/MoveNextRunner:InvokeMoveNext (object)
System.Threading.ExecutionContext:RunInternal (System.Threading.ExecutionContext,System.Threading.ContextCallback,object,bool)
System.Threading.ExecutionContext:Run (System.Threading.ExecutionContext,System.Threading.ContextCallback,object,bool)
System.Runtime.CompilerServices.AsyncMethodBuilderCore/MoveNextRunner:Run ()
System.Threading.Tasks.AwaitTaskContinuation:InvokeAction (object)
System.Threading.Tasks.AwaitTaskContinuation:RunCallback (System.Threading.ContextCallback,object,System.Threading.Tasks.Task&)
System.Threading.Tasks.SynchronizationContextAwaitTaskContinuation:Run (System.Threading.Tasks.Task,bool)
System.Threading.Tasks.Task:FinishContinuations ()
System.Threading.Tasks.Task:FinishStageThree ()
System.Threading.Tasks.Task`1<Unity.Services.Relay.Http.HttpClientResponse>:TrySetResult (Unity.Services.Relay.Http.HttpClientResponse)
System.Runtime.CompilerServices.AsyncTaskMethodBuilder`1<Unity.Services.Relay.Http.HttpClientResponse>:SetResult (Unity.Services.Relay.Http.HttpClientResponse)
Unity.Services.Relay.Http.HttpClient/<CreateHttpClientResponse>d__4:MoveNext () (at ./Library/PackageCache/com.unity.services.multiplayer@a6d6ce688d71/Runtime/Relay/Http/HttpClient.cs:84)
System.Runtime.CompilerServices.AsyncMethodBuilderCore/MoveNextRunner:InvokeMoveNext (object)
System.Threading.ExecutionContext:RunInternal (System.Threading.ExecutionContext,System.Threading.ContextCallback,object,bool)
System.Threading.ExecutionContext:Run (System.Threading.ExecutionContext,System.Threading.ContextCallback,object,bool)
System.Runtime.CompilerServices.AsyncMethodBuilderCore/MoveNextRunner:Run ()
System.Threading.Tasks.AwaitTaskContinuation:InvokeAction (object)
System.Threading.Tasks.AwaitTaskContinuation:RunCallback (System.Threading.ContextCallback,object,System.Threading.Tasks.Task&)
System.Threading.Tasks.SynchronizationContextAwaitTaskContinuation:Run (System.Threading.Tasks.Task,bool)
System.Threading.Tasks.Task:FinishContinuations ()
System.Threading.Tasks.Task:FinishStageThree ()
System.Threading.Tasks.Task`1<Unity.Services.Relay.Http.HttpClientResponse>:TrySetResult (Unity.Services.Relay.Http.HttpClientResponse)
System.Runtime.CompilerServices.AsyncTaskMethodBuilder`1<Unity.Services.Relay.Http.HttpClientResponse>:SetResult (Unity.Services.Relay.Http.HttpClientResponse)
Unity.Services.Relay.Http.HttpClient/<>c__DisplayClass4_0/<<CreateHttpClientResponse>b__0>d:MoveNext () (at ./Library/PackageCache/com.unity.services.multiplayer@a6d6ce688d71/Runtime/Relay/Http/HttpClient.cs:81)
System.Runtime.CompilerServices.AsyncMethodBuilderCore/MoveNextRunner:InvokeMoveNext (object)
System.Threading.ExecutionContext:RunInternal (System.Threading.ExecutionContext,System.Threading.ContextCallback,object,bool)
System.Threading.ExecutionContext:Run (System.Threading.ExecutionContext,System.Threading.ContextCallback,object,bool)
System.Runtime.CompilerServices.AsyncMethodBuilderCore/MoveNextRunner:Run ()
System.Threading.Tasks.AwaitTaskContinuation:InvokeAction (object)
System.Threading.Tasks.AwaitTaskContinuation:RunCallback (System.Threading.ContextCallback,object,System.Threading.Tasks.Task&)
System.Threading.Tasks.SynchronizationContextAwaitTaskContinuation:Run (System.Threading.Tasks.Task,bool)
System.Threading.Tasks.Task:FinishContinuations ()
System.Threading.Tasks.Task:FinishStageThree ()
System.Threading.Tasks.Task`1<Unity.Services.Relay.Http.HttpClientResponse>:TrySetResult (Unity.Services.Relay.Http.HttpClientResponse)
System.Threading.Tasks.TaskCompletionSource`1<Unity.Services.Relay.Http.HttpClientResponse>:TrySetResult (Unity.Services.Relay.Http.HttpClientResponse)
System.Threading.Tasks.TaskCompletionSource`1<Unity.Services.Relay.Http.HttpClientResponse>:SetResult (Unity.Services.Relay.Http.HttpClientResponse)
Unity.Services.Relay.Http.UnityWebRequestHelpers/<>c__DisplayClass0_0:<GetAwaiter>b__0 (UnityEngine.AsyncOperation) (at ./Library/PackageCache/com.unity.services.multiplayer@a6d6ce688d71/Runtime/Relay/Http/UnityWebRequestHelpers.cs:34)
UnityEngine.AsyncOperation:InvokeCompletionEvent () (at C:/build/output/unity/unity/Runtime/Export/Scripting/AsyncOperation.cs:24)

(Filename: C:/build/output/unity/unity/Runtime/Export/Debug/Debug.bindings.cs Line: 123)

PHS_SHIP_SYSTEMS_SNAPSHOT reason=module_Clear hp=100/100 power=True gravity=True battery=False damageCause=none revision=0
UnityEngine.Debug:ExtractStackTraceNoAlloc (byte*,int,string)
UnityEngine.StackTraceUtility:ExtractStackTrace () (at C:/build/output/unity/unity/Runtime/Export/Scripting/StackTrace.cs:35)
UnityEngine.DebugLogHandler:Internal_Log (UnityEngine.LogType,UnityEngine.LogOption,string,UnityEngine.Object)
UnityEngine.DebugLogHandler:LogFormat (UnityEngine.LogType,UnityEngine.Object,string,object[]) (at C:/build/output/unity/unity/Runtime/Export/Logging/DebugLogHandler.cs:9)
UnityEngine.Logger:Log (UnityEngine.LogType,object,UnityEngine.Object) (at C:/build/output/unity/unity/Runtime/Export/Logging/Logger.cs:66)
UnityEngine.Debug:Log (object,UnityEngine.Object) (at C:/build/output/unity/unity/Runtime/Export/Debug/Debug.bindings.cs:128)
LastJumpCrew.ParkHanSol.Multiplayer.NetworkShipSystemsState:PublishStateChanged (string) (at E:/UNITY/LastJumpCrew/Assets/02. ParkHanSol_TeamLeader_Build & Multi/02. Script/Multiplayer/NetworkShipSystemsState.cs:811)
LastJumpCrew.ParkHanSol.Multiplayer.NetworkShipSystemsState:HandleModulesChanged (Unity.Netcode.NetworkListEvent`1<LastJumpCrew.ParkHanSol.Multiplayer.NetworkShipModuleSnapshot>) (at E:/UNITY/LastJumpCrew/Assets/02. ParkHanSol_TeamLeader_Build & Multi/02. Script/Multiplayer/NetworkShipSystemsState.cs:805)
Unity.Netcode.NetworkList`1<LastJumpCrew.ParkHanSol.Multiplayer.NetworkShipModuleSnapshot>:HandleAddListEvent (Unity.Netcode.NetworkListEvent`1<LastJumpCrew.ParkHanSol.Multiplayer.NetworkShipModuleSnapshot>) (at ./Library/PackageCache/com.unity.netcode.gameobjects@0f12e689d980/Runtime/NetworkVariable/Collections/NetworkList.cs:680)
Unity.Netcode.NetworkList`1<LastJumpCrew.ParkHanSol.Multiplayer.NetworkShipModuleSnapshot>:Clear () (at ./Library/PackageCache/com.unity.netcode.gameobjects@0f12e689d980/Runtime/NetworkVariable/Collections/NetworkList.cs:473)
LastJumpCrew.ParkHanSol.Multiplayer.NetworkShipSystemsState:InitializeServerState () (at E:/UNITY/LastJumpCrew/Assets/02. ParkHanSol_TeamLeader_Build & Multi/02. Script/Multiplayer/NetworkShipSystemsState.cs:539)
LastJumpCrew.ParkHanSol.Multiplayer.NetworkShipSystemsState:OnNetworkSpawn () (at E:/UNITY/LastJumpCrew/Assets/02. ParkHanSol_TeamLeader_Build & Multi/02. Script/Multiplayer/NetworkShipSystemsState.cs:103)
Unity.Netcode.NetworkBehaviour:NetworkSpawn () (at ./Library/PackageCache/com.unity.netcode.gameobjects@0f12e689d980/Runtime/Core/NetworkBehaviour.cs:813)
Unity.Netcode.NetworkObject:InvokeBehaviourNetworkSpawn () (at ./Library/PackageCache/com.unity.netcode.gameobjects@0f12e689d980/Runtime/Core/NetworkObject.cs:2698)
Unity.Netcode.NetworkSpawnManager:SpawnNetworkObjectLocallyCommon (Unity.Netcode.NetworkObject,ulong,bool,bool,ulong,bool) (at ./Library/PackageCache/com.unity.netcode.gameobjects@0f12e689d980/Runtime/Spawning/NetworkSpawnManager.cs:1384)
Unity.Netcode.NetworkSpawnManager:AuthorityLocalSpawn (Unity.Netcode.NetworkObject,ulong,bool,bool,ulong,bool) (at ./Library/PackageCache/com.unity.netcode.gameobjects@0f12e689d980/Runtime/Spawning/NetworkSpawnManager.cs:1182)
Unity.Netcode.NetworkObject:SpawnWithOwnership (ulong,bool) (at ./Library/PackageCache/com.unity.netcode.gameobjects@0f12e689d980/Runtime/Core/NetworkObject.cs:2026)
Unity.Netcode.NetworkSpawnManager:InstantiateAndSpawnNoParameterChecks (Unity.Netcode.NetworkObject,Unity.Netcode.NetworkManager,ulong,bool,bool,bool,UnityEngine.Vector3,UnityEngine.Quaternion) (at ./Library/PackageCache/com.unity.netcode.gameobjects@0f12e689d980/Runtime/Spawning/NetworkSpawnManager.cs:853)
Unity.Netcode.NetworkSpawnManager:InstantiateAndSpawn (Unity.Netcode.NetworkObject,ulong,bool,bool,bool,UnityEngine.Vector3,UnityEngine.Quaternion) (at ./Library/PackageCache/com.unity.netcode.gameobjects@0f12e689d980/Runtime/Spawning/NetworkSpawnManager.cs:811)
LastJumpCrew.ParkHanSol.Multiplayer.NetworkRunSessionRootBootstrap:TrySpawnServerRoot () (at E:/UNITY/LastJumpCrew/Assets/02. ParkHanSol_TeamLeader_Build & Multi/02. Script/Multiplayer/RunFlow/NetworkRunSessionRootBootstrap.cs:86)
LastJumpCrew.ParkHanSol.Multiplayer.NetworkRunSessionRootBootstrap:HandleServerStarted () (at E:/UNITY/LastJumpCrew/Assets/02. ParkHanSol_TeamLeader_Build & Multi/02. Script/Multiplayer/RunFlow/NetworkRunSessionRootBootstrap.cs:61)
Unity.Netcode.NetworkManager:HostServerInitialize () (at ./Library/PackageCache/com.unity.netcode.gameobjects@0f12e689d980/Runtime/Core/NetworkManager.cs:1530)
Unity.Netcode.NetworkManager:StartHost () (at ./Library/PackageCache/com.unity.netcode.gameobjects@0f12e689d980/Runtime/Core/NetworkManager.cs:1483)
Unity.Services.Multiplayer.NetworkManagerSession:SetupNetworkManagerLifecycleMonitoring (System.Threading.CancellationToken) (at ./Library/PackageCache/com.unity.services.multiplayer@a6d6ce688d71/Runtime/Multiplayer/Modules/Network/Handlers/NetworkHandler/NetworkManagerSession.cs:328)
Unity.Services.Multiplayer.NetworkManagerSession/<StartAsync>d__28:MoveNext () (at ./Library/PackageCache/com.unity.services.multiplayer@a6d6ce688d71/Runtime/Multiplayer/Modules/Network/Handlers/NetworkHandler/NetworkManagerSession.cs:165)
System.Runtime.CompilerServices.AsyncTaskMethodBuilder:Start<Unity.Services.Multiplayer.NetworkManagerSession/<StartAsync>d__28> (Unity.Services.Multiplayer.NetworkManagerSession/<StartAsync>d__28&)
Unity.Services.Multiplayer.NetworkManagerSession:StartAsync (System.Threading.CancellationToken)
Unity.Services.Multiplayer.GameObjectsNetcodeNetworkHandler/<StartAsync>d__4:MoveNext () (at ./Library/PackageCache/com.unity.services.multiplayer@a6d6ce688d71/Runtime/Multiplayer/Modules/Network/Handlers/NetworkHandler/GameObjectsNetcodeNetworkHandler.cs:77)
System.Runtime.CompilerServices.AsyncTaskMethodBuilder:Start<Unity.Services.Multiplayer.GameObjectsNetcodeNetworkHandler/<StartAsync>d__4> (Unity.Services.Multiplayer.GameObjectsNetcodeNetworkHandler/<StartAsync>d__4&)
Unity.Services.Multiplayer.GameObjectsNetcodeNetworkHandler:StartAsync (Unity.Services.Multiplayer.NetworkConfiguration)
Unity.Services.Multiplayer.NetworkModule:StartNetworkHandlerAsync (Unity.Services.Multiplayer.NetworkConfiguration) (at ./Library/PackageCache/com.unity.services.multiplayer@a6d6ce688d71/Runtime/Multiplayer/Modules/Network/NetworkModule.cs:554)
Unity.Services.Multiplayer.NetworkModule/<StartNetworkWithOptionsAsync>d__64:MoveNext () (at ./Library/PackageCache/com.unity.services.multiplayer@a6d6ce688d71/Runtime/Multiplayer/Modules/Network/NetworkModule.cs:303)
System.Runtime.CompilerServices.AsyncMethodBuilderCore/MoveNextRunner:InvokeMoveNext (object)
System.Threading.ExecutionContext:RunInternal (System.Threading.ExecutionContext,System.Threading.ContextCallback,object,bool)
System.Threading.ExecutionContext:Run (System.Threading.ExecutionContext,System.Threading.ContextCallback,object,bool)
System.Runtime.CompilerServices.AsyncMethodBuilderCore/MoveNextRunner:Run ()
System.Threading.Tasks.AwaitTaskContinuation:InvokeAction (object)
System.Threading.Tasks.AwaitTaskContinuation:RunCallback (System.Threading.ContextCallback,object,System.Threading.Tasks.Task&)
System.Threading.Tasks.SynchronizationContextAwaitTaskContinuation:Run (System.Threading.Tasks.Task,bool)
System.Threading.Tasks.Task:FinishContinuations ()
System.Threading.Tasks.Task:FinishStageThree ()
System.Threading.Tasks.Task`1<System.Threading.Tasks.VoidTaskResult>:TrySetResult (System.Threading.Tasks.VoidTaskResult)
System.Runtime.CompilerServices.AsyncTaskMethodBuilder`1<System.Threading.Tasks.VoidTaskResult>:SetResult (System.Threading.Tasks.VoidTaskResult)
System.Runtime.CompilerServices.AsyncTaskMethodBuilder`1<System.Threading.Tasks.VoidTaskResult>:SetResult (System.Threading.Tasks.Task`1<System.Threading.Tasks.VoidTaskResult>)
System.Runtime.CompilerServices.AsyncTaskMethodBuilder:SetResult ()
Unity.Services.Multiplayer.RelayHandler/<FetchJoinCodeAsync>d__22:MoveNext () (at ./Library/PackageCache/com.unity.services.multiplayer@a6d6ce688d71/Runtime/Multiplayer/Modules/Network/Handlers/Relay/RelayHandler.cs:109)
System.Runtime.CompilerServices.AsyncMethodBuilderCore/MoveNextRunner:InvokeMoveNext (object)
System.Threading.ExecutionContext:RunInternal (System.Threading.ExecutionContext,System.Threading.ContextCallback,object,bool)
System.Threading.ExecutionContext:Run (System.Threading.ExecutionContext,System.Threading.ContextCallback,object,bool)
System.Runtime.CompilerServices.AsyncMethodBuilderCore/MoveNextRunner:Run ()
System.Threading.Tasks.AwaitTaskContinuation:InvokeAction (object)
System.Threading.Tasks.AwaitTaskContinuation:RunCallback (System.Threading.ContextCallback,object,System.Threading.Tasks.Task&)
System.Threading.Tasks.SynchronizationContextAwaitTaskContinuation:Run (System.Threading.Tasks.Task,bool)
System.Threading.Tasks.Task:FinishContinuations ()
System.Threading.Tasks.Task:FinishStageThree ()
System.Threading.Tasks.Task`1<string>:TrySetResult (string)
System.Runtime.CompilerServices.AsyncTaskMethodBuilder`1<string>:SetResult (string)
Unity.Services.Relay.WrappedRelayService/<GetJoinCodeAsync>d__11:MoveNext () (at ./Library/PackageCache/com.unity.services.multiplayer@a6d6ce688d71/Runtime/Relay/SDK/WrappedRelayService.cs:134)
System.Runtime.CompilerServices.AsyncMethodBuilderCore/MoveNextRunner:InvokeMoveNext (object)
System.Threading.ExecutionContext:RunInternal (System.Threading.ExecutionContext,System.Threading.ContextCallback,object,bool)
System.Threading.ExecutionContext:Run (System.Threading.ExecutionContext,System.Threading.ContextCallback,object,bool)
System.Runtime.CompilerServices.AsyncMethodBuilderCore/MoveNextRunner:Run ()
System.Threading.Tasks.AwaitTaskContinuation:InvokeAction (object)
System.Threading.Tasks.AwaitTaskContinuation:RunCallback (System.Threading.ContextCallback,object,System.Threading.Tasks.Task&)
System.Threading.Tasks.SynchronizationContextAwaitTaskContinuation:Run (System.Threading.Tasks.Task,bool)
System.Threading.Tasks.Task:FinishContinuations ()
System.Threading.Tasks.Task:FinishStageThree ()
System.Threading.Tasks.Task`1<Unity.Services.Relay.Response`1<Unity.Services.Relay.Models.JoinCodeResponseBody>>:TrySetResult (Unity.Services.Relay.Response`1<Unity.Services.Relay.Models.JoinCodeResponseBody>)
System.Runtime.CompilerServices.AsyncTaskMethodBuilder`1<Unity.Services.Relay.Response`1<Unity.Services.Relay.Models.JoinCodeResponseBody>>:SetResult (Unity.Services.Relay.Response`1<Unity.Services.Relay.Models.JoinCodeResponseBody>)
Unity.Services.Relay.Apis.RelayAllocations.RelayAllocationsApiClient/<CreateJoincodeAsync>d__8:MoveNext () (at ./Library/PackageCache/com.unity.services.multiplayer@a6d6ce688d71/Runtime/Relay/Apis/RelayAllocationsApi.cs:160)
System.Runtime.CompilerServices.AsyncMethodBuilderCore/MoveNextRunner:InvokeMoveNext (object)
System.Threading.ExecutionContext:RunInternal (System.Threading.ExecutionContext,System.Threading.ContextCallback,object,bool)
System.Threading.ExecutionContext:Run (System.Threading.ExecutionContext,System.Threading.ContextCallback,object,bool)
System.Runtime.CompilerServices.AsyncMethodBuilderCore/MoveNextRunner:Run ()
System.Threading.Tasks.AwaitTaskContinuation:InvokeAction (object)
System.Threading.Tasks.AwaitTaskContinuation:RunCallback (System.Threading.ContextCallback,object,System.Threading.Tasks.Task&)
System.Threading.Tasks.SynchronizationContextAwaitTaskContinuation:Run (System.Threading.Tasks.Task,bool)
System.Threading.Tasks.Task:FinishContinuations ()
System.Threading.Tasks.Task:FinishStageThree ()
System.Threading.Tasks.Task`1<Unity.Services.Relay.Http.HttpClientResponse>:TrySetResult (Unity.Services.Relay.Http.HttpClientResponse)
System.Runtime.CompilerServices.AsyncTaskMethodBuilder`1<Unity.Services.Relay.Http.HttpClientResponse>:SetResult (Unity.Services.Relay.Http.HttpClientResponse)
Unity.Services.Relay.Http.HttpClient/<MakeRequestAsync>d__1:MoveNext () (at ./Library/PackageCache/com.unity.services.multiplayer@a6d6ce688d71/Runtime/Relay/Http/HttpClient.cs:41)
System.Runtime.CompilerServices.AsyncMethodBuilderCore/MoveNextRunner:InvokeMoveNext (object)
System.Threading.ExecutionContext:RunInternal (System.Threading.ExecutionContext,System.Threading.ContextCallback,object,bool)
System.Threading.ExecutionContext:Run (System.Threading.ExecutionContext,System.Threading.ContextCallback,object,bool)
System.Runtime.CompilerServices.AsyncMethodBuilderCore/MoveNextRunner:Run ()
System.Threading.Tasks.AwaitTaskContinuation:InvokeAction (object)
System.Threading.Tasks.AwaitTaskContinuation:RunCallback (System.Threading.ContextCallback,object,System.Threading.Tasks.Task&)
System.Threading.Tasks.SynchronizationContextAwaitTaskContinuation:Run (System.Threading.Tasks.Task,bool)
System.Threading.Tasks.Task:FinishContinuations ()
System.Threading.Tasks.Task:FinishStageThree ()
System.Threading.Tasks.Task`1<Unity.Services.Relay.Http.HttpClientResponse>:TrySetResult (Unity.Services.Relay.Http.HttpClientResponse)
System.Runtime.CompilerServices.AsyncTaskMethodBuilder`1<Unity.Services.Relay.Http.HttpClientResponse>:SetResult (Unity.Services.Relay.Http.HttpClientResponse)
Unity.Services.Relay.Http.HttpClient/<CreateWebRequestAsync>d__3:MoveNext () (at ./Library/PackageCache/com.unity.services.multiplayer@a6d6ce688d71/Runtime/Relay/Http/HttpClient.cs:56)
System.Runtime.CompilerServices.AsyncMethodBuilderCore/MoveNextRunner:InvokeMoveNext (object)
System.Threading.ExecutionContext:RunInternal (System.Threading.ExecutionContext,System.Threading.ContextCallback,object,bool)
System.Threading.ExecutionContext:Run (System.Threading.ExecutionContext,System.Threading.ContextCallback,object,bool)
System.Runtime.CompilerServices.AsyncMethodBuilderCore/MoveNextRunner:Run ()
System.Threading.Tasks.AwaitTaskContinuation:InvokeAction (object)
System.Threading.Tasks.AwaitTaskContinuation:RunCallback (System.Threading.ContextCallback,object,System.Threading.Tasks.Task&)
System.Threading.Tasks.SynchronizationContextAwaitTaskContinuation:Run (System.Threading.Tasks.Task,bool)
System.Threading.Tasks.Task:FinishContinuations ()
System.Threading.Tasks.Task:FinishStageThree ()
System.Threading.Tasks.Task`1<Unity.Services.Relay.Http.HttpClientResponse>:TrySetResult (Unity.Services.Relay.Http.HttpClientResponse)
System.Runtime.CompilerServices.AsyncTaskMethodBuilder`1<Unity.Services.Relay.Http.HttpClientResponse>:SetResult (Unity.Services.Relay.Http.HttpClientResponse)
Unity.Services.Relay.Http.HttpClient/<CreateHttpClientResponse>d__4:MoveNext () (at ./Library/PackageCache/com.unity.services.multiplayer@a6d6ce688d71/Runtime/Relay/Http/HttpClient.cs:84)
System.Runtime.CompilerServices.AsyncMethodBuilderCore/MoveNextRunner:InvokeMoveNext (object)
System.Threading.ExecutionContext:RunInternal (System.Threading.ExecutionContext,System.Threading.ContextCallback,object,bool)
System.Threading.ExecutionContext:Run (System.Threading.ExecutionContext,System.Threading.ContextCallback,object,bool)
System.Runtime.CompilerServices.AsyncMethodBuilderCore/MoveNextRunner:Run ()
System.Threading.Tasks.AwaitTaskContinuation:InvokeAction (object)
System.Threading.Tasks.AwaitTaskContinuation:RunCallback (System.Threading.ContextCallback,object,System.Threading.Tasks.Task&)
System.Threading.Tasks.SynchronizationContextAwaitTaskContinuation:Run (System.Threading.Tasks.Task,bool)
System.Threading.Tasks.Task:FinishContinuations ()
System.Threading.Tasks.Task:FinishStageThree ()
System.Threading.Tasks.Task`1<Unity.Services.Relay.Http.HttpClientResponse>:TrySetResult (Unity.Services.Relay.Http.HttpClientResponse)
System.Runtime.CompilerServices.AsyncTaskMethodBuilder`1<Unity.Services.Relay.Http.HttpClientResponse>:SetResult (Unity.Services.Relay.Http.HttpClientResponse)
Unity.Services.Relay.Http.HttpClient/<>c__DisplayClass4_0/<<CreateHttpClientResponse>b__0>d:MoveNext () (at ./Library/PackageCache/com.unity.services.multiplayer@a6d6ce688d71/Runtime/Relay/Http/HttpClient.cs:81)
System.Runtime.CompilerServices.AsyncMethodBuilderCore/MoveNextRunner:InvokeMoveNext (object)
System.Threading.ExecutionContext:RunInternal (System.Threading.ExecutionContext,System.Threading.ContextCallback,object,bool)
System.Threading.ExecutionContext:Run (System.Threading.ExecutionContext,System.Threading.ContextCallback,object,bool)
System.Runtime.CompilerServices.AsyncMethodBuilderCore/MoveNextRunner:Run ()
System.Threading.Tasks.AwaitTaskContinuation:InvokeAction (object)
System.Threading.Tasks.AwaitTaskContinuation:RunCallback (System.Thre

(Filename: C:/build/output/unity/unity/Runtime/Export/Debug/Debug.bindings.cs Line: 128)

PHS_SHIP_SYSTEMS_SNAPSHOT reason=module_Add hp=100/100 power=True gravity=True battery=False damageCause=none revision=0
UnityEngine.Debug:ExtractStackTraceNoAlloc (byte*,int,string)
UnityEngine.StackTraceUtility:ExtractStackTrace () (at C:/build/output/unity/unity/Runtime/Export/Scripting/StackTrace.cs:35)
UnityEngine.DebugLogHandler:Internal_Log (UnityEngine.LogType,UnityEngine.LogOption,string,UnityEngine.Object)
UnityEngine.DebugLogHandler:LogFormat (UnityEngine.LogType,UnityEngine.Object,string,object[]) (at C:/build/output/unity/unity/Runtime/Export/Logging/DebugLogHandler.cs:9)
UnityEngine.Logger:Log (UnityEngine.LogType,object,UnityEngine.Object) (at C:/build/output/unity/unity/Runtime/Export/Logging/Logger.cs:66)
UnityEngine.Debug:Log (object,UnityEngine.Object) (at C:/build/output/unity/unity/Runtime/Export/Debug/Debug.bindings.cs:128)
LastJumpCrew.ParkHanSol.Multiplayer.NetworkShipSystemsState:PublishStateChanged (string) (at E:/UNITY/LastJumpCrew/Assets/02. ParkHanSol_TeamLeader_Build & Multi/02. Script/Multiplayer/NetworkShipSystemsState.cs:811)
LastJumpCrew.ParkHanSol.Multiplayer.NetworkShipSystemsState:HandleModulesChanged (Unity.Netcode.NetworkListEvent`1<LastJumpCrew.ParkHanSol.Multiplayer.NetworkShipModuleSnapshot>) (at E:/UNITY/LastJumpCrew/Assets/02. ParkHanSol_TeamLeader_Build & Multi/02. Script/Multiplayer/NetworkShipSystemsState.cs:805)
Unity.Netcode.NetworkList`1<LastJumpCrew.ParkHanSol.Multiplayer.NetworkShipModuleSnapshot>:HandleAddListEvent (Unity.Netcode.NetworkListEvent`1<LastJumpCrew.ParkHanSol.Multiplayer.NetworkShipModuleSnapshot>) (at ./Library/PackageCache/com.unity.netcode.gameobjects@0f12e689d980/Runtime/NetworkVariable/Collections/NetworkList.cs:680)
Unity.Netcode.NetworkList`1<LastJumpCrew.ParkHanSol.Multiplayer.NetworkShipModuleSnapshot>:Add (LastJumpCrew.ParkHanSol.Multiplayer.NetworkShipModuleSnapshot) (at ./Library/PackageCache/com.unity.netcode.gameobjects@0f12e689d980/Runtime/NetworkVariable/Collections/NetworkList.cs:448)
LastJumpCrew.ParkHanSol.Multiplayer.NetworkShipSystemsState:AddInitialModule (LastJumpCrew.ParkHanSol.Multiplayer.NetworkShipModuleId) (at E:/UNITY/LastJumpCrew/Assets/02. ParkHanSol_TeamLeader_Build & Multi/02. Script/Multiplayer/NetworkShipSystemsState.cs:549)
LastJumpCrew.ParkHanSol.Multiplayer.NetworkShipSystemsState:InitializeServerState () (at E:/UNITY/LastJumpCrew/Assets/02. ParkHanSol_TeamLeader_Build & Multi/02. Script/Multiplayer/NetworkShipSystemsState.cs:540)
LastJumpCrew.ParkHanSol.Multiplayer.NetworkShipSystemsState:OnNetworkSpawn () (at E:/UNITY/LastJumpCrew/Assets/02. ParkHanSol_TeamLeader_Build & Multi/02. Script/Multiplayer/NetworkShipSystemsState.cs:103)
Unity.Netcode.NetworkBehaviour:NetworkSpawn () (at ./Library/PackageCache/com.unity.netcode.gameobjects@0f12e689d980/Runtime/Core/NetworkBehaviour.cs:813)
Unity.Netcode.NetworkObject:InvokeBehaviourNetworkSpawn () (at ./Library/PackageCache/com.unity.netcode.gameobjects@0f12e689d980/Runtime/Core/NetworkObject.cs:2698)
Unity.Netcode.NetworkSpawnManager:SpawnNetworkObjectLocallyCommon (Unity.Netcode.NetworkObject,ulong,bool,bool,ulong,bool) (at ./Library/PackageCache/com.unity.netcode.gameobjects@0f12e689d980/Runtime/Spawning/NetworkSpawnManager.cs:1384)
Unity.Netcode.NetworkSpawnManager:AuthorityLocalSpawn (Unity.Netcode.NetworkObject,ulong,bool,bool,ulong,bool) (at ./Library/PackageCache/com.unity.netcode.gameobjects@0f12e689d980/Runtime/Spawning/NetworkSpawnManager.cs:1182)
Unity.Netcode.NetworkObject:SpawnWithOwnership (ulong,bool) (at ./Library/PackageCache/com.unity.netcode.gameobjects@0f12e689d980/Runtime/Core/NetworkObject.cs:2026)
Unity.Netcode.NetworkSpawnManager:InstantiateAndSpawnNoParameterChecks (Unity.Netcode.NetworkObject,Unity.Netcode.NetworkManager,ulong,bool,bool,bool,UnityEngine.Vector3,UnityEngine.Quaternion) (at ./Library/PackageCache/com.unity.netcode.gameobjects@0f12e689d980/Runtime/Spawning/NetworkSpawnManager.cs:853)
Unity.Netcode.NetworkSpawnManager:InstantiateAndSpawn (Unity.Netcode.NetworkObject,ulong,bool,bool,bool,UnityEngine.Vector3,UnityEngine.Quaternion) (at ./Library/PackageCache/com.unity.netcode.gameobjects@0f12e689d980/Runtime/Spawning/NetworkSpawnManager.cs:811)
LastJumpCrew.ParkHanSol.Multiplayer.NetworkRunSessionRootBootstrap:TrySpawnServerRoot () (at E:/UNITY/LastJumpCrew/Assets/02. ParkHanSol_TeamLeader_Build & Multi/02. Script/Multiplayer/RunFlow/NetworkRunSessionRootBootstrap.cs:86)
LastJumpCrew.ParkHanSol.Multiplayer.NetworkRunSessionRootBootstrap:HandleServerStarted () (at E:/UNITY/LastJumpCrew/Assets/02. ParkHanSol_TeamLeader_Build & Multi/02. Script/Multiplayer/RunFlow/NetworkRunSessionRootBootstrap.cs:61)
Unity.Netcode.NetworkManager:HostServerInitialize () (at ./Library/PackageCache/com.unity.netcode.gameobjects@0f12e689d980/Runtime/Core/NetworkManager.cs:1530)
Unity.Netcode.NetworkManager:StartHost () (at ./Library/PackageCache/com.unity.netcode.gameobjects@0f12e689d980/Runtime/Core/NetworkManager.cs:1483)
Unity.Services.Multiplayer.NetworkManagerSession:SetupNetworkManagerLifecycleMonitoring (System.Threading.CancellationToken) (at ./Library/PackageCache/com.unity.services.multiplayer@a6d6ce688d71/Runtime/Multiplayer/Modules/Network/Handlers/NetworkHandler/NetworkManagerSession.cs:328)
Unity.Services.Multiplayer.NetworkManagerSession/<StartAsync>d__28:MoveNext () (at ./Library/PackageCache/com.unity.services.multiplayer@a6d6ce688d71/Runtime/Multiplayer/Modules/Network/Handlers/NetworkHandler/NetworkManagerSession.cs:165)
System.Runtime.CompilerServices.AsyncTaskMethodBuilder:Start<Unity.Services.Multiplayer.NetworkManagerSession/<StartAsync>d__28> (Unity.Services.Multiplayer.NetworkManagerSession/<StartAsync>d__28&)
Unity.Services.Multiplayer.NetworkManagerSession:StartAsync (System.Threading.CancellationToken)
Unity.Services.Multiplayer.GameObjectsNetcodeNetworkHandler/<StartAsync>d__4:MoveNext () (at ./Library/PackageCache/com.unity.services.multiplayer@a6d6ce688d71/Runtime/Multiplayer/Modules/Network/Handlers/NetworkHandler/GameObjectsNetcodeNetworkHandler.cs:77)
System.Runtime.CompilerServices.AsyncTaskMethodBuilder:Start<Unity.Services.Multiplayer.GameObjectsNetcodeNetworkHandler/<StartAsync>d__4> (Unity.Services.Multiplayer.GameObjectsNetcodeNetworkHandler/<StartAsync>d__4&)
Unity.Services.Multiplayer.GameObjectsNetcodeNetworkHandler:StartAsync (Unity.Services.Multiplayer.NetworkConfiguration)
Unity.Services.Multiplayer.NetworkModule:StartNetworkHandlerAsync (Unity.Services.Multiplayer.NetworkConfiguration) (at ./Library/PackageCache/com.unity.services.multiplayer@a6d6ce688d71/Runtime/Multiplayer/Modules/Network/NetworkModule.cs:554)
Unity.Services.Multiplayer.NetworkModule/<StartNetworkWithOptionsAsync>d__64:MoveNext () (at ./Library/PackageCache/com.unity.services.multiplayer@a6d6ce688d71/Runtime/Multiplayer/Modules/Network/NetworkModule.cs:303)
System.Runtime.CompilerServices.AsyncMethodBuilderCore/MoveNextRunner:InvokeMoveNext (object)
System.Threading.ExecutionContext:RunInternal (System.Threading.ExecutionContext,System.Threading.ContextCallback,object,bool)
System.Threading.ExecutionContext:Run (System.Threading.ExecutionContext,System.Threading.ContextCallback,object,bool)
System.Runtime.CompilerServices.AsyncMethodBuilderCore/MoveNextRunner:Run ()
System.Threading.Tasks.AwaitTaskContinuation:InvokeAction (object)
System.Threading.Tasks.AwaitTaskContinuation:RunCallback (System.Threading.ContextCallback,object,System.Threading.Tasks.Task&)
System.Threading.Tasks.SynchronizationContextAwaitTaskContinuation:Run (System.Threading.Tasks.Task,bool)
System.Threading.Tasks.Task:FinishContinuations ()
System.Threading.Tasks.Task:FinishStageThree ()
System.Threading.Tasks.Task`1<System.Threading.Tasks.VoidTaskResult>:TrySetResult (System.Threading.Tasks.VoidTaskResult)
System.Runtime.CompilerServices.AsyncTaskMethodBuilder`1<System.Threading.Tasks.VoidTaskResult>:SetResult (System.Threading.Tasks.VoidTaskResult)
System.Runtime.CompilerServices.AsyncTaskMethodBuilder`1<System.Threading.Tasks.VoidTaskResult>:SetResult (System.Threading.Tasks.Task`1<System.Threading.Tasks.VoidTaskResult>)
System.Runtime.CompilerServices.AsyncTaskMethodBuilder:SetResult ()
Unity.Services.Multiplayer.RelayHandler/<FetchJoinCodeAsync>d__22:MoveNext () (at ./Library/PackageCache/com.unity.services.multiplayer@a6d6ce688d71/Runtime/Multiplayer/Modules/Network/Handlers/Relay/RelayHandler.cs:109)
System.Runtime.CompilerServices.AsyncMethodBuilderCore/MoveNextRunner:InvokeMoveNext (object)
System.Threading.ExecutionContext:RunInternal (System.Threading.ExecutionContext,System.Threading.ContextCallback,object,bool)
System.Threading.ExecutionContext:Run (System.Threading.ExecutionContext,System.Threading.ContextCallback,object,bool)
System.Runtime.CompilerServices.AsyncMethodBuilderCore/MoveNextRunner:Run ()
System.Threading.Tasks.AwaitTaskContinuation:InvokeAction (object)
System.Threading.Tasks.AwaitTaskContinuation:RunCallback (System.Threading.ContextCallback,object,System.Threading.Tasks.Task&)
System.Threading.Tasks.SynchronizationContextAwaitTaskContinuation:Run (System.Threading.Tasks.Task,bool)
System.Threading.Tasks.Task:FinishContinuations ()
System.Threading.Tasks.Task:FinishStageThree ()
System.Threading.Tasks.Task`1<string>:TrySetResult (string)
System.Runtime.CompilerServices.AsyncTaskMethodBuilder`1<string>:SetResult (string)
Unity.Services.Relay.WrappedRelayService/<GetJoinCodeAsync>d__11:MoveNext () (at ./Library/PackageCache/com.unity.services.multiplayer@a6d6ce688d71/Runtime/Relay/SDK/WrappedRelayService.cs:134)
System.Runtime.CompilerServices.AsyncMethodBuilderCore/MoveNextRunner:InvokeMoveNext (object)
System.Threading.ExecutionContext:RunInternal (System.Threading.ExecutionContext,System.Threading.ContextCallback,object,bool)
System.Threading.ExecutionContext:Run (System.Threading.ExecutionContext,System.Threading.ContextCallback,object,bool)
System.Runtime.CompilerServices.AsyncMethodBuilderCore/MoveNextRunner:Run ()
System.Threading.Tasks.AwaitTaskContinuation:InvokeAction (object)
System.Threading.Tasks.AwaitTaskContinuation:RunCallback (System.Threading.ContextCallback,object,System.Threading.Tasks.Task&)
System.Threading.Tasks.SynchronizationContextAwaitTaskContinuation:Run (System.Threading.Tasks.Task,bool)
System.Threading.Tasks.Task:FinishContinuations ()
System.Threading.Tasks.Task:FinishStageThree ()
System.Threading.Tasks.Task`1<Unity.Services.Relay.Response`1<Unity.Services.Relay.Models.JoinCodeResponseBody>>:TrySetResult (Unity.Services.Relay.Response`1<Unity.Services.Relay.Models.JoinCodeResponseBody>)
System.Runtime.CompilerServices.AsyncTaskMethodBuilder`1<Unity.Services.Relay.Response`1<Unity.Services.Relay.Models.JoinCodeResponseBody>>:SetResult (Unity.Services.Relay.Response`1<Unity.Services.Relay.Models.JoinCodeResponseBody>)
Unity.Services.Relay.Apis.RelayAllocations.RelayAllocationsApiClient/<CreateJoincodeAsync>d__8:MoveNext () (at ./Library/PackageCache/com.unity.services.multiplayer@a6d6ce688d71/Runtime/Relay/Apis/RelayAllocationsApi.cs:160)
System.Runtime.CompilerServices.AsyncMethodBuilderCore/MoveNextRunner:InvokeMoveNext (object)
System.Threading.ExecutionContext:RunInternal (System.Threading.ExecutionContext,System.Threading.ContextCallback,object,bool)
System.Threading.ExecutionContext:Run (System.Threading.ExecutionContext,System.Threading.ContextCallback,object,bool)
System.Runtime.CompilerServices.AsyncMethodBuilderCore/MoveNextRunner:Run ()
System.Threading.Tasks.AwaitTaskContinuation:InvokeAction (object)
System.Threading.Tasks.AwaitTaskContinuation:RunCallback (System.Threading.ContextCallback,object,System.Threading.Tasks.Task&)
System.Threading.Tasks.SynchronizationContextAwaitTaskContinuation:Run (System.Threading.Tasks.Task,bool)
System.Threading.Tasks.Task:FinishContinuations ()
System.Threading.Tasks.Task:FinishStageThree ()
System.Threading.Tasks.Task`1<Unity.Services.Relay.Http.HttpClientResponse>:TrySetResult (Unity.Services.Relay.Http.HttpClientResponse)
System.Runtime.CompilerServices.AsyncTaskMethodBuilder`1<Unity.Services.Relay.Http.HttpClientResponse>:SetResult (Unity.Services.Relay.Http.HttpClientResponse)
Unity.Services.Relay.Http.HttpClient/<MakeRequestAsync>d__1:MoveNext () (at ./Library/PackageCache/com.unity.services.multiplayer@a6d6ce688d71/Runtime/Relay/Http/HttpClient.cs:41)
System.Runtime.CompilerServices.AsyncMethodBuilderCore/MoveNextRunner:InvokeMoveNext (object)
System.Threading.ExecutionContext:RunInternal (System.Threading.ExecutionContext,System.Threading.ContextCallback,object,bool)
System.Threading.ExecutionContext:Run (System.Threading.ExecutionContext,System.Threading.ContextCallback,object,bool)
System.Runtime.CompilerServices.AsyncMethodBuilderCore/MoveNextRunner:Run ()
System.Threading.Tasks.AwaitTaskContinuation:InvokeAction (object)
System.Threading.Tasks.AwaitTaskContinuation:RunCallback (System.Threading.ContextCallback,object,System.Threading.Tasks.Task&)
System.Threading.Tasks.SynchronizationContextAwaitTaskContinuation:Run (System.Threading.Tasks.Task,bool)
System.Threading.Tasks.Task:FinishContinuations ()
System.Threading.Tasks.Task:FinishStageThree ()
System.Threading.Tasks.Task`1<Unity.Services.Relay.Http.HttpClientResponse>:TrySetResult (Unity.Services.Relay.Http.HttpClientResponse)
System.Runtime.CompilerServices.AsyncTaskMethodBuilder`1<Unity.Services.Relay.Http.HttpClientResponse>:SetResult (Unity.Services.Relay.Http.HttpClientResponse)
Unity.Services.Relay.Http.HttpClient/<CreateWebRequestAsync>d__3:MoveNext () (at ./Library/PackageCache/com.unity.services.multiplayer@a6d6ce688d71/Runtime/Relay/Http/HttpClient.cs:56)
System.Runtime.CompilerServices.AsyncMethodBuilderCore/MoveNextRunner:InvokeMoveNext (object)
System.Threading.ExecutionContext:RunInternal (System.Threading.ExecutionContext,System.Threading.ContextCallback,object,bool)
System.Threading.ExecutionContext:Run (System.Threading.ExecutionContext,System.Threading.ContextCallback,object,bool)
System.Runtime.CompilerServices.AsyncMethodBuilderCore/MoveNextRunner:Run ()
System.Threading.Tasks.AwaitTaskContinuation:InvokeAction (object)
System.Threading.Tasks.AwaitTaskContinuation:RunCallback (System.Threading.ContextCallback,object,System.Threading.Tasks.Task&)
System.Threading.Tasks.SynchronizationContextAwaitTaskContinuation:Run (System.Threading.Tasks.Task,bool)
System.Threading.Tasks.Task:FinishContinuations ()
System.Threading.Tasks.Task:FinishStageThree ()
System.Threading.Tasks.Task`1<Unity.Services.Relay.Http.HttpClientResponse>:TrySetResult (Unity.Services.Relay.Http.HttpClientResponse)
System.Runtime.CompilerServices.AsyncTaskMethodBuilder`1<Unity.Services.Relay.Http.HttpClientResponse>:SetResult (Unity.Services.Relay.Http.HttpClientResponse)
Unity.Services.Relay.Http.HttpClient/<CreateHttpClientResponse>d__4:MoveNext () (at ./Library/PackageCache/com.unity.services.multiplayer@a6d6ce688d71/Runtime/Relay/Http/HttpClient.cs:84)
System.Runtime.CompilerServices.AsyncMethodBuilderCore/MoveNextRunner:InvokeMoveNext (object)
System.Threading.ExecutionContext:RunInternal (System.Threading.ExecutionContext,System.Threading.ContextCallback,object,bool)
System.Threading.ExecutionContext:Run (System.Threading.ExecutionContext,System.Threading.ContextCallback,object,bool)
System.Runtime.CompilerServices.AsyncMethodBuilderCore/MoveNextRunner:Run ()
System.Threading.Tasks.AwaitTaskContinuation:InvokeAction (object)
System.Threading.Tasks.AwaitTaskContinuation:RunCallback (System.Threading.ContextCallback,object,System.Threading.Tasks.Task&)
System.Threading.Tasks.SynchronizationContextAwaitTaskContinuation:Run (System.Threading.Tasks.Task,bool)
System.Threading.Tasks.Task:FinishContinuations ()
System.Threading.Tasks.Task:FinishStageThree ()
System.Threading.Tasks.Task`1<Unity.Services.Relay.Http.HttpClientResponse>:TrySetResult (Unity.Services.Relay.Http.HttpClientResponse)
System.Runtime.CompilerServices.AsyncTaskMethodBuilder`1<Unity.Services.Relay.Http.HttpClientResponse>:SetResult (Unity.Services.Relay.Http.HttpClientResponse)
Unity.Services.Relay.Http.HttpClient/<>c__DisplayClass4_0/<<CreateHttpClientResponse>b__0>d:MoveNext () (at ./Library/PackageCache/com.unity.services.multiplayer@a6d6ce688d71/Runtime/Relay/Http/HttpClient.cs:81)
System.Runtime.CompilerServices.AsyncMethodBuilderCore/MoveNextRunner:InvokeMoveNext (object)
System.Threading.ExecutionContext:RunInternal (System.Threading.ExecutionContext,System.Threading.ContextCallback,object,bool)
System.Thr

(Filename: C:/build/output/unity/unity/Runtime/Export/Debug/Debug.bindings.cs Line: 128)

PHS_SHIP_SYSTEMS_SNAPSHOT reason=module_Add hp=100/100 power=True gravity=True battery=False damageCause=none revision=0
UnityEngine.Debug:ExtractStackTraceNoAlloc (byte*,int,string)
UnityEngine.StackTraceUtility:ExtractStackTrace () (at C:/build/output/unity/unity/Runtime/Export/Scripting/StackTrace.cs:35)
UnityEngine.DebugLogHandler:Internal_Log (UnityEngine.LogType,UnityEngine.LogOption,string,UnityEngine.Object)
UnityEngine.DebugLogHandler:LogFormat (UnityEngine.LogType,UnityEngine.Object,string,object[]) (at C:/build/output/unity/unity/Runtime/Export/Logging/DebugLogHandler.cs:9)
UnityEngine.Logger:Log (UnityEngine.LogType,object,UnityEngine.Object) (at C:/build/output/unity/unity/Runtime/Export/Logging/Logger.cs:66)
UnityEngine.Debug:Log (object,UnityEngine.Object) (at C:/build/output/unity/unity/Runtime/Export/Debug/Debug.bindings.cs:128)
LastJumpCrew.ParkHanSol.Multiplayer.NetworkShipSystemsState:PublishStateChanged (string) (at E:/UNITY/LastJumpCrew/Assets/02. ParkHanSol_TeamLeader_Build & Multi/02. Script/Multiplayer/NetworkShipSystemsState.cs:811)
LastJumpCrew.ParkHanSol.Multiplayer.NetworkShipSystemsState:HandleModulesChanged (Unity.Netcode.NetworkListEvent`1<LastJumpCrew.ParkHanSol.Multiplayer.NetworkShipModuleSnapshot>) (at E:/UNITY/LastJumpCrew/Assets/02. ParkHanSol_TeamLeader_Build & Multi/02. Script/Multiplayer/NetworkShipSystemsState.cs:805)
Unity.Netcode.NetworkList`1<LastJumpCrew.ParkHanSol.Multiplayer.NetworkShipModuleSnapshot>:HandleAddListEvent (Unity.Netcode.NetworkListEvent`1<LastJumpCrew.ParkHanSol.Multiplayer.NetworkShipModuleSnapshot>) (at ./Library/PackageCache/com.unity.netcode.gameobjects@0f12e689d980/Runtime/NetworkVariable/Collections/NetworkList.cs:680)
Unity.Netcode.NetworkList`1<LastJumpCrew.ParkHanSol.Multiplayer.NetworkShipModuleSnapshot>:Add (LastJumpCrew.ParkHanSol.Multiplayer.NetworkShipModuleSnapshot) (at ./Library/PackageCache/com.unity.netcode.gameobjects@0f12e689d980/Runtime/NetworkVariable/Collections/NetworkList.cs:448)
LastJumpCrew.ParkHanSol.Multiplayer.NetworkShipSystemsState:AddInitialModule (LastJumpCrew.ParkHanSol.Multiplayer.NetworkShipModuleId) (at E:/UNITY/LastJumpCrew/Assets/02. ParkHanSol_TeamLeader_Build & Multi/02. Script/Multiplayer/NetworkShipSystemsState.cs:549)
LastJumpCrew.ParkHanSol.Multiplayer.NetworkShipSystemsState:InitializeServerState () (at E:/UNITY/LastJumpCrew/Assets/02. ParkHanSol_TeamLeader_Build & Multi/02. Script/Multiplayer/NetworkShipSystemsState.cs:541)
LastJumpCrew.ParkHanSol.Multiplayer.NetworkShipSystemsState:OnNetworkSpawn () (at E:/UNITY/LastJumpCrew/Assets/02. ParkHanSol_TeamLeader_Build & Multi/02. Script/Multiplayer/NetworkShipSystemsState.cs:103)
Unity.Netcode.NetworkBehaviour:NetworkSpawn () (at ./Library/PackageCache/com.unity.netcode.gameobjects@0f12e689d980/Runtime/Core/NetworkBehaviour.cs:813)
Unity.Netcode.NetworkObject:InvokeBehaviourNetworkSpawn () (at ./Library/PackageCache/com.unity.netcode.gameobjects@0f12e689d980/Runtime/Core/NetworkObject.cs:2698)
Unity.Netcode.NetworkSpawnManager:SpawnNetworkObjectLocallyCommon (Unity.Netcode.NetworkObject,ulong,bool,bool,ulong,bool) (at ./Library/PackageCache/com.unity.netcode.gameobjects@0f12e689d980/Runtime/Spawning/NetworkSpawnManager.cs:1384)
Unity.Netcode.NetworkSpawnManager:AuthorityLocalSpawn (Unity.Netcode.NetworkObject,ulong,bool,bool,ulong,bool) (at ./Library/PackageCache/com.unity.netcode.gameobjects@0f12e689d980/Runtime/Spawning/NetworkSpawnManager.cs:1182)
Unity.Netcode.NetworkObject:SpawnWithOwnership (ulong,bool) (at ./Library/PackageCache/com.unity.netcode.gameobjects@0f12e689d980/Runtime/Core/NetworkObject.cs:2026)
Unity.Netcode.NetworkSpawnManager:InstantiateAndSpawnNoParameterChecks (Unity.Netcode.NetworkObject,Unity.Netcode.NetworkManager,ulong,bool,bool,bool,UnityEngine.Vector3,UnityEngine.Quaternion) (at ./Library/PackageCache/com.unity.netcode.gameobjects@0f12e689d980/Runtime/Spawning/NetworkSpawnManager.cs:853)
Unity.Netcode.NetworkSpawnManager:InstantiateAndSpawn (Unity.Netcode.NetworkObject,ulong,bool,bool,bool,UnityEngine.Vector3,UnityEngine.Quaternion) (at ./Library/PackageCache/com.unity.netcode.gameobjects@0f12e689d980/Runtime/Spawning/NetworkSpawnManager.cs:811)
LastJumpCrew.ParkHanSol.Multiplayer.NetworkRunSessionRootBootstrap:TrySpawnServerRoot () (at E:/UNITY/LastJumpCrew/Assets/02. ParkHanSol_TeamLeader_Build & Multi/02. Script/Multiplayer/RunFlow/NetworkRunSessionRootBootstrap.cs:86)
LastJumpCrew.ParkHanSol.Multiplayer.NetworkRunSessionRootBootstrap:HandleServerStarted () (at E:/UNITY/LastJumpCrew/Assets/02. ParkHanSol_TeamLeader_Build & Multi/02. Script/Multiplayer/RunFlow/NetworkRunSessionRootBootstrap.cs:61)
Unity.Netcode.NetworkManager:HostServerInitialize () (at ./Library/PackageCache/com.unity.netcode.gameobjects@0f12e689d980/Runtime/Core/NetworkManager.cs:1530)
Unity.Netcode.NetworkManager:StartHost () (at ./Library/PackageCache/com.unity.netcode.gameobjects@0f12e689d980/Runtime/Core/NetworkManager.cs:1483)
Unity.Services.Multiplayer.NetworkManagerSession:SetupNetworkManagerLifecycleMonitoring (System.Threading.CancellationToken) (at ./Library/PackageCache/com.unity.services.multiplayer@a6d6ce688d71/Runtime/Multiplayer/Modules/Network/Handlers/NetworkHandler/NetworkManagerSession.cs:328)
Unity.Services.Multiplayer.NetworkManagerSession/<StartAsync>d__28:MoveNext () (at ./Library/PackageCache/com.unity.services.multiplayer@a6d6ce688d71/Runtime/Multiplayer/Modules/Network/Handlers/NetworkHandler/NetworkManagerSession.cs:165)
System.Runtime.CompilerServices.AsyncTaskMethodBuilder:Start<Unity.Services.Multiplayer.NetworkManagerSession/<StartAsync>d__28> (Unity.Services.Multiplayer.NetworkManagerSession/<StartAsync>d__28&)
Unity.Services.Multiplayer.NetworkManagerSession:StartAsync (System.Threading.CancellationToken)
Unity.Services.Multiplayer.GameObjectsNetcodeNetworkHandler/<StartAsync>d__4:MoveNext () (at ./Library/PackageCache/com.unity.services.multiplayer@a6d6ce688d71/Runtime/Multiplayer/Modules/Network/Handlers/NetworkHandler/GameObjectsNetcodeNetworkHandler.cs:77)
System.Runtime.CompilerServices.AsyncTaskMethodBuilder:Start<Unity.Services.Multiplayer.GameObjectsNetcodeNetworkHandler/<StartAsync>d__4> (Unity.Services.Multiplayer.GameObjectsNetcodeNetworkHandler/<StartAsync>d__4&)
Unity.Services.Multiplayer.GameObjectsNetcodeNetworkHandler:StartAsync (Unity.Services.Multiplayer.NetworkConfiguration)
Unity.Services.Multiplayer.NetworkModule:StartNetworkHandlerAsync (Unity.Services.Multiplayer.NetworkConfiguration) (at ./Library/PackageCache/com.unity.services.multiplayer@a6d6ce688d71/Runtime/Multiplayer/Modules/Network/NetworkModule.cs:554)
Unity.Services.Multiplayer.NetworkModule/<StartNetworkWithOptionsAsync>d__64:MoveNext () (at ./Library/PackageCache/com.unity.services.multiplayer@a6d6ce688d71/Runtime/Multiplayer/Modules/Network/NetworkModule.cs:303)
System.Runtime.CompilerServices.AsyncMethodBuilderCore/MoveNextRunner:InvokeMoveNext (object)
System.Threading.ExecutionContext:RunInternal (System.Threading.ExecutionContext,System.Threading.ContextCallback,object,bool)
System.Threading.ExecutionContext:Run (System.Threading.ExecutionContext,System.Threading.ContextCallback,object,bool)
System.Runtime.CompilerServices.AsyncMethodBuilderCore/MoveNextRunner:Run ()
System.Threading.Tasks.AwaitTaskContinuation:InvokeAction (object)
System.Threading.Tasks.AwaitTaskContinuation:RunCallback (System.Threading.ContextCallback,object,System.Threading.Tasks.Task&)
System.Threading.Tasks.SynchronizationContextAwaitTaskContinuation:Run (System.Threading.Tasks.Task,bool)
System.Threading.Tasks.Task:FinishContinuations ()
System.Threading.Tasks.Task:FinishStageThree ()
System.Threading.Tasks.Task`1<System.Threading.Tasks.VoidTaskResult>:TrySetResult (System.Threading.Tasks.VoidTaskResult)
System.Runtime.CompilerServices.AsyncTaskMethodBuilder`1<System.Threading.Tasks.VoidTaskResult>:SetResult (System.Threading.Tasks.VoidTaskResult)
System.Runtime.CompilerServices.AsyncTaskMethodBuilder`1<System.Threading.Tasks.VoidTaskResult>:SetResult (System.Threading.Tasks.Task`1<System.Threading.Tasks.VoidTaskResult>)
System.Runtime.CompilerServices.AsyncTaskMethodBuilder:SetResult ()
Unity.Services.Multiplayer.RelayHandler/<FetchJoinCodeAsync>d__22:MoveNext () (at ./Library/PackageCache/com.unity.services.multiplayer@a6d6ce688d71/Runtime/Multiplayer/Modules/Network/Handlers/Relay/RelayHandler.cs:109)
System.Runtime.CompilerServices.AsyncMethodBuilderCore/MoveNextRunner:InvokeMoveNext (object)
System.Threading.ExecutionContext:RunInternal (System.Threading.ExecutionContext,System.Threading.ContextCallback,object,bool)
System.Threading.ExecutionContext:Run (System.Threading.ExecutionContext,System.Threading.ContextCallback,object,bool)
System.Runtime.CompilerServices.AsyncMethodBuilderCore/MoveNextRunner:Run ()
System.Threading.Tasks.AwaitTaskContinuation:InvokeAction (object)
System.Threading.Tasks.AwaitTaskContinuation:RunCallback (System.Threading.ContextCallback,object,System.Threading.Tasks.Task&)
System.Threading.Tasks.SynchronizationContextAwaitTaskContinuation:Run (System.Threading.Tasks.Task,bool)
System.Threading.Tasks.Task:FinishContinuations ()
System.Threading.Tasks.Task:FinishStageThree ()
System.Threading.Tasks.Task`1<string>:TrySetResult (string)
System.Runtime.CompilerServices.AsyncTaskMethodBuilder`1<string>:SetResult (string)
Unity.Services.Relay.WrappedRelayService/<GetJoinCodeAsync>d__11:MoveNext () (at ./Library/PackageCache/com.unity.services.multiplayer@a6d6ce688d71/Runtime/Relay/SDK/WrappedRelayService.cs:134)
System.Runtime.CompilerServices.AsyncMethodBuilderCore/MoveNextRunner:InvokeMoveNext (object)
System.Threading.ExecutionContext:RunInternal (System.Threading.ExecutionContext,System.Threading.ContextCallback,object,bool)
System.Threading.ExecutionContext:Run (System.Threading.ExecutionContext,System.Threading.ContextCallback,object,bool)
System.Runtime.CompilerServices.AsyncMethodBuilderCore/MoveNextRunner:Run ()
System.Threading.Tasks.AwaitTaskContinuation:InvokeAction (object)
System.Threading.Tasks.AwaitTaskContinuation:RunCallback (System.Threading.ContextCallback,object,System.Threading.Tasks.Task&)
System.Threading.Tasks.SynchronizationContextAwaitTaskContinuation:Run (System.Threading.Tasks.Task,bool)
System.Threading.Tasks.Task:FinishContinuations ()
System.Threading.Tasks.Task:FinishStageThree ()
System.Threading.Tasks.Task`1<Unity.Services.Relay.Response`1<Unity.Services.Relay.Models.JoinCodeResponseBody>>:TrySetResult (Unity.Services.Relay.Response`1<Unity.Services.Relay.Models.JoinCodeResponseBody>)
System.Runtime.CompilerServices.AsyncTaskMethodBuilder`1<Unity.Services.Relay.Response`1<Unity.Services.Relay.Models.JoinCodeResponseBody>>:SetResult (Unity.Services.Relay.Response`1<Unity.Services.Relay.Models.JoinCodeResponseBody>)
Unity.Services.Relay.Apis.RelayAllocations.RelayAllocationsApiClient/<CreateJoincodeAsync>d__8:MoveNext () (at ./Library/PackageCache/com.unity.services.multiplayer@a6d6ce688d71/Runtime/Relay/Apis/RelayAllocationsApi.cs:160)
System.Runtime.CompilerServices.AsyncMethodBuilderCore/MoveNextRunner:InvokeMoveNext (object)
System.Threading.ExecutionContext:RunInternal (System.Threading.ExecutionContext,System.Threading.ContextCallback,object,bool)
System.Threading.ExecutionContext:Run (System.Threading.ExecutionContext,System.Threading.ContextCallback,object,bool)
System.Runtime.CompilerServices.AsyncMethodBuilderCore/MoveNextRunner:Run ()
System.Threading.Tasks.AwaitTaskContinuation:InvokeAction (object)
System.Threading.Tasks.AwaitTaskContinuation:RunCallback (System.Threading.ContextCallback,object,System.Threading.Tasks.Task&)
System.Threading.Tasks.SynchronizationContextAwaitTaskContinuation:Run (System.Threading.Tasks.Task,bool)
System.Threading.Tasks.Task:FinishContinuations ()
System.Threading.Tasks.Task:FinishStageThree ()
System.Threading.Tasks.Task`1<Unity.Services.Relay.Http.HttpClientResponse>:TrySetResult (Unity.Services.Relay.Http.HttpClientResponse)
System.Runtime.CompilerServices.AsyncTaskMethodBuilder`1<Unity.Services.Relay.Http.HttpClientResponse>:SetResult (Unity.Services.Relay.Http.HttpClientResponse)
Unity.Services.Relay.Http.HttpClient/<MakeRequestAsync>d__1:MoveNext () (at ./Library/PackageCache/com.unity.services.multiplayer@a6d6ce688d71/Runtime/Relay/Http/HttpClient.cs:41)
System.Runtime.CompilerServices.AsyncMethodBuilderCore/MoveNextRunner:InvokeMoveNext (object)
System.Threading.ExecutionContext:RunInternal (System.Threading.ExecutionContext,System.Threading.ContextCallback,object,bool)
System.Threading.ExecutionContext:Run (System.Threading.ExecutionContext,System.Threading.ContextCallback,object,bool)
System.Runtime.CompilerServices.AsyncMethodBuilderCore/MoveNextRunner:Run ()
System.Threading.Tasks.AwaitTaskContinuation:InvokeAction (object)
System.Threading.Tasks.AwaitTaskContinuation:RunCallback (System.Threading.ContextCallback,object,System.Threading.Tasks.Task&)
System.Threading.Tasks.SynchronizationContextAwaitTaskContinuation:Run (System.Threading.Tasks.Task,bool)
System.Threading.Tasks.Task:FinishContinuations ()
System.Threading.Tasks.Task:FinishStageThree ()
System.Threading.Tasks.Task`1<Unity.Services.Relay.Http.HttpClientResponse>:TrySetResult (Unity.Services.Relay.Http.HttpClientResponse)
System.Runtime.CompilerServices.AsyncTaskMethodBuilder`1<Unity.Services.Relay.Http.HttpClientResponse>:SetResult (Unity.Services.Relay.Http.HttpClientResponse)
Unity.Services.Relay.Http.HttpClient/<CreateWebRequestAsync>d__3:MoveNext () (at ./Library/PackageCache/com.unity.services.multiplayer@a6d6ce688d71/Runtime/Relay/Http/HttpClient.cs:56)
System.Runtime.CompilerServices.AsyncMethodBuilderCore/MoveNextRunner:InvokeMoveNext (object)
System.Threading.ExecutionContext:RunInternal (System.Threading.ExecutionContext,System.Threading.ContextCallback,object,bool)
System.Threading.ExecutionContext:Run (System.Threading.ExecutionContext,System.Threading.ContextCallback,object,bool)
System.Runtime.CompilerServices.AsyncMethodBuilderCore/MoveNextRunner:Run ()
System.Threading.Tasks.AwaitTaskContinuation:InvokeAction (object)
System.Threading.Tasks.AwaitTaskContinuation:RunCallback (System.Threading.ContextCallback,object,System.Threading.Tasks.Task&)
System.Threading.Tasks.SynchronizationContextAwaitTaskContinuation:Run (System.Threading.Tasks.Task,bool)
System.Threading.Tasks.Task:FinishContinuations ()
System.Threading.Tasks.Task:FinishStageThree ()
System.Threading.Tasks.Task`1<Unity.Services.Relay.Http.HttpClientResponse>:TrySetResult (Unity.Services.Relay.Http.HttpClientResponse)
System.Runtime.CompilerServices.AsyncTaskMethodBuilder`1<Unity.Services.Relay.Http.HttpClientResponse>:SetResult (Unity.Services.Relay.Http.HttpClientResponse)
Unity.Services.Relay.Http.HttpClient/<CreateHttpClientResponse>d__4:MoveNext () (at ./Library/PackageCache/com.unity.services.multiplayer@a6d6ce688d71/Runtime/Relay/Http/HttpClient.cs:84)
System.Runtime.CompilerServices.AsyncMethodBuilderCore/MoveNextRunner:InvokeMoveNext (object)
System.Threading.ExecutionContext:RunInternal (System.Threading.ExecutionContext,System.Threading.ContextCallback,object,bool)
System.Threading.ExecutionContext:Run (System.Threading.ExecutionContext,System.Threading.ContextCallback,object,bool)
System.Runtime.CompilerServices.AsyncMethodBuilderCore/MoveNextRunner:Run ()
System.Threading.Tasks.AwaitTaskContinuation:InvokeAction (object)
System.Threading.Tasks.AwaitTaskContinuation:RunCallback (System.Threading.ContextCallback,object,System.Threading.Tasks.Task&)
System.Threading.Tasks.SynchronizationContextAwaitTaskContinuation:Run (System.Threading.Tasks.Task,bool)
System.Threading.Tasks.Task:FinishContinuations ()
System.Threading.Tasks.Task:FinishStageThree ()
System.Threading.Tasks.Task`1<Unity.Services.Relay.Http.HttpClientResponse>:TrySetResult (Unity.Services.Relay.Http.HttpClientResponse)
System.Runtime.CompilerServices.AsyncTaskMethodBuilder`1<Unity.Services.Relay.Http.HttpClientResponse>:SetResult (Unity.Services.Relay.Http.HttpClientResponse)
Unity.Services.Relay.Http.HttpClient/<>c__DisplayClass4_0/<<CreateHttpClientResponse>b__0>d:MoveNext () (at ./Library/PackageCache/com.unity.services.multiplayer@a6d6ce688d71/Runtime/Relay/Http/HttpClient.cs:81)
System.Runtime.CompilerServices.AsyncMethodBuilderCore/MoveNextRunner:InvokeMoveNext (object)
System.Threading.ExecutionContext:RunInternal (System.Threading.ExecutionContext,System.Threading.ContextCallback,object,bool)
System.Thr

(Filename: C:/build/output/unity/unity/Runtime/Export/Debug/Debug.bindings.cs Line: 128)

PHS_SHIP_SYSTEMS_SNAPSHOT reason=module_Add hp=100/100 power=True gravity=True battery=False damageCause=none revision=0
UnityEngine.Debug:ExtractStackTraceNoAlloc (byte*,int,string)
UnityEngine.StackTraceUtility:ExtractStackTrace () (at C:/build/output/unity/unity/Runtime/Export/Scripting/StackTrace.cs:35)
UnityEngine.DebugLogHandler:Internal_Log (UnityEngine.LogType,UnityEngine.LogOption,string,UnityEngine.Object)
UnityEngine.DebugLogHandler:LogFormat (UnityEngine.LogType,UnityEngine.Object,string,object[]) (at C:/build/output/unity/unity/Runtime/Export/Logging/DebugLogHandler.cs:9)
UnityEngine.Logger:Log (UnityEngine.LogType,object,UnityEngine.Object) (at C:/build/output/unity/unity/Runtime/Export/Logging/Logger.cs:66)
UnityEngine.Debug:Log (object,UnityEngine.Object) (at C:/build/output/unity/unity/Runtime/Export/Debug/Debug.bindings.cs:128)
LastJumpCrew.ParkHanSol.Multiplayer.NetworkShipSystemsState:PublishStateChanged (string) (at E:/UNITY/LastJumpCrew/Assets/02. ParkHanSol_TeamLeader_Build & Multi/02. Script/Multiplayer/NetworkShipSystemsState.cs:811)
LastJumpCrew.ParkHanSol.Multiplayer.NetworkShipSystemsState:HandleModulesChanged (Unity.Netcode.NetworkListEvent`1<LastJumpCrew.ParkHanSol.Multiplayer.NetworkShipModuleSnapshot>) (at E:/UNITY/LastJumpCrew/Assets/02. ParkHanSol_TeamLeader_Build & Multi/02. Script/Multiplayer/NetworkShipSystemsState.cs:805)
Unity.Netcode.NetworkList`1<LastJumpCrew.ParkHanSol.Multiplayer.NetworkShipModuleSnapshot>:HandleAddListEvent (Unity.Netcode.NetworkListEvent`1<LastJumpCrew.ParkHanSol.Multiplayer.NetworkShipModuleSnapshot>) (at ./Library/PackageCache/com.unity.netcode.gameobjects@0f12e689d980/Runtime/NetworkVariable/Collections/NetworkList.cs:680)
Unity.Netcode.NetworkList`1<LastJumpCrew.ParkHanSol.Multiplayer.NetworkShipModuleSnapshot>:Add (LastJumpCrew.ParkHanSol.Multiplayer.NetworkShipModuleSnapshot) (at ./Library/PackageCache/com.unity.netcode.gameobjects@0f12e689d980/Runtime/NetworkVariable/Collections/NetworkList.cs:448)
LastJumpCrew.ParkHanSol.Multiplayer.NetworkShipSystemsState:AddInitialModule (LastJumpCrew.ParkHanSol.Multiplayer.NetworkShipModuleId) (at E:/UNITY/LastJumpCrew/Assets/02. ParkHanSol_TeamLeader_Build & Multi/02. Script/Multiplayer/NetworkShipSystemsState.cs:549)
LastJumpCrew.ParkHanSol.Multiplayer.NetworkShipSystemsState:InitializeServerState () (at E:/UNITY/LastJumpCrew/Assets/02. ParkHanSol_TeamLeader_Build & Multi/02. Script/Multiplayer/NetworkShipSystemsState.cs:542)
LastJumpCrew.ParkHanSol.Multiplayer.NetworkShipSystemsState:OnNetworkSpawn () (at E:/UNITY/LastJumpCrew/Assets/02. ParkHanSol_TeamLeader_Build & Multi/02. Script/Multiplayer/NetworkShipSystemsState.cs:103)
Unity.Netcode.NetworkBehaviour:NetworkSpawn () (at ./Library/PackageCache/com.unity.netcode.gameobjects@0f12e689d980/Runtime/Core/NetworkBehaviour.cs:813)
Unity.Netcode.NetworkObject:InvokeBehaviourNetworkSpawn () (at ./Library/PackageCache/com.unity.netcode.gameobjects@0f12e689d980/Runtime/Core/NetworkObject.cs:2698)
Unity.Netcode.NetworkSpawnManager:SpawnNetworkObjectLocallyCommon (Unity.Netcode.NetworkObject,ulong,bool,bool,ulong,bool) (at ./Library/PackageCache/com.unity.netcode.gameobjects@0f12e689d980/Runtime/Spawning/NetworkSpawnManager.cs:1384)
Unity.Netcode.NetworkSpawnManager:AuthorityLocalSpawn (Unity.Netcode.NetworkObject,ulong,bool,bool,ulong,bool) (at ./Library/PackageCache/com.unity.netcode.gameobjects@0f12e689d980/Runtime/Spawning/NetworkSpawnManager.cs:1182)
Unity.Netcode.NetworkObject:SpawnWithOwnership (ulong,bool) (at ./Library/PackageCache/com.unity.netcode.gameobjects@0f12e689d980/Runtime/Core/NetworkObject.cs:2026)
Unity.Netcode.NetworkSpawnManager:InstantiateAndSpawnNoParameterChecks (Unity.Netcode.NetworkObject,Unity.Netcode.NetworkManager,ulong,bool,bool,bool,UnityEngine.Vector3,UnityEngine.Quaternion) (at ./Library/PackageCache/com.unity.netcode.gameobjects@0f12e689d980/Runtime/Spawning/NetworkSpawnManager.cs:853)
Unity.Netcode.NetworkSpawnManager:InstantiateAndSpawn (Unity.Netcode.NetworkObject,ulong,bool,bool,bool,UnityEngine.Vector3,UnityEngine.Quaternion) (at ./Library/PackageCache/com.unity.netcode.gameobjects@0f12e689d980/Runtime/Spawning/NetworkSpawnManager.cs:811)
LastJumpCrew.ParkHanSol.Multiplayer.NetworkRunSessionRootBootstrap:TrySpawnServerRoot () (at E:/UNITY/LastJumpCrew/Assets/02. ParkHanSol_TeamLeader_Build & Multi/02. Script/Multiplayer/RunFlow/NetworkRunSessionRootBootstrap.cs:86)
LastJumpCrew.ParkHanSol.Multiplayer.NetworkRunSessionRootBootstrap:HandleServerStarted () (at E:/UNITY/LastJumpCrew/Assets/02. ParkHanSol_TeamLeader_Build & Multi/02. Script/Multiplayer/RunFlow/NetworkRunSessionRootBootstrap.cs:61)
Unity.Netcode.NetworkManager:HostServerInitialize () (at ./Library/PackageCache/com.unity.netcode.gameobjects@0f12e689d980/Runtime/Core/NetworkManager.cs:1530)
Unity.Netcode.NetworkManager:StartHost () (at ./Library/PackageCache/com.unity.netcode.gameobjects@0f12e689d980/Runtime/Core/NetworkManager.cs:1483)
Unity.Services.Multiplayer.NetworkManagerSession:SetupNetworkManagerLifecycleMonitoring (System.Threading.CancellationToken) (at ./Library/PackageCache/com.unity.services.multiplayer@a6d6ce688d71/Runtime/Multiplayer/Modules/Network/Handlers/NetworkHandler/NetworkManagerSession.cs:328)
Unity.Services.Multiplayer.NetworkManagerSession/<StartAsync>d__28:MoveNext () (at ./Library/PackageCache/com.unity.services.multiplayer@a6d6ce688d71/Runtime/Multiplayer/Modules/Network/Handlers/NetworkHandler/NetworkManagerSession.cs:165)
System.Runtime.CompilerServices.AsyncTaskMethodBuilder:Start<Unity.Services.Multiplayer.NetworkManagerSession/<StartAsync>d__28> (Unity.Services.Multiplayer.NetworkManagerSession/<StartAsync>d__28&)
Unity.Services.Multiplayer.NetworkManagerSession:StartAsync (System.Threading.CancellationToken)
Unity.Services.Multiplayer.GameObjectsNetcodeNetworkHandler/<StartAsync>d__4:MoveNext () (at ./Library/PackageCache/com.unity.services.multiplayer@a6d6ce688d71/Runtime/Multiplayer/Modules/Network/Handlers/NetworkHandler/GameObjectsNetcodeNetworkHandler.cs:77)
System.Runtime.CompilerServices.AsyncTaskMethodBuilder:Start<Unity.Services.Multiplayer.GameObjectsNetcodeNetworkHandler/<StartAsync>d__4> (Unity.Services.Multiplayer.GameObjectsNetcodeNetworkHandler/<StartAsync>d__4&)
Unity.Services.Multiplayer.GameObjectsNetcodeNetworkHandler:StartAsync (Unity.Services.Multiplayer.NetworkConfiguration)
Unity.Services.Multiplayer.NetworkModule:StartNetworkHandlerAsync (Unity.Services.Multiplayer.NetworkConfiguration) (at ./Library/PackageCache/com.unity.services.multiplayer@a6d6ce688d71/Runtime/Multiplayer/Modules/Network/NetworkModule.cs:554)
Unity.Services.Multiplayer.NetworkModule/<StartNetworkWithOptionsAsync>d__64:MoveNext () (at ./Library/PackageCache/com.unity.services.multiplayer@a6d6ce688d71/Runtime/Multiplayer/Modules/Network/NetworkModule.cs:303)
System.Runtime.CompilerServices.AsyncMethodBuilderCore/MoveNextRunner:InvokeMoveNext (object)
System.Threading.ExecutionContext:RunInternal (System.Threading.ExecutionContext,System.Threading.ContextCallback,object,bool)
System.Threading.ExecutionContext:Run (System.Threading.ExecutionContext,System.Threading.ContextCallback,object,bool)
System.Runtime.CompilerServices.AsyncMethodBuilderCore/MoveNextRunner:Run ()
System.Threading.Tasks.AwaitTaskContinuation:InvokeAction (object)
System.Threading.Tasks.AwaitTaskContinuation:RunCallback (System.Threading.ContextCallback,object,System.Threading.Tasks.Task&)
System.Threading.Tasks.SynchronizationContextAwaitTaskContinuation:Run (System.Threading.Tasks.Task,bool)
System.Threading.Tasks.Task:FinishContinuations ()
System.Threading.Tasks.Task:FinishStageThree ()
System.Threading.Tasks.Task`1<System.Threading.Tasks.VoidTaskResult>:TrySetResult (System.Threading.Tasks.VoidTaskResult)
System.Runtime.CompilerServices.AsyncTaskMethodBuilder`1<System.Threading.Tasks.VoidTaskResult>:SetResult (System.Threading.Tasks.VoidTaskResult)
System.Runtime.CompilerServices.AsyncTaskMethodBuilder`1<System.Threading.Tasks.VoidTaskResult>:SetResult (System.Threading.Tasks.Task`1<System.Threading.Tasks.VoidTaskResult>)
System.Runtime.CompilerServices.AsyncTaskMethodBuilder:SetResult ()
Unity.Services.Multiplayer.RelayHandler/<FetchJoinCodeAsync>d__22:MoveNext () (at ./Library/PackageCache/com.unity.services.multiplayer@a6d6ce688d71/Runtime/Multiplayer/Modules/Network/Handlers/Relay/RelayHandler.cs:109)
System.Runtime.CompilerServices.AsyncMethodBuilderCore/MoveNextRunner:InvokeMoveNext (object)
System.Threading.ExecutionContext:RunInternal (System.Threading.ExecutionContext,System.Threading.ContextCallback,object,bool)
System.Threading.ExecutionContext:Run (System.Threading.ExecutionContext,System.Threading.ContextCallback,object,bool)
System.Runtime.CompilerServices.AsyncMethodBuilderCore/MoveNextRunner:Run ()
System.Threading.Tasks.AwaitTaskContinuation:InvokeAction (object)
System.Threading.Tasks.AwaitTaskContinuation:RunCallback (System.Threading.ContextCallback,object,System.Threading.Tasks.Task&)
System.Threading.Tasks.SynchronizationContextAwaitTaskContinuation:Run (System.Threading.Tasks.Task,bool)
System.Threading.Tasks.Task:FinishContinuations ()
System.Threading.Tasks.Task:FinishStageThree ()
System.Threading.Tasks.Task`1<string>:TrySetResult (string)
System.Runtime.CompilerServices.AsyncTaskMethodBuilder`1<string>:SetResult (string)
Unity.Services.Relay.WrappedRelayService/<GetJoinCodeAsync>d__11:MoveNext () (at ./Library/PackageCache/com.unity.services.multiplayer@a6d6ce688d71/Runtime/Relay/SDK/WrappedRelayService.cs:134)
System.Runtime.CompilerServices.AsyncMethodBuilderCore/MoveNextRunner:InvokeMoveNext (object)
System.Threading.ExecutionContext:RunInternal (System.Threading.ExecutionContext,System.Threading.ContextCallback,object,bool)
System.Threading.ExecutionContext:Run (System.Threading.ExecutionContext,System.Threading.ContextCallback,object,bool)
System.Runtime.CompilerServices.AsyncMethodBuilderCore/MoveNextRunner:Run ()
System.Threading.Tasks.AwaitTaskContinuation:InvokeAction (object)
System.Threading.Tasks.AwaitTaskContinuation:RunCallback (System.Threading.ContextCallback,object,System.Threading.Tasks.Task&)
System.Threading.Tasks.SynchronizationContextAwaitTaskContinuation:Run (System.Threading.Tasks.Task,bool)
System.Threading.Tasks.Task:FinishContinuations ()
System.Threading.Tasks.Task:FinishStageThree ()
System.Threading.Tasks.Task`1<Unity.Services.Relay.Response`1<Unity.Services.Relay.Models.JoinCodeResponseBody>>:TrySetResult (Unity.Services.Relay.Response`1<Unity.Services.Relay.Models.JoinCodeResponseBody>)
System.Runtime.CompilerServices.AsyncTaskMethodBuilder`1<Unity.Services.Relay.Response`1<Unity.Services.Relay.Models.JoinCodeResponseBody>>:SetResult (Unity.Services.Relay.Response`1<Unity.Services.Relay.Models.JoinCodeResponseBody>)
Unity.Services.Relay.Apis.RelayAllocations.RelayAllocationsApiClient/<CreateJoincodeAsync>d__8:MoveNext () (at ./Library/PackageCache/com.unity.services.multiplayer@a6d6ce688d71/Runtime/Relay/Apis/RelayAllocationsApi.cs:160)
System.Runtime.CompilerServices.AsyncMethodBuilderCore/MoveNextRunner:InvokeMoveNext (object)
System.Threading.ExecutionContext:RunInternal (System.Threading.ExecutionContext,System.Threading.ContextCallback,object,bool)
System.Threading.ExecutionContext:Run (System.Threading.ExecutionContext,System.Threading.ContextCallback,object,bool)
System.Runtime.CompilerServices.AsyncMethodBuilderCore/MoveNextRunner:Run ()
System.Threading.Tasks.AwaitTaskContinuation:InvokeAction (object)
System.Threading.Tasks.AwaitTaskContinuation:RunCallback (System.Threading.ContextCallback,object,System.Threading.Tasks.Task&)
System.Threading.Tasks.SynchronizationContextAwaitTaskContinuation:Run (System.Threading.Tasks.Task,bool)
System.Threading.Tasks.Task:FinishContinuations ()
System.Threading.Tasks.Task:FinishStageThree ()
System.Threading.Tasks.Task`1<Unity.Services.Relay.Http.HttpClientResponse>:TrySetResult (Unity.Services.Relay.Http.HttpClientResponse)
System.Runtime.CompilerServices.AsyncTaskMethodBuilder`1<Unity.Services.Relay.Http.HttpClientResponse>:SetResult (Unity.Services.Relay.Http.HttpClientResponse)
Unity.Services.Relay.Http.HttpClient/<MakeRequestAsync>d__1:MoveNext () (at ./Library/PackageCache/com.unity.services.multiplayer@a6d6ce688d71/Runtime/Relay/Http/HttpClient.cs:41)
System.Runtime.CompilerServices.AsyncMethodBuilderCore/MoveNextRunner:InvokeMoveNext (object)
System.Threading.ExecutionContext:RunInternal (System.Threading.ExecutionContext,System.Threading.ContextCallback,object,bool)
System.Threading.ExecutionContext:Run (System.Threading.ExecutionContext,System.Threading.ContextCallback,object,bool)
System.Runtime.CompilerServices.AsyncMethodBuilderCore/MoveNextRunner:Run ()
System.Threading.Tasks.AwaitTaskContinuation:InvokeAction (object)
System.Threading.Tasks.AwaitTaskContinuation:RunCallback (System.Threading.ContextCallback,object,System.Threading.Tasks.Task&)
System.Threading.Tasks.SynchronizationContextAwaitTaskContinuation:Run (System.Threading.Tasks.Task,bool)
System.Threading.Tasks.Task:FinishContinuations ()
System.Threading.Tasks.Task:FinishStageThree ()
System.Threading.Tasks.Task`1<Unity.Services.Relay.Http.HttpClientResponse>:TrySetResult (Unity.Services.Relay.Http.HttpClientResponse)
System.Runtime.CompilerServices.AsyncTaskMethodBuilder`1<Unity.Services.Relay.Http.HttpClientResponse>:SetResult (Unity.Services.Relay.Http.HttpClientResponse)
Unity.Services.Relay.Http.HttpClient/<CreateWebRequestAsync>d__3:MoveNext () (at ./Library/PackageCache/com.unity.services.multiplayer@a6d6ce688d71/Runtime/Relay/Http/HttpClient.cs:56)
System.Runtime.CompilerServices.AsyncMethodBuilderCore/MoveNextRunner:InvokeMoveNext (object)
System.Threading.ExecutionContext:RunInternal (System.Threading.ExecutionContext,System.Threading.ContextCallback,object,bool)
System.Threading.ExecutionContext:Run (System.Threading.ExecutionContext,System.Threading.ContextCallback,object,bool)
System.Runtime.CompilerServices.AsyncMethodBuilderCore/MoveNextRunner:Run ()
System.Threading.Tasks.AwaitTaskContinuation:InvokeAction (object)
System.Threading.Tasks.AwaitTaskContinuation:RunCallback (System.Threading.ContextCallback,object,System.Threading.Tasks.Task&)
System.Threading.Tasks.SynchronizationContextAwaitTaskContinuation:Run (System.Threading.Tasks.Task,bool)
System.Threading.Tasks.Task:FinishContinuations ()
System.Threading.Tasks.Task:FinishStageThree ()
System.Threading.Tasks.Task`1<Unity.Services.Relay.Http.HttpClientResponse>:TrySetResult (Unity.Services.Relay.Http.HttpClientResponse)
System.Runtime.CompilerServices.AsyncTaskMethodBuilder`1<Unity.Services.Relay.Http.HttpClientResponse>:SetResult (Unity.Services.Relay.Http.HttpClientResponse)
Unity.Services.Relay.Http.HttpClient/<CreateHttpClientResponse>d__4:MoveNext () (at ./Library/PackageCache/com.unity.services.multiplayer@a6d6ce688d71/Runtime/Relay/Http/HttpClient.cs:84)
System.Runtime.CompilerServices.AsyncMethodBuilderCore/MoveNextRunner:InvokeMoveNext (object)
System.Threading.ExecutionContext:RunInternal (System.Threading.ExecutionContext,System.Threading.ContextCallback,object,bool)
System.Threading.ExecutionContext:Run (System.Threading.ExecutionContext,System.Threading.ContextCallback,object,bool)
System.Runtime.CompilerServices.AsyncMethodBuilderCore/MoveNextRunner:Run ()
System.Threading.Tasks.AwaitTaskContinuation:InvokeAction (object)
System.Threading.Tasks.AwaitTaskContinuation:RunCallback (System.Threading.ContextCallback,object,System.Threading.Tasks.Task&)
System.Threading.Tasks.SynchronizationContextAwaitTaskContinuation:Run (System.Threading.Tasks.Task,bool)
System.Threading.Tasks.Task:FinishContinuations ()
System.Threading.Tasks.Task:FinishStageThree ()
System.Threading.Tasks.Task`1<Unity.Services.Relay.Http.HttpClientResponse>:TrySetResult (Unity.Services.Relay.Http.HttpClientResponse)
System.Runtime.CompilerServices.AsyncTaskMethodBuilder`1<Unity.Services.Relay.Http.HttpClientResponse>:SetResult (Unity.Services.Relay.Http.HttpClientResponse)
Unity.Services.Relay.Http.HttpClient/<>c__DisplayClass4_0/<<CreateHttpClientResponse>b__0>d:MoveNext () (at ./Library/PackageCache/com.unity.services.multiplayer@a6d6ce688d71/Runtime/Relay/Http/HttpClient.cs:81)
System.Runtime.CompilerServices.AsyncMethodBuilderCore/MoveNextRunner:InvokeMoveNext (object)
System.Threading.ExecutionContext:RunInternal (System.Threading.ExecutionContext,System.Threading.ContextCallback,object,bool)
System.Thr

(Filename: C:/build/output/unity/unity/Runtime/Export/Debug/Debug.bindings.cs Line: 128)

PHS_SHIP_SYSTEMS_SNAPSHOT reason=module_Add hp=100/100 power=True gravity=True battery=False damageCause=none revision=0
UnityEngine.Debug:ExtractStackTraceNoAlloc (byte*,int,string)
UnityEngine.StackTraceUtility:ExtractStackTrace () (at C:/build/output/unity/unity/Runtime/Export/Scripting/StackTrace.cs:35)
UnityEngine.DebugLogHandler:Internal_Log (UnityEngine.LogType,UnityEngine.LogOption,string,UnityEngine.Object)
UnityEngine.DebugLogHandler:LogFormat (UnityEngine.LogType,UnityEngine.Object,string,object[]) (at C:/build/output/unity/unity/Runtime/Export/Logging/DebugLogHandler.cs:9)
UnityEngine.Logger:Log (UnityEngine.LogType,object,UnityEngine.Object) (at C:/build/output/unity/unity/Runtime/Export/Logging/Logger.cs:66)
UnityEngine.Debug:Log (object,UnityEngine.Object) (at C:/build/output/unity/unity/Runtime/Export/Debug/Debug.bindings.cs:128)
LastJumpCrew.ParkHanSol.Multiplayer.NetworkShipSystemsState:PublishStateChanged (string) (at E:/UNITY/LastJumpCrew/Assets/02. ParkHanSol_TeamLeader_Build & Multi/02. Script/Multiplayer/NetworkShipSystemsState.cs:811)
LastJumpCrew.ParkHanSol.Multiplayer.NetworkShipSystemsState:HandleModulesChanged (Unity.Netcode.NetworkListEvent`1<LastJumpCrew.ParkHanSol.Multiplayer.NetworkShipModuleSnapshot>) (at E:/UNITY/LastJumpCrew/Assets/02. ParkHanSol_TeamLeader_Build & Multi/02. Script/Multiplayer/NetworkShipSystemsState.cs:805)
Unity.Netcode.NetworkList`1<LastJumpCrew.ParkHanSol.Multiplayer.NetworkShipModuleSnapshot>:HandleAddListEvent (Unity.Netcode.NetworkListEvent`1<LastJumpCrew.ParkHanSol.Multiplayer.NetworkShipModuleSnapshot>) (at ./Library/PackageCache/com.unity.netcode.gameobjects@0f12e689d980/Runtime/NetworkVariable/Collections/NetworkList.cs:680)
Unity.Netcode.NetworkList`1<LastJumpCrew.ParkHanSol.Multiplayer.NetworkShipModuleSnapshot>:Add (LastJumpCrew.ParkHanSol.Multiplayer.NetworkShipModuleSnapshot) (at ./Library/PackageCache/com.unity.netcode.gameobjects@0f12e689d980/Runtime/NetworkVariable/Collections/NetworkList.cs:448)
LastJumpCrew.ParkHanSol.Multiplayer.NetworkShipSystemsState:AddInitialModule (LastJumpCrew.ParkHanSol.Multiplayer.NetworkShipModuleId) (at E:/UNITY/LastJumpCrew/Assets/02. ParkHanSol_TeamLeader_Build & Multi/02. Script/Multiplayer/NetworkShipSystemsState.cs:549)
LastJumpCrew.ParkHanSol.Multiplayer.NetworkShipSystemsState:InitializeServerState () (at E:/UNITY/LastJumpCrew/Assets/02. ParkHanSol_TeamLeader_Build & Multi/02. Script/Multiplayer/NetworkShipSystemsState.cs:543)
LastJumpCrew.ParkHanSol.Multiplayer.NetworkShipSystemsState:OnNetworkSpawn () (at E:/UNITY/LastJumpCrew/Assets/02. ParkHanSol_TeamLeader_Build & Multi/02. Script/Multiplayer/NetworkShipSystemsState.cs:103)
Unity.Netcode.NetworkBehaviour:NetworkSpawn () (at ./Library/PackageCache/com.unity.netcode.gameobjects@0f12e689d980/Runtime/Core/NetworkBehaviour.cs:813)
Unity.Netcode.NetworkObject:InvokeBehaviourNetworkSpawn () (at ./Library/PackageCache/com.unity.netcode.gameobjects@0f12e689d980/Runtime/Core/NetworkObject.cs:2698)
Unity.Netcode.NetworkSpawnManager:SpawnNetworkObjectLocallyCommon (Unity.Netcode.NetworkObject,ulong,bool,bool,ulong,bool) (at ./Library/PackageCache/com.unity.netcode.gameobjects@0f12e689d980/Runtime/Spawning/NetworkSpawnManager.cs:1384)
Unity.Netcode.NetworkSpawnManager:AuthorityLocalSpawn (Unity.Netcode.NetworkObject,ulong,bool,bool,ulong,bool) (at ./Library/PackageCache/com.unity.netcode.gameobjects@0f12e689d980/Runtime/Spawning/NetworkSpawnManager.cs:1182)
Unity.Netcode.NetworkObject:SpawnWithOwnership (ulong,bool) (at ./Library/PackageCache/com.unity.netcode.gameobjects@0f12e689d980/Runtime/Core/NetworkObject.cs:2026)
Unity.Netcode.NetworkSpawnManager:InstantiateAndSpawnNoParameterChecks (Unity.Netcode.NetworkObject,Unity.Netcode.NetworkManager,ulong,bool,bool,bool,UnityEngine.Vector3,UnityEngine.Quaternion) (at ./Library/PackageCache/com.unity.netcode.gameobjects@0f12e689d980/Runtime/Spawning/NetworkSpawnManager.cs:853)
Unity.Netcode.NetworkSpawnManager:InstantiateAndSpawn (Unity.Netcode.NetworkObject,ulong,bool,bool,bool,UnityEngine.Vector3,UnityEngine.Quaternion) (at ./Library/PackageCache/com.unity.netcode.gameobjects@0f12e689d980/Runtime/Spawning/NetworkSpawnManager.cs:811)
LastJumpCrew.ParkHanSol.Multiplayer.NetworkRunSessionRootBootstrap:TrySpawnServerRoot () (at E:/UNITY/LastJumpCrew/Assets/02. ParkHanSol_TeamLeader_Build & Multi/02. Script/Multiplayer/RunFlow/NetworkRunSessionRootBootstrap.cs:86)
LastJumpCrew.ParkHanSol.Multiplayer.NetworkRunSessionRootBootstrap:HandleServerStarted () (at E:/UNITY/LastJumpCrew/Assets/02. ParkHanSol_TeamLeader_Build & Multi/02. Script/Multiplayer/RunFlow/NetworkRunSessionRootBootstrap.cs:61)
Unity.Netcode.NetworkManager:HostServerInitialize () (at ./Library/PackageCache/com.unity.netcode.gameobjects@0f12e689d980/Runtime/Core/NetworkManager.cs:1530)
Unity.Netcode.NetworkManager:StartHost () (at ./Library/PackageCache/com.unity.netcode.gameobjects@0f12e689d980/Runtime/Core/NetworkManager.cs:1483)
Unity.Services.Multiplayer.NetworkManagerSession:SetupNetworkManagerLifecycleMonitoring (System.Threading.CancellationToken) (at ./Library/PackageCache/com.unity.services.multiplayer@a6d6ce688d71/Runtime/Multiplayer/Modules/Network/Handlers/NetworkHandler/NetworkManagerSession.cs:328)
Unity.Services.Multiplayer.NetworkManagerSession/<StartAsync>d__28:MoveNext () (at ./Library/PackageCache/com.unity.services.multiplayer@a6d6ce688d71/Runtime/Multiplayer/Modules/Network/Handlers/NetworkHandler/NetworkManagerSession.cs:165)
System.Runtime.CompilerServices.AsyncTaskMethodBuilder:Start<Unity.Services.Multiplayer.NetworkManagerSession/<StartAsync>d__28> (Unity.Services.Multiplayer.NetworkManagerSession/<StartAsync>d__28&)
Unity.Services.Multiplayer.NetworkManagerSession:StartAsync (System.Threading.CancellationToken)
Unity.Services.Multiplayer.GameObjectsNetcodeNetworkHandler/<StartAsync>d__4:MoveNext () (at ./Library/PackageCache/com.unity.services.multiplayer@a6d6ce688d71/Runtime/Multiplayer/Modules/Network/Handlers/NetworkHandler/GameObjectsNetcodeNetworkHandler.cs:77)
System.Runtime.CompilerServices.AsyncTaskMethodBuilder:Start<Unity.Services.Multiplayer.GameObjectsNetcodeNetworkHandler/<StartAsync>d__4> (Unity.Services.Multiplayer.GameObjectsNetcodeNetworkHandler/<StartAsync>d__4&)
Unity.Services.Multiplayer.GameObjectsNetcodeNetworkHandler:StartAsync (Unity.Services.Multiplayer.NetworkConfiguration)
Unity.Services.Multiplayer.NetworkModule:StartNetworkHandlerAsync (Unity.Services.Multiplayer.NetworkConfiguration) (at ./Library/PackageCache/com.unity.services.multiplayer@a6d6ce688d71/Runtime/Multiplayer/Modules/Network/NetworkModule.cs:554)
Unity.Services.Multiplayer.NetworkModule/<StartNetworkWithOptionsAsync>d__64:MoveNext () (at ./Library/PackageCache/com.unity.services.multiplayer@a6d6ce688d71/Runtime/Multiplayer/Modules/Network/NetworkModule.cs:303)
System.Runtime.CompilerServices.AsyncMethodBuilderCore/MoveNextRunner:InvokeMoveNext (object)
System.Threading.ExecutionContext:RunInternal (System.Threading.ExecutionContext,System.Threading.ContextCallback,object,bool)
System.Threading.ExecutionContext:Run (System.Threading.ExecutionContext,System.Threading.ContextCallback,object,bool)
System.Runtime.CompilerServices.AsyncMethodBuilderCore/MoveNextRunner:Run ()
System.Threading.Tasks.AwaitTaskContinuation:InvokeAction (object)
System.Threading.Tasks.AwaitTaskContinuation:RunCallback (System.Threading.ContextCallback,object,System.Threading.Tasks.Task&)
System.Threading.Tasks.SynchronizationContextAwaitTaskContinuation:Run (System.Threading.Tasks.Task,bool)
System.Threading.Tasks.Task:FinishContinuations ()
System.Threading.Tasks.Task:FinishStageThree ()
System.Threading.Tasks.Task`1<System.Threading.Tasks.VoidTaskResult>:TrySetResult (System.Threading.Tasks.VoidTaskResult)
System.Runtime.CompilerServices.AsyncTaskMethodBuilder`1<System.Threading.Tasks.VoidTaskResult>:SetResult (System.Threading.Tasks.VoidTaskResult)
System.Runtime.CompilerServices.AsyncTaskMethodBuilder`1<System.Threading.Tasks.VoidTaskResult>:SetResult (System.Threading.Tasks.Task`1<System.Threading.Tasks.VoidTaskResult>)
System.Runtime.CompilerServices.AsyncTaskMethodBuilder:SetResult ()
Unity.Services.Multiplayer.RelayHandler/<FetchJoinCodeAsync>d__22:MoveNext () (at ./Library/PackageCache/com.unity.services.multiplayer@a6d6ce688d71/Runtime/Multiplayer/Modules/Network/Handlers/Relay/RelayHandler.cs:109)
System.Runtime.CompilerServices.AsyncMethodBuilderCore/MoveNextRunner:InvokeMoveNext (object)
System.Threading.ExecutionContext:RunInternal (System.Threading.ExecutionContext,System.Threading.ContextCallback,object,bool)
System.Threading.ExecutionContext:Run (System.Threading.ExecutionContext,System.Threading.ContextCallback,object,bool)
System.Runtime.CompilerServices.AsyncMethodBuilderCore/MoveNextRunner:Run ()
System.Threading.Tasks.AwaitTaskContinuation:InvokeAction (object)
System.Threading.Tasks.AwaitTaskContinuation:RunCallback (System.Threading.ContextCallback,object,System.Threading.Tasks.Task&)
System.Threading.Tasks.SynchronizationContextAwaitTaskContinuation:Run (System.Threading.Tasks.Task,bool)
System.Threading.Tasks.Task:FinishContinuations ()
System.Threading.Tasks.Task:FinishStageThree ()
System.Threading.Tasks.Task`1<string>:TrySetResult (string)
System.Runtime.CompilerServices.AsyncTaskMethodBuilder`1<string>:SetResult (string)
Unity.Services.Relay.WrappedRelayService/<GetJoinCodeAsync>d__11:MoveNext () (at ./Library/PackageCache/com.unity.services.multiplayer@a6d6ce688d71/Runtime/Relay/SDK/WrappedRelayService.cs:134)
System.Runtime.CompilerServices.AsyncMethodBuilderCore/MoveNextRunner:InvokeMoveNext (object)
System.Threading.ExecutionContext:RunInternal (System.Threading.ExecutionContext,System.Threading.ContextCallback,object,bool)
System.Threading.ExecutionContext:Run (System.Threading.ExecutionContext,System.Threading.ContextCallback,object,bool)
System.Runtime.CompilerServices.AsyncMethodBuilderCore/MoveNextRunner:Run ()
System.Threading.Tasks.AwaitTaskContinuation:InvokeAction (object)
System.Threading.Tasks.AwaitTaskContinuation:RunCallback (System.Threading.ContextCallback,object,System.Threading.Tasks.Task&)
System.Threading.Tasks.SynchronizationContextAwaitTaskContinuation:Run (System.Threading.Tasks.Task,bool)
System.Threading.Tasks.Task:FinishContinuations ()
System.Threading.Tasks.Task:FinishStageThree ()
System.Threading.Tasks.Task`1<Unity.Services.Relay.Response`1<Unity.Services.Relay.Models.JoinCodeResponseBody>>:TrySetResult (Unity.Services.Relay.Response`1<Unity.Services.Relay.Models.JoinCodeResponseBody>)
System.Runtime.CompilerServices.AsyncTaskMethodBuilder`1<Unity.Services.Relay.Response`1<Unity.Services.Relay.Models.JoinCodeResponseBody>>:SetResult (Unity.Services.Relay.Response`1<Unity.Services.Relay.Models.JoinCodeResponseBody>)
Unity.Services.Relay.Apis.RelayAllocations.RelayAllocationsApiClient/<CreateJoincodeAsync>d__8:MoveNext () (at ./Library/PackageCache/com.unity.services.multiplayer@a6d6ce688d71/Runtime/Relay/Apis/RelayAllocationsApi.cs:160)
System.Runtime.CompilerServices.AsyncMethodBuilderCore/MoveNextRunner:InvokeMoveNext (object)
System.Threading.ExecutionContext:RunInternal (System.Threading.ExecutionContext,System.Threading.ContextCallback,object,bool)
System.Threading.ExecutionContext:Run (System.Threading.ExecutionContext,System.Threading.ContextCallback,object,bool)
System.Runtime.CompilerServices.AsyncMethodBuilderCore/MoveNextRunner:Run ()
System.Threading.Tasks.AwaitTaskContinuation:InvokeAction (object)
System.Threading.Tasks.AwaitTaskContinuation:RunCallback (System.Threading.ContextCallback,object,System.Threading.Tasks.Task&)
System.Threading.Tasks.SynchronizationContextAwaitTaskContinuation:Run (System.Threading.Tasks.Task,bool)
System.Threading.Tasks.Task:FinishContinuations ()
System.Threading.Tasks.Task:FinishStageThree ()
System.Threading.Tasks.Task`1<Unity.Services.Relay.Http.HttpClientResponse>:TrySetResult (Unity.Services.Relay.Http.HttpClientResponse)
System.Runtime.CompilerServices.AsyncTaskMethodBuilder`1<Unity.Services.Relay.Http.HttpClientResponse>:SetResult (Unity.Services.Relay.Http.HttpClientResponse)
Unity.Services.Relay.Http.HttpClient/<MakeRequestAsync>d__1:MoveNext () (at ./Library/PackageCache/com.unity.services.multiplayer@a6d6ce688d71/Runtime/Relay/Http/HttpClient.cs:41)
System.Runtime.CompilerServices.AsyncMethodBuilderCore/MoveNextRunner:InvokeMoveNext (object)
System.Threading.ExecutionContext:RunInternal (System.Threading.ExecutionContext,System.Threading.ContextCallback,object,bool)
System.Threading.ExecutionContext:Run (System.Threading.ExecutionContext,System.Threading.ContextCallback,object,bool)
System.Runtime.CompilerServices.AsyncMethodBuilderCore/MoveNextRunner:Run ()
System.Threading.Tasks.AwaitTaskContinuation:InvokeAction (object)
System.Threading.Tasks.AwaitTaskContinuation:RunCallback (System.Threading.ContextCallback,object,System.Threading.Tasks.Task&)
System.Threading.Tasks.SynchronizationContextAwaitTaskContinuation:Run (System.Threading.Tasks.Task,bool)
System.Threading.Tasks.Task:FinishContinuations ()
System.Threading.Tasks.Task:FinishStageThree ()
System.Threading.Tasks.Task`1<Unity.Services.Relay.Http.HttpClientResponse>:TrySetResult (Unity.Services.Relay.Http.HttpClientResponse)
System.Runtime.CompilerServices.AsyncTaskMethodBuilder`1<Unity.Services.Relay.Http.HttpClientResponse>:SetResult (Unity.Services.Relay.Http.HttpClientResponse)
Unity.Services.Relay.Http.HttpClient/<CreateWebRequestAsync>d__3:MoveNext () (at ./Library/PackageCache/com.unity.services.multiplayer@a6d6ce688d71/Runtime/Relay/Http/HttpClient.cs:56)
System.Runtime.CompilerServices.AsyncMethodBuilderCore/MoveNextRunner:InvokeMoveNext (object)
System.Threading.ExecutionContext:RunInternal (System.Threading.ExecutionContext,System.Threading.ContextCallback,object,bool)
System.Threading.ExecutionContext:Run (System.Threading.ExecutionContext,System.Threading.ContextCallback,object,bool)
System.Runtime.CompilerServices.AsyncMethodBuilderCore/MoveNextRunner:Run ()
System.Threading.Tasks.AwaitTaskContinuation:InvokeAction (object)
System.Threading.Tasks.AwaitTaskContinuation:RunCallback (System.Threading.ContextCallback,object,System.Threading.Tasks.Task&)
System.Threading.Tasks.SynchronizationContextAwaitTaskContinuation:Run (System.Threading.Tasks.Task,bool)
System.Threading.Tasks.Task:FinishContinuations ()
System.Threading.Tasks.Task:FinishStageThree ()
System.Threading.Tasks.Task`1<Unity.Services.Relay.Http.HttpClientResponse>:TrySetResult (Unity.Services.Relay.Http.HttpClientResponse)
System.Runtime.CompilerServices.AsyncTaskMethodBuilder`1<Unity.Services.Relay.Http.HttpClientResponse>:SetResult (Unity.Services.Relay.Http.HttpClientResponse)
Unity.Services.Relay.Http.HttpClient/<CreateHttpClientResponse>d__4:MoveNext () (at ./Library/PackageCache/com.unity.services.multiplayer@a6d6ce688d71/Runtime/Relay/Http/HttpClient.cs:84)
System.Runtime.CompilerServices.AsyncMethodBuilderCore/MoveNextRunner:InvokeMoveNext (object)
System.Threading.ExecutionContext:RunInternal (System.Threading.ExecutionContext,System.Threading.ContextCallback,object,bool)
System.Threading.ExecutionContext:Run (System.Threading.ExecutionContext,System.Threading.ContextCallback,object,bool)
System.Runtime.CompilerServices.AsyncMethodBuilderCore/MoveNextRunner:Run ()
System.Threading.Tasks.AwaitTaskContinuation:InvokeAction (object)
System.Threading.Tasks.AwaitTaskContinuation:RunCallback (System.Threading.ContextCallback,object,System.Threading.Tasks.Task&)
System.Threading.Tasks.SynchronizationContextAwaitTaskContinuation:Run (System.Threading.Tasks.Task,bool)
System.Threading.Tasks.Task:FinishContinuations ()
System.Threading.Tasks.Task:FinishStageThree ()
System.Threading.Tasks.Task`1<Unity.Services.Relay.Http.HttpClientResponse>:TrySetResult (Unity.Services.Relay.Http.HttpClientResponse)
System.Runtime.CompilerServices.AsyncTaskMethodBuilder`1<Unity.Services.Relay.Http.HttpClientResponse>:SetResult (Unity.Services.Relay.Http.HttpClientResponse)
Unity.Services.Relay.Http.HttpClient/<>c__DisplayClass4_0/<<CreateHttpClientResponse>b__0>d:MoveNext () (at ./Library/PackageCache/com.unity.services.multiplayer@a6d6ce688d71/Runtime/Relay/Http/HttpClient.cs:81)
System.Runtime.CompilerServices.AsyncMethodBuilderCore/MoveNextRunner:InvokeMoveNext (object)
System.Threading.ExecutionContext:RunInternal (System.Threading.ExecutionContext,System.Threading.ContextCallback,object,bool)
System.Thr

(Filename: C:/build/output/unity/unity/Runtime/Export/Debug/Debug.bindings.cs Line: 128)

PHS_SHIP_SYSTEMS_SNAPSHOT reason=revision hp=100/100 power=True gravity=True battery=False damageCause=none revision=1
UnityEngine.Debug:ExtractStackTraceNoAlloc (byte*,int,string)
UnityEngine.StackTraceUtility:ExtractStackTrace () (at C:/build/output/unity/unity/Runtime/Export/Scripting/StackTrace.cs:35)
UnityEngine.DebugLogHandler:Internal_Log (UnityEngine.LogType,UnityEngine.LogOption,string,UnityEngine.Object)
UnityEngine.DebugLogHandler:LogFormat (UnityEngine.LogType,UnityEngine.Object,string,object[]) (at C:/build/output/unity/unity/Runtime/Export/Logging/DebugLogHandler.cs:9)
UnityEngine.Logger:Log (UnityEngine.LogType,object,UnityEngine.Object) (at C:/build/output/unity/unity/Runtime/Export/Logging/Logger.cs:66)
UnityEngine.Debug:Log (object,UnityEngine.Object) (at C:/build/output/unity/unity/Runtime/Export/Debug/Debug.bindings.cs:128)
LastJumpCrew.ParkHanSol.Multiplayer.NetworkShipSystemsState:PublishStateChanged (string) (at E:/UNITY/LastJumpCrew/Assets/02. ParkHanSol_TeamLeader_Build & Multi/02. Script/Multiplayer/NetworkShipSystemsState.cs:811)
LastJumpCrew.ParkHanSol.Multiplayer.NetworkShipSystemsState:HandleRevisionChanged (uint,uint) (at E:/UNITY/LastJumpCrew/Assets/02. ParkHanSol_TeamLeader_Build & Multi/02. Script/Multiplayer/NetworkShipSystemsState.cs:792)
Unity.Netcode.NetworkVariable`1<uint>:set_Value (uint) (at ./Library/PackageCache/com.unity.netcode.gameobjects@0f12e689d980/Runtime/NetworkVariable/NetworkVariable.cs:165)
LastJumpCrew.ParkHanSol.Multiplayer.NetworkShipSystemsState:InitializeServerState () (at E:/UNITY/LastJumpCrew/Assets/02. ParkHanSol_TeamLeader_Build & Multi/02. Script/Multiplayer/NetworkShipSystemsState.cs:544)
LastJumpCrew.ParkHanSol.Multiplayer.NetworkShipSystemsState:OnNetworkSpawn () (at E:/UNITY/LastJumpCrew/Assets/02. ParkHanSol_TeamLeader_Build & Multi/02. Script/Multiplayer/NetworkShipSystemsState.cs:103)
Unity.Netcode.NetworkBehaviour:NetworkSpawn () (at ./Library/PackageCache/com.unity.netcode.gameobjects@0f12e689d980/Runtime/Core/NetworkBehaviour.cs:813)
Unity.Netcode.NetworkObject:InvokeBehaviourNetworkSpawn () (at ./Library/PackageCache/com.unity.netcode.gameobjects@0f12e689d980/Runtime/Core/NetworkObject.cs:2698)
Unity.Netcode.NetworkSpawnManager:SpawnNetworkObjectLocallyCommon (Unity.Netcode.NetworkObject,ulong,bool,bool,ulong,bool) (at ./Library/PackageCache/com.unity.netcode.gameobjects@0f12e689d980/Runtime/Spawning/NetworkSpawnManager.cs:1384)
Unity.Netcode.NetworkSpawnManager:AuthorityLocalSpawn (Unity.Netcode.NetworkObject,ulong,bool,bool,ulong,bool) (at ./Library/PackageCache/com.unity.netcode.gameobjects@0f12e689d980/Runtime/Spawning/NetworkSpawnManager.cs:1182)
Unity.Netcode.NetworkObject:SpawnWithOwnership (ulong,bool) (at ./Library/PackageCache/com.unity.netcode.gameobjects@0f12e689d980/Runtime/Core/NetworkObject.cs:2026)
Unity.Netcode.NetworkSpawnManager:InstantiateAndSpawnNoParameterChecks (Unity.Netcode.NetworkObject,Unity.Netcode.NetworkManager,ulong,bool,bool,bool,UnityEngine.Vector3,UnityEngine.Quaternion) (at ./Library/PackageCache/com.unity.netcode.gameobjects@0f12e689d980/Runtime/Spawning/NetworkSpawnManager.cs:853)
Unity.Netcode.NetworkSpawnManager:InstantiateAndSpawn (Unity.Netcode.NetworkObject,ulong,bool,bool,bool,UnityEngine.Vector3,UnityEngine.Quaternion) (at ./Library/PackageCache/com.unity.netcode.gameobjects@0f12e689d980/Runtime/Spawning/NetworkSpawnManager.cs:811)
LastJumpCrew.ParkHanSol.Multiplayer.NetworkRunSessionRootBootstrap:TrySpawnServerRoot () (at E:/UNITY/LastJumpCrew/Assets/02. ParkHanSol_TeamLeader_Build & Multi/02. Script/Multiplayer/RunFlow/NetworkRunSessionRootBootstrap.cs:86)
LastJumpCrew.ParkHanSol.Multiplayer.NetworkRunSessionRootBootstrap:HandleServerStarted () (at E:/UNITY/LastJumpCrew/Assets/02. ParkHanSol_TeamLeader_Build & Multi/02. Script/Multiplayer/RunFlow/NetworkRunSessionRootBootstrap.cs:61)
Unity.Netcode.NetworkManager:HostServerInitialize () (at ./Library/PackageCache/com.unity.netcode.gameobjects@0f12e689d980/Runtime/Core/NetworkManager.cs:1530)
Unity.Netcode.NetworkManager:StartHost () (at ./Library/PackageCache/com.unity.netcode.gameobjects@0f12e689d980/Runtime/Core/NetworkManager.cs:1483)
Unity.Services.Multiplayer.NetworkManagerSession:SetupNetworkManagerLifecycleMonitoring (System.Threading.CancellationToken) (at ./Library/PackageCache/com.unity.services.multiplayer@a6d6ce688d71/Runtime/Multiplayer/Modules/Network/Handlers/NetworkHandler/NetworkManagerSession.cs:328)
Unity.Services.Multiplayer.NetworkManagerSession/<StartAsync>d__28:MoveNext () (at ./Library/PackageCache/com.unity.services.multiplayer@a6d6ce688d71/Runtime/Multiplayer/Modules/Network/Handlers/NetworkHandler/NetworkManagerSession.cs:165)
System.Runtime.CompilerServices.AsyncTaskMethodBuilder:Start<Unity.Services.Multiplayer.NetworkManagerSession/<StartAsync>d__28> (Unity.Services.Multiplayer.NetworkManagerSession/<StartAsync>d__28&)
Unity.Services.Multiplayer.NetworkManagerSession:StartAsync (System.Threading.CancellationToken)
Unity.Services.Multiplayer.GameObjectsNetcodeNetworkHandler/<StartAsync>d__4:MoveNext () (at ./Library/PackageCache/com.unity.services.multiplayer@a6d6ce688d71/Runtime/Multiplayer/Modules/Network/Handlers/NetworkHandler/GameObjectsNetcodeNetworkHandler.cs:77)
System.Runtime.CompilerServices.AsyncTaskMethodBuilder:Start<Unity.Services.Multiplayer.GameObjectsNetcodeNetworkHandler/<StartAsync>d__4> (Unity.Services.Multiplayer.GameObjectsNetcodeNetworkHandler/<StartAsync>d__4&)
Unity.Services.Multiplayer.GameObjectsNetcodeNetworkHandler:StartAsync (Unity.Services.Multiplayer.NetworkConfiguration)
Unity.Services.Multiplayer.NetworkModule:StartNetworkHandlerAsync (Unity.Services.Multiplayer.NetworkConfiguration) (at ./Library/PackageCache/com.unity.services.multiplayer@a6d6ce688d71/Runtime/Multiplayer/Modules/Network/NetworkModule.cs:554)
Unity.Services.Multiplayer.NetworkModule/<StartNetworkWithOptionsAsync>d__64:MoveNext () (at ./Library/PackageCache/com.unity.services.multiplayer@a6d6ce688d71/Runtime/Multiplayer/Modules/Network/NetworkModule.cs:303)
System.Runtime.CompilerServices.AsyncMethodBuilderCore/MoveNextRunner:InvokeMoveNext (object)
System.Threading.ExecutionContext:RunInternal (System.Threading.ExecutionContext,System.Threading.ContextCallback,object,bool)
System.Threading.ExecutionContext:Run (System.Threading.ExecutionContext,System.Threading.ContextCallback,object,bool)
System.Runtime.CompilerServices.AsyncMethodBuilderCore/MoveNextRunner:Run ()
System.Threading.Tasks.AwaitTaskContinuation:InvokeAction (object)
System.Threading.Tasks.AwaitTaskContinuation:RunCallback (System.Threading.ContextCallback,object,System.Threading.Tasks.Task&)
System.Threading.Tasks.SynchronizationContextAwaitTaskContinuation:Run (System.Threading.Tasks.Task,bool)
System.Threading.Tasks.Task:FinishContinuations ()
System.Threading.Tasks.Task:FinishStageThree ()
System.Threading.Tasks.Task`1<System.Threading.Tasks.VoidTaskResult>:TrySetResult (System.Threading.Tasks.VoidTaskResult)
System.Runtime.CompilerServices.AsyncTaskMethodBuilder`1<System.Threading.Tasks.VoidTaskResult>:SetResult (System.Threading.Tasks.VoidTaskResult)
System.Runtime.CompilerServices.AsyncTaskMethodBuilder`1<System.Threading.Tasks.VoidTaskResult>:SetResult (System.Threading.Tasks.Task`1<System.Threading.Tasks.VoidTaskResult>)
System.Runtime.CompilerServices.AsyncTaskMethodBuilder:SetResult ()
Unity.Services.Multiplayer.RelayHandler/<FetchJoinCodeAsync>d__22:MoveNext () (at ./Library/PackageCache/com.unity.services.multiplayer@a6d6ce688d71/Runtime/Multiplayer/Modules/Network/Handlers/Relay/RelayHandler.cs:109)
System.Runtime.CompilerServices.AsyncMethodBuilderCore/MoveNextRunner:InvokeMoveNext (object)
System.Threading.ExecutionContext:RunInternal (System.Threading.ExecutionContext,System.Threading.ContextCallback,object,bool)
System.Threading.ExecutionContext:Run (System.Threading.ExecutionContext,System.Threading.ContextCallback,object,bool)
System.Runtime.CompilerServices.AsyncMethodBuilderCore/MoveNextRunner:Run ()
System.Threading.Tasks.AwaitTaskContinuation:InvokeAction (object)
System.Threading.Tasks.AwaitTaskContinuation:RunCallback (System.Threading.ContextCallback,object,System.Threading.Tasks.Task&)
System.Threading.Tasks.SynchronizationContextAwaitTaskContinuation:Run (System.Threading.Tasks.Task,bool)
System.Threading.Tasks.Task:FinishContinuations ()
System.Threading.Tasks.Task:FinishStageThree ()
System.Threading.Tasks.Task`1<string>:TrySetResult (string)
System.Runtime.CompilerServices.AsyncTaskMethodBuilder`1<string>:SetResult (string)
Unity.Services.Relay.WrappedRelayService/<GetJoinCodeAsync>d__11:MoveNext () (at ./Library/PackageCache/com.unity.services.multiplayer@a6d6ce688d71/Runtime/Relay/SDK/WrappedRelayService.cs:134)
System.Runtime.CompilerServices.AsyncMethodBuilderCore/MoveNextRunner:InvokeMoveNext (object)
System.Threading.ExecutionContext:RunInternal (System.Threading.ExecutionContext,System.Threading.ContextCallback,object,bool)
System.Threading.ExecutionContext:Run (System.Threading.ExecutionContext,System.Threading.ContextCallback,object,bool)
System.Runtime.CompilerServices.AsyncMethodBuilderCore/MoveNextRunner:Run ()
System.Threading.Tasks.AwaitTaskContinuation:InvokeAction (object)
System.Threading.Tasks.AwaitTaskContinuation:RunCallback (System.Threading.ContextCallback,object,System.Threading.Tasks.Task&)
System.Threading.Tasks.SynchronizationContextAwaitTaskContinuation:Run (System.Threading.Tasks.Task,bool)
System.Threading.Tasks.Task:FinishContinuations ()
System.Threading.Tasks.Task:FinishStageThree ()
System.Threading.Tasks.Task`1<Unity.Services.Relay.Response`1<Unity.Services.Relay.Models.JoinCodeResponseBody>>:TrySetResult (Unity.Services.Relay.Response`1<Unity.Services.Relay.Models.JoinCodeResponseBody>)
System.Runtime.CompilerServices.AsyncTaskMethodBuilder`1<Unity.Services.Relay.Response`1<Unity.Services.Relay.Models.JoinCodeResponseBody>>:SetResult (Unity.Services.Relay.Response`1<Unity.Services.Relay.Models.JoinCodeResponseBody>)
Unity.Services.Relay.Apis.RelayAllocations.RelayAllocationsApiClient/<CreateJoincodeAsync>d__8:MoveNext () (at ./Library/PackageCache/com.unity.services.multiplayer@a6d6ce688d71/Runtime/Relay/Apis/RelayAllocationsApi.cs:160)
System.Runtime.CompilerServices.AsyncMethodBuilderCore/MoveNextRunner:InvokeMoveNext (object)
System.Threading.ExecutionContext:RunInternal (System.Threading.ExecutionContext,System.Threading.ContextCallback,object,bool)
System.Threading.ExecutionContext:Run (System.Threading.ExecutionContext,System.Threading.ContextCallback,object,bool)
System.Runtime.CompilerServices.AsyncMethodBuilderCore/MoveNextRunner:Run ()
System.Threading.Tasks.AwaitTaskContinuation:InvokeAction (object)
System.Threading.Tasks.AwaitTaskContinuation:RunCallback (System.Threading.ContextCallback,object,System.Threading.Tasks.Task&)
System.Threading.Tasks.SynchronizationContextAwaitTaskContinuation:Run (System.Threading.Tasks.Task,bool)
System.Threading.Tasks.Task:FinishContinuations ()
System.Threading.Tasks.Task:FinishStageThree ()
System.Threading.Tasks.Task`1<Unity.Services.Relay.Http.HttpClientResponse>:TrySetResult (Unity.Services.Relay.Http.HttpClientResponse)
System.Runtime.CompilerServices.AsyncTaskMethodBuilder`1<Unity.Services.Relay.Http.HttpClientResponse>:SetResult (Unity.Services.Relay.Http.HttpClientResponse)
Unity.Services.Relay.Http.HttpClient/<MakeRequestAsync>d__1:MoveNext () (at ./Library/PackageCache/com.unity.services.multiplayer@a6d6ce688d71/Runtime/Relay/Http/HttpClient.cs:41)
System.Runtime.CompilerServices.AsyncMethodBuilderCore/MoveNextRunner:InvokeMoveNext (object)
System.Threading.ExecutionContext:RunInternal (System.Threading.ExecutionContext,System.Threading.ContextCallback,object,bool)
System.Threading.ExecutionContext:Run (System.Threading.ExecutionContext,System.Threading.ContextCallback,object,bool)
System.Runtime.CompilerServices.AsyncMethodBuilderCore/MoveNextRunner:Run ()
System.Threading.Tasks.AwaitTaskContinuation:InvokeAction (object)
System.Threading.Tasks.AwaitTaskContinuation:RunCallback (System.Threading.ContextCallback,object,System.Threading.Tasks.Task&)
System.Threading.Tasks.SynchronizationContextAwaitTaskContinuation:Run (System.Threading.Tasks.Task,bool)
System.Threading.Tasks.Task:FinishContinuations ()
System.Threading.Tasks.Task:FinishStageThree ()
System.Threading.Tasks.Task`1<Unity.Services.Relay.Http.HttpClientResponse>:TrySetResult (Unity.Services.Relay.Http.HttpClientResponse)
System.Runtime.CompilerServices.AsyncTaskMethodBuilder`1<Unity.Services.Relay.Http.HttpClientResponse>:SetResult (Unity.Services.Relay.Http.HttpClientResponse)
Unity.Services.Relay.Http.HttpClient/<CreateWebRequestAsync>d__3:MoveNext () (at ./Library/PackageCache/com.unity.services.multiplayer@a6d6ce688d71/Runtime/Relay/Http/HttpClient.cs:56)
System.Runtime.CompilerServices.AsyncMethodBuilderCore/MoveNextRunner:InvokeMoveNext (object)
System.Threading.ExecutionContext:RunInternal (System.Threading.ExecutionContext,System.Threading.ContextCallback,object,bool)
System.Threading.ExecutionContext:Run (System.Threading.ExecutionContext,System.Threading.ContextCallback,object,bool)
System.Runtime.CompilerServices.AsyncMethodBuilderCore/MoveNextRunner:Run ()
System.Threading.Tasks.AwaitTaskContinuation:InvokeAction (object)
System.Threading.Tasks.AwaitTaskContinuation:RunCallback (System.Threading.ContextCallback,object,System.Threading.Tasks.Task&)
System.Threading.Tasks.SynchronizationContextAwaitTaskContinuation:Run (System.Threading.Tasks.Task,bool)
System.Threading.Tasks.Task:FinishContinuations ()
System.Threading.Tasks.Task:FinishStageThree ()
System.Threading.Tasks.Task`1<Unity.Services.Relay.Http.HttpClientResponse>:TrySetResult (Unity.Services.Relay.Http.HttpClientResponse)
System.Runtime.CompilerServices.AsyncTaskMethodBuilder`1<Unity.Services.Relay.Http.HttpClientResponse>:SetResult (Unity.Services.Relay.Http.HttpClientResponse)
Unity.Services.Relay.Http.HttpClient/<CreateHttpClientResponse>d__4:MoveNext () (at ./Library/PackageCache/com.unity.services.multiplayer@a6d6ce688d71/Runtime/Relay/Http/HttpClient.cs:84)
System.Runtime.CompilerServices.AsyncMethodBuilderCore/MoveNextRunner:InvokeMoveNext (object)
System.Threading.ExecutionContext:RunInternal (System.Threading.ExecutionContext,System.Threading.ContextCallback,object,bool)
System.Threading.ExecutionContext:Run (System.Threading.ExecutionContext,System.Threading.ContextCallback,object,bool)
System.Runtime.CompilerServices.AsyncMethodBuilderCore/MoveNextRunner:Run ()
System.Threading.Tasks.AwaitTaskContinuation:InvokeAction (object)
System.Threading.Tasks.AwaitTaskContinuation:RunCallback (System.Threading.ContextCallback,object,System.Threading.Tasks.Task&)
System.Threading.Tasks.SynchronizationContextAwaitTaskContinuation:Run (System.Threading.Tasks.Task,bool)
System.Threading.Tasks.Task:FinishContinuations ()
System.Threading.Tasks.Task:FinishStageThree ()
System.Threading.Tasks.Task`1<Unity.Services.Relay.Http.HttpClientResponse>:TrySetResult (Unity.Services.Relay.Http.HttpClientResponse)
System.Runtime.CompilerServices.AsyncTaskMethodBuilder`1<Unity.Services.Relay.Http.HttpClientResponse>:SetResult (Unity.Services.Relay.Http.HttpClientResponse)
Unity.Services.Relay.Http.HttpClient/<>c__DisplayClass4_0/<<CreateHttpClientResponse>b__0>d:MoveNext () (at ./Library/PackageCache/com.unity.services.multiplayer@a6d6ce688d71/Runtime/Relay/Http/HttpClient.cs:81)
System.Runtime.CompilerServices.AsyncMethodBuilderCore/MoveNextRunner:InvokeMoveNext (object)
System.Threading.ExecutionContext:RunInternal (System.Threading.ExecutionContext,System.Threading.ContextCallback,object,bool)
System.Threading.ExecutionContext:Run (System.Threading.ExecutionContext,System.Threading.ContextCallback,object,bool)
System.Runtime.CompilerServices.AsyncMethodBuilderCore/MoveNextRunner:Run ()
System.Threading.Tasks.AwaitTaskContinuation:InvokeAction (object)
System.Threading.Tasks.AwaitTaskContinuation:RunCallback (System.Threading.ContextCallback,object,System.Threading.Tasks.Task&)
System.Threading.Tasks.SynchronizationContextAwaitTaskContinuation:Run (System.Threading.Tasks.Task,bool)
System.Threading.Tasks.Task:FinishContinuations ()
System.Threading.Tasks.Task:FinishStageThree ()
System.Threading.Tasks.Task`1<Unity.Services.Relay.Http.HttpClientResponse>:TrySetResult (Unity.Services.Relay.Http.HttpClientResponse)
System.Threading.Tasks.TaskCompletionSource`1<Unity.Services.Relay.Http.

(Filename: C:/build/output/unity/unity/Runtime/Export/Debug/Debug.bindings.cs Line: 128)

PHS_SHIP_STATUS_CONNECTED provider=NetworkShipSystemsState server=True
UnityEngine.Debug:ExtractStackTraceNoAlloc (byte*,int,string)
UnityEngine.StackTraceUtility:ExtractStackTrace () (at C:/build/output/unity/unity/Runtime/Export/Scripting/StackTrace.cs:35)
UnityEngine.DebugLogHandler:Internal_Log (UnityEngine.LogType,UnityEngine.LogOption,string,UnityEngine.Object)
UnityEngine.DebugLogHandler:LogFormat (UnityEngine.LogType,UnityEngine.Object,string,object[]) (at C:/build/output/unity/unity/Runtime/Export/Logging/DebugLogHandler.cs:9)
UnityEngine.Logger:Log (UnityEngine.LogType,object,UnityEngine.Object) (at C:/build/output/unity/unity/Runtime/Export/Logging/Logger.cs:66)
UnityEngine.Debug:Log (object,UnityEngine.Object) (at C:/build/output/unity/unity/Runtime/Export/Debug/Debug.bindings.cs:128)
LastJumpCrew.ParkHanSol.Multiplayer.NetworkShipSystemsState:TryRegisterWithGameCore () (at E:/UNITY/LastJumpCrew/Assets/02. ParkHanSol_TeamLeader_Build & Multi/02. Script/Multiplayer/NetworkShipSystemsState.cs:718)
LastJumpCrew.ParkHanSol.Multiplayer.NetworkShipSystemsState:OnNetworkSpawn () (at E:/UNITY/LastJumpCrew/Assets/02. ParkHanSol_TeamLeader_Build & Multi/02. Script/Multiplayer/NetworkShipSystemsState.cs:106)
Unity.Netcode.NetworkBehaviour:NetworkSpawn () (at ./Library/PackageCache/com.unity.netcode.gameobjects@0f12e689d980/Runtime/Core/NetworkBehaviour.cs:813)
Unity.Netcode.NetworkObject:InvokeBehaviourNetworkSpawn () (at ./Library/PackageCache/com.unity.netcode.gameobjects@0f12e689d980/Runtime/Core/NetworkObject.cs:2698)
Unity.Netcode.NetworkSpawnManager:SpawnNetworkObjectLocallyCommon (Unity.Netcode.NetworkObject,ulong,bool,bool,ulong,bool) (at ./Library/PackageCache/com.unity.netcode.gameobjects@0f12e689d980/Runtime/Spawning/NetworkSpawnManager.cs:1384)
Unity.Netcode.NetworkSpawnManager:AuthorityLocalSpawn (Unity.Netcode.NetworkObject,ulong,bool,bool,ulong,bool) (at ./Library/PackageCache/com.unity.netcode.gameobjects@0f12e689d980/Runtime/Spawning/NetworkSpawnManager.cs:1182)
Unity.Netcode.NetworkObject:SpawnWithOwnership (ulong,bool) (at ./Library/PackageCache/com.unity.netcode.gameobjects@0f12e689d980/Runtime/Core/NetworkObject.cs:2026)
Unity.Netcode.NetworkSpawnManager:InstantiateAndSpawnNoParameterChecks (Unity.Netcode.NetworkObject,Unity.Netcode.NetworkManager,ulong,bool,bool,bool,UnityEngine.Vector3,UnityEngine.Quaternion) (at ./Library/PackageCache/com.unity.netcode.gameobjects@0f12e689d980/Runtime/Spawning/NetworkSpawnManager.cs:853)
Unity.Netcode.NetworkSpawnManager:InstantiateAndSpawn (Unity.Netcode.NetworkObject,ulong,bool,bool,bool,UnityEngine.Vector3,UnityEngine.Quaternion) (at ./Library/PackageCache/com.unity.netcode.gameobjects@0f12e689d980/Runtime/Spawning/NetworkSpawnManager.cs:811)
LastJumpCrew.ParkHanSol.Multiplayer.NetworkRunSessionRootBootstrap:TrySpawnServerRoot () (at E:/UNITY/LastJumpCrew/Assets/02. ParkHanSol_TeamLeader_Build & Multi/02. Script/Multiplayer/RunFlow/NetworkRunSessionRootBootstrap.cs:86)
LastJumpCrew.ParkHanSol.Multiplayer.NetworkRunSessionRootBootstrap:HandleServerStarted () (at E:/UNITY/LastJumpCrew/Assets/02. ParkHanSol_TeamLeader_Build & Multi/02. Script/Multiplayer/RunFlow/NetworkRunSessionRootBootstrap.cs:61)
Unity.Netcode.NetworkManager:HostServerInitialize () (at ./Library/PackageCache/com.unity.netcode.gameobjects@0f12e689d980/Runtime/Core/NetworkManager.cs:1530)
Unity.Netcode.NetworkManager:StartHost () (at ./Library/PackageCache/com.unity.netcode.gameobjects@0f12e689d980/Runtime/Core/NetworkManager.cs:1483)
Unity.Services.Multiplayer.NetworkManagerSession:SetupNetworkManagerLifecycleMonitoring (System.Threading.CancellationToken) (at ./Library/PackageCache/com.unity.services.multiplayer@a6d6ce688d71/Runtime/Multiplayer/Modules/Network/Handlers/NetworkHandler/NetworkManagerSession.cs:328)
Unity.Services.Multiplayer.NetworkManagerSession/<StartAsync>d__28:MoveNext () (at ./Library/PackageCache/com.unity.services.multiplayer@a6d6ce688d71/Runtime/Multiplayer/Modules/Network/Handlers/NetworkHandler/NetworkManagerSession.cs:165)
System.Runtime.CompilerServices.AsyncTaskMethodBuilder:Start<Unity.Services.Multiplayer.NetworkManagerSession/<StartAsync>d__28> (Unity.Services.Multiplayer.NetworkManagerSession/<StartAsync>d__28&)
Unity.Services.Multiplayer.NetworkManagerSession:StartAsync (System.Threading.CancellationToken)
Unity.Services.Multiplayer.GameObjectsNetcodeNetworkHandler/<StartAsync>d__4:MoveNext () (at ./Library/PackageCache/com.unity.services.multiplayer@a6d6ce688d71/Runtime/Multiplayer/Modules/Network/Handlers/NetworkHandler/GameObjectsNetcodeNetworkHandler.cs:77)
System.Runtime.CompilerServices.AsyncTaskMethodBuilder:Start<Unity.Services.Multiplayer.GameObjectsNetcodeNetworkHandler/<StartAsync>d__4> (Unity.Services.Multiplayer.GameObjectsNetcodeNetworkHandler/<StartAsync>d__4&)
Unity.Services.Multiplayer.GameObjectsNetcodeNetworkHandler:StartAsync (Unity.Services.Multiplayer.NetworkConfiguration)
Unity.Services.Multiplayer.NetworkModule:StartNetworkHandlerAsync (Unity.Services.Multiplayer.NetworkConfiguration) (at ./Library/PackageCache/com.unity.services.multiplayer@a6d6ce688d71/Runtime/Multiplayer/Modules/Network/NetworkModule.cs:554)
Unity.Services.Multiplayer.NetworkModule/<StartNetworkWithOptionsAsync>d__64:MoveNext () (at ./Library/PackageCache/com.unity.services.multiplayer@a6d6ce688d71/Runtime/Multiplayer/Modules/Network/NetworkModule.cs:303)
System.Runtime.CompilerServices.AsyncMethodBuilderCore/MoveNextRunner:InvokeMoveNext (object)
System.Threading.ExecutionContext:RunInternal (System.Threading.ExecutionContext,System.Threading.ContextCallback,object,bool)
System.Threading.ExecutionContext:Run (System.Threading.ExecutionContext,System.Threading.ContextCallback,object,bool)
System.Runtime.CompilerServices.AsyncMethodBuilderCore/MoveNextRunner:Run ()
System.Threading.Tasks.AwaitTaskContinuation:InvokeAction (object)
System.Threading.Tasks.AwaitTaskContinuation:RunCallback (System.Threading.ContextCallback,object,System.Threading.Tasks.Task&)
System.Threading.Tasks.SynchronizationContextAwaitTaskContinuation:Run (System.Threading.Tasks.Task,bool)
System.Threading.Tasks.Task:FinishContinuations ()
System.Threading.Tasks.Task:FinishStageThree ()
System.Threading.Tasks.Task`1<System.Threading.Tasks.VoidTaskResult>:TrySetResult (System.Threading.Tasks.VoidTaskResult)
System.Runtime.CompilerServices.AsyncTaskMethodBuilder`1<System.Threading.Tasks.VoidTaskResult>:SetResult (System.Threading.Tasks.VoidTaskResult)
System.Runtime.CompilerServices.AsyncTaskMethodBuilder`1<System.Threading.Tasks.VoidTaskResult>:SetResult (System.Threading.Tasks.Task`1<System.Threading.Tasks.VoidTaskResult>)
System.Runtime.CompilerServices.AsyncTaskMethodBuilder:SetResult ()
Unity.Services.Multiplayer.RelayHandler/<FetchJoinCodeAsync>d__22:MoveNext () (at ./Library/PackageCache/com.unity.services.multiplayer@a6d6ce688d71/Runtime/Multiplayer/Modules/Network/Handlers/Relay/RelayHandler.cs:109)
System.Runtime.CompilerServices.AsyncMethodBuilderCore/MoveNextRunner:InvokeMoveNext (object)
System.Threading.ExecutionContext:RunInternal (System.Threading.ExecutionContext,System.Threading.ContextCallback,object,bool)
System.Threading.ExecutionContext:Run (System.Threading.ExecutionContext,System.Threading.ContextCallback,object,bool)
System.Runtime.CompilerServices.AsyncMethodBuilderCore/MoveNextRunner:Run ()
System.Threading.Tasks.AwaitTaskContinuation:InvokeAction (object)
System.Threading.Tasks.AwaitTaskContinuation:RunCallback (System.Threading.ContextCallback,object,System.Threading.Tasks.Task&)
System.Threading.Tasks.SynchronizationContextAwaitTaskContinuation:Run (System.Threading.Tasks.Task,bool)
System.Threading.Tasks.Task:FinishContinuations ()
System.Threading.Tasks.Task:FinishStageThree ()
System.Threading.Tasks.Task`1<string>:TrySetResult (string)
System.Runtime.CompilerServices.AsyncTaskMethodBuilder`1<string>:SetResult (string)
Unity.Services.Relay.WrappedRelayService/<GetJoinCodeAsync>d__11:MoveNext () (at ./Library/PackageCache/com.unity.services.multiplayer@a6d6ce688d71/Runtime/Relay/SDK/WrappedRelayService.cs:134)
System.Runtime.CompilerServices.AsyncMethodBuilderCore/MoveNextRunner:InvokeMoveNext (object)
System.Threading.ExecutionContext:RunInternal (System.Threading.ExecutionContext,System.Threading.ContextCallback,object,bool)
System.Threading.ExecutionContext:Run (System.Threading.ExecutionContext,System.Threading.ContextCallback,object,bool)
System.Runtime.CompilerServices.AsyncMethodBuilderCore/MoveNextRunner:Run ()
System.Threading.Tasks.AwaitTaskContinuation:InvokeAction (object)
System.Threading.Tasks.AwaitTaskContinuation:RunCallback (System.Threading.ContextCallback,object,System.Threading.Tasks.Task&)
System.Threading.Tasks.SynchronizationContextAwaitTaskContinuation:Run (System.Threading.Tasks.Task,bool)
System.Threading.Tasks.Task:FinishContinuations ()
System.Threading.Tasks.Task:FinishStageThree ()
System.Threading.Tasks.Task`1<Unity.Services.Relay.Response`1<Unity.Services.Relay.Models.JoinCodeResponseBody>>:TrySetResult (Unity.Services.Relay.Response`1<Unity.Services.Relay.Models.JoinCodeResponseBody>)
System.Runtime.CompilerServices.AsyncTaskMethodBuilder`1<Unity.Services.Relay.Response`1<Unity.Services.Relay.Models.JoinCodeResponseBody>>:SetResult (Unity.Services.Relay.Response`1<Unity.Services.Relay.Models.JoinCodeResponseBody>)
Unity.Services.Relay.Apis.RelayAllocations.RelayAllocationsApiClient/<CreateJoincodeAsync>d__8:MoveNext () (at ./Library/PackageCache/com.unity.services.multiplayer@a6d6ce688d71/Runtime/Relay/Apis/RelayAllocationsApi.cs:160)
System.Runtime.CompilerServices.AsyncMethodBuilderCore/MoveNextRunner:InvokeMoveNext (object)
System.Threading.ExecutionContext:RunInternal (System.Threading.ExecutionContext,System.Threading.ContextCallback,object,bool)
System.Threading.ExecutionContext:Run (System.Threading.ExecutionContext,System.Threading.ContextCallback,object,bool)
System.Runtime.CompilerServices.AsyncMethodBuilderCore/MoveNextRunner:Run ()
System.Threading.Tasks.AwaitTaskContinuation:InvokeAction (object)
System.Threading.Tasks.AwaitTaskContinuation:RunCallback (System.Threading.ContextCallback,object,System.Threading.Tasks.Task&)
System.Threading.Tasks.SynchronizationContextAwaitTaskContinuation:Run (System.Threading.Tasks.Task,bool)
System.Threading.Tasks.Task:FinishContinuations ()
System.Threading.Tasks.Task:FinishStageThree ()
System.Threading.Tasks.Task`1<Unity.Services.Relay.Http.HttpClientResponse>:TrySetResult (Unity.Services.Relay.Http.HttpClientResponse)
System.Runtime.CompilerServices.AsyncTaskMethodBuilder`1<Unity.Services.Relay.Http.HttpClientResponse>:SetResult (Unity.Services.Relay.Http.HttpClientResponse)
Unity.Services.Relay.Http.HttpClient/<MakeRequestAsync>d__1:MoveNext () (at ./Library/PackageCache/com.unity.services.multiplayer@a6d6ce688d71/Runtime/Relay/Http/HttpClient.cs:41)
System.Runtime.CompilerServices.AsyncMethodBuilderCore/MoveNextRunner:InvokeMoveNext (object)
System.Threading.ExecutionContext:RunInternal (System.Threading.ExecutionContext,System.Threading.ContextCallback,object,bool)
System.Threading.ExecutionContext:Run (System.Threading.ExecutionContext,System.Threading.ContextCallback,object,bool)
System.Runtime.CompilerServices.AsyncMethodBuilderCore/MoveNextRunner:Run ()
System.Threading.Tasks.AwaitTaskContinuation:InvokeAction (object)
System.Threading.Tasks.AwaitTaskContinuation:RunCallback (System.Threading.ContextCallback,object,System.Threading.Tasks.Task&)
System.Threading.Tasks.SynchronizationContextAwaitTaskContinuation:Run (System.Threading.Tasks.Task,bool)
System.Threading.Tasks.Task:FinishContinuations ()
System.Threading.Tasks.Task:FinishStageThree ()
System.Threading.Tasks.Task`1<Unity.Services.Relay.Http.HttpClientResponse>:TrySetResult (Unity.Services.Relay.Http.HttpClientResponse)
System.Runtime.CompilerServices.AsyncTaskMethodBuilder`1<Unity.Services.Relay.Http.HttpClientResponse>:SetResult (Unity.Services.Relay.Http.HttpClientResponse)
Unity.Services.Relay.Http.HttpClient/<CreateWebRequestAsync>d__3:MoveNext () (at ./Library/PackageCache/com.unity.services.multiplayer@a6d6ce688d71/Runtime/Relay/Http/HttpClient.cs:56)
System.Runtime.CompilerServices.AsyncMethodBuilderCore/MoveNextRunner:InvokeMoveNext (object)
System.Threading.ExecutionContext:RunInternal (System.Threading.ExecutionContext,System.Threading.ContextCallback,object,bool)
System.Threading.ExecutionContext:Run (System.Threading.ExecutionContext,System.Threading.ContextCallback,object,bool)
System.Runtime.CompilerServices.AsyncMethodBuilderCore/MoveNextRunner:Run ()
System.Threading.Tasks.AwaitTaskContinuation:InvokeAction (object)
System.Threading.Tasks.AwaitTaskContinuation:RunCallback (System.Threading.ContextCallback,object,System.Threading.Tasks.Task&)
System.Threading.Tasks.SynchronizationContextAwaitTaskContinuation:Run (System.Threading.Tasks.Task,bool)
System.Threading.Tasks.Task:FinishContinuations ()
System.Threading.Tasks.Task:FinishStageThree ()
System.Threading.Tasks.Task`1<Unity.Services.Relay.Http.HttpClientResponse>:TrySetResult (Unity.Services.Relay.Http.HttpClientResponse)
System.Runtime.CompilerServices.AsyncTaskMethodBuilder`1<Unity.Services.Relay.Http.HttpClientResponse>:SetResult (Unity.Services.Relay.Http.HttpClientResponse)
Unity.Services.Relay.Http.HttpClient/<CreateHttpClientResponse>d__4:MoveNext () (at ./Library/PackageCache/com.unity.services.multiplayer@a6d6ce688d71/Runtime/Relay/Http/HttpClient.cs:84)
System.Runtime.CompilerServices.AsyncMethodBuilderCore/MoveNextRunner:InvokeMoveNext (object)
System.Threading.ExecutionContext:RunInternal (System.Threading.ExecutionContext,System.Threading.ContextCallback,object,bool)
System.Threading.ExecutionContext:Run (System.Threading.ExecutionContext,System.Threading.ContextCallback,object,bool)
System.Runtime.CompilerServices.AsyncMethodBuilderCore/MoveNextRunner:Run ()
System.Threading.Tasks.AwaitTaskContinuation:InvokeAction (object)
System.Threading.Tasks.AwaitTaskContinuation:RunCallback (System.Threading.ContextCallback,object,System.Threading.Tasks.Task&)
System.Threading.Tasks.SynchronizationContextAwaitTaskContinuation:Run (System.Threading.Tasks.Task,bool)
System.Threading.Tasks.Task:FinishContinuations ()
System.Threading.Tasks.Task:FinishStageThree ()
System.Threading.Tasks.Task`1<Unity.Services.Relay.Http.HttpClientResponse>:TrySetResult (Unity.Services.Relay.Http.HttpClientResponse)
System.Runtime.CompilerServices.AsyncTaskMethodBuilder`1<Unity.Services.Relay.Http.HttpClientResponse>:SetResult (Unity.Services.Relay.Http.HttpClientResponse)
Unity.Services.Relay.Http.HttpClient/<>c__DisplayClass4_0/<<CreateHttpClientResponse>b__0>d:MoveNext () (at ./Library/PackageCache/com.unity.services.multiplayer@a6d6ce688d71/Runtime/Relay/Http/HttpClient.cs:81)
System.Runtime.CompilerServices.AsyncMethodBuilderCore/MoveNextRunner:InvokeMoveNext (object)
System.Threading.ExecutionContext:RunInternal (System.Threading.ExecutionContext,System.Threading.ContextCallback,object,bool)
System.Threading.ExecutionContext:Run (System.Threading.ExecutionContext,System.Threading.ContextCallback,object,bool)
System.Runtime.CompilerServices.AsyncMethodBuilderCore/MoveNextRunner:Run ()
System.Threading.Tasks.AwaitTaskContinuation:InvokeAction (object)
System.Threading.Tasks.AwaitTaskContinuation:RunCallback (System.Threading.ContextCallback,object,System.Threading.Tasks.Task&)
System.Threading.Tasks.SynchronizationContextAwaitTaskContinuation:Run (System.Threading.Tasks.Task,bool)
System.Threading.Tasks.Task:FinishContinuations ()
System.Threading.Tasks.Task:FinishStageThree ()
System.Threading.Tasks.Task`1<Unity.Services.Relay.Http.HttpClientResponse>:TrySetResult (Unity.Services.Relay.Http.HttpClientResponse)
System.Threading.Tasks.TaskCompletionSource`1<Unity.Services.Relay.Http.HttpClientResponse>:TrySetResult (Unity.Services.Relay.Http.HttpClientResponse)
System.Threading.Tasks.TaskCompletionSource`1<Unity.Services.Relay.Http.HttpClientResponse>:SetResult (Unity.Services.Relay.Http.HttpClientResponse)
Unity.Services.Relay.Http.UnityWebRequestHelpers/<>c__DisplayClass0_0:<GetAwaiter>b__0 (UnityEngine.AsyncOperation) (at ./Library/PackageCache/com.unity.services.multiplayer@a6d6ce688d71/Runtime/Relay/Http/UnityWebRequestHelpers.cs:34)
UnityEngine.AsyncOperation:InvokeCompletionEvent () (at C:/build/output/unity/unity/Runtime/Export/Scripting/AsyncOperation.cs:24)

(Filename: C:/build/output/unity/unity/Runtime/Export/Debug/Debug.bindings.cs Line: 128)

PHS_SHIP_SYSTEMS_SNAPSHOT reason=network_spawn hp=100/100 power=True gravity=True battery=False damageCause=none revision=1
UnityEngine.Debug:ExtractStackTraceNoAlloc (byte*,int,string)
UnityEngine.StackTraceUtility:ExtractStackTrace () (at C:/build/output/unity/unity/Runtime/Export/Scripting/StackTrace.cs:35)
UnityEngine.DebugLogHandler:Internal_Log (UnityEngine.LogType,UnityEngine.LogOption,string,UnityEngine.Object)
UnityEngine.DebugLogHandler:LogFormat (UnityEngine.LogType,UnityEngine.Object,string,object[]) (at C:/build/output/unity/unity/Runtime/Export/Logging/DebugLogHandler.cs:9)
UnityEngine.Logger:Log (UnityEngine.LogType,object,UnityEngine.Object) (at C:/build/output/unity/unity/Runtime/Export/Logging/Logger.cs:66)
UnityEngine.Debug:Log (object,UnityEngine.Object) (at C:/build/output/unity/unity/Runtime/Export/Debug/Debug.bindings.cs:128)
LastJumpCrew.ParkHanSol.Multiplayer.NetworkShipSystemsState:PublishStateChanged (string) (at E:/UNITY/LastJumpCrew/Assets/02. ParkHanSol_TeamLeader_Build & Multi/02. Script/Multiplayer/NetworkShipSystemsState.cs:811)
LastJumpCrew.ParkHanSol.Multiplayer.NetworkShipSystemsState:OnNetworkSpawn () (at E:/UNITY/LastJumpCrew/Assets/02. ParkHanSol_TeamLeader_Build & Multi/02. Script/Multiplayer/NetworkShipSystemsState.cs:107)
Unity.Netcode.NetworkBehaviour:NetworkSpawn () (at ./Library/PackageCache/com.unity.netcode.gameobjects@0f12e689d980/Runtime/Core/NetworkBehaviour.cs:813)
Unity.Netcode.NetworkObject:InvokeBehaviourNetworkSpawn () (at ./Library/PackageCache/com.unity.netcode.gameobjects@0f12e689d980/Runtime/Core/NetworkObject.cs:2698)
Unity.Netcode.NetworkSpawnManager:SpawnNetworkObjectLocallyCommon (Unity.Netcode.NetworkObject,ulong,bool,bool,ulong,bool) (at ./Library/PackageCache/com.unity.netcode.gameobjects@0f12e689d980/Runtime/Spawning/NetworkSpawnManager.cs:1384)
Unity.Netcode.NetworkSpawnManager:AuthorityLocalSpawn (Unity.Netcode.NetworkObject,ulong,bool,bool,ulong,bool) (at ./Library/PackageCache/com.unity.netcode.gameobjects@0f12e689d980/Runtime/Spawning/NetworkSpawnManager.cs:1182)
Unity.Netcode.NetworkObject:SpawnWithOwnership (ulong,bool) (at ./Library/PackageCache/com.unity.netcode.gameobjects@0f12e689d980/Runtime/Core/NetworkObject.cs:2026)
Unity.Netcode.NetworkSpawnManager:InstantiateAndSpawnNoParameterChecks (Unity.Netcode.NetworkObject,Unity.Netcode.NetworkManager,ulong,bool,bool,bool,UnityEngine.Vector3,UnityEngine.Quaternion) (at ./Library/PackageCache/com.unity.netcode.gameobjects@0f12e689d980/Runtime/Spawning/NetworkSpawnManager.cs:853)
Unity.Netcode.NetworkSpawnManager:InstantiateAndSpawn (Unity.Netcode.NetworkObject,ulong,bool,bool,bool,UnityEngine.Vector3,UnityEngine.Quaternion) (at ./Library/PackageCache/com.unity.netcode.gameobjects@0f12e689d980/Runtime/Spawning/NetworkSpawnManager.cs:811)
LastJumpCrew.ParkHanSol.Multiplayer.NetworkRunSessionRootBootstrap:TrySpawnServerRoot () (at E:/UNITY/LastJumpCrew/Assets/02. ParkHanSol_TeamLeader_Build & Multi/02. Script/Multiplayer/RunFlow/NetworkRunSessionRootBootstrap.cs:86)
LastJumpCrew.ParkHanSol.Multiplayer.NetworkRunSessionRootBootstrap:HandleServerStarted () (at E:/UNITY/LastJumpCrew/Assets/02. ParkHanSol_TeamLeader_Build & Multi/02. Script/Multiplayer/RunFlow/NetworkRunSessionRootBootstrap.cs:61)
Unity.Netcode.NetworkManager:HostServerInitialize () (at ./Library/PackageCache/com.unity.netcode.gameobjects@0f12e689d980/Runtime/Core/NetworkManager.cs:1530)
Unity.Netcode.NetworkManager:StartHost () (at ./Library/PackageCache/com.unity.netcode.gameobjects@0f12e689d980/Runtime/Core/NetworkManager.cs:1483)
Unity.Services.Multiplayer.NetworkManagerSession:SetupNetworkManagerLifecycleMonitoring (System.Threading.CancellationToken) (at ./Library/PackageCache/com.unity.services.multiplayer@a6d6ce688d71/Runtime/Multiplayer/Modules/Network/Handlers/NetworkHandler/NetworkManagerSession.cs:328)
Unity.Services.Multiplayer.NetworkManagerSession/<StartAsync>d__28:MoveNext () (at ./Library/PackageCache/com.unity.services.multiplayer@a6d6ce688d71/Runtime/Multiplayer/Modules/Network/Handlers/NetworkHandler/NetworkManagerSession.cs:165)
System.Runtime.CompilerServices.AsyncTaskMethodBuilder:Start<Unity.Services.Multiplayer.NetworkManagerSession/<StartAsync>d__28> (Unity.Services.Multiplayer.NetworkManagerSession/<StartAsync>d__28&)
Unity.Services.Multiplayer.NetworkManagerSession:StartAsync (System.Threading.CancellationToken)
Unity.Services.Multiplayer.GameObjectsNetcodeNetworkHandler/<StartAsync>d__4:MoveNext () (at ./Library/PackageCache/com.unity.services.multiplayer@a6d6ce688d71/Runtime/Multiplayer/Modules/Network/Handlers/NetworkHandler/GameObjectsNetcodeNetworkHandler.cs:77)
System.Runtime.CompilerServices.AsyncTaskMethodBuilder:Start<Unity.Services.Multiplayer.GameObjectsNetcodeNetworkHandler/<StartAsync>d__4> (Unity.Services.Multiplayer.GameObjectsNetcodeNetworkHandler/<StartAsync>d__4&)
Unity.Services.Multiplayer.GameObjectsNetcodeNetworkHandler:StartAsync (Unity.Services.Multiplayer.NetworkConfiguration)
Unity.Services.Multiplayer.NetworkModule:StartNetworkHandlerAsync (Unity.Services.Multiplayer.NetworkConfiguration) (at ./Library/PackageCache/com.unity.services.multiplayer@a6d6ce688d71/Runtime/Multiplayer/Modules/Network/NetworkModule.cs:554)
Unity.Services.Multiplayer.NetworkModule/<StartNetworkWithOptionsAsync>d__64:MoveNext () (at ./Library/PackageCache/com.unity.services.multiplayer@a6d6ce688d71/Runtime/Multiplayer/Modules/Network/NetworkModule.cs:303)
System.Runtime.CompilerServices.AsyncMethodBuilderCore/MoveNextRunner:InvokeMoveNext (object)
System.Threading.ExecutionContext:RunInternal (System.Threading.ExecutionContext,System.Threading.ContextCallback,object,bool)
System.Threading.ExecutionContext:Run (System.Threading.ExecutionContext,System.Threading.ContextCallback,object,bool)
System.Runtime.CompilerServices.AsyncMethodBuilderCore/MoveNextRunner:Run ()
System.Threading.Tasks.AwaitTaskContinuation:InvokeAction (object)
System.Threading.Tasks.AwaitTaskContinuation:RunCallback (System.Threading.ContextCallback,object,System.Threading.Tasks.Task&)
System.Threading.Tasks.SynchronizationContextAwaitTaskContinuation:Run (System.Threading.Tasks.Task,bool)
System.Threading.Tasks.Task:FinishContinuations ()
System.Threading.Tasks.Task:FinishStageThree ()
System.Threading.Tasks.Task`1<System.Threading.Tasks.VoidTaskResult>:TrySetResult (System.Threading.Tasks.VoidTaskResult)
System.Runtime.CompilerServices.AsyncTaskMethodBuilder`1<System.Threading.Tasks.VoidTaskResult>:SetResult (System.Threading.Tasks.VoidTaskResult)
System.Runtime.CompilerServices.AsyncTaskMethodBuilder`1<System.Threading.Tasks.VoidTaskResult>:SetResult (System.Threading.Tasks.Task`1<System.Threading.Tasks.VoidTaskResult>)
System.Runtime.CompilerServices.AsyncTaskMethodBuilder:SetResult ()
Unity.Services.Multiplayer.RelayHandler/<FetchJoinCodeAsync>d__22:MoveNext () (at ./Library/PackageCache/com.unity.services.multiplayer@a6d6ce688d71/Runtime/Multiplayer/Modules/Network/Handlers/Relay/RelayHandler.cs:109)
System.Runtime.CompilerServices.AsyncMethodBuilderCore/MoveNextRunner:InvokeMoveNext (object)
System.Threading.ExecutionContext:RunInternal (System.Threading.ExecutionContext,System.Threading.ContextCallback,object,bool)
System.Threading.ExecutionContext:Run (System.Threading.ExecutionContext,System.Threading.ContextCallback,object,bool)
System.Runtime.CompilerServices.AsyncMethodBuilderCore/MoveNextRunner:Run ()
System.Threading.Tasks.AwaitTaskContinuation:InvokeAction (object)
System.Threading.Tasks.AwaitTaskContinuation:RunCallback (System.Threading.ContextCallback,object,System.Threading.Tasks.Task&)
System.Threading.Tasks.SynchronizationContextAwaitTaskContinuation:Run (System.Threading.Tasks.Task,bool)
System.Threading.Tasks.Task:FinishContinuations ()
System.Threading.Tasks.Task:FinishStageThree ()
System.Threading.Tasks.Task`1<string>:TrySetResult (string)
System.Runtime.CompilerServices.AsyncTaskMethodBuilder`1<string>:SetResult (string)
Unity.Services.Relay.WrappedRelayService/<GetJoinCodeAsync>d__11:MoveNext () (at ./Library/PackageCache/com.unity.services.multiplayer@a6d6ce688d71/Runtime/Relay/SDK/WrappedRelayService.cs:134)
System.Runtime.CompilerServices.AsyncMethodBuilderCore/MoveNextRunner:InvokeMoveNext (object)
System.Threading.ExecutionContext:RunInternal (System.Threading.ExecutionContext,System.Threading.ContextCallback,object,bool)
System.Threading.ExecutionContext:Run (System.Threading.ExecutionContext,System.Threading.ContextCallback,object,bool)
System.Runtime.CompilerServices.AsyncMethodBuilderCore/MoveNextRunner:Run ()
System.Threading.Tasks.AwaitTaskContinuation:InvokeAction (object)
System.Threading.Tasks.AwaitTaskContinuation:RunCallback (System.Threading.ContextCallback,object,System.Threading.Tasks.Task&)
System.Threading.Tasks.SynchronizationContextAwaitTaskContinuation:Run (System.Threading.Tasks.Task,bool)
System.Threading.Tasks.Task:FinishContinuations ()
System.Threading.Tasks.Task:FinishStageThree ()
System.Threading.Tasks.Task`1<Unity.Services.Relay.Response`1<Unity.Services.Relay.Models.JoinCodeResponseBody>>:TrySetResult (Unity.Services.Relay.Response`1<Unity.Services.Relay.Models.JoinCodeResponseBody>)
System.Runtime.CompilerServices.AsyncTaskMethodBuilder`1<Unity.Services.Relay.Response`1<Unity.Services.Relay.Models.JoinCodeResponseBody>>:SetResult (Unity.Services.Relay.Response`1<Unity.Services.Relay.Models.JoinCodeResponseBody>)
Unity.Services.Relay.Apis.RelayAllocations.RelayAllocationsApiClient/<CreateJoincodeAsync>d__8:MoveNext () (at ./Library/PackageCache/com.unity.services.multiplayer@a6d6ce688d71/Runtime/Relay/Apis/RelayAllocationsApi.cs:160)
System.Runtime.CompilerServices.AsyncMethodBuilderCore/MoveNextRunner:InvokeMoveNext (object)
System.Threading.ExecutionContext:RunInternal (System.Threading.ExecutionContext,System.Threading.ContextCallback,object,bool)
System.Threading.ExecutionContext:Run (System.Threading.ExecutionContext,System.Threading.ContextCallback,object,bool)
System.Runtime.CompilerServices.AsyncMethodBuilderCore/MoveNextRunner:Run ()
System.Threading.Tasks.AwaitTaskContinuation:InvokeAction (object)
System.Threading.Tasks.AwaitTaskContinuation:RunCallback (System.Threading.ContextCallback,object,System.Threading.Tasks.Task&)
System.Threading.Tasks.SynchronizationContextAwaitTaskContinuation:Run (System.Threading.Tasks.Task,bool)
System.Threading.Tasks.Task:FinishContinuations ()
System.Threading.Tasks.Task:FinishStageThree ()
System.Threading.Tasks.Task`1<Unity.Services.Relay.Http.HttpClientResponse>:TrySetResult (Unity.Services.Relay.Http.HttpClientResponse)
System.Runtime.CompilerServices.AsyncTaskMethodBuilder`1<Unity.Services.Relay.Http.HttpClientResponse>:SetResult (Unity.Services.Relay.Http.HttpClientResponse)
Unity.Services.Relay.Http.HttpClient/<MakeRequestAsync>d__1:MoveNext () (at ./Library/PackageCache/com.unity.services.multiplayer@a6d6ce688d71/Runtime/Relay/Http/HttpClient.cs:41)
System.Runtime.CompilerServices.AsyncMethodBuilderCore/MoveNextRunner:InvokeMoveNext (object)
System.Threading.ExecutionContext:RunInternal (System.Threading.ExecutionContext,System.Threading.ContextCallback,object,bool)
System.Threading.ExecutionContext:Run (System.Threading.ExecutionContext,System.Threading.ContextCallback,object,bool)
System.Runtime.CompilerServices.AsyncMethodBuilderCore/MoveNextRunner:Run ()
System.Threading.Tasks.AwaitTaskContinuation:InvokeAction (object)
System.Threading.Tasks.AwaitTaskContinuation:RunCallback (System.Threading.ContextCallback,object,System.Threading.Tasks.Task&)
System.Threading.Tasks.SynchronizationContextAwaitTaskContinuation:Run (System.Threading.Tasks.Task,bool)
System.Threading.Tasks.Task:FinishContinuations ()
System.Threading.Tasks.Task:FinishStageThree ()
System.Threading.Tasks.Task`1<Unity.Services.Relay.Http.HttpClientResponse>:TrySetResult (Unity.Services.Relay.Http.HttpClientResponse)
System.Runtime.CompilerServices.AsyncTaskMethodBuilder`1<Unity.Services.Relay.Http.HttpClientResponse>:SetResult (Unity.Services.Relay.Http.HttpClientResponse)
Unity.Services.Relay.Http.HttpClient/<CreateWebRequestAsync>d__3:MoveNext () (at ./Library/PackageCache/com.unity.services.multiplayer@a6d6ce688d71/Runtime/Relay/Http/HttpClient.cs:56)
System.Runtime.CompilerServices.AsyncMethodBuilderCore/MoveNextRunner:InvokeMoveNext (object)
System.Threading.ExecutionContext:RunInternal (System.Threading.ExecutionContext,System.Threading.ContextCallback,object,bool)
System.Threading.ExecutionContext:Run (System.Threading.ExecutionContext,System.Threading.ContextCallback,object,bool)
System.Runtime.CompilerServices.AsyncMethodBuilderCore/MoveNextRunner:Run ()
System.Threading.Tasks.AwaitTaskContinuation:InvokeAction (object)
System.Threading.Tasks.AwaitTaskContinuation:RunCallback (System.Threading.ContextCallback,object,System.Threading.Tasks.Task&)
System.Threading.Tasks.SynchronizationContextAwaitTaskContinuation:Run (System.Threading.Tasks.Task,bool)
System.Threading.Tasks.Task:FinishContinuations ()
System.Threading.Tasks.Task:FinishStageThree ()
System.Threading.Tasks.Task`1<Unity.Services.Relay.Http.HttpClientResponse>:TrySetResult (Unity.Services.Relay.Http.HttpClientResponse)
System.Runtime.CompilerServices.AsyncTaskMethodBuilder`1<Unity.Services.Relay.Http.HttpClientResponse>:SetResult (Unity.Services.Relay.Http.HttpClientResponse)
Unity.Services.Relay.Http.HttpClient/<CreateHttpClientResponse>d__4:MoveNext () (at ./Library/PackageCache/com.unity.services.multiplayer@a6d6ce688d71/Runtime/Relay/Http/HttpClient.cs:84)
System.Runtime.CompilerServices.AsyncMethodBuilderCore/MoveNextRunner:InvokeMoveNext (object)
System.Threading.ExecutionContext:RunInternal (System.Threading.ExecutionContext,System.Threading.ContextCallback,object,bool)
System.Threading.ExecutionContext:Run (System.Threading.ExecutionContext,System.Threading.ContextCallback,object,bool)
System.Runtime.CompilerServices.AsyncMethodBuilderCore/MoveNextRunner:Run ()
System.Threading.Tasks.AwaitTaskContinuation:InvokeAction (object)
System.Threading.Tasks.AwaitTaskContinuation:RunCallback (System.Threading.ContextCallback,object,System.Threading.Tasks.Task&)
System.Threading.Tasks.SynchronizationContextAwaitTaskContinuation:Run (System.Threading.Tasks.Task,bool)
System.Threading.Tasks.Task:FinishContinuations ()
System.Threading.Tasks.Task:FinishStageThree ()
System.Threading.Tasks.Task`1<Unity.Services.Relay.Http.HttpClientResponse>:TrySetResult (Unity.Services.Relay.Http.HttpClientResponse)
System.Runtime.CompilerServices.AsyncTaskMethodBuilder`1<Unity.Services.Relay.Http.HttpClientResponse>:SetResult (Unity.Services.Relay.Http.HttpClientResponse)
Unity.Services.Relay.Http.HttpClient/<>c__DisplayClass4_0/<<CreateHttpClientResponse>b__0>d:MoveNext () (at ./Library/PackageCache/com.unity.services.multiplayer@a6d6ce688d71/Runtime/Relay/Http/HttpClient.cs:81)
System.Runtime.CompilerServices.AsyncMethodBuilderCore/MoveNextRunner:InvokeMoveNext (object)
System.Threading.ExecutionContext:RunInternal (System.Threading.ExecutionContext,System.Threading.ContextCallback,object,bool)
System.Threading.ExecutionContext:Run (System.Threading.ExecutionContext,System.Threading.ContextCallback,object,bool)
System.Runtime.CompilerServices.AsyncMethodBuilderCore/MoveNextRunner:Run ()
System.Threading.Tasks.AwaitTaskContinuation:InvokeAction (object)
System.Threading.Tasks.AwaitTaskContinuation:RunCallback (System.Threading.ContextCallback,object,System.Threading.Tasks.Task&)
System.Threading.Tasks.SynchronizationContextAwaitTaskContinuation:Run (System.Threading.Tasks.Task,bool)
System.Threading.Tasks.Task:FinishContinuations ()
System.Threading.Tasks.Task:FinishStageThree ()
System.Threading.Tasks.Task`1<Unity.Services.Relay.Http.HttpClientResponse>:TrySetResult (Unity.Services.Relay.Http.HttpClientResponse)
System.Threading.Tasks.TaskCompletionSource`1<Unity.Services.Relay.Http.HttpClientResponse>:TrySetResult (Unity.Services.Relay.Http.HttpClientResponse)
System.Threading.Tasks.TaskCompletionSource`1<Unity.Services.Relay.Http.HttpClientResponse>:SetResult (Unity.Services.Relay.Http.HttpClientResponse)
Unity.Services.Relay.Http.UnityWebRequestHelpers/<>c__DisplayClass0_0:<GetAwaiter>b__0 (UnityEngine.AsyncOperation) (at ./Library/PackageCache/com.unity.services.multiplayer@a6d6ce688d71/Runtime/Relay/Http/UnityWebRequestHelpers.cs:34)
UnityEngine.AsyncOperation:InvokeCompletionEvent () (at C:/build/output/unity/unity/Runtime/Export/Scripting/AsyncOperation.cs:24)

(Filename: C:/build/output/unity/unity/Runtime/Export/Debug/Debug.bindings.cs Line: 128)

PHS_SHIP_SYSTEMS_READY server=True revision=1 modules=4
UnityEngine.Debug:ExtractStackTraceNoAlloc (byte*,int,string)
UnityEngine.StackTraceUtility:ExtractStackTrace () (at C:/build/output/unity/unity/Runtime/Export/Scripting/StackTrace.cs:35)
UnityEngine.DebugLogHandler:Internal_Log (UnityEngine.LogType,UnityEngine.LogOption,string,UnityEngine.Object)
UnityEngine.DebugLogHandler:LogFormat (UnityEngine.LogType,UnityEngine.Object,string,object[]) (at C:/build/output/unity/unity/Runtime/Export/Logging/DebugLogHandler.cs:9)
UnityEngine.Logger:Log (UnityEngine.LogType,object,UnityEngine.Object) (at C:/build/output/unity/unity/Runtime/Export/Logging/Logger.cs:66)
UnityEngine.Debug:Log (object,UnityEngine.Object) (at C:/build/output/unity/unity/Runtime/Export/Debug/Debug.bindings.cs:128)
LastJumpCrew.ParkHanSol.Multiplayer.NetworkShipSystemsState:OnNetworkSpawn () (at E:/UNITY/LastJumpCrew/Assets/02. ParkHanSol_TeamLeader_Build & Multi/02. Script/Multiplayer/NetworkShipSystemsState.cs:108)
Unity.Netcode.NetworkBehaviour:NetworkSpawn () (at ./Library/PackageCache/com.unity.netcode.gameobjects@0f12e689d980/Runtime/Core/NetworkBehaviour.cs:813)
Unity.Netcode.NetworkObject:InvokeBehaviourNetworkSpawn () (at ./Library/PackageCache/com.unity.netcode.gameobjects@0f12e689d980/Runtime/Core/NetworkObject.cs:2698)
Unity.Netcode.NetworkSpawnManager:SpawnNetworkObjectLocallyCommon (Unity.Netcode.NetworkObject,ulong,bool,bool,ulong,bool) (at ./Library/PackageCache/com.unity.netcode.gameobjects@0f12e689d980/Runtime/Spawning/NetworkSpawnManager.cs:1384)
Unity.Netcode.NetworkSpawnManager:AuthorityLocalSpawn (Unity.Netcode.NetworkObject,ulong,bool,bool,ulong,bool) (at ./Library/PackageCache/com.unity.netcode.gameobjects@0f12e689d980/Runtime/Spawning/NetworkSpawnManager.cs:1182)
Unity.Netcode.NetworkObject:SpawnWithOwnership (ulong,bool) (at ./Library/PackageCache/com.unity.netcode.gameobjects@0f12e689d980/Runtime/Core/NetworkObject.cs:2026)
Unity.Netcode.NetworkSpawnManager:InstantiateAndSpawnNoParameterChecks (Unity.Netcode.NetworkObject,Unity.Netcode.NetworkManager,ulong,bool,bool,bool,UnityEngine.Vector3,UnityEngine.Quaternion) (at ./Library/PackageCache/com.unity.netcode.gameobjects@0f12e689d980/Runtime/Spawning/NetworkSpawnManager.cs:853)
Unity.Netcode.NetworkSpawnManager:InstantiateAndSpawn (Unity.Netcode.NetworkObject,ulong,bool,bool,bool,UnityEngine.Vector3,UnityEngine.Quaternion) (at ./Library/PackageCache/com.unity.netcode.gameobjects@0f12e689d980/Runtime/Spawning/NetworkSpawnManager.cs:811)
LastJumpCrew.ParkHanSol.Multiplayer.NetworkRunSessionRootBootstrap:TrySpawnServerRoot () (at E:/UNITY/LastJumpCrew/Assets/02. ParkHanSol_TeamLeader_Build & Multi/02. Script/Multiplayer/RunFlow/NetworkRunSessionRootBootstrap.cs:86)
LastJumpCrew.ParkHanSol.Multiplayer.NetworkRunSessionRootBootstrap:HandleServerStarted () (at E:/UNITY/LastJumpCrew/Assets/02. ParkHanSol_TeamLeader_Build & Multi/02. Script/Multiplayer/RunFlow/NetworkRunSessionRootBootstrap.cs:61)
Unity.Netcode.NetworkManager:HostServerInitialize () (at ./Library/PackageCache/com.unity.netcode.gameobjects@0f12e689d980/Runtime/Core/NetworkManager.cs:1530)
Unity.Netcode.NetworkManager:StartHost () (at ./Library/PackageCache/com.unity.netcode.gameobjects@0f12e689d980/Runtime/Core/NetworkManager.cs:1483)
Unity.Services.Multiplayer.NetworkManagerSession:SetupNetworkManagerLifecycleMonitoring (System.Threading.CancellationToken) (at ./Library/PackageCache/com.unity.services.multiplayer@a6d6ce688d71/Runtime/Multiplayer/Modules/Network/Handlers/NetworkHandler/NetworkManagerSession.cs:328)
Unity.Services.Multiplayer.NetworkManagerSession/<StartAsync>d__28:MoveNext () (at ./Library/PackageCache/com.unity.services.multiplayer@a6d6ce688d71/Runtime/Multiplayer/Modules/Network/Handlers/NetworkHandler/NetworkManagerSession.cs:165)
System.Runtime.CompilerServices.AsyncTaskMethodBuilder:Start<Unity.Services.Multiplayer.NetworkManagerSession/<StartAsync>d__28> (Unity.Services.Multiplayer.NetworkManagerSession/<StartAsync>d__28&)
Unity.Services.Multiplayer.NetworkManagerSession:StartAsync (System.Threading.CancellationToken)
Unity.Services.Multiplayer.GameObjectsNetcodeNetworkHandler/<StartAsync>d__4:MoveNext () (at ./Library/PackageCache/com.unity.services.multiplayer@a6d6ce688d71/Runtime/Multiplayer/Modules/Network/Handlers/NetworkHandler/GameObjectsNetcodeNetworkHandler.cs:77)
System.Runtime.CompilerServices.AsyncTaskMethodBuilder:Start<Unity.Services.Multiplayer.GameObjectsNetcodeNetworkHandler/<StartAsync>d__4> (Unity.Services.Multiplayer.GameObjectsNetcodeNetworkHandler/<StartAsync>d__4&)
Unity.Services.Multiplayer.GameObjectsNetcodeNetworkHandler:StartAsync (Unity.Services.Multiplayer.NetworkConfiguration)
Unity.Services.Multiplayer.NetworkModule:StartNetworkHandlerAsync (Unity.Services.Multiplayer.NetworkConfiguration) (at ./Library/PackageCache/com.unity.services.multiplayer@a6d6ce688d71/Runtime/Multiplayer/Modules/Network/NetworkModule.cs:554)
Unity.Services.Multiplayer.NetworkModule/<StartNetworkWithOptionsAsync>d__64:MoveNext () (at ./Library/PackageCache/com.unity.services.multiplayer@a6d6ce688d71/Runtime/Multiplayer/Modules/Network/NetworkModule.cs:303)
System.Runtime.CompilerServices.AsyncMethodBuilderCore/MoveNextRunner:InvokeMoveNext (object)
System.Threading.ExecutionContext:RunInternal (System.Threading.ExecutionContext,System.Threading.ContextCallback,object,bool)
System.Threading.ExecutionContext:Run (System.Threading.ExecutionContext,System.Threading.ContextCallback,object,bool)
System.Runtime.CompilerServices.AsyncMethodBuilderCore/MoveNextRunner:Run ()
System.Threading.Tasks.AwaitTaskContinuation:InvokeAction (object)
System.Threading.Tasks.AwaitTaskContinuation:RunCallback (System.Threading.ContextCallback,object,System.Threading.Tasks.Task&)
System.Threading.Tasks.SynchronizationContextAwaitTaskContinuation:Run (System.Threading.Tasks.Task,bool)
System.Threading.Tasks.Task:FinishContinuations ()
System.Threading.Tasks.Task:FinishStageThree ()
System.Threading.Tasks.Task`1<System.Threading.Tasks.VoidTaskResult>:TrySetResult (System.Threading.Tasks.VoidTaskResult)
System.Runtime.CompilerServices.AsyncTaskMethodBuilder`1<System.Threading.Tasks.VoidTaskResult>:SetResult (System.Threading.Tasks.VoidTaskResult)
System.Runtime.CompilerServices.AsyncTaskMethodBuilder`1<System.Threading.Tasks.VoidTaskResult>:SetResult (System.Threading.Tasks.Task`1<System.Threading.Tasks.VoidTaskResult>)
System.Runtime.CompilerServices.AsyncTaskMethodBuilder:SetResult ()
Unity.Services.Multiplayer.RelayHandler/<FetchJoinCodeAsync>d__22:MoveNext () (at ./Library/PackageCache/com.unity.services.multiplayer@a6d6ce688d71/Runtime/Multiplayer/Modules/Network/Handlers/Relay/RelayHandler.cs:109)
System.Runtime.CompilerServices.AsyncMethodBuilderCore/MoveNextRunner:InvokeMoveNext (object)
System.Threading.ExecutionContext:RunInternal (System.Threading.ExecutionContext,System.Threading.ContextCallback,object,bool)
System.Threading.ExecutionContext:Run (System.Threading.ExecutionContext,System.Threading.ContextCallback,object,bool)
System.Runtime.CompilerServices.AsyncMethodBuilderCore/MoveNextRunner:Run ()
System.Threading.Tasks.AwaitTaskContinuation:InvokeAction (object)
System.Threading.Tasks.AwaitTaskContinuation:RunCallback (System.Threading.ContextCallback,object,System.Threading.Tasks.Task&)
System.Threading.Tasks.SynchronizationContextAwaitTaskContinuation:Run (System.Threading.Tasks.Task,bool)
System.Threading.Tasks.Task:FinishContinuations ()
System.Threading.Tasks.Task:FinishStageThree ()
System.Threading.Tasks.Task`1<string>:TrySetResult (string)
System.Runtime.CompilerServices.AsyncTaskMethodBuilder`1<string>:SetResult (string)
Unity.Services.Relay.WrappedRelayService/<GetJoinCodeAsync>d__11:MoveNext () (at ./Library/PackageCache/com.unity.services.multiplayer@a6d6ce688d71/Runtime/Relay/SDK/WrappedRelayService.cs:134)
System.Runtime.CompilerServices.AsyncMethodBuilderCore/MoveNextRunner:InvokeMoveNext (object)
System.Threading.ExecutionContext:RunInternal (System.Threading.ExecutionContext,System.Threading.ContextCallback,object,bool)
System.Threading.ExecutionContext:Run (System.Threading.ExecutionContext,System.Threading.ContextCallback,object,bool)
System.Runtime.CompilerServices.AsyncMethodBuilderCore/MoveNextRunner:Run ()
System.Threading.Tasks.AwaitTaskContinuation:InvokeAction (object)
System.Threading.Tasks.AwaitTaskContinuation:RunCallback (System.Threading.ContextCallback,object,System.Threading.Tasks.Task&)
System.Threading.Tasks.SynchronizationContextAwaitTaskContinuation:Run (System.Threading.Tasks.Task,bool)
System.Threading.Tasks.Task:FinishContinuations ()
System.Threading.Tasks.Task:FinishStageThree ()
System.Threading.Tasks.Task`1<Unity.Services.Relay.Response`1<Unity.Services.Relay.Models.JoinCodeResponseBody>>:TrySetResult (Unity.Services.Relay.Response`1<Unity.Services.Relay.Models.JoinCodeResponseBody>)
System.Runtime.CompilerServices.AsyncTaskMethodBuilder`1<Unity.Services.Relay.Response`1<Unity.Services.Relay.Models.JoinCodeResponseBody>>:SetResult (Unity.Services.Relay.Response`1<Unity.Services.Relay.Models.JoinCodeResponseBody>)
Unity.Services.Relay.Apis.RelayAllocations.RelayAllocationsApiClient/<CreateJoincodeAsync>d__8:MoveNext () (at ./Library/PackageCache/com.unity.services.multiplayer@a6d6ce688d71/Runtime/Relay/Apis/RelayAllocationsApi.cs:160)
System.Runtime.CompilerServices.AsyncMethodBuilderCore/MoveNextRunner:InvokeMoveNext (object)
System.Threading.ExecutionContext:RunInternal (System.Threading.ExecutionContext,System.Threading.ContextCallback,object,bool)
System.Threading.ExecutionContext:Run (System.Threading.ExecutionContext,System.Threading.ContextCallback,object,bool)
System.Runtime.CompilerServices.AsyncMethodBuilderCore/MoveNextRunner:Run ()
System.Threading.Tasks.AwaitTaskContinuation:InvokeAction (object)
System.Threading.Tasks.AwaitTaskContinuation:RunCallback (System.Threading.ContextCallback,object,System.Threading.Tasks.Task&)
System.Threading.Tasks.SynchronizationContextAwaitTaskContinuation:Run (System.Threading.Tasks.Task,bool)
System.Threading.Tasks.Task:FinishContinuations ()
System.Threading.Tasks.Task:FinishStageThree ()
System.Threading.Tasks.Task`1<Unity.Services.Relay.Http.HttpClientResponse>:TrySetResult (Unity.Services.Relay.Http.HttpClientResponse)
System.Runtime.CompilerServices.AsyncTaskMethodBuilder`1<Unity.Services.Relay.Http.HttpClientResponse>:SetResult (Unity.Services.Relay.Http.HttpClientResponse)
Unity.Services.Relay.Http.HttpClient/<MakeRequestAsync>d__1:MoveNext () (at ./Library/PackageCache/com.unity.services.multiplayer@a6d6ce688d71/Runtime/Relay/Http/HttpClient.cs:41)
System.Runtime.CompilerServices.AsyncMethodBuilderCore/MoveNextRunner:InvokeMoveNext (object)
System.Threading.ExecutionContext:RunInternal (System.Threading.ExecutionContext,System.Threading.ContextCallback,object,bool)
System.Threading.ExecutionContext:Run (System.Threading.ExecutionContext,System.Threading.ContextCallback,object,bool)
System.Runtime.CompilerServices.AsyncMethodBuilderCore/MoveNextRunner:Run ()
System.Threading.Tasks.AwaitTaskContinuation:InvokeAction (object)
System.Threading.Tasks.AwaitTaskContinuation:RunCallback (System.Threading.ContextCallback,object,System.Threading.Tasks.Task&)
System.Threading.Tasks.SynchronizationContextAwaitTaskContinuation:Run (System.Threading.Tasks.Task,bool)
System.Threading.Tasks.Task:FinishContinuations ()
System.Threading.Tasks.Task:FinishStageThree ()
System.Threading.Tasks.Task`1<Unity.Services.Relay.Http.HttpClientResponse>:TrySetResult (Unity.Services.Relay.Http.HttpClientResponse)
System.Runtime.CompilerServices.AsyncTaskMethodBuilder`1<Unity.Services.Relay.Http.HttpClientResponse>:SetResult (Unity.Services.Relay.Http.HttpClientResponse)
Unity.Services.Relay.Http.HttpClient/<CreateWebRequestAsync>d__3:MoveNext () (at ./Library/PackageCache/com.unity.services.multiplayer@a6d6ce688d71/Runtime/Relay/Http/HttpClient.cs:56)
System.Runtime.CompilerServices.AsyncMethodBuilderCore/MoveNextRunner:InvokeMoveNext (object)
System.Threading.ExecutionContext:RunInternal (System.Threading.ExecutionContext,System.Threading.ContextCallback,object,bool)
System.Threading.ExecutionContext:Run (System.Threading.ExecutionContext,System.Threading.ContextCallback,object,bool)
System.Runtime.CompilerServices.AsyncMethodBuilderCore/MoveNextRunner:Run ()
System.Threading.Tasks.AwaitTaskContinuation:InvokeAction (object)
System.Threading.Tasks.AwaitTaskContinuation:RunCallback (System.Threading.ContextCallback,object,System.Threading.Tasks.Task&)
System.Threading.Tasks.SynchronizationContextAwaitTaskContinuation:Run (System.Threading.Tasks.Task,bool)
System.Threading.Tasks.Task:FinishContinuations ()
System.Threading.Tasks.Task:FinishStageThree ()
System.Threading.Tasks.Task`1<Unity.Services.Relay.Http.HttpClientResponse>:TrySetResult (Unity.Services.Relay.Http.HttpClientResponse)
System.Runtime.CompilerServices.AsyncTaskMethodBuilder`1<Unity.Services.Relay.Http.HttpClientResponse>:SetResult (Unity.Services.Relay.Http.HttpClientResponse)
Unity.Services.Relay.Http.HttpClient/<CreateHttpClientResponse>d__4:MoveNext () (at ./Library/PackageCache/com.unity.services.multiplayer@a6d6ce688d71/Runtime/Relay/Http/HttpClient.cs:84)
System.Runtime.CompilerServices.AsyncMethodBuilderCore/MoveNextRunner:InvokeMoveNext (object)
System.Threading.ExecutionContext:RunInternal (System.Threading.ExecutionContext,System.Threading.ContextCallback,object,bool)
System.Threading.ExecutionContext:Run (System.Threading.ExecutionContext,System.Threading.ContextCallback,object,bool)
System.Runtime.CompilerServices.AsyncMethodBuilderCore/MoveNextRunner:Run ()
System.Threading.Tasks.AwaitTaskContinuation:InvokeAction (object)
System.Threading.Tasks.AwaitTaskContinuation:RunCallback (System.Threading.ContextCallback,object,System.Threading.Tasks.Task&)
System.Threading.Tasks.SynchronizationContextAwaitTaskContinuation:Run (System.Threading.Tasks.Task,bool)
System.Threading.Tasks.Task:FinishContinuations ()
System.Threading.Tasks.Task:FinishStageThree ()
System.Threading.Tasks.Task`1<Unity.Services.Relay.Http.HttpClientResponse>:TrySetResult (Unity.Services.Relay.Http.HttpClientResponse)
System.Runtime.CompilerServices.AsyncTaskMethodBuilder`1<Unity.Services.Relay.Http.HttpClientResponse>:SetResult (Unity.Services.Relay.Http.HttpClientResponse)
Unity.Services.Relay.Http.HttpClient/<>c__DisplayClass4_0/<<CreateHttpClientResponse>b__0>d:MoveNext () (at ./Library/PackageCache/com.unity.services.multiplayer@a6d6ce688d71/Runtime/Relay/Http/HttpClient.cs:81)
System.Runtime.CompilerServices.AsyncMethodBuilderCore/MoveNextRunner:InvokeMoveNext (object)
System.Threading.ExecutionContext:RunInternal (System.Threading.ExecutionContext,System.Threading.ContextCallback,object,bool)
System.Threading.ExecutionContext:Run (System.Threading.ExecutionContext,System.Threading.ContextCallback,object,bool)
System.Runtime.CompilerServices.AsyncMethodBuilderCore/MoveNextRunner:Run ()
System.Threading.Tasks.AwaitTaskContinuation:InvokeAction (object)
System.Threading.Tasks.AwaitTaskContinuation:RunCallback (System.Threading.ContextCallback,object,System.Threading.Tasks.Task&)
System.Threading.Tasks.SynchronizationContextAwaitTaskContinuation:Run (System.Threading.Tasks.Task,bool)
System.Threading.Tasks.Task:FinishContinuations ()
System.Threading.Tasks.Task:FinishStageThree ()
System.Threading.Tasks.Task`1<Unity.Services.Relay.Http.HttpClientResponse>:TrySetResult (Unity.Services.Relay.Http.HttpClientResponse)
System.Threading.Tasks.TaskCompletionSource`1<Unity.Services.Relay.Http.HttpClientResponse>:TrySetResult (Unity.Services.Relay.Http.HttpClientResponse)
System.Threading.Tasks.TaskCompletionSource`1<Unity.Services.Relay.Http.HttpClientResponse>:SetResult (Unity.Services.Relay.Http.HttpClientResponse)
Unity.Services.Relay.Http.UnityWebRequestHelpers/<>c__DisplayClass0_0:<GetAwaiter>b__0 (UnityEngine.AsyncOperation) (at ./Library/PackageCache/com.unity.services.multiplayer@a6d6ce688d71/Runtime/Relay/Http/UnityWebRequestHelpers.cs:34)
UnityEngine.AsyncOperation:InvokeCompletionEvent () (at C:/build/output/unity/unity/Runtime/Export/Scripting/AsyncOperation.cs:24)

(Filename: C:/build/output/unity/unity/Runtime/Export/Debug/Debug.bindings.cs Line: 128)

PHS_RUN_SESSION_ROOT_READY server=True objectId=2
UnityEngine.Debug:ExtractStackTraceNoAlloc (byte*,int,string)
UnityEngine.StackTraceUtility:ExtractStackTrace () (at C:/build/output/unity/unity/Runtime/Export/Scripting/StackTrace.cs:35)
UnityEngine.DebugLogHandler:Internal_Log (UnityEngine.LogType,UnityEngine.LogOption,string,UnityEngine.Object)
UnityEngine.DebugLogHandler:LogFormat (UnityEngine.LogType,UnityEngine.Object,string,object[]) (at C:/build/output/unity/unity/Runtime/Export/Logging/DebugLogHandler.cs:9)
UnityEngine.Logger:Log (UnityEngine.LogType,object,UnityEngine.Object) (at C:/build/output/unity/unity/Runtime/Export/Logging/Logger.cs:66)
UnityEngine.Debug:Log (object,UnityEngine.Object) (at C:/build/output/unity/unity/Runtime/Export/Debug/Debug.bindings.cs:128)
LastJumpCrew.ParkHanSol.Multiplayer.NetworkRunSessionRoot:OnNetworkSpawn () (at E:/UNITY/LastJumpCrew/Assets/02. ParkHanSol_TeamLeader_Build & Multi/02. Script/Multiplayer/RunFlow/NetworkRunSessionRoot.cs:93)
Unity.Netcode.NetworkBehaviour:NetworkSpawn () (at ./Library/PackageCache/com.unity.netcode.gameobjects@0f12e689d980/Runtime/Core/NetworkBehaviour.cs:813)
Unity.Netcode.NetworkObject:InvokeBehaviourNetworkSpawn () (at ./Library/PackageCache/com.unity.netcode.gameobjects@0f12e689d980/Runtime/Core/NetworkObject.cs:2698)
Unity.Netcode.NetworkSpawnManager:SpawnNetworkObjectLocallyCommon (Unity.Netcode.NetworkObject,ulong,bool,bool,ulong,bool) (at ./Library/PackageCache/com.unity.netcode.gameobjects@0f12e689d980/Runtime/Spawning/NetworkSpawnManager.cs:1384)
Unity.Netcode.NetworkSpawnManager:AuthorityLocalSpawn (Unity.Netcode.NetworkObject,ulong,bool,bool,ulong,bool) (at ./Library/PackageCache/com.unity.netcode.gameobjects@0f12e689d980/Runtime/Spawning/NetworkSpawnManager.cs:1182)
Unity.Netcode.NetworkObject:SpawnWithOwnership (ulong,bool) (at ./Library/PackageCache/com.unity.netcode.gameobjects@0f12e689d980/Runtime/Core/NetworkObject.cs:2026)
Unity.Netcode.NetworkSpawnManager:InstantiateAndSpawnNoParameterChecks (Unity.Netcode.NetworkObject,Unity.Netcode.NetworkManager,ulong,bool,bool,bool,UnityEngine.Vector3,UnityEngine.Quaternion) (at ./Library/PackageCache/com.unity.netcode.gameobjects@0f12e689d980/Runtime/Spawning/NetworkSpawnManager.cs:853)
Unity.Netcode.NetworkSpawnManager:InstantiateAndSpawn (Unity.Netcode.NetworkObject,ulong,bool,bool,bool,UnityEngine.Vector3,UnityEngine.Quaternion) (at ./Library/PackageCache/com.unity.netcode.gameobjects@0f12e689d980/Runtime/Spawning/NetworkSpawnManager.cs:811)
LastJumpCrew.ParkHanSol.Multiplayer.NetworkRunSessionRootBootstrap:TrySpawnServerRoot () (at E:/UNITY/LastJumpCrew/Assets/02. ParkHanSol_TeamLeader_Build & Multi/02. Script/Multiplayer/RunFlow/NetworkRunSessionRootBootstrap.cs:86)
LastJumpCrew.ParkHanSol.Multiplayer.NetworkRunSessionRootBootstrap:HandleServerStarted () (at E:/UNITY/LastJumpCrew/Assets/02. ParkHanSol_TeamLeader_Build & Multi/02. Script/Multiplayer/RunFlow/NetworkRunSessionRootBootstrap.cs:61)
Unity.Netcode.NetworkManager:HostServerInitialize () (at ./Library/PackageCache/com.unity.netcode.gameobjects@0f12e689d980/Runtime/Core/NetworkManager.cs:1530)
Unity.Netcode.NetworkManager:StartHost () (at ./Library/PackageCache/com.unity.netcode.gameobjects@0f12e689d980/Runtime/Core/NetworkManager.cs:1483)
Unity.Services.Multiplayer.NetworkManagerSession:SetupNetworkManagerLifecycleMonitoring (System.Threading.CancellationToken) (at ./Library/PackageCache/com.unity.services.multiplayer@a6d6ce688d71/Runtime/Multiplayer/Modules/Network/Handlers/NetworkHandler/NetworkManagerSession.cs:328)
Unity.Services.Multiplayer.NetworkManagerSession/<StartAsync>d__28:MoveNext () (at ./Library/PackageCache/com.unity.services.multiplayer@a6d6ce688d71/Runtime/Multiplayer/Modules/Network/Handlers/NetworkHandler/NetworkManagerSession.cs:165)
System.Runtime.CompilerServices.AsyncTaskMethodBuilder:Start<Unity.Services.Multiplayer.NetworkManagerSession/<StartAsync>d__28> (Unity.Services.Multiplayer.NetworkManagerSession/<StartAsync>d__28&)
Unity.Services.Multiplayer.NetworkManagerSession:StartAsync (System.Threading.CancellationToken)
Unity.Services.Multiplayer.GameObjectsNetcodeNetworkHandler/<StartAsync>d__4:MoveNext () (at ./Library/PackageCache/com.unity.services.multiplayer@a6d6ce688d71/Runtime/Multiplayer/Modules/Network/Handlers/NetworkHandler/GameObjectsNetcodeNetworkHandler.cs:77)
System.Runtime.CompilerServices.AsyncTaskMethodBuilder:Start<Unity.Services.Multiplayer.GameObjectsNetcodeNetworkHandler/<StartAsync>d__4> (Unity.Services.Multiplayer.GameObjectsNetcodeNetworkHandler/<StartAsync>d__4&)
Unity.Services.Multiplayer.GameObjectsNetcodeNetworkHandler:StartAsync (Unity.Services.Multiplayer.NetworkConfiguration)
Unity.Services.Multiplayer.NetworkModule:StartNetworkHandlerAsync (Unity.Services.Multiplayer.NetworkConfiguration) (at ./Library/PackageCache/com.unity.services.multiplayer@a6d6ce688d71/Runtime/Multiplayer/Modules/Network/NetworkModule.cs:554)
Unity.Services.Multiplayer.NetworkModule/<StartNetworkWithOptionsAsync>d__64:MoveNext () (at ./Library/PackageCache/com.unity.services.multiplayer@a6d6ce688d71/Runtime/Multiplayer/Modules/Network/NetworkModule.cs:303)
System.Runtime.CompilerServices.AsyncMethodBuilderCore/MoveNextRunner:InvokeMoveNext (object)
System.Threading.ExecutionContext:RunInternal (System.Threading.ExecutionContext,System.Threading.ContextCallback,object,bool)
System.Threading.ExecutionContext:Run (System.Threading.ExecutionContext,System.Threading.ContextCallback,object,bool)
System.Runtime.CompilerServices.AsyncMethodBuilderCore/MoveNextRunner:Run ()
System.Threading.Tasks.AwaitTaskContinuation:InvokeAction (object)
System.Threading.Tasks.AwaitTaskContinuation:RunCallback (System.Threading.ContextCallback,object,System.Threading.Tasks.Task&)
System.Threading.Tasks.SynchronizationContextAwaitTaskContinuation:Run (System.Threading.Tasks.Task,bool)
System.Threading.Tasks.Task:FinishContinuations ()
System.Threading.Tasks.Task:FinishStageThree ()
System.Threading.Tasks.Task`1<System.Threading.Tasks.VoidTaskResult>:TrySetResult (System.Threading.Tasks.VoidTaskResult)
System.Runtime.CompilerServices.AsyncTaskMethodBuilder`1<System.Threading.Tasks.VoidTaskResult>:SetResult (System.Threading.Tasks.VoidTaskResult)
System.Runtime.CompilerServices.AsyncTaskMethodBuilder`1<System.Threading.Tasks.VoidTaskResult>:SetResult (System.Threading.Tasks.Task`1<System.Threading.Tasks.VoidTaskResult>)
System.Runtime.CompilerServices.AsyncTaskMethodBuilder:SetResult ()
Unity.Services.Multiplayer.RelayHandler/<FetchJoinCodeAsync>d__22:MoveNext () (at ./Library/PackageCache/com.unity.services.multiplayer@a6d6ce688d71/Runtime/Multiplayer/Modules/Network/Handlers/Relay/RelayHandler.cs:109)
System.Runtime.CompilerServices.AsyncMethodBuilderCore/MoveNextRunner:InvokeMoveNext (object)
System.Threading.ExecutionContext:RunInternal (System.Threading.ExecutionContext,System.Threading.ContextCallback,object,bool)
System.Threading.ExecutionContext:Run (System.Threading.ExecutionContext,System.Threading.ContextCallback,object,bool)
System.Runtime.CompilerServices.AsyncMethodBuilderCore/MoveNextRunner:Run ()
System.Threading.Tasks.AwaitTaskContinuation:InvokeAction (object)
System.Threading.Tasks.AwaitTaskContinuation:RunCallback (System.Threading.ContextCallback,object,System.Threading.Tasks.Task&)
System.Threading.Tasks.SynchronizationContextAwaitTaskContinuation:Run (System.Threading.Tasks.Task,bool)
System.Threading.Tasks.Task:FinishContinuations ()
System.Threading.Tasks.Task:FinishStageThree ()
System.Threading.Tasks.Task`1<string>:TrySetResult (string)
System.Runtime.CompilerServices.AsyncTaskMethodBuilder`1<string>:SetResult (string)
Unity.Services.Relay.WrappedRelayService/<GetJoinCodeAsync>d__11:MoveNext () (at ./Library/PackageCache/com.unity.services.multiplayer@a6d6ce688d71/Runtime/Relay/SDK/WrappedRelayService.cs:134)
System.Runtime.CompilerServices.AsyncMethodBuilderCore/MoveNextRunner:InvokeMoveNext (object)
System.Threading.ExecutionContext:RunInternal (System.Threading.ExecutionContext,System.Threading.ContextCallback,object,bool)
System.Threading.ExecutionContext:Run (System.Threading.ExecutionContext,System.Threading.ContextCallback,object,bool)
System.Runtime.CompilerServices.AsyncMethodBuilderCore/MoveNextRunner:Run ()
System.Threading.Tasks.AwaitTaskContinuation:InvokeAction (object)
System.Threading.Tasks.AwaitTaskContinuation:RunCallback (System.Threading.ContextCallback,object,System.Threading.Tasks.Task&)
System.Threading.Tasks.SynchronizationContextAwaitTaskContinuation:Run (System.Threading.Tasks.Task,bool)
System.Threading.Tasks.Task:FinishContinuations ()
System.Threading.Tasks.Task:FinishStageThree ()
System.Threading.Tasks.Task`1<Unity.Services.Relay.Response`1<Unity.Services.Relay.Models.JoinCodeResponseBody>>:TrySetResult (Unity.Services.Relay.Response`1<Unity.Services.Relay.Models.JoinCodeResponseBody>)
System.Runtime.CompilerServices.AsyncTaskMethodBuilder`1<Unity.Services.Relay.Response`1<Unity.Services.Relay.Models.JoinCodeResponseBody>>:SetResult (Unity.Services.Relay.Response`1<Unity.Services.Relay.Models.JoinCodeResponseBody>)
Unity.Services.Relay.Apis.RelayAllocations.RelayAllocationsApiClient/<CreateJoincodeAsync>d__8:MoveNext () (at ./Library/PackageCache/com.unity.services.multiplayer@a6d6ce688d71/Runtime/Relay/Apis/RelayAllocationsApi.cs:160)
System.Runtime.CompilerServices.AsyncMethodBuilderCore/MoveNextRunner:InvokeMoveNext (object)
System.Threading.ExecutionContext:RunInternal (System.Threading.ExecutionContext,System.Threading.ContextCallback,object,bool)
System.Threading.ExecutionContext:Run (System.Threading.ExecutionContext,System.Threading.ContextCallback,object,bool)
System.Runtime.CompilerServices.AsyncMethodBuilderCore/MoveNextRunner:Run ()
System.Threading.Tasks.AwaitTaskContinuation:InvokeAction (object)
System.Threading.Tasks.AwaitTaskContinuation:RunCallback (System.Threading.ContextCallback,object,System.Threading.Tasks.Task&)
System.Threading.Tasks.SynchronizationContextAwaitTaskContinuation:Run (System.Threading.Tasks.Task,bool)
System.Threading.Tasks.Task:FinishContinuations ()
System.Threading.Tasks.Task:FinishStageThree ()
System.Threading.Tasks.Task`1<Unity.Services.Relay.Http.HttpClientResponse>:TrySetResult (Unity.Services.Relay.Http.HttpClientResponse)
System.Runtime.CompilerServices.AsyncTaskMethodBuilder`1<Unity.Services.Relay.Http.HttpClientResponse>:SetResult (Unity.Services.Relay.Http.HttpClientResponse)
Unity.Services.Relay.Http.HttpClient/<MakeRequestAsync>d__1:MoveNext () (at ./Library/PackageCache/com.unity.services.multiplayer@a6d6ce688d71/Runtime/Relay/Http/HttpClient.cs:41)
System.Runtime.CompilerServices.AsyncMethodBuilderCore/MoveNextRunner:InvokeMoveNext (object)
System.Threading.ExecutionContext:RunInternal (System.Threading.ExecutionContext,System.Threading.ContextCallback,object,bool)
System.Threading.ExecutionContext:Run (System.Threading.ExecutionContext,System.Threading.ContextCallback,object,bool)
System.Runtime.CompilerServices.AsyncMethodBuilderCore/MoveNextRunner:Run ()
System.Threading.Tasks.AwaitTaskContinuation:InvokeAction (object)
System.Threading.Tasks.AwaitTaskContinuation:RunCallback (System.Threading.ContextCallback,object,System.Threading.Tasks.Task&)
System.Threading.Tasks.SynchronizationContextAwaitTaskContinuation:Run (System.Threading.Tasks.Task,bool)
System.Threading.Tasks.Task:FinishContinuations ()
System.Threading.Tasks.Task:FinishStageThree ()
System.Threading.Tasks.Task`1<Unity.Services.Relay.Http.HttpClientResponse>:TrySetResult (Unity.Services.Relay.Http.HttpClientResponse)
System.Runtime.CompilerServices.AsyncTaskMethodBuilder`1<Unity.Services.Relay.Http.HttpClientResponse>:SetResult (Unity.Services.Relay.Http.HttpClientResponse)
Unity.Services.Relay.Http.HttpClient/<CreateWebRequestAsync>d__3:MoveNext () (at ./Library/PackageCache/com.unity.services.multiplayer@a6d6ce688d71/Runtime/Relay/Http/HttpClient.cs:56)
System.Runtime.CompilerServices.AsyncMethodBuilderCore/MoveNextRunner:InvokeMoveNext (object)
System.Threading.ExecutionContext:RunInternal (System.Threading.ExecutionContext,System.Threading.ContextCallback,object,bool)
System.Threading.ExecutionContext:Run (System.Threading.ExecutionContext,System.Threading.ContextCallback,object,bool)
System.Runtime.CompilerServices.AsyncMethodBuilderCore/MoveNextRunner:Run ()
System.Threading.Tasks.AwaitTaskContinuation:InvokeAction (object)
System.Threading.Tasks.AwaitTaskContinuation:RunCallback (System.Threading.ContextCallback,object,System.Threading.Tasks.Task&)
System.Threading.Tasks.SynchronizationContextAwaitTaskContinuation:Run (System.Threading.Tasks.Task,bool)
System.Threading.Tasks.Task:FinishContinuations ()
System.Threading.Tasks.Task:FinishStageThree ()
System.Threading.Tasks.Task`1<Unity.Services.Relay.Http.HttpClientResponse>:TrySetResult (Unity.Services.Relay.Http.HttpClientResponse)
System.Runtime.CompilerServices.AsyncTaskMethodBuilder`1<Unity.Services.Relay.Http.HttpClientResponse>:SetResult (Unity.Services.Relay.Http.HttpClientResponse)
Unity.Services.Relay.Http.HttpClient/<CreateHttpClientResponse>d__4:MoveNext () (at ./Library/PackageCache/com.unity.services.multiplayer@a6d6ce688d71/Runtime/Relay/Http/HttpClient.cs:84)
System.Runtime.CompilerServices.AsyncMethodBuilderCore/MoveNextRunner:InvokeMoveNext (object)
System.Threading.ExecutionContext:RunInternal (System.Threading.ExecutionContext,System.Threading.ContextCallback,object,bool)
System.Threading.ExecutionContext:Run (System.Threading.ExecutionContext,System.Threading.ContextCallback,object,bool)
System.Runtime.CompilerServices.AsyncMethodBuilderCore/MoveNextRunner:Run ()
System.Threading.Tasks.AwaitTaskContinuation:InvokeAction (object)
System.Threading.Tasks.AwaitTaskContinuation:RunCallback (System.Threading.ContextCallback,object,System.Threading.Tasks.Task&)
System.Threading.Tasks.SynchronizationContextAwaitTaskContinuation:Run (System.Threading.Tasks.Task,bool)
System.Threading.Tasks.Task:FinishContinuations ()
System.Threading.Tasks.Task:FinishStageThree ()
System.Threading.Tasks.Task`1<Unity.Services.Relay.Http.HttpClientResponse>:TrySetResult (Unity.Services.Relay.Http.HttpClientResponse)
System.Runtime.CompilerServices.AsyncTaskMethodBuilder`1<Unity.Services.Relay.Http.HttpClientResponse>:SetResult (Unity.Services.Relay.Http.HttpClientResponse)
Unity.Services.Relay.Http.HttpClient/<>c__DisplayClass4_0/<<CreateHttpClientResponse>b__0>d:MoveNext () (at ./Library/PackageCache/com.unity.services.multiplayer@a6d6ce688d71/Runtime/Relay/Http/HttpClient.cs:81)
System.Runtime.CompilerServices.AsyncMethodBuilderCore/MoveNextRunner:InvokeMoveNext (object)
System.Threading.ExecutionContext:RunInternal (System.Threading.ExecutionContext,System.Threading.ContextCallback,object,bool)
System.Threading.ExecutionContext:Run (System.Threading.ExecutionContext,System.Threading.ContextCallback,object,bool)
System.Runtime.CompilerServices.AsyncMethodBuilderCore/MoveNextRunner:Run ()
System.Threading.Tasks.AwaitTaskContinuation:InvokeAction (object)
System.Threading.Tasks.AwaitTaskContinuation:RunCallback (System.Threading.ContextCallback,object,System.Threading.Tasks.Task&)
System.Threading.Tasks.SynchronizationContextAwaitTaskContinuation:Run (System.Threading.Tasks.Task,bool)
System.Threading.Tasks.Task:FinishContinuations ()
System.Threading.Tasks.Task:FinishStageThree ()
System.Threading.Tasks.Task`1<Unity.Services.Relay.Http.HttpClientResponse>:TrySetResult (Unity.Services.Relay.Http.HttpClientResponse)
System.Threading.Tasks.TaskCompletionSource`1<Unity.Services.Relay.Http.HttpClientResponse>:TrySetResult (Unity.Services.Relay.Http.HttpClientResponse)
System.Threading.Tasks.TaskCompletionSource`1<Unity.Services.Relay.Http.HttpClientResponse>:SetResult (Unity.Services.Relay.Http.HttpClientResponse)
Unity.Services.Relay.Http.UnityWebRequestHelpers/<>c__DisplayClass0_0:<GetAwaiter>b__0 (UnityEngine.AsyncOperation) (at ./Library/PackageCache/com.unity.services.multiplayer@a6d6ce688d71/Runtime/Relay/Http/UnityWebRequestHelpers.cs:34)
UnityEngine.AsyncOperation:InvokeCompletionEvent () (at C:/build/output/unity/unity/Runtime/Export/Scripting/AsyncOperation.cs:24)

(Filename: C:/build/output/unity/unity/Runtime/Export/Debug/Debug.bindings.cs Line: 128)

PHS_STAGE_CLOCK_READY server=True state=Stopped sequence=0 revision=0
UnityEngine.Debug:ExtractStackTraceNoAlloc (byte*,int,string)
UnityEngine.StackTraceUtility:ExtractStackTrace () (at C:/build/output/unity/unity/Runtime/Export/Scripting/StackTrace.cs:35)
UnityEngine.DebugLogHandler:Internal_Log (UnityEngine.LogType,UnityEngine.LogOption,string,UnityEngine.Object)
UnityEngine.DebugLogHandler:LogFormat (UnityEngine.LogType,UnityEngine.Object,string,object[]) (at C:/build/output/unity/unity/Runtime/Export/Logging/DebugLogHandler.cs:9)
UnityEngine.Logger:Log (UnityEngine.LogType,object,UnityEngine.Object) (at C:/build/output/unity/unity/Runtime/Export/Logging/Logger.cs:66)
UnityEngine.Debug:Log (object,UnityEngine.Object) (at C:/build/output/unity/unity/Runtime/Export/Debug/Debug.bindings.cs:128)
LastJumpCrew.ParkHanSol.Multiplayer.NetworkRunStageClock:OnNetworkSpawn () (at E:/UNITY/LastJumpCrew/Assets/02. ParkHanSol_TeamLeader_Build & Multi/02. Script/Multiplayer/RunFlow/NetworkRunStageClock.cs:46)
Unity.Netcode.NetworkBehaviour:NetworkSpawn () (at ./Library/PackageCache/com.unity.netcode.gameobjects@0f12e689d980/Runtime/Core/NetworkBehaviour.cs:813)
Unity.Netcode.NetworkObject:InvokeBehaviourNetworkSpawn () (at ./Library/PackageCache/com.unity.netcode.gameobjects@0f12e689d980/Runtime/Core/NetworkObject.cs:2698)
Unity.Netcode.NetworkSpawnManager:SpawnNetworkObjectLocallyCommon (Unity.Netcode.NetworkObject,ulong,bool,bool,ulong,bool) (at ./Library/PackageCache/com.unity.netcode.gameobjects@0f12e689d980/Runtime/Spawning/NetworkSpawnManager.cs:1384)
Unity.Netcode.NetworkSpawnManager:AuthorityLocalSpawn (Unity.Netcode.NetworkObject,ulong,bool,bool,ulong,bool) (at ./Library/PackageCache/com.unity.netcode.gameobjects@0f12e689d980/Runtime/Spawning/NetworkSpawnManager.cs:1182)
Unity.Netcode.NetworkObject:SpawnWithOwnership (ulong,bool) (at ./Library/PackageCache/com.unity.netcode.gameobjects@0f12e689d980/Runtime/Core/NetworkObject.cs:2026)
Unity.Netcode.NetworkSpawnManager:InstantiateAndSpawnNoParameterChecks (Unity.Netcode.NetworkObject,Unity.Netcode.NetworkManager,ulong,bool,bool,bool,UnityEngine.Vector3,UnityEngine.Quaternion) (at ./Library/PackageCache/com.unity.netcode.gameobjects@0f12e689d980/Runtime/Spawning/NetworkSpawnManager.cs:853)
Unity.Netcode.NetworkSpawnManager:InstantiateAndSpawn (Unity.Netcode.NetworkObject,ulong,bool,bool,bool,UnityEngine.Vector3,UnityEngine.Quaternion) (at ./Library/PackageCache/com.unity.netcode.gameobjects@0f12e689d980/Runtime/Spawning/NetworkSpawnManager.cs:811)
LastJumpCrew.ParkHanSol.Multiplayer.NetworkRunSessionRootBootstrap:TrySpawnServerRoot () (at E:/UNITY/LastJumpCrew/Assets/02. ParkHanSol_TeamLeader_Build & Multi/02. Script/Multiplayer/RunFlow/NetworkRunSessionRootBootstrap.cs:86)
LastJumpCrew.ParkHanSol.Multiplayer.NetworkRunSessionRootBootstrap:HandleServerStarted () (at E:/UNITY/LastJumpCrew/Assets/02. ParkHanSol_TeamLeader_Build & Multi/02. Script/Multiplayer/RunFlow/NetworkRunSessionRootBootstrap.cs:61)
Unity.Netcode.NetworkManager:HostServerInitialize () (at ./Library/PackageCache/com.unity.netcode.gameobjects@0f12e689d980/Runtime/Core/NetworkManager.cs:1530)
Unity.Netcode.NetworkManager:StartHost () (at ./Library/PackageCache/com.unity.netcode.gameobjects@0f12e689d980/Runtime/Core/NetworkManager.cs:1483)
Unity.Services.Multiplayer.NetworkManagerSession:SetupNetworkManagerLifecycleMonitoring (System.Threading.CancellationToken) (at ./Library/PackageCache/com.unity.services.multiplayer@a6d6ce688d71/Runtime/Multiplayer/Modules/Network/Handlers/NetworkHandler/NetworkManagerSession.cs:328)
Unity.Services.Multiplayer.NetworkManagerSession/<StartAsync>d__28:MoveNext () (at ./Library/PackageCache/com.unity.services.multiplayer@a6d6ce688d71/Runtime/Multiplayer/Modules/Network/Handlers/NetworkHandler/NetworkManagerSession.cs:165)
System.Runtime.CompilerServices.AsyncTaskMethodBuilder:Start<Unity.Services.Multiplayer.NetworkManagerSession/<StartAsync>d__28> (Unity.Services.Multiplayer.NetworkManagerSession/<StartAsync>d__28&)
Unity.Services.Multiplayer.NetworkManagerSession:StartAsync (System.Threading.CancellationToken)
Unity.Services.Multiplayer.GameObjectsNetcodeNetworkHandler/<StartAsync>d__4:MoveNext () (at ./Library/PackageCache/com.unity.services.multiplayer@a6d6ce688d71/Runtime/Multiplayer/Modules/Network/Handlers/NetworkHandler/GameObjectsNetcodeNetworkHandler.cs:77)
System.Runtime.CompilerServices.AsyncTaskMethodBuilder:Start<Unity.Services.Multiplayer.GameObjectsNetcodeNetworkHandler/<StartAsync>d__4> (Unity.Services.Multiplayer.GameObjectsNetcodeNetworkHandler/<StartAsync>d__4&)
Unity.Services.Multiplayer.GameObjectsNetcodeNetworkHandler:StartAsync (Unity.Services.Multiplayer.NetworkConfiguration)
Unity.Services.Multiplayer.NetworkModule:StartNetworkHandlerAsync (Unity.Services.Multiplayer.NetworkConfiguration) (at ./Library/PackageCache/com.unity.services.multiplayer@a6d6ce688d71/Runtime/Multiplayer/Modules/Network/NetworkModule.cs:554)
Unity.Services.Multiplayer.NetworkModule/<StartNetworkWithOptionsAsync>d__64:MoveNext () (at ./Library/PackageCache/com.unity.services.multiplayer@a6d6ce688d71/Runtime/Multiplayer/Modules/Network/NetworkModule.cs:303)
System.Runtime.CompilerServices.AsyncMethodBuilderCore/MoveNextRunner:InvokeMoveNext (object)
System.Threading.ExecutionContext:RunInternal (System.Threading.ExecutionContext,System.Threading.ContextCallback,object,bool)
System.Threading.ExecutionContext:Run (System.Threading.ExecutionContext,System.Threading.ContextCallback,object,bool)
System.Runtime.CompilerServices.AsyncMethodBuilderCore/MoveNextRunner:Run ()
System.Threading.Tasks.AwaitTaskContinuation:InvokeAction (object)
System.Threading.Tasks.AwaitTaskContinuation:RunCallback (System.Threading.ContextCallback,object,System.Threading.Tasks.Task&)
System.Threading.Tasks.SynchronizationContextAwaitTaskContinuation:Run (System.Threading.Tasks.Task,bool)
System.Threading.Tasks.Task:FinishContinuations ()
System.Threading.Tasks.Task:FinishStageThree ()
System.Threading.Tasks.Task`1<System.Threading.Tasks.VoidTaskResult>:TrySetResult (System.Threading.Tasks.VoidTaskResult)
System.Runtime.CompilerServices.AsyncTaskMethodBuilder`1<System.Threading.Tasks.VoidTaskResult>:SetResult (System.Threading.Tasks.VoidTaskResult)
System.Runtime.CompilerServices.AsyncTaskMethodBuilder`1<System.Threading.Tasks.VoidTaskResult>:SetResult (System.Threading.Tasks.Task`1<System.Threading.Tasks.VoidTaskResult>)
System.Runtime.CompilerServices.AsyncTaskMethodBuilder:SetResult ()
Unity.Services.Multiplayer.RelayHandler/<FetchJoinCodeAsync>d__22:MoveNext () (at ./Library/PackageCache/com.unity.services.multiplayer@a6d6ce688d71/Runtime/Multiplayer/Modules/Network/Handlers/Relay/RelayHandler.cs:109)
System.Runtime.CompilerServices.AsyncMethodBuilderCore/MoveNextRunner:InvokeMoveNext (object)
System.Threading.ExecutionContext:RunInternal (System.Threading.ExecutionContext,System.Threading.ContextCallback,object,bool)
System.Threading.ExecutionContext:Run (System.Threading.ExecutionContext,System.Threading.ContextCallback,object,bool)
System.Runtime.CompilerServices.AsyncMethodBuilderCore/MoveNextRunner:Run ()
System.Threading.Tasks.AwaitTaskContinuation:InvokeAction (object)
System.Threading.Tasks.AwaitTaskContinuation:RunCallback (System.Threading.ContextCallback,object,System.Threading.Tasks.Task&)
System.Threading.Tasks.SynchronizationContextAwaitTaskContinuation:Run (System.Threading.Tasks.Task,bool)
System.Threading.Tasks.Task:FinishContinuations ()
System.Threading.Tasks.Task:FinishStageThree ()
System.Threading.Tasks.Task`1<string>:TrySetResult (string)
System.Runtime.CompilerServices.AsyncTaskMethodBuilder`1<string>:SetResult (string)
Unity.Services.Relay.WrappedRelayService/<GetJoinCodeAsync>d__11:MoveNext () (at ./Library/PackageCache/com.unity.services.multiplayer@a6d6ce688d71/Runtime/Relay/SDK/WrappedRelayService.cs:134)
System.Runtime.CompilerServices.AsyncMethodBuilderCore/MoveNextRunner:InvokeMoveNext (object)
System.Threading.ExecutionContext:RunInternal (System.Threading.ExecutionContext,System.Threading.ContextCallback,object,bool)
System.Threading.ExecutionContext:Run (System.Threading.ExecutionContext,System.Threading.ContextCallback,object,bool)
System.Runtime.CompilerServices.AsyncMethodBuilderCore/MoveNextRunner:Run ()
System.Threading.Tasks.AwaitTaskContinuation:InvokeAction (object)
System.Threading.Tasks.AwaitTaskContinuation:RunCallback (System.Threading.ContextCallback,object,System.Threading.Tasks.Task&)
System.Threading.Tasks.SynchronizationContextAwaitTaskContinuation:Run (System.Threading.Tasks.Task,bool)
System.Threading.Tasks.Task:FinishContinuations ()
System.Threading.Tasks.Task:FinishStageThree ()
System.Threading.Tasks.Task`1<Unity.Services.Relay.Response`1<Unity.Services.Relay.Models.JoinCodeResponseBody>>:TrySetResult (Unity.Services.Relay.Response`1<Unity.Services.Relay.Models.JoinCodeResponseBody>)
System.Runtime.CompilerServices.AsyncTaskMethodBuilder`1<Unity.Services.Relay.Response`1<Unity.Services.Relay.Models.JoinCodeResponseBody>>:SetResult (Unity.Services.Relay.Response`1<Unity.Services.Relay.Models.JoinCodeResponseBody>)
Unity.Services.Relay.Apis.RelayAllocations.RelayAllocationsApiClient/<CreateJoincodeAsync>d__8:MoveNext () (at ./Library/PackageCache/com.unity.services.multiplayer@a6d6ce688d71/Runtime/Relay/Apis/RelayAllocationsApi.cs:160)
System.Runtime.CompilerServices.AsyncMethodBuilderCore/MoveNextRunner:InvokeMoveNext (object)
System.Threading.ExecutionContext:RunInternal (System.Threading.ExecutionContext,System.Threading.ContextCallback,object,bool)
System.Threading.ExecutionContext:Run (System.Threading.ExecutionContext,System.Threading.ContextCallback,object,bool)
System.Runtime.CompilerServices.AsyncMethodBuilderCore/MoveNextRunner:Run ()
System.Threading.Tasks.AwaitTaskContinuation:InvokeAction (object)
System.Threading.Tasks.AwaitTaskContinuation:RunCallback (System.Threading.ContextCallback,object,System.Threading.Tasks.Task&)
System.Threading.Tasks.SynchronizationContextAwaitTaskContinuation:Run (System.Threading.Tasks.Task,bool)
System.Threading.Tasks.Task:FinishContinuations ()
System.Threading.Tasks.Task:FinishStageThree ()
System.Threading.Tasks.Task`1<Unity.Services.Relay.Http.HttpClientResponse>:TrySetResult (Unity.Services.Relay.Http.HttpClientResponse)
System.Runtime.CompilerServices.AsyncTaskMethodBuilder`1<Unity.Services.Relay.Http.HttpClientResponse>:SetResult (Unity.Services.Relay.Http.HttpClientResponse)
Unity.Services.Relay.Http.HttpClient/<MakeRequestAsync>d__1:MoveNext () (at ./Library/PackageCache/com.unity.services.multiplayer@a6d6ce688d71/Runtime/Relay/Http/HttpClient.cs:41)
System.Runtime.CompilerServices.AsyncMethodBuilderCore/MoveNextRunner:InvokeMoveNext (object)
System.Threading.ExecutionContext:RunInternal (System.Threading.ExecutionContext,System.Threading.ContextCallback,object,bool)
System.Threading.ExecutionContext:Run (System.Threading.ExecutionContext,System.Threading.ContextCallback,object,bool)
System.Runtime.CompilerServices.AsyncMethodBuilderCore/MoveNextRunner:Run ()
System.Threading.Tasks.AwaitTaskContinuation:InvokeAction (object)
System.Threading.Tasks.AwaitTaskContinuation:RunCallback (System.Threading.ContextCallback,object,System.Threading.Tasks.Task&)
System.Threading.Tasks.SynchronizationContextAwaitTaskContinuation:Run (System.Threading.Tasks.Task,bool)
System.Threading.Tasks.Task:FinishContinuations ()
System.Threading.Tasks.Task:FinishStageThree ()
System.Threading.Tasks.Task`1<Unity.Services.Relay.Http.HttpClientResponse>:TrySetResult (Unity.Services.Relay.Http.HttpClientResponse)
System.Runtime.CompilerServices.AsyncTaskMethodBuilder`1<Unity.Services.Relay.Http.HttpClientResponse>:SetResult (Unity.Services.Relay.Http.HttpClientResponse)
Unity.Services.Relay.Http.HttpClient/<CreateWebRequestAsync>d__3:MoveNext () (at ./Library/PackageCache/com.unity.services.multiplayer@a6d6ce688d71/Runtime/Relay/Http/HttpClient.cs:56)
System.Runtime.CompilerServices.AsyncMethodBuilderCore/MoveNextRunner:InvokeMoveNext (object)
System.Threading.ExecutionContext:RunInternal (System.Threading.ExecutionContext,System.Threading.ContextCallback,object,bool)
System.Threading.ExecutionContext:Run (System.Threading.ExecutionContext,System.Threading.ContextCallback,object,bool)
System.Runtime.CompilerServices.AsyncMethodBuilderCore/MoveNextRunner:Run ()
System.Threading.Tasks.AwaitTaskContinuation:InvokeAction (object)
System.Threading.Tasks.AwaitTaskContinuation:RunCallback (System.Threading.ContextCallback,object,System.Threading.Tasks.Task&)
System.Threading.Tasks.SynchronizationContextAwaitTaskContinuation:Run (System.Threading.Tasks.Task,bool)
System.Threading.Tasks.Task:FinishContinuations ()
System.Threading.Tasks.Task:FinishStageThree ()
System.Threading.Tasks.Task`1<Unity.Services.Relay.Http.HttpClientResponse>:TrySetResult (Unity.Services.Relay.Http.HttpClientResponse)
System.Runtime.CompilerServices.AsyncTaskMethodBuilder`1<Unity.Services.Relay.Http.HttpClientResponse>:SetResult (Unity.Services.Relay.Http.HttpClientResponse)
Unity.Services.Relay.Http.HttpClient/<CreateHttpClientResponse>d__4:MoveNext () (at ./Library/PackageCache/com.unity.services.multiplayer@a6d6ce688d71/Runtime/Relay/Http/HttpClient.cs:84)
System.Runtime.CompilerServices.AsyncMethodBuilderCore/MoveNextRunner:InvokeMoveNext (object)
System.Threading.ExecutionContext:RunInternal (System.Threading.ExecutionContext,System.Threading.ContextCallback,object,bool)
System.Threading.ExecutionContext:Run (System.Threading.ExecutionContext,System.Threading.ContextCallback,object,bool)
System.Runtime.CompilerServices.AsyncMethodBuilderCore/MoveNextRunner:Run ()
System.Threading.Tasks.AwaitTaskContinuation:InvokeAction (object)
System.Threading.Tasks.AwaitTaskContinuation:RunCallback (System.Threading.ContextCallback,object,System.Threading.Tasks.Task&)
System.Threading.Tasks.SynchronizationContextAwaitTaskContinuation:Run (System.Threading.Tasks.Task,bool)
System.Threading.Tasks.Task:FinishContinuations ()
System.Threading.Tasks.Task:FinishStageThree ()
System.Threading.Tasks.Task`1<Unity.Services.Relay.Http.HttpClientResponse>:TrySetResult (Unity.Services.Relay.Http.HttpClientResponse)
System.Runtime.CompilerServices.AsyncTaskMethodBuilder`1<Unity.Services.Relay.Http.HttpClientResponse>:SetResult (Unity.Services.Relay.Http.HttpClientResponse)
Unity.Services.Relay.Http.HttpClient/<>c__DisplayClass4_0/<<CreateHttpClientResponse>b__0>d:MoveNext () (at ./Library/PackageCache/com.unity.services.multiplayer@a6d6ce688d71/Runtime/Relay/Http/HttpClient.cs:81)
System.Runtime.CompilerServices.AsyncMethodBuilderCore/MoveNextRunner:InvokeMoveNext (object)
System.Threading.ExecutionContext:RunInternal (System.Threading.ExecutionContext,System.Threading.ContextCallback,object,bool)
System.Threading.ExecutionContext:Run (System.Threading.ExecutionContext,System.Threading.ContextCallback,object,bool)
System.Runtime.CompilerServices.AsyncMethodBuilderCore/MoveNextRunner:Run ()
System.Threading.Tasks.AwaitTaskContinuation:InvokeAction (object)
System.Threading.Tasks.AwaitTaskContinuation:RunCallback (System.Threading.ContextCallback,object,System.Threading.Tasks.Task&)
System.Threading.Tasks.SynchronizationContextAwaitTaskContinuation:Run (System.Threading.Tasks.Task,bool)
System.Threading.Tasks.Task:FinishContinuations ()
System.Threading.Tasks.Task:FinishStageThree ()
System.Threading.Tasks.Task`1<Unity.Services.Relay.Http.HttpClientResponse>:TrySetResult (Unity.Services.Relay.Http.HttpClientResponse)
System.Threading.Tasks.TaskCompletionSource`1<Unity.Services.Relay.Http.HttpClientResponse>:TrySetResult (Unity.Services.Relay.Http.HttpClientResponse)
System.Threading.Tasks.TaskCompletionSource`1<Unity.Services.Relay.Http.HttpClientResponse>:SetResult (Unity.Services.Relay.Http.HttpClientResponse)
Unity.Services.Relay.Http.UnityWebRequestHelpers/<>c__DisplayClass0_0:<GetAwaiter>b__0 (UnityEngine.AsyncOperation) (at ./Library/PackageCache/com.unity.services.multiplayer@a6d6ce688d71/Runtime/Relay/Http/UnityWebRequestHelpers.cs:34)
UnityEngine.AsyncOperation:InvokeCompletionEvent () (at C:/build/output/unity/unity/Runtime/Export/Scripting/AsyncOperation.cs:24)

(Filename: C:/build/output/unity/unity/Runtime/Export/Debug/Debug.bindings.cs Line: 128)

PHS_RUN_ECONOMY_READY server=True credits=500 revision=1 deliveries=0
UnityEngine.Debug:ExtractStackTraceNoAlloc (byte*,int,string)
UnityEngine.StackTraceUtility:ExtractStackTrace () (at C:/build/output/unity/unity/Runtime/Export/Scripting/StackTrace.cs:35)
UnityEngine.DebugLogHandler:Internal_Log (UnityEngine.LogType,UnityEngine.LogOption,string,UnityEngine.Object)
UnityEngine.DebugLogHandler:LogFormat (UnityEngine.LogType,UnityEngine.Object,string,object[]) (at C:/build/output/unity/unity/Runtime/Export/Logging/DebugLogHandler.cs:9)
UnityEngine.Logger:Log (UnityEngine.LogType,object,UnityEngine.Object) (at C:/build/output/unity/unity/Runtime/Export/Logging/Logger.cs:66)
UnityEngine.Debug:Log (object,UnityEngine.Object) (at C:/build/output/unity/unity/Runtime/Export/Debug/Debug.bindings.cs:128)
LastJumpCrew.ParkHanSol.Multiplayer.NetworkRunEconomyLedger:OnNetworkSpawn () (at E:/UNITY/LastJumpCrew/Assets/02. ParkHanSol_TeamLeader_Build & Multi/02. Script/Multiplayer/Economy/NetworkRunEconomyLedger.cs:70)
Unity.Netcode.NetworkBehaviour:NetworkSpawn () (at ./Library/PackageCache/com.unity.netcode.gameobjects@0f12e689d980/Runtime/Core/NetworkBehaviour.cs:813)
Unity.Netcode.NetworkObject:InvokeBehaviourNetworkSpawn () (at ./Library/PackageCache/com.unity.netcode.gameobjects@0f12e689d980/Runtime/Core/NetworkObject.cs:2698)
Unity.Netcode.NetworkSpawnManager:SpawnNetworkObjectLocallyCommon (Unity.Netcode.NetworkObject,ulong,bool,bool,ulong,bool) (at ./Library/PackageCache/com.unity.netcode.gameobjects@0f12e689d980/Runtime/Spawning/NetworkSpawnManager.cs:1384)
Unity.Netcode.NetworkSpawnManager:AuthorityLocalSpawn (Unity.Netcode.NetworkObject,ulong,bool,bool,ulong,bool) (at ./Library/PackageCache/com.unity.netcode.gameobjects@0f12e689d980/Runtime/Spawning/NetworkSpawnManager.cs:1182)
Unity.Netcode.NetworkObject:SpawnWithOwnership (ulong,bool) (at ./Library/PackageCache/com.unity.netcode.gameobjects@0f12e689d980/Runtime/Core/NetworkObject.cs:2026)
Unity.Netcode.NetworkSpawnManager:InstantiateAndSpawnNoParameterChecks (Unity.Netcode.NetworkObject,Unity.Netcode.NetworkManager,ulong,bool,bool,bool,UnityEngine.Vector3,UnityEngine.Quaternion) (at ./Library/PackageCache/com.unity.netcode.gameobjects@0f12e689d980/Runtime/Spawning/NetworkSpawnManager.cs:853)
Unity.Netcode.NetworkSpawnManager:InstantiateAndSpawn (Unity.Netcode.NetworkObject,ulong,bool,bool,bool,UnityEngine.Vector3,UnityEngine.Quaternion) (at ./Library/PackageCache/com.unity.netcode.gameobjects@0f12e689d980/Runtime/Spawning/NetworkSpawnManager.cs:811)
LastJumpCrew.ParkHanSol.Multiplayer.NetworkRunSessionRootBootstrap:TrySpawnServerRoot () (at E:/UNITY/LastJumpCrew/Assets/02. ParkHanSol_TeamLeader_Build & Multi/02. Script/Multiplayer/RunFlow/NetworkRunSessionRootBootstrap.cs:86)
LastJumpCrew.ParkHanSol.Multiplayer.NetworkRunSessionRootBootstrap:HandleServerStarted () (at E:/UNITY/LastJumpCrew/Assets/02. ParkHanSol_TeamLeader_Build & Multi/02. Script/Multiplayer/RunFlow/NetworkRunSessionRootBootstrap.cs:61)
Unity.Netcode.NetworkManager:HostServerInitialize () (at ./Library/PackageCache/com.unity.netcode.gameobjects@0f12e689d980/Runtime/Core/NetworkManager.cs:1530)
Unity.Netcode.NetworkManager:StartHost () (at ./Library/PackageCache/com.unity.netcode.gameobjects@0f12e689d980/Runtime/Core/NetworkManager.cs:1483)
Unity.Services.Multiplayer.NetworkManagerSession:SetupNetworkManagerLifecycleMonitoring (System.Threading.CancellationToken) (at ./Library/PackageCache/com.unity.services.multiplayer@a6d6ce688d71/Runtime/Multiplayer/Modules/Network/Handlers/NetworkHandler/NetworkManagerSession.cs:328)
Unity.Services.Multiplayer.NetworkManagerSession/<StartAsync>d__28:MoveNext () (at ./Library/PackageCache/com.unity.services.multiplayer@a6d6ce688d71/Runtime/Multiplayer/Modules/Network/Handlers/NetworkHandler/NetworkManagerSession.cs:165)
System.Runtime.CompilerServices.AsyncTaskMethodBuilder:Start<Unity.Services.Multiplayer.NetworkManagerSession/<StartAsync>d__28> (Unity.Services.Multiplayer.NetworkManagerSession/<StartAsync>d__28&)
Unity.Services.Multiplayer.NetworkManagerSession:StartAsync (System.Threading.CancellationToken)
Unity.Services.Multiplayer.GameObjectsNetcodeNetworkHandler/<StartAsync>d__4:MoveNext () (at ./Library/PackageCache/com.unity.services.multiplayer@a6d6ce688d71/Runtime/Multiplayer/Modules/Network/Handlers/NetworkHandler/GameObjectsNetcodeNetworkHandler.cs:77)
System.Runtime.CompilerServices.AsyncTaskMethodBuilder:Start<Unity.Services.Multiplayer.GameObjectsNetcodeNetworkHandler/<StartAsync>d__4> (Unity.Services.Multiplayer.GameObjectsNetcodeNetworkHandler/<StartAsync>d__4&)
Unity.Services.Multiplayer.GameObjectsNetcodeNetworkHandler:StartAsync (Unity.Services.Multiplayer.NetworkConfiguration)
Unity.Services.Multiplayer.NetworkModule:StartNetworkHandlerAsync (Unity.Services.Multiplayer.NetworkConfiguration) (at ./Library/PackageCache/com.unity.services.multiplayer@a6d6ce688d71/Runtime/Multiplayer/Modules/Network/NetworkModule.cs:554)
Unity.Services.Multiplayer.NetworkModule/<StartNetworkWithOptionsAsync>d__64:MoveNext () (at ./Library/PackageCache/com.unity.services.multiplayer@a6d6ce688d71/Runtime/Multiplayer/Modules/Network/NetworkModule.cs:303)
System.Runtime.CompilerServices.AsyncMethodBuilderCore/MoveNextRunner:InvokeMoveNext (object)
System.Threading.ExecutionContext:RunInternal (System.Threading.ExecutionContext,System.Threading.ContextCallback,object,bool)
System.Threading.ExecutionContext:Run (System.Threading.ExecutionContext,System.Threading.ContextCallback,object,bool)
System.Runtime.CompilerServices.AsyncMethodBuilderCore/MoveNextRunner:Run ()
System.Threading.Tasks.AwaitTaskContinuation:InvokeAction (object)
System.Threading.Tasks.AwaitTaskContinuation:RunCallback (System.Threading.ContextCallback,object,System.Threading.Tasks.Task&)
System.Threading.Tasks.SynchronizationContextAwaitTaskContinuation:Run (System.Threading.Tasks.Task,bool)
System.Threading.Tasks.Task:FinishContinuations ()
System.Threading.Tasks.Task:FinishStageThree ()
System.Threading.Tasks.Task`1<System.Threading.Tasks.VoidTaskResult>:TrySetResult (System.Threading.Tasks.VoidTaskResult)
System.Runtime.CompilerServices.AsyncTaskMethodBuilder`1<System.Threading.Tasks.VoidTaskResult>:SetResult (System.Threading.Tasks.VoidTaskResult)
System.Runtime.CompilerServices.AsyncTaskMethodBuilder`1<System.Threading.Tasks.VoidTaskResult>:SetResult (System.Threading.Tasks.Task`1<System.Threading.Tasks.VoidTaskResult>)
System.Runtime.CompilerServices.AsyncTaskMethodBuilder:SetResult ()
Unity.Services.Multiplayer.RelayHandler/<FetchJoinCodeAsync>d__22:MoveNext () (at ./Library/PackageCache/com.unity.services.multiplayer@a6d6ce688d71/Runtime/Multiplayer/Modules/Network/Handlers/Relay/RelayHandler.cs:109)
System.Runtime.CompilerServices.AsyncMethodBuilderCore/MoveNextRunner:InvokeMoveNext (object)
System.Threading.ExecutionContext:RunInternal (System.Threading.ExecutionContext,System.Threading.ContextCallback,object,bool)
System.Threading.ExecutionContext:Run (System.Threading.ExecutionContext,System.Threading.ContextCallback,object,bool)
System.Runtime.CompilerServices.AsyncMethodBuilderCore/MoveNextRunner:Run ()
System.Threading.Tasks.AwaitTaskContinuation:InvokeAction (object)
System.Threading.Tasks.AwaitTaskContinuation:RunCallback (System.Threading.ContextCallback,object,System.Threading.Tasks.Task&)
System.Threading.Tasks.SynchronizationContextAwaitTaskContinuation:Run (System.Threading.Tasks.Task,bool)
System.Threading.Tasks.Task:FinishContinuations ()
System.Threading.Tasks.Task:FinishStageThree ()
System.Threading.Tasks.Task`1<string>:TrySetResult (string)
System.Runtime.CompilerServices.AsyncTaskMethodBuilder`1<string>:SetResult (string)
Unity.Services.Relay.WrappedRelayService/<GetJoinCodeAsync>d__11:MoveNext () (at ./Library/PackageCache/com.unity.services.multiplayer@a6d6ce688d71/Runtime/Relay/SDK/WrappedRelayService.cs:134)
System.Runtime.CompilerServices.AsyncMethodBuilderCore/MoveNextRunner:InvokeMoveNext (object)
System.Threading.ExecutionContext:RunInternal (System.Threading.ExecutionContext,System.Threading.ContextCallback,object,bool)
System.Threading.ExecutionContext:Run (System.Threading.ExecutionContext,System.Threading.ContextCallback,object,bool)
System.Runtime.CompilerServices.AsyncMethodBuilderCore/MoveNextRunner:Run ()
System.Threading.Tasks.AwaitTaskContinuation:InvokeAction (object)
System.Threading.Tasks.AwaitTaskContinuation:RunCallback (System.Threading.ContextCallback,object,System.Threading.Tasks.Task&)
System.Threading.Tasks.SynchronizationContextAwaitTaskContinuation:Run (System.Threading.Tasks.Task,bool)
System.Threading.Tasks.Task:FinishContinuations ()
System.Threading.Tasks.Task:FinishStageThree ()
System.Threading.Tasks.Task`1<Unity.Services.Relay.Response`1<Unity.Services.Relay.Models.JoinCodeResponseBody>>:TrySetResult (Unity.Services.Relay.Response`1<Unity.Services.Relay.Models.JoinCodeResponseBody>)
System.Runtime.CompilerServices.AsyncTaskMethodBuilder`1<Unity.Services.Relay.Response`1<Unity.Services.Relay.Models.JoinCodeResponseBody>>:SetResult (Unity.Services.Relay.Response`1<Unity.Services.Relay.Models.JoinCodeResponseBody>)
Unity.Services.Relay.Apis.RelayAllocations.RelayAllocationsApiClient/<CreateJoincodeAsync>d__8:MoveNext () (at ./Library/PackageCache/com.unity.services.multiplayer@a6d6ce688d71/Runtime/Relay/Apis/RelayAllocationsApi.cs:160)
System.Runtime.CompilerServices.AsyncMethodBuilderCore/MoveNextRunner:InvokeMoveNext (object)
System.Threading.ExecutionContext:RunInternal (System.Threading.ExecutionContext,System.Threading.ContextCallback,object,bool)
System.Threading.ExecutionContext:Run (System.Threading.ExecutionContext,System.Threading.ContextCallback,object,bool)
System.Runtime.CompilerServices.AsyncMethodBuilderCore/MoveNextRunner:Run ()
System.Threading.Tasks.AwaitTaskContinuation:InvokeAction (object)
System.Threading.Tasks.AwaitTaskContinuation:RunCallback (System.Threading.ContextCallback,object,System.Threading.Tasks.Task&)
System.Threading.Tasks.SynchronizationContextAwaitTaskContinuation:Run (System.Threading.Tasks.Task,bool)
System.Threading.Tasks.Task:FinishContinuations ()
System.Threading.Tasks.Task:FinishStageThree ()
System.Threading.Tasks.Task`1<Unity.Services.Relay.Http.HttpClientResponse>:TrySetResult (Unity.Services.Relay.Http.HttpClientResponse)
System.Runtime.CompilerServices.AsyncTaskMethodBuilder`1<Unity.Services.Relay.Http.HttpClientResponse>:SetResult (Unity.Services.Relay.Http.HttpClientResponse)
Unity.Services.Relay.Http.HttpClient/<MakeRequestAsync>d__1:MoveNext () (at ./Library/PackageCache/com.unity.services.multiplayer@a6d6ce688d71/Runtime/Relay/Http/HttpClient.cs:41)
System.Runtime.CompilerServices.AsyncMethodBuilderCore/MoveNextRunner:InvokeMoveNext (object)
System.Threading.ExecutionContext:RunInternal (System.Threading.ExecutionContext,System.Threading.ContextCallback,object,bool)
System.Threading.ExecutionContext:Run (System.Threading.ExecutionContext,System.Threading.ContextCallback,object,bool)
System.Runtime.CompilerServices.AsyncMethodBuilderCore/MoveNextRunner:Run ()
System.Threading.Tasks.AwaitTaskContinuation:InvokeAction (object)
System.Threading.Tasks.AwaitTaskContinuation:RunCallback (System.Threading.ContextCallback,object,System.Threading.Tasks.Task&)
System.Threading.Tasks.SynchronizationContextAwaitTaskContinuation:Run (System.Threading.Tasks.Task,bool)
System.Threading.Tasks.Task:FinishContinuations ()
System.Threading.Tasks.Task:FinishStageThree ()
System.Threading.Tasks.Task`1<Unity.Services.Relay.Http.HttpClientResponse>:TrySetResult (Unity.Services.Relay.Http.HttpClientResponse)
System.Runtime.CompilerServices.AsyncTaskMethodBuilder`1<Unity.Services.Relay.Http.HttpClientResponse>:SetResult (Unity.Services.Relay.Http.HttpClientResponse)
Unity.Services.Relay.Http.HttpClient/<CreateWebRequestAsync>d__3:MoveNext () (at ./Library/PackageCache/com.unity.services.multiplayer@a6d6ce688d71/Runtime/Relay/Http/HttpClient.cs:56)
System.Runtime.CompilerServices.AsyncMethodBuilderCore/MoveNextRunner:InvokeMoveNext (object)
System.Threading.ExecutionContext:RunInternal (System.Threading.ExecutionContext,System.Threading.ContextCallback,object,bool)
System.Threading.ExecutionContext:Run (System.Threading.ExecutionContext,System.Threading.ContextCallback,object,bool)
System.Runtime.CompilerServices.AsyncMethodBuilderCore/MoveNextRunner:Run ()
System.Threading.Tasks.AwaitTaskContinuation:InvokeAction (object)
System.Threading.Tasks.AwaitTaskContinuation:RunCallback (System.Threading.ContextCallback,object,System.Threading.Tasks.Task&)
System.Threading.Tasks.SynchronizationContextAwaitTaskContinuation:Run (System.Threading.Tasks.Task,bool)
System.Threading.Tasks.Task:FinishContinuations ()
System.Threading.Tasks.Task:FinishStageThree ()
System.Threading.Tasks.Task`1<Unity.Services.Relay.Http.HttpClientResponse>:TrySetResult (Unity.Services.Relay.Http.HttpClientResponse)
System.Runtime.CompilerServices.AsyncTaskMethodBuilder`1<Unity.Services.Relay.Http.HttpClientResponse>:SetResult (Unity.Services.Relay.Http.HttpClientResponse)
Unity.Services.Relay.Http.HttpClient/<CreateHttpClientResponse>d__4:MoveNext () (at ./Library/PackageCache/com.unity.services.multiplayer@a6d6ce688d71/Runtime/Relay/Http/HttpClient.cs:84)
System.Runtime.CompilerServices.AsyncMethodBuilderCore/MoveNextRunner:InvokeMoveNext (object)
System.Threading.ExecutionContext:RunInternal (System.Threading.ExecutionContext,System.Threading.ContextCallback,object,bool)
System.Threading.ExecutionContext:Run (System.Threading.ExecutionContext,System.Threading.ContextCallback,object,bool)
System.Runtime.CompilerServices.AsyncMethodBuilderCore/MoveNextRunner:Run ()
System.Threading.Tasks.AwaitTaskContinuation:InvokeAction (object)
System.Threading.Tasks.AwaitTaskContinuation:RunCallback (System.Threading.ContextCallback,object,System.Threading.Tasks.Task&)
System.Threading.Tasks.SynchronizationContextAwaitTaskContinuation:Run (System.Threading.Tasks.Task,bool)
System.Threading.Tasks.Task:FinishContinuations ()
System.Threading.Tasks.Task:FinishStageThree ()
System.Threading.Tasks.Task`1<Unity.Services.Relay.Http.HttpClientResponse>:TrySetResult (Unity.Services.Relay.Http.HttpClientResponse)
System.Runtime.CompilerServices.AsyncTaskMethodBuilder`1<Unity.Services.Relay.Http.HttpClientResponse>:SetResult (Unity.Services.Relay.Http.HttpClientResponse)
Unity.Services.Relay.Http.HttpClient/<>c__DisplayClass4_0/<<CreateHttpClientResponse>b__0>d:MoveNext () (at ./Library/PackageCache/com.unity.services.multiplayer@a6d6ce688d71/Runtime/Relay/Http/HttpClient.cs:81)
System.Runtime.CompilerServices.AsyncMethodBuilderCore/MoveNextRunner:InvokeMoveNext (object)
System.Threading.ExecutionContext:RunInternal (System.Threading.ExecutionContext,System.Threading.ContextCallback,object,bool)
System.Threading.ExecutionContext:Run (System.Threading.ExecutionContext,System.Threading.ContextCallback,object,bool)
System.Runtime.CompilerServices.AsyncMethodBuilderCore/MoveNextRunner:Run ()
System.Threading.Tasks.AwaitTaskContinuation:InvokeAction (object)
System.Threading.Tasks.AwaitTaskContinuation:RunCallback (System.Threading.ContextCallback,object,System.Threading.Tasks.Task&)
System.Threading.Tasks.SynchronizationContextAwaitTaskContinuation:Run (System.Threading.Tasks.Task,bool)
System.Threading.Tasks.Task:FinishContinuations ()
System.Threading.Tasks.Task:FinishStageThree ()
System.Threading.Tasks.Task`1<Unity.Services.Relay.Http.HttpClientResponse>:TrySetResult (Unity.Services.Relay.Http.HttpClientResponse)
System.Threading.Tasks.TaskCompletionSource`1<Unity.Services.Relay.Http.HttpClientResponse>:TrySetResult (Unity.Services.Relay.Http.HttpClientResponse)
System.Threading.Tasks.TaskCompletionSource`1<Unity.Services.Relay.Http.HttpClientResponse>:SetResult (Unity.Services.Relay.Http.HttpClientResponse)
Unity.Services.Relay.Http.UnityWebRequestHelpers/<>c__DisplayClass0_0:<GetAwaiter>b__0 (UnityEngine.AsyncOperation) (at ./Library/PackageCache/com.unity.services.multiplayer@a6d6ce688d71/Runtime/Relay/Http/UnityWebRequestHelpers.cs:34)
UnityEngine.AsyncOperation:InvokeCompletionEvent () (at C:/build/output/unity/unity/Runtime/Export/Scripting/AsyncOperation.cs:24)

(Filename: C:/build/output/unity/unity/Runtime/Export/Debug/Debug.bindings.cs Line: 128)

PHS_RUN_RANDOM_READY server=True seed=1370927125512463671 algorithm=1 revision=1
UnityEngine.Debug:ExtractStackTraceNoAlloc (byte*,int,string)
UnityEngine.StackTraceUtility:ExtractStackTrace () (at C:/build/output/unity/unity/Runtime/Export/Scripting/StackTrace.cs:35)
UnityEngine.DebugLogHandler:Internal_Log (UnityEngine.LogType,UnityEngine.LogOption,string,UnityEngine.Object)
UnityEngine.DebugLogHandler:LogFormat (UnityEngine.LogType,UnityEngine.Object,string,object[]) (at C:/build/output/unity/unity/Runtime/Export/Logging/DebugLogHandler.cs:9)
UnityEngine.Logger:Log (UnityEngine.LogType,object,UnityEngine.Object) (at C:/build/output/unity/unity/Runtime/Export/Logging/Logger.cs:66)
UnityEngine.Debug:Log (object,UnityEngine.Object) (at C:/build/output/unity/unity/Runtime/Export/Debug/Debug.bindings.cs:128)
LastJumpCrew.ParkHanSol.Multiplayer.NetworkRunRandomLedger:OnNetworkSpawn () (at E:/UNITY/LastJumpCrew/Assets/02. ParkHanSol_TeamLeader_Build & Multi/02. Script/Multiplayer/Rng/NetworkRunRandomLedger.cs:63)
Unity.Netcode.NetworkBehaviour:NetworkSpawn () (at ./Library/PackageCache/com.unity.netcode.gameobjects@0f12e689d980/Runtime/Core/NetworkBehaviour.cs:813)
Unity.Netcode.NetworkObject:InvokeBehaviourNetworkSpawn () (at ./Library/PackageCache/com.unity.netcode.gameobjects@0f12e689d980/Runtime/Core/NetworkObject.cs:2698)
Unity.Netcode.NetworkSpawnManager:SpawnNetworkObjectLocallyCommon (Unity.Netcode.NetworkObject,ulong,bool,bool,ulong,bool) (at ./Library/PackageCache/com.unity.netcode.gameobjects@0f12e689d980/Runtime/Spawning/NetworkSpawnManager.cs:1384)
Unity.Netcode.NetworkSpawnManager:AuthorityLocalSpawn (Unity.Netcode.NetworkObject,ulong,bool,bool,ulong,bool) (at ./Library/PackageCache/com.unity.netcode.gameobjects@0f12e689d980/Runtime/Spawning/NetworkSpawnManager.cs:1182)
Unity.Netcode.NetworkObject:SpawnWithOwnership (ulong,bool) (at ./Library/PackageCache/com.unity.netcode.gameobjects@0f12e689d980/Runtime/Core/NetworkObject.cs:2026)
Unity.Netcode.NetworkSpawnManager:InstantiateAndSpawnNoParameterChecks (Unity.Netcode.NetworkObject,Unity.Netcode.NetworkManager,ulong,bool,bool,bool,UnityEngine.Vector3,UnityEngine.Quaternion) (at ./Library/PackageCache/com.unity.netcode.gameobjects@0f12e689d980/Runtime/Spawning/NetworkSpawnManager.cs:853)
Unity.Netcode.NetworkSpawnManager:InstantiateAndSpawn (Unity.Netcode.NetworkObject,ulong,bool,bool,bool,UnityEngine.Vector3,UnityEngine.Quaternion) (at ./Library/PackageCache/com.unity.netcode.gameobjects@0f12e689d980/Runtime/Spawning/NetworkSpawnManager.cs:811)
LastJumpCrew.ParkHanSol.Multiplayer.NetworkRunSessionRootBootstrap:TrySpawnServerRoot () (at E:/UNITY/LastJumpCrew/Assets/02. ParkHanSol_TeamLeader_Build & Multi/02. Script/Multiplayer/RunFlow/NetworkRunSessionRootBootstrap.cs:86)
LastJumpCrew.ParkHanSol.Multiplayer.NetworkRunSessionRootBootstrap:HandleServerStarted () (at E:/UNITY/LastJumpCrew/Assets/02. ParkHanSol_TeamLeader_Build & Multi/02. Script/Multiplayer/RunFlow/NetworkRunSessionRootBootstrap.cs:61)
Unity.Netcode.NetworkManager:HostServerInitialize () (at ./Library/PackageCache/com.unity.netcode.gameobjects@0f12e689d980/Runtime/Core/NetworkManager.cs:1530)
Unity.Netcode.NetworkManager:StartHost () (at ./Library/PackageCache/com.unity.netcode.gameobjects@0f12e689d980/Runtime/Core/NetworkManager.cs:1483)
Unity.Services.Multiplayer.NetworkManagerSession:SetupNetworkManagerLifecycleMonitoring (System.Threading.CancellationToken) (at ./Library/PackageCache/com.unity.services.multiplayer@a6d6ce688d71/Runtime/Multiplayer/Modules/Network/Handlers/NetworkHandler/NetworkManagerSession.cs:328)
Unity.Services.Multiplayer.NetworkManagerSession/<StartAsync>d__28:MoveNext () (at ./Library/PackageCache/com.unity.services.multiplayer@a6d6ce688d71/Runtime/Multiplayer/Modules/Network/Handlers/NetworkHandler/NetworkManagerSession.cs:165)
System.Runtime.CompilerServices.AsyncTaskMethodBuilder:Start<Unity.Services.Multiplayer.NetworkManagerSession/<StartAsync>d__28> (Unity.Services.Multiplayer.NetworkManagerSession/<StartAsync>d__28&)
Unity.Services.Multiplayer.NetworkManagerSession:StartAsync (System.Threading.CancellationToken)
Unity.Services.Multiplayer.GameObjectsNetcodeNetworkHandler/<StartAsync>d__4:MoveNext () (at ./Library/PackageCache/com.unity.services.multiplayer@a6d6ce688d71/Runtime/Multiplayer/Modules/Network/Handlers/NetworkHandler/GameObjectsNetcodeNetworkHandler.cs:77)
System.Runtime.CompilerServices.AsyncTaskMethodBuilder:Start<Unity.Services.Multiplayer.GameObjectsNetcodeNetworkHandler/<StartAsync>d__4> (Unity.Services.Multiplayer.GameObjectsNetcodeNetworkHandler/<StartAsync>d__4&)
Unity.Services.Multiplayer.GameObjectsNetcodeNetworkHandler:StartAsync (Unity.Services.Multiplayer.NetworkConfiguration)
Unity.Services.Multiplayer.NetworkModule:StartNetworkHandlerAsync (Unity.Services.Multiplayer.NetworkConfiguration) (at ./Library/PackageCache/com.unity.services.multiplayer@a6d6ce688d71/Runtime/Multiplayer/Modules/Network/NetworkModule.cs:554)
Unity.Services.Multiplayer.NetworkModule/<StartNetworkWithOptionsAsync>d__64:MoveNext () (at ./Library/PackageCache/com.unity.services.multiplayer@a6d6ce688d71/Runtime/Multiplayer/Modules/Network/NetworkModule.cs:303)
System.Runtime.CompilerServices.AsyncMethodBuilderCore/MoveNextRunner:InvokeMoveNext (object)
System.Threading.ExecutionContext:RunInternal (System.Threading.ExecutionContext,System.Threading.ContextCallback,object,bool)
System.Threading.ExecutionContext:Run (System.Threading.ExecutionContext,System.Threading.ContextCallback,object,bool)
System.Runtime.CompilerServices.AsyncMethodBuilderCore/MoveNextRunner:Run ()
System.Threading.Tasks.AwaitTaskContinuation:InvokeAction (object)
System.Threading.Tasks.AwaitTaskContinuation:RunCallback (System.Threading.ContextCallback,object,System.Threading.Tasks.Task&)
System.Threading.Tasks.SynchronizationContextAwaitTaskContinuation:Run (System.Threading.Tasks.Task,bool)
System.Threading.Tasks.Task:FinishContinuations ()
System.Threading.Tasks.Task:FinishStageThree ()
System.Threading.Tasks.Task`1<System.Threading.Tasks.VoidTaskResult>:TrySetResult (System.Threading.Tasks.VoidTaskResult)
System.Runtime.CompilerServices.AsyncTaskMethodBuilder`1<System.Threading.Tasks.VoidTaskResult>:SetResult (System.Threading.Tasks.VoidTaskResult)
System.Runtime.CompilerServices.AsyncTaskMethodBuilder`1<System.Threading.Tasks.VoidTaskResult>:SetResult (System.Threading.Tasks.Task`1<System.Threading.Tasks.VoidTaskResult>)
System.Runtime.CompilerServices.AsyncTaskMethodBuilder:SetResult ()
Unity.Services.Multiplayer.RelayHandler/<FetchJoinCodeAsync>d__22:MoveNext () (at ./Library/PackageCache/com.unity.services.multiplayer@a6d6ce688d71/Runtime/Multiplayer/Modules/Network/Handlers/Relay/RelayHandler.cs:109)
System.Runtime.CompilerServices.AsyncMethodBuilderCore/MoveNextRunner:InvokeMoveNext (object)
System.Threading.ExecutionContext:RunInternal (System.Threading.ExecutionContext,System.Threading.ContextCallback,object,bool)
System.Threading.ExecutionContext:Run (System.Threading.ExecutionContext,System.Threading.ContextCallback,object,bool)
System.Runtime.CompilerServices.AsyncMethodBuilderCore/MoveNextRunner:Run ()
System.Threading.Tasks.AwaitTaskContinuation:InvokeAction (object)
System.Threading.Tasks.AwaitTaskContinuation:RunCallback (System.Threading.ContextCallback,object,System.Threading.Tasks.Task&)
System.Threading.Tasks.SynchronizationContextAwaitTaskContinuation:Run (System.Threading.Tasks.Task,bool)
System.Threading.Tasks.Task:FinishContinuations ()
System.Threading.Tasks.Task:FinishStageThree ()
System.Threading.Tasks.Task`1<string>:TrySetResult (string)
System.Runtime.CompilerServices.AsyncTaskMethodBuilder`1<string>:SetResult (string)
Unity.Services.Relay.WrappedRelayService/<GetJoinCodeAsync>d__11:MoveNext () (at ./Library/PackageCache/com.unity.services.multiplayer@a6d6ce688d71/Runtime/Relay/SDK/WrappedRelayService.cs:134)
System.Runtime.CompilerServices.AsyncMethodBuilderCore/MoveNextRunner:InvokeMoveNext (object)
System.Threading.ExecutionContext:RunInternal (System.Threading.ExecutionContext,System.Threading.ContextCallback,object,bool)
System.Threading.ExecutionContext:Run (System.Threading.ExecutionContext,System.Threading.ContextCallback,object,bool)
System.Runtime.CompilerServices.AsyncMethodBuilderCore/MoveNextRunner:Run ()
System.Threading.Tasks.AwaitTaskContinuation:InvokeAction (object)
System.Threading.Tasks.AwaitTaskContinuation:RunCallback (System.Threading.ContextCallback,object,System.Threading.Tasks.Task&)
System.Threading.Tasks.SynchronizationContextAwaitTaskContinuation:Run (System.Threading.Tasks.Task,bool)
System.Threading.Tasks.Task:FinishContinuations ()
System.Threading.Tasks.Task:FinishStageThree ()
System.Threading.Tasks.Task`1<Unity.Services.Relay.Response`1<Unity.Services.Relay.Models.JoinCodeResponseBody>>:TrySetResult (Unity.Services.Relay.Response`1<Unity.Services.Relay.Models.JoinCodeResponseBody>)
System.Runtime.CompilerServices.AsyncTaskMethodBuilder`1<Unity.Services.Relay.Response`1<Unity.Services.Relay.Models.JoinCodeResponseBody>>:SetResult (Unity.Services.Relay.Response`1<Unity.Services.Relay.Models.JoinCodeResponseBody>)
Unity.Services.Relay.Apis.RelayAllocations.RelayAllocationsApiClient/<CreateJoincodeAsync>d__8:MoveNext () (at ./Library/PackageCache/com.unity.services.multiplayer@a6d6ce688d71/Runtime/Relay/Apis/RelayAllocationsApi.cs:160)
System.Runtime.CompilerServices.AsyncMethodBuilderCore/MoveNextRunner:InvokeMoveNext (object)
System.Threading.ExecutionContext:RunInternal (System.Threading.ExecutionContext,System.Threading.ContextCallback,object,bool)
System.Threading.ExecutionContext:Run (System.Threading.ExecutionContext,System.Threading.ContextCallback,object,bool)
System.Runtime.CompilerServices.AsyncMethodBuilderCore/MoveNextRunner:Run ()
System.Threading.Tasks.AwaitTaskContinuation:InvokeAction (object)
System.Threading.Tasks.AwaitTaskContinuation:RunCallback (System.Threading.ContextCallback,object,System.Threading.Tasks.Task&)
System.Threading.Tasks.SynchronizationContextAwaitTaskContinuation:Run (System.Threading.Tasks.Task,bool)
System.Threading.Tasks.Task:FinishContinuations ()
System.Threading.Tasks.Task:FinishStageThree ()
System.Threading.Tasks.Task`1<Unity.Services.Relay.Http.HttpClientResponse>:TrySetResult (Unity.Services.Relay.Http.HttpClientResponse)
System.Runtime.CompilerServices.AsyncTaskMethodBuilder`1<Unity.Services.Relay.Http.HttpClientResponse>:SetResult (Unity.Services.Relay.Http.HttpClientResponse)
Unity.Services.Relay.Http.HttpClient/<MakeRequestAsync>d__1:MoveNext () (at ./Library/PackageCache/com.unity.services.multiplayer@a6d6ce688d71/Runtime/Relay/Http/HttpClient.cs:41)
System.Runtime.CompilerServices.AsyncMethodBuilderCore/MoveNextRunner:InvokeMoveNext (object)
System.Threading.ExecutionContext:RunInternal (System.Threading.ExecutionContext,System.Threading.ContextCallback,object,bool)
System.Threading.ExecutionContext:Run (System.Threading.ExecutionContext,System.Threading.ContextCallback,object,bool)
System.Runtime.CompilerServices.AsyncMethodBuilderCore/MoveNextRunner:Run ()
System.Threading.Tasks.AwaitTaskContinuation:InvokeAction (object)
System.Threading.Tasks.AwaitTaskContinuation:RunCallback (System.Threading.ContextCallback,object,System.Threading.Tasks.Task&)
System.Threading.Tasks.SynchronizationContextAwaitTaskContinuation:Run (System.Threading.Tasks.Task,bool)
System.Threading.Tasks.Task:FinishContinuations ()
System.Threading.Tasks.Task:FinishStageThree ()
System.Threading.Tasks.Task`1<Unity.Services.Relay.Http.HttpClientResponse>:TrySetResult (Unity.Services.Relay.Http.HttpClientResponse)
System.Runtime.CompilerServices.AsyncTaskMethodBuilder`1<Unity.Services.Relay.Http.HttpClientResponse>:SetResult (Unity.Services.Relay.Http.HttpClientResponse)
Unity.Services.Relay.Http.HttpClient/<CreateWebRequestAsync>d__3:MoveNext () (at ./Library/PackageCache/com.unity.services.multiplayer@a6d6ce688d71/Runtime/Relay/Http/HttpClient.cs:56)
System.Runtime.CompilerServices.AsyncMethodBuilderCore/MoveNextRunner:InvokeMoveNext (object)
System.Threading.ExecutionContext:RunInternal (System.Threading.ExecutionContext,System.Threading.ContextCallback,object,bool)
System.Threading.ExecutionContext:Run (System.Threading.ExecutionContext,System.Threading.ContextCallback,object,bool)
System.Runtime.CompilerServices.AsyncMethodBuilderCore/MoveNextRunner:Run ()
System.Threading.Tasks.AwaitTaskContinuation:InvokeAction (object)
System.Threading.Tasks.AwaitTaskContinuation:RunCallback (System.Threading.ContextCallback,object,System.Threading.Tasks.Task&)
System.Threading.Tasks.SynchronizationContextAwaitTaskContinuation:Run (System.Threading.Tasks.Task,bool)
System.Threading.Tasks.Task:FinishContinuations ()
System.Threading.Tasks.Task:FinishStageThree ()
System.Threading.Tasks.Task`1<Unity.Services.Relay.Http.HttpClientResponse>:TrySetResult (Unity.Services.Relay.Http.HttpClientResponse)
System.Runtime.CompilerServices.AsyncTaskMethodBuilder`1<Unity.Services.Relay.Http.HttpClientResponse>:SetResult (Unity.Services.Relay.Http.HttpClientResponse)
Unity.Services.Relay.Http.HttpClient/<CreateHttpClientResponse>d__4:MoveNext () (at ./Library/PackageCache/com.unity.services.multiplayer@a6d6ce688d71/Runtime/Relay/Http/HttpClient.cs:84)
System.Runtime.CompilerServices.AsyncMethodBuilderCore/MoveNextRunner:InvokeMoveNext (object)
System.Threading.ExecutionContext:RunInternal (System.Threading.ExecutionContext,System.Threading.ContextCallback,object,bool)
System.Threading.ExecutionContext:Run (System.Threading.ExecutionContext,System.Threading.ContextCallback,object,bool)
System.Runtime.CompilerServices.AsyncMethodBuilderCore/MoveNextRunner:Run ()
System.Threading.Tasks.AwaitTaskContinuation:InvokeAction (object)
System.Threading.Tasks.AwaitTaskContinuation:RunCallback (System.Threading.ContextCallback,object,System.Threading.Tasks.Task&)
System.Threading.Tasks.SynchronizationContextAwaitTaskContinuation:Run (System.Threading.Tasks.Task,bool)
System.Threading.Tasks.Task:FinishContinuations ()
System.Threading.Tasks.Task:FinishStageThree ()
System.Threading.Tasks.Task`1<Unity.Services.Relay.Http.HttpClientResponse>:TrySetResult (Unity.Services.Relay.Http.HttpClientResponse)
System.Runtime.CompilerServices.AsyncTaskMethodBuilder`1<Unity.Services.Relay.Http.HttpClientResponse>:SetResult (Unity.Services.Relay.Http.HttpClientResponse)
Unity.Services.Relay.Http.HttpClient/<>c__DisplayClass4_0/<<CreateHttpClientResponse>b__0>d:MoveNext () (at ./Library/PackageCache/com.unity.services.multiplayer@a6d6ce688d71/Runtime/Relay/Http/HttpClient.cs:81)
System.Runtime.CompilerServices.AsyncMethodBuilderCore/MoveNextRunner:InvokeMoveNext (object)
System.Threading.ExecutionContext:RunInternal (System.Threading.ExecutionContext,System.Threading.ContextCallback,object,bool)
System.Threading.ExecutionContext:Run (System.Threading.ExecutionContext,System.Threading.ContextCallback,object,bool)
System.Runtime.CompilerServices.AsyncMethodBuilderCore/MoveNextRunner:Run ()
System.Threading.Tasks.AwaitTaskContinuation:InvokeAction (object)
System.Threading.Tasks.AwaitTaskContinuation:RunCallback (System.Threading.ContextCallback,object,System.Threading.Tasks.Task&)
System.Threading.Tasks.SynchronizationContextAwaitTaskContinuation:Run (System.Threading.Tasks.Task,bool)
System.Threading.Tasks.Task:FinishContinuations ()
System.Threading.Tasks.Task:FinishStageThree ()
System.Threading.Tasks.Task`1<Unity.Services.Relay.Http.HttpClientResponse>:TrySetResult (Unity.Services.Relay.Http.HttpClientResponse)
System.Threading.Tasks.TaskCompletionSource`1<Unity.Services.Relay.Http.HttpClientResponse>:TrySetResult (Unity.Services.Relay.Http.HttpClientResponse)
System.Threading.Tasks.TaskCompletionSource`1<Unity.Services.Relay.Http.HttpClientResponse>:SetResult (Unity.Services.Relay.Http.HttpClientResponse)
Unity.Services.Relay.Http.UnityWebRequestHelpers/<>c__DisplayClass0_0:<GetAwaiter>b__0 (UnityEngine.AsyncOperation) (at ./Library/PackageCache/com.unity.services.multiplayer@a6d6ce688d71/Runtime/Relay/Http/UnityWebRequestHelpers.cs:34)
UnityEngine.AsyncOperation:InvokeCompletionEvent () (at C:/build/output/unity/unity/Runtime/Export/Scripting/AsyncOperation.cs:24)

(Filename: C:/build/output/unity/unity/Runtime/Export/Debug/Debug.bindings.cs Line: 128)

PHS_RUN_INCIDENT_READY server=True state=Inactive stage=0 revision=1 commands=0
UnityEngine.Debug:ExtractStackTraceNoAlloc (byte*,int,string)
UnityEngine.StackTraceUtility:ExtractStackTrace () (at C:/build/output/unity/unity/Runtime/Export/Scripting/StackTrace.cs:35)
UnityEngine.DebugLogHandler:Internal_Log (UnityEngine.LogType,UnityEngine.LogOption,string,UnityEngine.Object)
UnityEngine.DebugLogHandler:LogFormat (UnityEngine.LogType,UnityEngine.Object,string,object[]) (at C:/build/output/unity/unity/Runtime/Export/Logging/DebugLogHandler.cs:9)
UnityEngine.Logger:Log (UnityEngine.LogType,object,UnityEngine.Object) (at C:/build/output/unity/unity/Runtime/Export/Logging/Logger.cs:66)
UnityEngine.Debug:Log (object,UnityEngine.Object) (at C:/build/output/unity/unity/Runtime/Export/Debug/Debug.bindings.cs:128)
LastJumpCrew.ParkHanSol.Multiplayer.NetworkRunIncidentLedger:OnNetworkSpawn () (at E:/UNITY/LastJumpCrew/Assets/02. ParkHanSol_TeamLeader_Build & Multi/02. Script/Multiplayer/Incidents/NetworkRunIncidentLedger.cs:83)
Unity.Netcode.NetworkBehaviour:NetworkSpawn () (at ./Library/PackageCache/com.unity.netcode.gameobjects@0f12e689d980/Runtime/Core/NetworkBehaviour.cs:813)
Unity.Netcode.NetworkObject:InvokeBehaviourNetworkSpawn () (at ./Library/PackageCache/com.unity.netcode.gameobjects@0f12e689d980/Runtime/Core/NetworkObject.cs:2698)
Unity.Netcode.NetworkSpawnManager:SpawnNetworkObjectLocallyCommon (Unity.Netcode.NetworkObject,ulong,bool,bool,ulong,bool) (at ./Library/PackageCache/com.unity.netcode.gameobjects@0f12e689d980/Runtime/Spawning/NetworkSpawnManager.cs:1384)
Unity.Netcode.NetworkSpawnManager:AuthorityLocalSpawn (Unity.Netcode.NetworkObject,ulong,bool,bool,ulong,bool) (at ./Library/PackageCache/com.unity.netcode.gameobjects@0f12e689d980/Runtime/Spawning/NetworkSpawnManager.cs:1182)
Unity.Netcode.NetworkObject:SpawnWithOwnership (ulong,bool) (at ./Library/PackageCache/com.unity.netcode.gameobjects@0f12e689d980/Runtime/Core/NetworkObject.cs:2026)
Unity.Netcode.NetworkSpawnManager:InstantiateAndSpawnNoParameterChecks (Unity.Netcode.NetworkObject,Unity.Netcode.NetworkManager,ulong,bool,bool,bool,UnityEngine.Vector3,UnityEngine.Quaternion) (at ./Library/PackageCache/com.unity.netcode.gameobjects@0f12e689d980/Runtime/Spawning/NetworkSpawnManager.cs:853)
Unity.Netcode.NetworkSpawnManager:InstantiateAndSpawn (Unity.Netcode.NetworkObject,ulong,bool,bool,bool,UnityEngine.Vector3,UnityEngine.Quaternion) (at ./Library/PackageCache/com.unity.netcode.gameobjects@0f12e689d980/Runtime/Spawning/NetworkSpawnManager.cs:811)
LastJumpCrew.ParkHanSol.Multiplayer.NetworkRunSessionRootBootstrap:TrySpawnServerRoot () (at E:/UNITY/LastJumpCrew/Assets/02. ParkHanSol_TeamLeader_Build & Multi/02. Script/Multiplayer/RunFlow/NetworkRunSessionRootBootstrap.cs:86)
LastJumpCrew.ParkHanSol.Multiplayer.NetworkRunSessionRootBootstrap:HandleServerStarted () (at E:/UNITY/LastJumpCrew/Assets/02. ParkHanSol_TeamLeader_Build & Multi/02. Script/Multiplayer/RunFlow/NetworkRunSessionRootBootstrap.cs:61)
Unity.Netcode.NetworkManager:HostServerInitialize () (at ./Library/PackageCache/com.unity.netcode.gameobjects@0f12e689d980/Runtime/Core/NetworkManager.cs:1530)
Unity.Netcode.NetworkManager:StartHost () (at ./Library/PackageCache/com.unity.netcode.gameobjects@0f12e689d980/Runtime/Core/NetworkManager.cs:1483)
Unity.Services.Multiplayer.NetworkManagerSession:SetupNetworkManagerLifecycleMonitoring (System.Threading.CancellationToken) (at ./Library/PackageCache/com.unity.services.multiplayer@a6d6ce688d71/Runtime/Multiplayer/Modules/Network/Handlers/NetworkHandler/NetworkManagerSession.cs:328)
Unity.Services.Multiplayer.NetworkManagerSession/<StartAsync>d__28:MoveNext () (at ./Library/PackageCache/com.unity.services.multiplayer@a6d6ce688d71/Runtime/Multiplayer/Modules/Network/Handlers/NetworkHandler/NetworkManagerSession.cs:165)
System.Runtime.CompilerServices.AsyncTaskMethodBuilder:Start<Unity.Services.Multiplayer.NetworkManagerSession/<StartAsync>d__28> (Unity.Services.Multiplayer.NetworkManagerSession/<StartAsync>d__28&)
Unity.Services.Multiplayer.NetworkManagerSession:StartAsync (System.Threading.CancellationToken)
Unity.Services.Multiplayer.GameObjectsNetcodeNetworkHandler/<StartAsync>d__4:MoveNext () (at ./Library/PackageCache/com.unity.services.multiplayer@a6d6ce688d71/Runtime/Multiplayer/Modules/Network/Handlers/NetworkHandler/GameObjectsNetcodeNetworkHandler.cs:77)
System.Runtime.CompilerServices.AsyncTaskMethodBuilder:Start<Unity.Services.Multiplayer.GameObjectsNetcodeNetworkHandler/<StartAsync>d__4> (Unity.Services.Multiplayer.GameObjectsNetcodeNetworkHandler/<StartAsync>d__4&)
Unity.Services.Multiplayer.GameObjectsNetcodeNetworkHandler:StartAsync (Unity.Services.Multiplayer.NetworkConfiguration)
Unity.Services.Multiplayer.NetworkModule:StartNetworkHandlerAsync (Unity.Services.Multiplayer.NetworkConfiguration) (at ./Library/PackageCache/com.unity.services.multiplayer@a6d6ce688d71/Runtime/Multiplayer/Modules/Network/NetworkModule.cs:554)
Unity.Services.Multiplayer.NetworkModule/<StartNetworkWithOptionsAsync>d__64:MoveNext () (at ./Library/PackageCache/com.unity.services.multiplayer@a6d6ce688d71/Runtime/Multiplayer/Modules/Network/NetworkModule.cs:303)
System.Runtime.CompilerServices.AsyncMethodBuilderCore/MoveNextRunner:InvokeMoveNext (object)
System.Threading.ExecutionContext:RunInternal (System.Threading.ExecutionContext,System.Threading.ContextCallback,object,bool)
System.Threading.ExecutionContext:Run (System.Threading.ExecutionContext,System.Threading.ContextCallback,object,bool)
System.Runtime.CompilerServices.AsyncMethodBuilderCore/MoveNextRunner:Run ()
System.Threading.Tasks.AwaitTaskContinuation:InvokeAction (object)
System.Threading.Tasks.AwaitTaskContinuation:RunCallback (System.Threading.ContextCallback,object,System.Threading.Tasks.Task&)
System.Threading.Tasks.SynchronizationContextAwaitTaskContinuation:Run (System.Threading.Tasks.Task,bool)
System.Threading.Tasks.Task:FinishContinuations ()
System.Threading.Tasks.Task:FinishStageThree ()
System.Threading.Tasks.Task`1<System.Threading.Tasks.VoidTaskResult>:TrySetResult (System.Threading.Tasks.VoidTaskResult)
System.Runtime.CompilerServices.AsyncTaskMethodBuilder`1<System.Threading.Tasks.VoidTaskResult>:SetResult (System.Threading.Tasks.VoidTaskResult)
System.Runtime.CompilerServices.AsyncTaskMethodBuilder`1<System.Threading.Tasks.VoidTaskResult>:SetResult (System.Threading.Tasks.Task`1<System.Threading.Tasks.VoidTaskResult>)
System.Runtime.CompilerServices.AsyncTaskMethodBuilder:SetResult ()
Unity.Services.Multiplayer.RelayHandler/<FetchJoinCodeAsync>d__22:MoveNext () (at ./Library/PackageCache/com.unity.services.multiplayer@a6d6ce688d71/Runtime/Multiplayer/Modules/Network/Handlers/Relay/RelayHandler.cs:109)
System.Runtime.CompilerServices.AsyncMethodBuilderCore/MoveNextRunner:InvokeMoveNext (object)
System.Threading.ExecutionContext:RunInternal (System.Threading.ExecutionContext,System.Threading.ContextCallback,object,bool)
System.Threading.ExecutionContext:Run (System.Threading.ExecutionContext,System.Threading.ContextCallback,object,bool)
System.Runtime.CompilerServices.AsyncMethodBuilderCore/MoveNextRunner:Run ()
System.Threading.Tasks.AwaitTaskContinuation:InvokeAction (object)
System.Threading.Tasks.AwaitTaskContinuation:RunCallback (System.Threading.ContextCallback,object,System.Threading.Tasks.Task&)
System.Threading.Tasks.SynchronizationContextAwaitTaskContinuation:Run (System.Threading.Tasks.Task,bool)
System.Threading.Tasks.Task:FinishContinuations ()
System.Threading.Tasks.Task:FinishStageThree ()
System.Threading.Tasks.Task`1<string>:TrySetResult (string)
System.Runtime.CompilerServices.AsyncTaskMethodBuilder`1<string>:SetResult (string)
Unity.Services.Relay.WrappedRelayService/<GetJoinCodeAsync>d__11:MoveNext () (at ./Library/PackageCache/com.unity.services.multiplayer@a6d6ce688d71/Runtime/Relay/SDK/WrappedRelayService.cs:134)
System.Runtime.CompilerServices.AsyncMethodBuilderCore/MoveNextRunner:InvokeMoveNext (object)
System.Threading.ExecutionContext:RunInternal (System.Threading.ExecutionContext,System.Threading.ContextCallback,object,bool)
System.Threading.ExecutionContext:Run (System.Threading.ExecutionContext,System.Threading.ContextCallback,object,bool)
System.Runtime.CompilerServices.AsyncMethodBuilderCore/MoveNextRunner:Run ()
System.Threading.Tasks.AwaitTaskContinuation:InvokeAction (object)
System.Threading.Tasks.AwaitTaskContinuation:RunCallback (System.Threading.ContextCallback,object,System.Threading.Tasks.Task&)
System.Threading.Tasks.SynchronizationContextAwaitTaskContinuation:Run (System.Threading.Tasks.Task,bool)
System.Threading.Tasks.Task:FinishContinuations ()
System.Threading.Tasks.Task:FinishStageThree ()
System.Threading.Tasks.Task`1<Unity.Services.Relay.Response`1<Unity.Services.Relay.Models.JoinCodeResponseBody>>:TrySetResult (Unity.Services.Relay.Response`1<Unity.Services.Relay.Models.JoinCodeResponseBody>)
System.Runtime.CompilerServices.AsyncTaskMethodBuilder`1<Unity.Services.Relay.Response`1<Unity.Services.Relay.Models.JoinCodeResponseBody>>:SetResult (Unity.Services.Relay.Response`1<Unity.Services.Relay.Models.JoinCodeResponseBody>)
Unity.Services.Relay.Apis.RelayAllocations.RelayAllocationsApiClient/<CreateJoincodeAsync>d__8:MoveNext () (at ./Library/PackageCache/com.unity.services.multiplayer@a6d6ce688d71/Runtime/Relay/Apis/RelayAllocationsApi.cs:160)
System.Runtime.CompilerServices.AsyncMethodBuilderCore/MoveNextRunner:InvokeMoveNext (object)
System.Threading.ExecutionContext:RunInternal (System.Threading.ExecutionContext,System.Threading.ContextCallback,object,bool)
System.Threading.ExecutionContext:Run (System.Threading.ExecutionContext,System.Threading.ContextCallback,object,bool)
System.Runtime.CompilerServices.AsyncMethodBuilderCore/MoveNextRunner:Run ()
System.Threading.Tasks.AwaitTaskContinuation:InvokeAction (object)
System.Threading.Tasks.AwaitTaskContinuation:RunCallback (System.Threading.ContextCallback,object,System.Threading.Tasks.Task&)
System.Threading.Tasks.SynchronizationContextAwaitTaskContinuation:Run (System.Threading.Tasks.Task,bool)
System.Threading.Tasks.Task:FinishContinuations ()
System.Threading.Tasks.Task:FinishStageThree ()
System.Threading.Tasks.Task`1<Unity.Services.Relay.Http.HttpClientResponse>:TrySetResult (Unity.Services.Relay.Http.HttpClientResponse)
System.Runtime.CompilerServices.AsyncTaskMethodBuilder`1<Unity.Services.Relay.Http.HttpClientResponse>:SetResult (Unity.Services.Relay.Http.HttpClientResponse)
Unity.Services.Relay.Http.HttpClient/<MakeRequestAsync>d__1:MoveNext () (at ./Library/PackageCache/com.unity.services.multiplayer@a6d6ce688d71/Runtime/Relay/Http/HttpClient.cs:41)
System.Runtime.CompilerServices.AsyncMethodBuilderCore/MoveNextRunner:InvokeMoveNext (object)
System.Threading.ExecutionContext:RunInternal (System.Threading.ExecutionContext,System.Threading.ContextCallback,object,bool)
System.Threading.ExecutionContext:Run (System.Threading.ExecutionContext,System.Threading.ContextCallback,object,bool)
System.Runtime.CompilerServices.AsyncMethodBuilderCore/MoveNextRunner:Run ()
System.Threading.Tasks.AwaitTaskContinuation:InvokeAction (object)
System.Threading.Tasks.AwaitTaskContinuation:RunCallback (System.Threading.ContextCallback,object,System.Threading.Tasks.Task&)
System.Threading.Tasks.SynchronizationContextAwaitTaskContinuation:Run (System.Threading.Tasks.Task,bool)
System.Threading.Tasks.Task:FinishContinuations ()
System.Threading.Tasks.Task:FinishStageThree ()
System.Threading.Tasks.Task`1<Unity.Services.Relay.Http.HttpClientResponse>:TrySetResult (Unity.Services.Relay.Http.HttpClientResponse)
System.Runtime.CompilerServices.AsyncTaskMethodBuilder`1<Unity.Services.Relay.Http.HttpClientResponse>:SetResult (Unity.Services.Relay.Http.HttpClientResponse)
Unity.Services.Relay.Http.HttpClient/<CreateWebRequestAsync>d__3:MoveNext () (at ./Library/PackageCache/com.unity.services.multiplayer@a6d6ce688d71/Runtime/Relay/Http/HttpClient.cs:56)
System.Runtime.CompilerServices.AsyncMethodBuilderCore/MoveNextRunner:InvokeMoveNext (object)
System.Threading.ExecutionContext:RunInternal (System.Threading.ExecutionContext,System.Threading.ContextCallback,object,bool)
System.Threading.ExecutionContext:Run (System.Threading.ExecutionContext,System.Threading.ContextCallback,object,bool)
System.Runtime.CompilerServices.AsyncMethodBuilderCore/MoveNextRunner:Run ()
System.Threading.Tasks.AwaitTaskContinuation:InvokeAction (object)
System.Threading.Tasks.AwaitTaskContinuation:RunCallback (System.Threading.ContextCallback,object,System.Threading.Tasks.Task&)
System.Threading.Tasks.SynchronizationContextAwaitTaskContinuation:Run (System.Threading.Tasks.Task,bool)
System.Threading.Tasks.Task:FinishContinuations ()
System.Threading.Tasks.Task:FinishStageThree ()
System.Threading.Tasks.Task`1<Unity.Services.Relay.Http.HttpClientResponse>:TrySetResult (Unity.Services.Relay.Http.HttpClientResponse)
System.Runtime.CompilerServices.AsyncTaskMethodBuilder`1<Unity.Services.Relay.Http.HttpClientResponse>:SetResult (Unity.Services.Relay.Http.HttpClientResponse)
Unity.Services.Relay.Http.HttpClient/<CreateHttpClientResponse>d__4:MoveNext () (at ./Library/PackageCache/com.unity.services.multiplayer@a6d6ce688d71/Runtime/Relay/Http/HttpClient.cs:84)
System.Runtime.CompilerServices.AsyncMethodBuilderCore/MoveNextRunner:InvokeMoveNext (object)
System.Threading.ExecutionContext:RunInternal (System.Threading.ExecutionContext,System.Threading.ContextCallback,object,bool)
System.Threading.ExecutionContext:Run (System.Threading.ExecutionContext,System.Threading.ContextCallback,object,bool)
System.Runtime.CompilerServices.AsyncMethodBuilderCore/MoveNextRunner:Run ()
System.Threading.Tasks.AwaitTaskContinuation:InvokeAction (object)
System.Threading.Tasks.AwaitTaskContinuation:RunCallback (System.Threading.ContextCallback,object,System.Threading.Tasks.Task&)
System.Threading.Tasks.SynchronizationContextAwaitTaskContinuation:Run (System.Threading.Tasks.Task,bool)
System.Threading.Tasks.Task:FinishContinuations ()
System.Threading.Tasks.Task:FinishStageThree ()
System.Threading.Tasks.Task`1<Unity.Services.Relay.Http.HttpClientResponse>:TrySetResult (Unity.Services.Relay.Http.HttpClientResponse)
System.Runtime.CompilerServices.AsyncTaskMethodBuilder`1<Unity.Services.Relay.Http.HttpClientResponse>:SetResult (Unity.Services.Relay.Http.HttpClientResponse)
Unity.Services.Relay.Http.HttpClient/<>c__DisplayClass4_0/<<CreateHttpClientResponse>b__0>d:MoveNext () (at ./Library/PackageCache/com.unity.services.multiplayer@a6d6ce688d71/Runtime/Relay/Http/HttpClient.cs:81)
System.Runtime.CompilerServices.AsyncMethodBuilderCore/MoveNextRunner:InvokeMoveNext (object)
System.Threading.ExecutionContext:RunInternal (System.Threading.ExecutionContext,System.Threading.ContextCallback,object,bool)
System.Threading.ExecutionContext:Run (System.Threading.ExecutionContext,System.Threading.ContextCallback,object,bool)
System.Runtime.CompilerServices.AsyncMethodBuilderCore/MoveNextRunner:Run ()
System.Threading.Tasks.AwaitTaskContinuation:InvokeAction (object)
System.Threading.Tasks.AwaitTaskContinuation:RunCallback (System.Threading.ContextCallback,object,System.Threading.Tasks.Task&)
System.Threading.Tasks.SynchronizationContextAwaitTaskContinuation:Run (System.Threading.Tasks.Task,bool)
System.Threading.Tasks.Task:FinishContinuations ()
System.Threading.Tasks.Task:FinishStageThree ()
System.Threading.Tasks.Task`1<Unity.Services.Relay.Http.HttpClientResponse>:TrySetResult (Unity.Services.Relay.Http.HttpClientResponse)
System.Threading.Tasks.TaskCompletionSource`1<Unity.Services.Relay.Http.HttpClientResponse>:TrySetResult (Unity.Services.Relay.Http.HttpClientResponse)
System.Threading.Tasks.TaskCompletionSource`1<Unity.Services.Relay.Http.HttpClientResponse>:SetResult (Unity.Services.Relay.Http.HttpClientResponse)
Unity.Services.Relay.Http.UnityWebRequestHelpers/<>c__DisplayClass0_0:<GetAwaiter>b__0 (UnityEngine.AsyncOperation) (at ./Library/PackageCache/com.unity.services.multiplayer@a6d6ce688d71/Runtime/Relay/Http/UnityWebRequestHelpers.cs:34)
UnityEngine.AsyncOperation:InvokeCompletionEvent () (at C:/build/output/unity/unity/Runtime/Export/Scripting/AsyncOperation.cs:24)

(Filename: C:/build/output/unity/unity/Runtime/Export/Debug/Debug.bindings.cs Line: 128)

PHS_RUN_SESSION_ROOT_SPAWNED prefab=PHS_NetworkRunSessionRoot objectId=2
UnityEngine.Debug:ExtractStackTraceNoAlloc (byte*,int,string)
UnityEngine.StackTraceUtility:ExtractStackTrace () (at C:/build/output/unity/unity/Runtime/Export/Scripting/StackTrace.cs:35)
UnityEngine.DebugLogHandler:Internal_Log (UnityEngine.LogType,UnityEngine.LogOption,string,UnityEngine.Object)
UnityEngine.DebugLogHandler:LogFormat (UnityEngine.LogType,UnityEngine.Object,string,object[]) (at C:/build/output/unity/unity/Runtime/Export/Logging/DebugLogHandler.cs:9)
UnityEngine.Logger:Log (UnityEngine.LogType,object,UnityEngine.Object) (at C:/build/output/unity/unity/Runtime/Export/Logging/Logger.cs:66)
UnityEngine.Debug:Log (object,UnityEngine.Object) (at C:/build/output/unity/unity/Runtime/Export/Debug/Debug.bindings.cs:128)
LastJumpCrew.ParkHanSol.Multiplayer.NetworkRunSessionRootBootstrap:TrySpawnServerRoot () (at E:/UNITY/LastJumpCrew/Assets/02. ParkHanSol_TeamLeader_Build & Multi/02. Script/Multiplayer/RunFlow/NetworkRunSessionRootBootstrap.cs:100)
LastJumpCrew.ParkHanSol.Multiplayer.NetworkRunSessionRootBootstrap:HandleServerStarted () (at E:/UNITY/LastJumpCrew/Assets/02. ParkHanSol_TeamLeader_Build & Multi/02. Script/Multiplayer/RunFlow/NetworkRunSessionRootBootstrap.cs:61)
Unity.Netcode.NetworkManager:HostServerInitialize () (at ./Library/PackageCache/com.unity.netcode.gameobjects@0f12e689d980/Runtime/Core/NetworkManager.cs:1530)
Unity.Netcode.NetworkManager:StartHost () (at ./Library/PackageCache/com.unity.netcode.gameobjects@0f12e689d980/Runtime/Core/NetworkManager.cs:1483)
Unity.Services.Multiplayer.NetworkManagerSession:SetupNetworkManagerLifecycleMonitoring (System.Threading.CancellationToken) (at ./Library/PackageCache/com.unity.services.multiplayer@a6d6ce688d71/Runtime/Multiplayer/Modules/Network/Handlers/NetworkHandler/NetworkManagerSession.cs:328)
Unity.Services.Multiplayer.NetworkManagerSession/<StartAsync>d__28:MoveNext () (at ./Library/PackageCache/com.unity.services.multiplayer@a6d6ce688d71/Runtime/Multiplayer/Modules/Network/Handlers/NetworkHandler/NetworkManagerSession.cs:165)
System.Runtime.CompilerServices.AsyncTaskMethodBuilder:Start<Unity.Services.Multiplayer.NetworkManagerSession/<StartAsync>d__28> (Unity.Services.Multiplayer.NetworkManagerSession/<StartAsync>d__28&)
Unity.Services.Multiplayer.NetworkManagerSession:StartAsync (System.Threading.CancellationToken)
Unity.Services.Multiplayer.GameObjectsNetcodeNetworkHandler/<StartAsync>d__4:MoveNext () (at ./Library/PackageCache/com.unity.services.multiplayer@a6d6ce688d71/Runtime/Multiplayer/Modules/Network/Handlers/NetworkHandler/GameObjectsNetcodeNetworkHandler.cs:77)
System.Runtime.CompilerServices.AsyncTaskMethodBuilder:Start<Unity.Services.Multiplayer.GameObjectsNetcodeNetworkHandler/<StartAsync>d__4> (Unity.Services.Multiplayer.GameObjectsNetcodeNetworkHandler/<StartAsync>d__4&)
Unity.Services.Multiplayer.GameObjectsNetcodeNetworkHandler:StartAsync (Unity.Services.Multiplayer.NetworkConfiguration)
Unity.Services.Multiplayer.NetworkModule:StartNetworkHandlerAsync (Unity.Services.Multiplayer.NetworkConfiguration) (at ./Library/PackageCache/com.unity.services.multiplayer@a6d6ce688d71/Runtime/Multiplayer/Modules/Network/NetworkModule.cs:554)
Unity.Services.Multiplayer.NetworkModule/<StartNetworkWithOptionsAsync>d__64:MoveNext () (at ./Library/PackageCache/com.unity.services.multiplayer@a6d6ce688d71/Runtime/Multiplayer/Modules/Network/NetworkModule.cs:303)
System.Runtime.CompilerServices.AsyncMethodBuilderCore/MoveNextRunner:InvokeMoveNext (object)
System.Threading.ExecutionContext:RunInternal (System.Threading.ExecutionContext,System.Threading.ContextCallback,object,bool)
System.Threading.ExecutionContext:Run (System.Threading.ExecutionContext,System.Threading.ContextCallback,object,bool)
System.Runtime.CompilerServices.AsyncMethodBuilderCore/MoveNextRunner:Run ()
System.Threading.Tasks.AwaitTaskContinuation:InvokeAction (object)
System.Threading.Tasks.AwaitTaskContinuation:RunCallback (System.Threading.ContextCallback,object,System.Threading.Tasks.Task&)
System.Threading.Tasks.SynchronizationContextAwaitTaskContinuation:Run (System.Threading.Tasks.Task,bool)
System.Threading.Tasks.Task:FinishContinuations ()
System.Threading.Tasks.Task:FinishStageThree ()
System.Threading.Tasks.Task`1<System.Threading.Tasks.VoidTaskResult>:TrySetResult (System.Threading.Tasks.VoidTaskResult)
System.Runtime.CompilerServices.AsyncTaskMethodBuilder`1<System.Threading.Tasks.VoidTaskResult>:SetResult (System.Threading.Tasks.VoidTaskResult)
System.Runtime.CompilerServices.AsyncTaskMethodBuilder`1<System.Threading.Tasks.VoidTaskResult>:SetResult (System.Threading.Tasks.Task`1<System.Threading.Tasks.VoidTaskResult>)
System.Runtime.CompilerServices.AsyncTaskMethodBuilder:SetResult ()
Unity.Services.Multiplayer.RelayHandler/<FetchJoinCodeAsync>d__22:MoveNext () (at ./Library/PackageCache/com.unity.services.multiplayer@a6d6ce688d71/Runtime/Multiplayer/Modules/Network/Handlers/Relay/RelayHandler.cs:109)
System.Runtime.CompilerServices.AsyncMethodBuilderCore/MoveNextRunner:InvokeMoveNext (object)
System.Threading.ExecutionContext:RunInternal (System.Threading.ExecutionContext,System.Threading.ContextCallback,object,bool)
System.Threading.ExecutionContext:Run (System.Threading.ExecutionContext,System.Threading.ContextCallback,object,bool)
System.Runtime.CompilerServices.AsyncMethodBuilderCore/MoveNextRunner:Run ()
System.Threading.Tasks.AwaitTaskContinuation:InvokeAction (object)
System.Threading.Tasks.AwaitTaskContinuation:RunCallback (System.Threading.ContextCallback,object,System.Threading.Tasks.Task&)
System.Threading.Tasks.SynchronizationContextAwaitTaskContinuation:Run (System.Threading.Tasks.Task,bool)
System.Threading.Tasks.Task:FinishContinuations ()
System.Threading.Tasks.Task:FinishStageThree ()
System.Threading.Tasks.Task`1<string>:TrySetResult (string)
System.Runtime.CompilerServices.AsyncTaskMethodBuilder`1<string>:SetResult (string)
Unity.Services.Relay.WrappedRelayService/<GetJoinCodeAsync>d__11:MoveNext () (at ./Library/PackageCache/com.unity.services.multiplayer@a6d6ce688d71/Runtime/Relay/SDK/WrappedRelayService.cs:134)
System.Runtime.CompilerServices.AsyncMethodBuilderCore/MoveNextRunner:InvokeMoveNext (object)
System.Threading.ExecutionContext:RunInternal (System.Threading.ExecutionContext,System.Threading.ContextCallback,object,bool)
System.Threading.ExecutionContext:Run (System.Threading.ExecutionContext,System.Threading.ContextCallback,object,bool)
System.Runtime.CompilerServices.AsyncMethodBuilderCore/MoveNextRunner:Run ()
System.Threading.Tasks.AwaitTaskContinuation:InvokeAction (object)
System.Threading.Tasks.AwaitTaskContinuation:RunCallback (System.Threading.ContextCallback,object,System.Threading.Tasks.Task&)
System.Threading.Tasks.SynchronizationContextAwaitTaskContinuation:Run (System.Threading.Tasks.Task,bool)
System.Threading.Tasks.Task:FinishContinuations ()
System.Threading.Tasks.Task:FinishStageThree ()
System.Threading.Tasks.Task`1<Unity.Services.Relay.Response`1<Unity.Services.Relay.Models.JoinCodeResponseBody>>:TrySetResult (Unity.Services.Relay.Response`1<Unity.Services.Relay.Models.JoinCodeResponseBody>)
System.Runtime.CompilerServices.AsyncTaskMethodBuilder`1<Unity.Services.Relay.Response`1<Unity.Services.Relay.Models.JoinCodeResponseBody>>:SetResult (Unity.Services.Relay.Response`1<Unity.Services.Relay.Models.JoinCodeResponseBody>)
Unity.Services.Relay.Apis.RelayAllocations.RelayAllocationsApiClient/<CreateJoincodeAsync>d__8:MoveNext () (at ./Library/PackageCache/com.unity.services.multiplayer@a6d6ce688d71/Runtime/Relay/Apis/RelayAllocationsApi.cs:160)
System.Runtime.CompilerServices.AsyncMethodBuilderCore/MoveNextRunner:InvokeMoveNext (object)
System.Threading.ExecutionContext:RunInternal (System.Threading.ExecutionContext,System.Threading.ContextCallback,object,bool)
System.Threading.ExecutionContext:Run (System.Threading.ExecutionContext,System.Threading.ContextCallback,object,bool)
System.Runtime.CompilerServices.AsyncMethodBuilderCore/MoveNextRunner:Run ()
System.Threading.Tasks.AwaitTaskContinuation:InvokeAction (object)
System.Threading.Tasks.AwaitTaskContinuation:RunCallback (System.Threading.ContextCallback,object,System.Threading.Tasks.Task&)
System.Threading.Tasks.SynchronizationContextAwaitTaskContinuation:Run (System.Threading.Tasks.Task,bool)
System.Threading.Tasks.Task:FinishContinuations ()
System.Threading.Tasks.Task:FinishStageThree ()
System.Threading.Tasks.Task`1<Unity.Services.Relay.Http.HttpClientResponse>:TrySetResult (Unity.Services.Relay.Http.HttpClientResponse)
System.Runtime.CompilerServices.AsyncTaskMethodBuilder`1<Unity.Services.Relay.Http.HttpClientResponse>:SetResult (Unity.Services.Relay.Http.HttpClientResponse)
Unity.Services.Relay.Http.HttpClient/<MakeRequestAsync>d__1:MoveNext () (at ./Library/PackageCache/com.unity.services.multiplayer@a6d6ce688d71/Runtime/Relay/Http/HttpClient.cs:41)
System.Runtime.CompilerServices.AsyncMethodBuilderCore/MoveNextRunner:InvokeMoveNext (object)
System.Threading.ExecutionContext:RunInternal (System.Threading.ExecutionContext,System.Threading.ContextCallback,object,bool)
System.Threading.ExecutionContext:Run (System.Threading.ExecutionContext,System.Threading.ContextCallback,object,bool)
System.Runtime.CompilerServices.AsyncMethodBuilderCore/MoveNextRunner:Run ()
System.Threading.Tasks.AwaitTaskContinuation:InvokeAction (object)
System.Threading.Tasks.AwaitTaskContinuation:RunCallback (System.Threading.ContextCallback,object,System.Threading.Tasks.Task&)
System.Threading.Tasks.SynchronizationContextAwaitTaskContinuation:Run (System.Threading.Tasks.Task,bool)
System.Threading.Tasks.Task:FinishContinuations ()
System.Threading.Tasks.Task:FinishStageThree ()
System.Threading.Tasks.Task`1<Unity.Services.Relay.Http.HttpClientResponse>:TrySetResult (Unity.Services.Relay.Http.HttpClientResponse)
System.Runtime.CompilerServices.AsyncTaskMethodBuilder`1<Unity.Services.Relay.Http.HttpClientResponse>:SetResult (Unity.Services.Relay.Http.HttpClientResponse)
Unity.Services.Relay.Http.HttpClient/<CreateWebRequestAsync>d__3:MoveNext () (at ./Library/PackageCache/com.unity.services.multiplayer@a6d6ce688d71/Runtime/Relay/Http/HttpClient.cs:56)
System.Runtime.CompilerServices.AsyncMethodBuilderCore/MoveNextRunner:InvokeMoveNext (object)
System.Threading.ExecutionContext:RunInternal (System.Threading.ExecutionContext,System.Threading.ContextCallback,object,bool)
System.Threading.ExecutionContext:Run (System.Threading.ExecutionContext,System.Threading.ContextCallback,object,bool)
System.Runtime.CompilerServices.AsyncMethodBuilderCore/MoveNextRunner:Run ()
System.Threading.Tasks.AwaitTaskContinuation:InvokeAction (object)
System.Threading.Tasks.AwaitTaskContinuation:RunCallback (System.Threading.ContextCallback,object,System.Threading.Tasks.Task&)
System.Threading.Tasks.SynchronizationContextAwaitTaskContinuation:Run (System.Threading.Tasks.Task,bool)
System.Threading.Tasks.Task:FinishContinuations ()
System.Threading.Tasks.Task:FinishStageThree ()
System.Threading.Tasks.Task`1<Unity.Services.Relay.Http.HttpClientResponse>:TrySetResult (Unity.Services.Relay.Http.HttpClientResponse)
System.Runtime.CompilerServices.AsyncTaskMethodBuilder`1<Unity.Services.Relay.Http.HttpClientResponse>:SetResult (Unity.Services.Relay.Http.HttpClientResponse)
Unity.Services.Relay.Http.HttpClient/<CreateHttpClientResponse>d__4:MoveNext () (at ./Library/PackageCache/com.unity.services.multiplayer@a6d6ce688d71/Runtime/Relay/Http/HttpClient.cs:84)
System.Runtime.CompilerServices.AsyncMethodBuilderCore/MoveNextRunner:InvokeMoveNext (object)
System.Threading.ExecutionContext:RunInternal (System.Threading.ExecutionContext,System.Threading.ContextCallback,object,bool)
System.Threading.ExecutionContext:Run (System.Threading.ExecutionContext,System.Threading.ContextCallback,object,bool)
System.Runtime.CompilerServices.AsyncMethodBuilderCore/MoveNextRunner:Run ()
System.Threading.Tasks.AwaitTaskContinuation:InvokeAction (object)
System.Threading.Tasks.AwaitTaskContinuation:RunCallback (System.Threading.ContextCallback,object,System.Threading.Tasks.Task&)
System.Threading.Tasks.SynchronizationContextAwaitTaskContinuation:Run (System.Threading.Tasks.Task,bool)
System.Threading.Tasks.Task:FinishContinuations ()
System.Threading.Tasks.Task:FinishStageThree ()
System.Threading.Tasks.Task`1<Unity.Services.Relay.Http.HttpClientResponse>:TrySetResult (Unity.Services.Relay.Http.HttpClientResponse)
System.Runtime.CompilerServices.AsyncTaskMethodBuilder`1<Unity.Services.Relay.Http.HttpClientResponse>:SetResult (Unity.Services.Relay.Http.HttpClientResponse)
Unity.Services.Relay.Http.HttpClient/<>c__DisplayClass4_0/<<CreateHttpClientResponse>b__0>d:MoveNext () (at ./Library/PackageCache/com.unity.services.multiplayer@a6d6ce688d71/Runtime/Relay/Http/HttpClient.cs:81)
System.Runtime.CompilerServices.AsyncMethodBuilderCore/MoveNextRunner:InvokeMoveNext (object)
System.Threading.ExecutionContext:RunInternal (System.Threading.ExecutionContext,System.Threading.ContextCallback,object,bool)
System.Threading.ExecutionContext:Run (System.Threading.ExecutionContext,System.Threading.ContextCallback,object,bool)
System.Runtime.CompilerServices.AsyncMethodBuilderCore/MoveNextRunner:Run ()
System.Threading.Tasks.AwaitTaskContinuation:InvokeAction (object)
System.Threading.Tasks.AwaitTaskContinuation:RunCallback (System.Threading.ContextCallback,object,System.Threading.Tasks.Task&)
System.Threading.Tasks.SynchronizationContextAwaitTaskContinuation:Run (System.Threading.Tasks.Task,bool)
System.Threading.Tasks.Task:FinishContinuations ()
System.Threading.Tasks.Task:FinishStageThree ()
System.Threading.Tasks.Task`1<Unity.Services.Relay.Http.HttpClientResponse>:TrySetResult (Unity.Services.Relay.Http.HttpClientResponse)
System.Threading.Tasks.TaskCompletionSource`1<Unity.Services.Relay.Http.HttpClientResponse>:TrySetResult (Unity.Services.Relay.Http.HttpClientResponse)
System.Threading.Tasks.TaskCompletionSource`1<Unity.Services.Relay.Http.HttpClientResponse>:SetResult (Unity.Services.Relay.Http.HttpClientResponse)
Unity.Services.Relay.Http.UnityWebRequestHelpers/<>c__DisplayClass0_0:<GetAwaiter>b__0 (UnityEngine.AsyncOperation) (at ./Library/PackageCache/com.unity.services.multiplayer@a6d6ce688d71/Runtime/Relay/Http/UnityWebRequestHelpers.cs:34)
UnityEngine.AsyncOperation:InvokeCompletionEvent () (at C:/build/output/unity/unity/Runtime/Export/Scripting/AsyncOperation.cs:24)

(Filename: C:/build/output/unity/unity/Runtime/Export/Debug/Debug.bindings.cs Line: 128)

PHS_VOICE_SERVICE_READY
UnityEngine.Debug:ExtractStackTraceNoAlloc (byte*,int,string)
UnityEngine.StackTraceUtility:ExtractStackTrace () (at C:/build/output/unity/unity/Runtime/Export/Scripting/StackTrace.cs:35)
UnityEngine.DebugLogHandler:Internal_Log (UnityEngine.LogType,UnityEngine.LogOption,string,UnityEngine.Object)
UnityEngine.DebugLogHandler:LogFormat (UnityEngine.LogType,UnityEngine.Object,string,object[]) (at C:/build/output/unity/unity/Runtime/Export/Logging/DebugLogHandler.cs:9)
UnityEngine.Logger:Log (UnityEngine.LogType,object) (at C:/build/output/unity/unity/Runtime/Export/Logging/Logger.cs:60)
UnityEngine.Debug:Log (object) (at C:/build/output/unity/unity/Runtime/Export/Debug/Debug.bindings.cs:123)
LastJumpCrew.ParkHanSol.Multiplayer.ProximityVoiceChatSession/<InitializeServicesAsync>d__70:MoveNext () (at E:/UNITY/LastJumpCrew/Assets/02. ParkHanSol_TeamLeader_Build & Multi/02. Script/Multiplayer/ProximityVoiceChatSession.cs:611)
System.Runtime.CompilerServices.AsyncMethodBuilderCore/MoveNextRunner:InvokeMoveNext (object)
System.Threading.ExecutionContext:RunInternal (System.Threading.ExecutionContext,System.Threading.ContextCallback,object,bool)
System.Threading.ExecutionContext:Run (System.Threading.ExecutionContext,System.Threading.ContextCallback,object,bool)
System.Runtime.CompilerServices.AsyncMethodBuilderCore/MoveNextRunner:Run ()
System.Threading.Tasks.AwaitTaskContinuation:InvokeAction (object)
System.Threading.Tasks.AwaitTaskContinuation:RunCallback (System.Threading.ContextCallback,object,System.Threading.Tasks.Task&)
System.Threading.Tasks.SynchronizationContextAwaitTaskContinuation:Run (System.Threading.Tasks.Task,bool)
System.Threading.Tasks.Task:FinishContinuations ()
System.Threading.Tasks.Task:FinishStageThree ()
System.Threading.Tasks.Task`1<System.Threading.Tasks.VoidTaskResult>:TrySetResult (System.Threading.Tasks.VoidTaskResult)
System.Runtime.CompilerServices.AsyncTaskMethodBuilder`1<System.Threading.Tasks.VoidTaskResult>:SetResult (System.Threading.Tasks.VoidTaskResult)
System.Runtime.CompilerServices.AsyncTaskMethodBuilder`1<System.Threading.Tasks.VoidTaskResult>:SetResult (System.Threading.Tasks.Task`1<System.Threading.Tasks.VoidTaskResult>)
System.Runtime.CompilerServices.AsyncTaskMethodBuilder:SetResult ()
Unity.Services.Vivox.VivoxServiceInternal/<InitializeAsync>d__153:MoveNext () (at ./Library/PackageCache/com.unity.services.vivox@3c02b450f2ee/Runtime/VivoxServiceInternal.cs:202)
System.Runtime.CompilerServices.AsyncMethodBuilderCore/MoveNextRunner:InvokeMoveNext (object)
System.Threading.ExecutionContext:RunInternal (System.Threading.ExecutionContext,System.Threading.ContextCallback,object,bool)
System.Threading.ExecutionContext:Run (System.Threading.ExecutionContext,System.Threading.ContextCallback,object,bool)
System.Runtime.CompilerServices.AsyncMethodBuilderCore/MoveNextRunner:Run ()
System.Threading.Tasks.AwaitTaskContinuation:InvokeAction (object)
System.Threading.Tasks.AwaitTaskContinuation:RunCallback (System.Threading.ContextCallback,object,System.Threading.Tasks.Task&)
System.Threading.Tasks.SynchronizationContextAwaitTaskContinuation:Run (System.Threading.Tasks.Task,bool)
System.Threading.Tasks.Task:FinishContinuations ()
System.Threading.Tasks.Task:FinishStageThree ()
System.Threading.Tasks.Task`1<System.Threading.Tasks.VoidTaskResult>:TrySetResult (System.Threading.Tasks.VoidTaskResult)
System.Runtime.CompilerServices.AsyncTaskMethodBuilder`1<System.Threading.Tasks.VoidTaskResult>:SetResult (System.Threading.Tasks.VoidTaskResult)
System.Runtime.CompilerServices.AsyncTaskMethodBuilder`1<System.Threading.Tasks.VoidTaskResult>:SetResult (System.Threading.Tasks.Task`1<System.Threading.Tasks.VoidTaskResult>)
System.Runtime.CompilerServices.AsyncTaskMethodBuilder:SetResult ()
Unity.Services.Vivox.Client/<InitializeAsync>d__21:MoveNext () (at ./Library/PackageCache/com.unity.services.vivox@3c02b450f2ee/Runtime/VivoxUnity/Client.cs:90)
System.Runtime.CompilerServices.AsyncMethodBuilderCore/MoveNextRunner:InvokeMoveNext (object)
System.Threading.ExecutionContext:RunInternal (System.Threading.ExecutionContext,System.Threading.ContextCallback,object,bool)
System.Threading.ExecutionContext:Run (System.Threading.ExecutionContext,System.Threading.ContextCallback,object,bool)
System.Runtime.CompilerServices.AsyncMethodBuilderCore/MoveNextRunner:Run ()
System.Threading.Tasks.AwaitTaskContinuation:InvokeAction (object)
System.Threading.Tasks.AwaitTaskContinuation:RunCallback (System.Threading.ContextCallback,object,System.Threading.Tasks.Task&)
System.Threading.Tasks.SynchronizationContextAwaitTaskContinuation:Run (System.Threading.Tasks.Task,bool)
System.Threading.Tasks.Task:FinishContinuations ()
System.Threading.Tasks.Task:FinishStageThree ()
System.Threading.Tasks.Task`1<System.Threading.Tasks.VoidTaskResult>:TrySetResult (System.Threading.Tasks.VoidTaskResult)
System.Runtime.CompilerServices.AsyncTaskMethodBuilder`1<System.Threading.Tasks.VoidTaskResult>:SetResult (System.Threading.Tasks.VoidTaskResult)
System.Runtime.CompilerServices.AsyncTaskMethodBuilder`1<System.Threading.Tasks.VoidTaskResult>:SetResult (System.Threading.Tasks.Task`1<System.Threading.Tasks.VoidTaskResult>)
System.Runtime.CompilerServices.AsyncTaskMethodBuilder:SetResult ()
Unity.Services.Vivox.AudioOutputDevices/<RefreshDevicesAsync>d__46:MoveNext () (at ./Library/PackageCache/com.unity.services.vivox@3c02b450f2ee/Runtime/VivoxUnity/Private/AudioOutputDevices.cs:349)
System.Runtime.CompilerServices.AsyncMethodBuilderCore/MoveNextRunner:InvokeMoveNext (object)
System.Threading.ExecutionContext:RunInternal (System.Threading.ExecutionContext,System.Threading.ContextCallback,object,bool)
System.Threading.ExecutionContext:Run (System.Threading.ExecutionContext,System.Threading.ContextCallback,object,bool)
System.Runtime.CompilerServices.AsyncMethodBuilderCore/MoveNextRunner:Run ()
System.Threading.Tasks.SynchronizationContextAwaitTaskContinuation/<>c:<.cctor>b__7_0 (object)
UnityEngine.UnitySynchronizationContext/WorkRequest:Invoke () (at C:/build/output/unity/unity/Runtime/Export/Scripting/UnitySynchronizationContext.cs:156)
UnityEngine.UnitySynchronizationContext:Exec () (at C:/build/output/unity/unity/Runtime/Export/Scripting/UnitySynchronizationContext.cs:84)
UnityEngine.UnitySynchronizationContext:ExecuteTasks () (at C:/build/output/unity/unity/Runtime/Export/Scripting/UnitySynchronizationContext.cs:110)

(Filename: C:/build/output/unity/unity/Runtime/Export/Debug/Debug.bindings.cs Line: 123)

PHS_ROOM_CREATE_OK sessionId=fj5nK7xP7SKngjBbcQrYyC name=Last Jump Crew Room players=1/8 password=False
UnityEngine.Debug:ExtractStackTraceNoAlloc (byte*,int,string)
UnityEngine.StackTraceUtility:ExtractStackTrace () (at C:/build/output/unity/unity/Runtime/Export/Scripting/StackTrace.cs:35)
UnityEngine.DebugLogHandler:Internal_Log (UnityEngine.LogType,UnityEngine.LogOption,string,UnityEngine.Object)
UnityEngine.DebugLogHandler:LogFormat (UnityEngine.LogType,UnityEngine.Object,string,object[]) (at C:/build/output/unity/unity/Runtime/Export/Logging/DebugLogHandler.cs:9)
UnityEngine.Logger:Log (UnityEngine.LogType,object) (at C:/build/output/unity/unity/Runtime/Export/Logging/Logger.cs:60)
UnityEngine.Debug:Log (object) (at C:/build/output/unity/unity/Runtime/Export/Debug/Debug.bindings.cs:123)
LastJumpCrew.ParkHanSol.Multiplayer.MultiplayerRoomService/<CreateRoomAsync>d__33:MoveNext () (at E:/UNITY/LastJumpCrew/Assets/02. ParkHanSol_TeamLeader_Build & Multi/02. Script/Multiplayer/MultiplayerRoomService.cs:156)
System.Runtime.CompilerServices.AsyncMethodBuilderCore/MoveNextRunner:InvokeMoveNext (object)
System.Threading.ExecutionContext:RunInternal (System.Threading.ExecutionContext,System.Threading.ContextCallback,object,bool)
System.Threading.ExecutionContext:Run (System.Threading.ExecutionContext,System.Threading.ContextCallback,object,bool)
System.Runtime.CompilerServices.AsyncMethodBuilderCore/MoveNextRunner:Run ()
System.Threading.Tasks.AwaitTaskContinuation:InvokeAction (object)
System.Threading.Tasks.AwaitTaskContinuation:RunCallback (System.Threading.ContextCallback,object,System.Threading.Tasks.Task&)
System.Threading.Tasks.SynchronizationContextAwaitTaskContinuation:Run (System.Threading.Tasks.Task,bool)
System.Threading.Tasks.Task:FinishContinuations ()
System.Threading.Tasks.Task:FinishStageThree ()
System.Threading.Tasks.Task`1<Unity.Services.Multiplayer.IHostSession>:TrySetResult (Unity.Services.Multiplayer.IHostSession)
System.Runtime.CompilerServices.AsyncTaskMethodBuilder`1<Unity.Services.Multiplayer.IHostSession>:SetResult (Unity.Services.Multiplayer.IHostSession)
Unity.Services.Multiplayer.WrappedMultiplayerService/<CreateSessionAsync>d__20:MoveNext () (at ./Library/PackageCache/com.unity.services.multiplayer@a6d6ce688d71/Runtime/Multiplayer/WrappedMultiplayerService.cs:65)
System.Runtime.CompilerServices.AsyncMethodBuilderCore/MoveNextRunner:InvokeMoveNext (object)
System.Threading.ExecutionContext:RunInternal (System.Threading.ExecutionContext,System.Threading.ContextCallback,object,bool)
System.Threading.ExecutionContext:Run (System.Threading.ExecutionContext,System.Threading.ContextCallback,object,bool)
System.Runtime.CompilerServices.AsyncMethodBuilderCore/MoveNextRunner:Run ()
System.Threading.Tasks.AwaitTaskContinuation:InvokeAction (object)
System.Threading.Tasks.AwaitTaskContinuation:RunCallback (System.Threading.ContextCallback,object,System.Threading.Tasks.Task&)
System.Threading.Tasks.SynchronizationContextAwaitTaskContinuation:Run (System.Threading.Tasks.Task,bool)
System.Threading.Tasks.Task:FinishContinuations ()
System.Threading.Tasks.Task:FinishStageThree ()
System.Threading.Tasks.Task`1<Unity.Services.Multiplayer.SessionHandler>:TrySetResult (Unity.Services.Multiplayer.SessionHandler)
System.Runtime.CompilerServices.AsyncTaskMethodBuilder`1<Unity.Services.Multiplayer.SessionHandler>:SetResult (Unity.Services.Multiplayer.SessionHandler)
Unity.Services.Multiplayer.SessionManager/<CreateAsync>d__17:MoveNext () (at ./Library/PackageCache/com.unity.services.multiplayer@a6d6ce688d71/Runtime/Multiplayer/Session/SessionManager.cs:88)
System.Runtime.CompilerServices.AsyncMethodBuilderCore/MoveNextRunner:InvokeMoveNext (object)
System.Threading.ExecutionContext:RunInternal (System.Threading.ExecutionContext,System.Threading.ContextCallback,object,bool)
System.Threading.ExecutionContext:Run (System.Threading.ExecutionContext,System.Threading.ContextCallback,object,bool)
System.Runtime.CompilerServices.AsyncMethodBuilderCore/MoveNextRunner:Run ()
System.Threading.Tasks.AwaitTaskContinuation:InvokeAction (object)
System.Threading.Tasks.AwaitTaskContinuation:RunCallback (System.Threading.ContextCallback,object,System.Threading.Tasks.Task&)
System.Threading.Tasks.SynchronizationContextAwaitTaskContinuation:Run (System.Threading.Tasks.Task,bool)
System.Threading.Tasks.Task:FinishContinuations ()
System.Threading.Tasks.Task:FinishStageThree ()
System.Threading.Tasks.Task`1<Unity.Services.Multiplayer.SessionHandler>:TrySetResult (Unity.Services.Multiplayer.SessionHandler)
System.Runtime.CompilerServices.AsyncTaskMethodBuilder`1<Unity.Services.Multiplayer.SessionHandler>:SetResult (Unity.Services.Multiplayer.SessionHandler)
Unity.Services.Multiplayer.SessionManager/<SetupSessionAsync>d__24:MoveNext () (at ./Library/PackageCache/com.unity.services.multiplayer@a6d6ce688d71/Runtime/Multiplayer/Session/SessionManager.cs:271)
System.Runtime.CompilerServices.AsyncMethodBuilderCore/MoveNextRunner:InvokeMoveNext (object)
System.Threading.ExecutionContext:RunInternal (System.Threading.ExecutionContext,System.Threading.ContextCallback,object,bool)
System.Threading.ExecutionContext:Run (System.Threading.ExecutionContext,System.Threading.ContextCallback,object,bool)
System.Runtime.CompilerServices.AsyncMethodBuilderCore/MoveNextRunner:Run ()
System.Threading.Tasks.AwaitTaskContinuation:InvokeAction (object)
System.Threading.Tasks.AwaitTaskContinuation:RunCallback (System.Threading.ContextCallback,object,System.Threading.Tasks.Task&)
System.Threading.Tasks.SynchronizationContextAwaitTaskContinuation:Run (System.Threading.Tasks.Task,bool)
System.Threading.Tasks.Task:FinishContinuations ()
System.Threading.Tasks.Task:FinishStageThree ()
System.Threading.Tasks.Task`1<System.Threading.Tasks.VoidTaskResult>:TrySetResult (System.Threading.Tasks.VoidTaskResult)
System.Runtime.CompilerServices.AsyncTaskMethodBuilder`1<System.Threading.Tasks.VoidTaskResult>:SetResult (System.Threading.Tasks.VoidTaskResult)
System.Runtime.CompilerServices.AsyncTaskMethodBuilder`1<System.Threading.Tasks.VoidTaskResult>:SetResult (System.Threading.Tasks.Task`1<System.Threading.Tasks.VoidTaskResult>)
System.Runtime.CompilerServices.AsyncTaskMethodBuilder:SetResult ()
Unity.Services.Multiplayer.SessionManager/<InitializeModulesAsync>d__27:MoveNext () (at ./Library/PackageCache/com.unity.services.multiplayer@a6d6ce688d71/Runtime/Multiplayer/Session/SessionManager.cs:327)
System.Runtime.CompilerServices.AsyncMethodBuilderCore/MoveNextRunner:InvokeMoveNext (object)
System.Threading.ExecutionContext:RunInternal (System.Threading.ExecutionContext,System.Threading.ContextCallback,object,bool)
System.Threading.ExecutionContext:Run (System.Threading.ExecutionContext,System.Threading.ContextCallback,object,bool)
System.Runtime.CompilerServices.AsyncMethodBuilderCore/MoveNextRunner:Run ()
System.Threading.Tasks.AwaitTaskContinuation:InvokeAction (object)
System.Threading.Tasks.AwaitTaskContinuation:RunCallback (System.Threading.ContextCallback,object,System.Threading.Tasks.Task&)
System.Threading.Tasks.SynchronizationContextAwaitTaskContinuation:Run (System.Threading.Tasks.Task,bool)
System.Threading.Tasks.Task:FinishContinuations ()
System.Threading.Tasks.Task:FinishStageThree ()
System.Threading.Tasks.Task`1<System.Threading.Tasks.VoidTaskResult>:TrySetResult (System.Threading.Tasks.VoidTaskResult)
System.Runtime.CompilerServices.AsyncTaskMethodBuilder`1<System.Threading.Tasks.VoidTaskResult>:SetResult (System.Threading.Tasks.VoidTaskResult)
System.Runtime.CompilerServices.AsyncTaskMethodBuilder`1<System.Threading.Tasks.VoidTaskResult>:SetResult (System.Threading.Tasks.Task`1<System.Threading.Tasks.VoidTaskResult>)
System.Runtime.CompilerServices.AsyncTaskMethodBuilder:SetResult ()
Unity.Services.Multiplayer.SessionHandler/<InitializeModulesAsync>d__131:MoveNext () (at ./Library/PackageCache/com.unity.services.multiplayer@a6d6ce688d71/Runtime/Multiplayer/Session/SessionHandler.cs:768)
System.Runtime.CompilerServices.AsyncMethodBuilderCore/MoveNextRunner:InvokeMoveNext (object)
System.Threading.ExecutionContext:RunInternal (System.Threading.ExecutionContext,System.Threading.ContextCallback,object,bool)
System.Threading.ExecutionContext:Run (System.Threading.ExecutionContext,System.Threading.ContextCallback,object,bool)
System.Runtime.CompilerServices.AsyncMethodBuilderCore/MoveNextRunner:Run ()
System.Threading.Tasks.AwaitTaskContinuation:InvokeAction (object)
System.Threading.Tasks.AwaitTaskContinuation:RunCallback (System.Threading.ContextCallback,object,System.Threading.Tasks.Task&)
System.Threading.Tasks.SynchronizationContextAwaitTaskContinuation:Run (System.Threading.Tasks.Task,bool)
System.Threading.Tasks.Task:FinishContinuations ()
System.Threading.Tasks.Task:FinishStageThree ()
System.Threading.Tasks.Task`1<System.Threading.Tasks.VoidTaskResult>:TrySetResult (System.Threading.Tasks.VoidTaskResult)
System.Runtime.CompilerServices.AsyncTaskMethodBuilder`1<System.Threading.Tasks.VoidTaskResult>:SetResult (System.Threading.Tasks.VoidTaskResult)
System.Runtime.CompilerServices.AsyncTaskMethodBuilder`1<System.Threading.Tasks.VoidTaskResult>:SetResult (System.Threading.Tasks.Task`1<System.Threading.Tasks.VoidTaskResult>)
System.Runtime.CompilerServices.AsyncTaskMethodBuilder:SetResult ()
Unity.Services.Multiplayer.NetworkModule/<StartNetworkWithOptionsAsync>d__64:MoveNext () (at ./Library/PackageCache/com.unity.services.multiplayer@a6d6ce688d71/Runtime/Multiplayer/Modules/Network/NetworkModule.cs:375)
System.Runtime.CompilerServices.AsyncMethodBuilderCore/MoveNextRunner:InvokeMoveNext (object)
System.Threading.ExecutionContext:RunInternal (System.Threading.ExecutionContext,System.Threading.ContextCallback,object,bool)
System.Threading.ExecutionContext:Run (System.Threading.ExecutionContext,System.Threading.ContextCallback,object,bool)
System.Runtime.CompilerServices.AsyncMethodBuilderCore/MoveNextRunner:Run ()
System.Threading.Tasks.AwaitTaskContinuation:InvokeAction (object)
System.Threading.Tasks.AwaitTaskContinuation:RunCallback (System.Threading.ContextCallback,object,System.Threading.Tasks.Task&)
System.Threading.Tasks.SynchronizationContextAwaitTaskContinuation:Run (System.Threading.Tasks.Task,bool)
System.Threading.Tasks.Task:FinishContinuations ()
System.Threading.Tasks.Task:FinishStageThree ()
System.Threading.Tasks.Task`1<System.Threading.Tasks.VoidTaskResult>:TrySetResult (System.Threading.Tasks.VoidTaskResult)
System.Runtime.CompilerServices.AsyncTaskMethodBuilder`1<System.Threading.Tasks.VoidTaskResult>:SetResult (System.Threading.Tasks.VoidTaskResult)
System.Runtime.CompilerServices.AsyncTaskMethodBuilder`1<System.Threading.Tasks.VoidTaskResult>:SetResult (System.Threading.Tasks.Task`1<System.Threading.Tasks.VoidTaskResult>)
System.Runtime.CompilerServices.AsyncTaskMethodBuilder:SetResult ()
Unity.Services.Multiplayer.SessionHandler/<SavePropertiesAsync>d__153:MoveNext () (at ./Library/PackageCache/com.unity.services.multiplayer@a6d6ce688d71/Runtime/Multiplayer/Session/SessionHandler.cs:1057)
System.Runtime.CompilerServices.AsyncMethodBuilderCore/MoveNextRunner:InvokeMoveNext (object)
System.Threading.ExecutionContext:RunInternal (System.Threading.ExecutionContext,System.Threading.ContextCallback,object,bool)
System.Threading.ExecutionContext:Run (System.Threading.ExecutionContext,System.Threading.ContextCallback,object,bool)
System.Runtime.CompilerServices.AsyncMethodBuilderCore/MoveNextRunner:Run ()
System.Threading.Tasks.AwaitTaskContinuation:InvokeAction (object)
System.Threading.Tasks.AwaitTaskContinuation:RunCallback (System.Threading.ContextCallback,object,System.Threading.Tasks.Task&)
System.Threading.Tasks.SynchronizationContextAwaitTaskContinuation:Run (System.Threading.Tasks.Task,bool)
System.Threading.Tasks.Task:FinishContinuations ()
System.Threading.Tasks.Task:FinishStageThree ()
System.Threading.Tasks.Task`1<System.Threading.Tasks.VoidTaskResult>:TrySetResult (System.Threading.Tasks.VoidTaskResult)
System.Runtime.CompilerServices.AsyncTaskMethodBuilder`1<System.Threading.Tasks.VoidTaskResult>:SetResult (System.Threading.Tasks.VoidTaskResult)
System.Runtime.CompilerServices.AsyncTaskMethodBuilder`1<System.Threading.Tasks.VoidTaskResult>:SetResult (System.Threading.Tasks.Task`1<System.Threading.Tasks.VoidTaskResult>)
System.Runtime.CompilerServices.AsyncTaskMethodBuilder:SetResult ()
Unity.Services.Multiplayer.LobbyHandler/<UpdateLobbyAsync>d__89:MoveNext () (at ./Library/PackageCache/com.unity.services.multiplayer@a6d6ce688d71/Runtime/Multiplayer/Lobby/LobbyHandler.cs:483)
System.Runtime.CompilerServices.AsyncMethodBuilderCore/MoveNextRunner:InvokeMoveNext (object)
System.Threading.ExecutionContext:RunInternal (System.Threading.ExecutionContext,System.Threading.ContextCallback,object,bool)
System.Threading.ExecutionContext:Run (System.Threading.ExecutionContext,System.Threading.ContextCallback,object,bool)
System.Runtime.CompilerServices.AsyncMethodBuilderCore/MoveNextRunner:Run ()
System.Threading.Tasks.AwaitTaskContinuation:InvokeAction (object)
System.Threading.Tasks.AwaitTaskContinuation:RunCallback (System.Threading.ContextCallback,object,System.Threading.Tasks.Task&)
System.Threading.Tasks.SynchronizationContextAwaitTaskContinuation:Run (System.Threading.Tasks.Task,bool)
System.Threading.Tasks.Task:FinishContinuations ()
System.Threading.Tasks.Task:FinishStageThree ()
System.Threading.Tasks.Task`1<Unity.Services.Lobbies.Models.Lobby>:TrySetResult (Unity.Services.Lobbies.Models.Lobby)
System.Runtime.CompilerServices.AsyncTaskMethodBuilder`1<Unity.Services.Lobbies.Models.Lobby>:SetResult (Unity.Services.Lobbies.Models.Lobby)
Unity.Services.Lobbies.Internal.WrappedLobbyService/<UpdateLobbyAsync>d__32:MoveNext () (at ./Library/PackageCache/com.unity.services.multiplayer@a6d6ce688d71/Runtime/Lobbies/SDK/WrappedLobbyService.cs:379)
System.Runtime.CompilerServices.AsyncMethodBuilderCore/MoveNextRunner:InvokeMoveNext (object)
System.Threading.ExecutionContext:RunInternal (System.Threading.ExecutionContext,System.Threading.ContextCallback,object,bool)
System.Threading.ExecutionContext:Run (System.Threading.ExecutionContext,System.Threading.ContextCallback,object,bool)
System.Runtime.CompilerServices.AsyncMethodBuilderCore/MoveNextRunner:Run ()
System.Threading.Tasks.AwaitTaskContinuation:InvokeAction (object)
System.Threading.Tasks.AwaitTaskContinuation:RunCallback (System.Threading.ContextCallback,object,System.Threading.Tasks.Task&)
System.Threading.Tasks.SynchronizationContextAwaitTaskContinuation:Run (System.Threading.Tasks.Task,bool)
System.Threading.Tasks.Task:FinishContinuations ()
System.Threading.Tasks.Task:FinishStageThree ()
System.Threading.Tasks.Task`1<Unity.Services.Lobbies.Response`1<Unity.Services.Lobbies.Models.Lobby>>:TrySetResult (Unity.Services.Lobbies.Response`1<Unity.Services.Lobbies.Models.Lobby>)
System.Runtime.CompilerServices.AsyncTaskMethodBuilder`1<Unity.Services.Lobbies.Response`1<Unity.Services.Lobbies.Models.Lobby>>:SetResult (Unity.Services.Lobbies.Response`1<Unity.Services.Lobbies.Models.Lobby>)
Unity.Services.Lobbies.Internal.WrappedLobbyService/<TryCatchRequest>d__42`2<Unity.Services.Lobbies.Lobby.UpdateLobbyRequest, Unity.Services.Lobbies.Models.Lobby>:MoveNext () (at ./Library/PackageCache/com.unity.services.multiplayer@a6d6ce688d71/Runtime/Lobbies/SDK/WrappedLobbyService.cs:609)
System.Runtime.CompilerServices.AsyncMethodBuilderCore/MoveNextRunner:InvokeMoveNext (object)
System.Threading.ExecutionContext:RunInternal (System.Threading.ExecutionContext,System.Threading.ContextCallback,object,bool)
System.Threading.ExecutionContext:Run (System.Threading.ExecutionContext,System.Threading.ContextCallback,object,bool)
System.Runtime.CompilerServices.AsyncMethodBuilderCore/MoveNextRunner:Run ()
System.Threading.Tasks.AwaitTaskContinuation:InvokeAction (object)
System.Threading.Tasks.AwaitTaskContinuation:RunCallback (System.Threading.ContextCallback,object,System.Threading.Tasks.Task&)
System.Threading.Tasks.SynchronizationContextAwaitTaskContinuation:Run (System.Threading.Tasks.Task,bool)
System.Threading.Tasks.Task:FinishContinuations ()
System.Threading.Tasks.Task:FinishStageThree ()
System.Threading.Tasks.Task`1<Unity.Services.Lobbies.Response`1<Unity.Services.Lobbies.Models.Lobby>>:TrySetResult (Unity.Services.Lobbies.Response`1<Unity.Services.Lobbies.Models.Lobby>)
System.Runtime.CompilerServices.AsyncTaskMethodBuilder`1<Unity.Services.Lobbie

(Filename: C:/build/output/unity/unity/Runtime/Export/Debug/Debug.bindings.cs Line: 123)

PHS_AUTO_HOST_READY code=CQBWLP
UnityEngine.Debug:ExtractStackTraceNoAlloc (byte*,int,string)
UnityEngine.StackTraceUtility:ExtractStackTrace () (at C:/build/output/unity/unity/Runtime/Export/Scripting/StackTrace.cs:35)
UnityEngine.DebugLogHandler:Internal_Log (UnityEngine.LogType,UnityEngine.LogOption,string,UnityEngine.Object)
UnityEngine.DebugLogHandler:LogFormat (UnityEngine.LogType,UnityEngine.Object,string,object[]) (at C:/build/output/unity/unity/Runtime/Export/Logging/DebugLogHandler.cs:9)
UnityEngine.Logger:Log (UnityEngine.LogType,object) (at C:/build/output/unity/unity/Runtime/Export/Logging/Logger.cs:60)
UnityEngine.Debug:Log (object) (at C:/build/output/unity/unity/Runtime/Export/Debug/Debug.bindings.cs:123)
LastJumpCrew.ParkHanSol.Multiplayer.ParkHanSolLobbyMenuController/<CreateRoomFromCommandLineAsync>d__53:MoveNext () (at E:/UNITY/LastJumpCrew/Assets/02. ParkHanSol_TeamLeader_Build & Multi/02. Script/Multiplayer/ParkHanSolLobbyMenuController.cs:435)
System.Runtime.CompilerServices.AsyncMethodBuilderCore/MoveNextRunner:InvokeMoveNext (object)
System.Threading.ExecutionContext:RunInternal (System.Threading.ExecutionContext,System.Threading.ContextCallback,object,bool)
System.Threading.ExecutionContext:Run (System.Threading.ExecutionContext,System.Threading.ContextCallback,object,bool)
System.Runtime.CompilerServices.AsyncMethodBuilderCore/MoveNextRunner:Run ()
System.Threading.Tasks.AwaitTaskContinuation:InvokeAction (object)
System.Threading.Tasks.AwaitTaskContinuation:RunCallback (System.Threading.ContextCallback,object,System.Threading.Tasks.Task&)
System.Threading.Tasks.SynchronizationContextAwaitTaskContinuation:Run (System.Threading.Tasks.Task,bool)
System.Threading.Tasks.Task:FinishContinuations ()
System.Threading.Tasks.Task:FinishStageThree ()
System.Threading.Tasks.Task`1<bool>:TrySetResult (bool)
System.Runtime.CompilerServices.AsyncTaskMethodBuilder`1<bool>:SetResult (bool)
LastJumpCrew.ParkHanSol.Multiplayer.ParkHanSolLobbyMenuController/<CreateRoomAsync>d__40:MoveNext () (at E:/UNITY/LastJumpCrew/Assets/02. ParkHanSol_TeamLeader_Build & Multi/02. Script/Multiplayer/ParkHanSolLobbyMenuController.cs:240)
System.Runtime.CompilerServices.AsyncMethodBuilderCore/MoveNextRunner:InvokeMoveNext (object)
System.Threading.ExecutionContext:RunInternal (System.Threading.ExecutionContext,System.Threading.ContextCallback,object,bool)
System.Threading.ExecutionContext:Run (System.Threading.ExecutionContext,System.Threading.ContextCallback,object,bool)
System.Runtime.CompilerServices.AsyncMethodBuilderCore/MoveNextRunner:Run ()
System.Threading.Tasks.AwaitTaskContinuation:InvokeAction (object)
System.Threading.Tasks.AwaitTaskContinuation:RunCallback (System.Threading.ContextCallback,object,System.Threading.Tasks.Task&)
System.Threading.Tasks.SynchronizationContextAwaitTaskContinuation:Run (System.Threading.Tasks.Task,bool)
System.Threading.Tasks.Task:FinishContinuations ()
System.Threading.Tasks.Task:FinishStageThree ()
System.Threading.Tasks.Task`1<bool>:TrySetResult (bool)
System.Runtime.CompilerServices.AsyncTaskMethodBuilder`1<bool>:SetResult (bool)
LastJumpCrew.ParkHanSol.Multiplayer.MultiplayerRoomService/<CreateRoomAsync>d__33:MoveNext () (at E:/UNITY/LastJumpCrew/Assets/02. ParkHanSol_TeamLeader_Build & Multi/02. Script/Multiplayer/MultiplayerRoomService.cs:170)
System.Runtime.CompilerServices.AsyncMethodBuilderCore/MoveNextRunner:InvokeMoveNext (object)
System.Threading.ExecutionContext:RunInternal (System.Threading.ExecutionContext,System.Threading.ContextCallback,object,bool)
System.Threading.ExecutionContext:Run (System.Threading.ExecutionContext,System.Threading.ContextCallback,object,bool)
System.Runtime.CompilerServices.AsyncMethodBuilderCore/MoveNextRunner:Run ()
System.Threading.Tasks.AwaitTaskContinuation:InvokeAction (object)
System.Threading.Tasks.AwaitTaskContinuation:RunCallback (System.Threading.ContextCallback,object,System.Threading.Tasks.Task&)
System.Threading.Tasks.SynchronizationContextAwaitTaskContinuation:Run (System.Threading.Tasks.Task,bool)
System.Threading.Tasks.Task:FinishContinuations ()
System.Threading.Tasks.Task:FinishStageThree ()
System.Threading.Tasks.Task`1<Unity.Services.Multiplayer.IHostSession>:TrySetResult (Unity.Services.Multiplayer.IHostSession)
System.Runtime.CompilerServices.AsyncTaskMethodBuilder`1<Unity.Services.Multiplayer.IHostSession>:SetResult (Unity.Services.Multiplayer.IHostSession)
Unity.Services.Multiplayer.WrappedMultiplayerService/<CreateSessionAsync>d__20:MoveNext () (at ./Library/PackageCache/com.unity.services.multiplayer@a6d6ce688d71/Runtime/Multiplayer/WrappedMultiplayerService.cs:65)
System.Runtime.CompilerServices.AsyncMethodBuilderCore/MoveNextRunner:InvokeMoveNext (object)
System.Threading.ExecutionContext:RunInternal (System.Threading.ExecutionContext,System.Threading.ContextCallback,object,bool)
System.Threading.ExecutionContext:Run (System.Threading.ExecutionContext,System.Threading.ContextCallback,object,bool)
System.Runtime.CompilerServices.AsyncMethodBuilderCore/MoveNextRunner:Run ()
System.Threading.Tasks.AwaitTaskContinuation:InvokeAction (object)
System.Threading.Tasks.AwaitTaskContinuation:RunCallback (System.Threading.ContextCallback,object,System.Threading.Tasks.Task&)
System.Threading.Tasks.SynchronizationContextAwaitTaskContinuation:Run (System.Threading.Tasks.Task,bool)
System.Threading.Tasks.Task:FinishContinuations ()
System.Threading.Tasks.Task:FinishStageThree ()
System.Threading.Tasks.Task`1<Unity.Services.Multiplayer.SessionHandler>:TrySetResult (Unity.Services.Multiplayer.SessionHandler)
System.Runtime.CompilerServices.AsyncTaskMethodBuilder`1<Unity.Services.Multiplayer.SessionHandler>:SetResult (Unity.Services.Multiplayer.SessionHandler)
Unity.Services.Multiplayer.SessionManager/<CreateAsync>d__17:MoveNext () (at ./Library/PackageCache/com.unity.services.multiplayer@a6d6ce688d71/Runtime/Multiplayer/Session/SessionManager.cs:88)
System.Runtime.CompilerServices.AsyncMethodBuilderCore/MoveNextRunner:InvokeMoveNext (object)
System.Threading.ExecutionContext:RunInternal (System.Threading.ExecutionContext,System.Threading.ContextCallback,object,bool)
System.Threading.ExecutionContext:Run (System.Threading.ExecutionContext,System.Threading.ContextCallback,object,bool)
System.Runtime.CompilerServices.AsyncMethodBuilderCore/MoveNextRunner:Run ()
System.Threading.Tasks.AwaitTaskContinuation:InvokeAction (object)
System.Threading.Tasks.AwaitTaskContinuation:RunCallback (System.Threading.ContextCallback,object,System.Threading.Tasks.Task&)
System.Threading.Tasks.SynchronizationContextAwaitTaskContinuation:Run (System.Threading.Tasks.Task,bool)
System.Threading.Tasks.Task:FinishContinuations ()
System.Threading.Tasks.Task:FinishStageThree ()
System.Threading.Tasks.Task`1<Unity.Services.Multiplayer.SessionHandler>:TrySetResult (Unity.Services.Multiplayer.SessionHandler)
System.Runtime.CompilerServices.AsyncTaskMethodBuilder`1<Unity.Services.Multiplayer.SessionHandler>:SetResult (Unity.Services.Multiplayer.SessionHandler)
Unity.Services.Multiplayer.SessionManager/<SetupSessionAsync>d__24:MoveNext () (at ./Library/PackageCache/com.unity.services.multiplayer@a6d6ce688d71/Runtime/Multiplayer/Session/SessionManager.cs:271)
System.Runtime.CompilerServices.AsyncMethodBuilderCore/MoveNextRunner:InvokeMoveNext (object)
System.Threading.ExecutionContext:RunInternal (System.Threading.ExecutionContext,System.Threading.ContextCallback,object,bool)
System.Threading.ExecutionContext:Run (System.Threading.ExecutionContext,System.Threading.ContextCallback,object,bool)
System.Runtime.CompilerServices.AsyncMethodBuilderCore/MoveNextRunner:Run ()
System.Threading.Tasks.AwaitTaskContinuation:InvokeAction (object)
System.Threading.Tasks.AwaitTaskContinuation:RunCallback (System.Threading.ContextCallback,object,System.Threading.Tasks.Task&)
System.Threading.Tasks.SynchronizationContextAwaitTaskContinuation:Run (System.Threading.Tasks.Task,bool)
System.Threading.Tasks.Task:FinishContinuations ()
System.Threading.Tasks.Task:FinishStageThree ()
System.Threading.Tasks.Task`1<System.Threading.Tasks.VoidTaskResult>:TrySetResult (System.Threading.Tasks.VoidTaskResult)
System.Runtime.CompilerServices.AsyncTaskMethodBuilder`1<System.Threading.Tasks.VoidTaskResult>:SetResult (System.Threading.Tasks.VoidTaskResult)
System.Runtime.CompilerServices.AsyncTaskMethodBuilder`1<System.Threading.Tasks.VoidTaskResult>:SetResult (System.Threading.Tasks.Task`1<System.Threading.Tasks.VoidTaskResult>)
System.Runtime.CompilerServices.AsyncTaskMethodBuilder:SetResult ()
Unity.Services.Multiplayer.SessionManager/<InitializeModulesAsync>d__27:MoveNext () (at ./Library/PackageCache/com.unity.services.multiplayer@a6d6ce688d71/Runtime/Multiplayer/Session/SessionManager.cs:327)
System.Runtime.CompilerServices.AsyncMethodBuilderCore/MoveNextRunner:InvokeMoveNext (object)
System.Threading.ExecutionContext:RunInternal (System.Threading.ExecutionContext,System.Threading.ContextCallback,object,bool)
System.Threading.ExecutionContext:Run (System.Threading.ExecutionContext,System.Threading.ContextCallback,object,bool)
System.Runtime.CompilerServices.AsyncMethodBuilderCore/MoveNextRunner:Run ()
System.Threading.Tasks.AwaitTaskContinuation:InvokeAction (object)
System.Threading.Tasks.AwaitTaskContinuation:RunCallback (System.Threading.ContextCallback,object,System.Threading.Tasks.Task&)
System.Threading.Tasks.SynchronizationContextAwaitTaskContinuation:Run (System.Threading.Tasks.Task,bool)
System.Threading.Tasks.Task:FinishContinuations ()
System.Threading.Tasks.Task:FinishStageThree ()
System.Threading.Tasks.Task`1<System.Threading.Tasks.VoidTaskResult>:TrySetResult (System.Threading.Tasks.VoidTaskResult)
System.Runtime.CompilerServices.AsyncTaskMethodBuilder`1<System.Threading.Tasks.VoidTaskResult>:SetResult (System.Threading.Tasks.VoidTaskResult)
System.Runtime.CompilerServices.AsyncTaskMethodBuilder`1<System.Threading.Tasks.VoidTaskResult>:SetResult (System.Threading.Tasks.Task`1<System.Threading.Tasks.VoidTaskResult>)
System.Runtime.CompilerServices.AsyncTaskMethodBuilder:SetResult ()
Unity.Services.Multiplayer.SessionHandler/<InitializeModulesAsync>d__131:MoveNext () (at ./Library/PackageCache/com.unity.services.multiplayer@a6d6ce688d71/Runtime/Multiplayer/Session/SessionHandler.cs:768)
System.Runtime.CompilerServices.AsyncMethodBuilderCore/MoveNextRunner:InvokeMoveNext (object)
System.Threading.ExecutionContext:RunInternal (System.Threading.ExecutionContext,System.Threading.ContextCallback,object,bool)
System.Threading.ExecutionContext:Run (System.Threading.ExecutionContext,System.Threading.ContextCallback,object,bool)
System.Runtime.CompilerServices.AsyncMethodBuilderCore/MoveNextRunner:Run ()
System.Threading.Tasks.AwaitTaskContinuation:InvokeAction (object)
System.Threading.Tasks.AwaitTaskContinuation:RunCallback (System.Threading.ContextCallback,object,System.Threading.Tasks.Task&)
System.Threading.Tasks.SynchronizationContextAwaitTaskContinuation:Run (System.Threading.Tasks.Task,bool)
System.Threading.Tasks.Task:FinishContinuations ()
System.Threading.Tasks.Task:FinishStageThree ()
System.Threading.Tasks.Task`1<System.Threading.Tasks.VoidTaskResult>:TrySetResult (System.Threading.Tasks.VoidTaskResult)
System.Runtime.CompilerServices.AsyncTaskMethodBuilder`1<System.Threading.Tasks.VoidTaskResult>:SetResult (System.Threading.Tasks.VoidTaskResult)
System.Runtime.CompilerServices.AsyncTaskMethodBuilder`1<System.Threading.Tasks.VoidTaskResult>:SetResult (System.Threading.Tasks.Task`1<System.Threading.Tasks.VoidTaskResult>)
System.Runtime.CompilerServices.AsyncTaskMethodBuilder:SetResult ()
Unity.Services.Multiplayer.NetworkModule/<StartNetworkWithOptionsAsync>d__64:MoveNext () (at ./Library/PackageCache/com.unity.services.multiplayer@a6d6ce688d71/Runtime/Multiplayer/Modules/Network/NetworkModule.cs:375)
System.Runtime.CompilerServices.AsyncMethodBuilderCore/MoveNextRunner:InvokeMoveNext (object)
System.Threading.ExecutionContext:RunInternal (System.Threading.ExecutionContext,System.Threading.ContextCallback,object,bool)
System.Threading.ExecutionContext:Run (System.Threading.ExecutionContext,System.Threading.ContextCallback,object,bool)
System.Runtime.CompilerServices.AsyncMethodBuilderCore/MoveNextRunner:Run ()
System.Threading.Tasks.AwaitTaskContinuation:InvokeAction (object)
System.Threading.Tasks.AwaitTaskContinuation:RunCallback (System.Threading.ContextCallback,object,System.Threading.Tasks.Task&)
System.Threading.Tasks.SynchronizationContextAwaitTaskContinuation:Run (System.Threading.Tasks.Task,bool)
System.Threading.Tasks.Task:FinishContinuations ()
System.Threading.Tasks.Task:FinishStageThree ()
System.Threading.Tasks.Task`1<System.Threading.Tasks.VoidTaskResult>:TrySetResult (System.Threading.Tasks.VoidTaskResult)
System.Runtime.CompilerServices.AsyncTaskMethodBuilder`1<System.Threading.Tasks.VoidTaskResult>:SetResult (System.Threading.Tasks.VoidTaskResult)
System.Runtime.CompilerServices.AsyncTaskMethodBuilder`1<System.Threading.Tasks.VoidTaskResult>:SetResult (System.Threading.Tasks.Task`1<System.Threading.Tasks.VoidTaskResult>)
System.Runtime.CompilerServices.AsyncTaskMethodBuilder:SetResult ()
Unity.Services.Multiplayer.SessionHandler/<SavePropertiesAsync>d__153:MoveNext () (at ./Library/PackageCache/com.unity.services.multiplayer@a6d6ce688d71/Runtime/Multiplayer/Session/SessionHandler.cs:1057)
System.Runtime.CompilerServices.AsyncMethodBuilderCore/MoveNextRunner:InvokeMoveNext (object)
System.Threading.ExecutionContext:RunInternal (System.Threading.ExecutionContext,System.Threading.ContextCallback,object,bool)
System.Threading.ExecutionContext:Run (System.Threading.ExecutionContext,System.Threading.ContextCallback,object,bool)
System.Runtime.CompilerServices.AsyncMethodBuilderCore/MoveNextRunner:Run ()
System.Threading.Tasks.AwaitTaskContinuation:InvokeAction (object)
System.Threading.Tasks.AwaitTaskContinuation:RunCallback (System.Threading.ContextCallback,object,System.Threading.Tasks.Task&)
System.Threading.Tasks.SynchronizationContextAwaitTaskContinuation:Run (System.Threading.Tasks.Task,bool)
System.Threading.Tasks.Task:FinishContinuations ()
System.Threading.Tasks.Task:FinishStageThree ()
System.Threading.Tasks.Task`1<System.Threading.Tasks.VoidTaskResult>:TrySetResult (System.Threading.Tasks.VoidTaskResult)
System.Runtime.CompilerServices.AsyncTaskMethodBuilder`1<System.Threading.Tasks.VoidTaskResult>:SetResult (System.Threading.Tasks.VoidTaskResult)
System.Runtime.CompilerServices.AsyncTaskMethodBuilder`1<System.Threading.Tasks.VoidTaskResult>:SetResult (System.Threading.Tasks.Task`1<System.Threading.Tasks.VoidTaskResult>)
System.Runtime.CompilerServices.AsyncTaskMethodBuilder:SetResult ()
Unity.Services.Multiplayer.LobbyHandler/<UpdateLobbyAsync>d__89:MoveNext () (at ./Library/PackageCache/com.unity.services.multiplayer@a6d6ce688d71/Runtime/Multiplayer/Lobby/LobbyHandler.cs:483)
System.Runtime.CompilerServices.AsyncMethodBuilderCore/MoveNextRunner:InvokeMoveNext (object)
System.Threading.ExecutionContext:RunInternal (System.Threading.ExecutionContext,System.Threading.ContextCallback,object,bool)
System.Threading.ExecutionContext:Run (System.Threading.ExecutionContext,System.Threading.ContextCallback,object,bool)
System.Runtime.CompilerServices.AsyncMethodBuilderCore/MoveNextRunner:Run ()
System.Threading.Tasks.AwaitTaskContinuation:InvokeAction (object)
System.Threading.Tasks.AwaitTaskContinuation:RunCallback (System.Threading.ContextCallback,object,System.Threading.Tasks.Task&)
System.Threading.Tasks.SynchronizationContextAwaitTaskContinuation:Run (System.Threading.Tasks.Task,bool)
System.Threading.Tasks.Task:FinishContinuations ()
System.Threading.Tasks.Task:FinishStageThree ()
System.Threading.Tasks.Task`1<Unity.Services.Lobbies.Models.Lobby>:TrySetResult (Unity.Services.Lobbies.Models.Lobby)
System.Runtime.CompilerServices.AsyncTaskMethodBuilder`1<Unity.Services.Lobbies.Models.Lobby>:SetResult (Unity.Services.Lobbies.Models.Lobby)
Unity.Services.Lobbies.Internal.WrappedLobbyService/<UpdateLobbyAsync>d__32:MoveNext () (at ./Library/PackageCache/com.unity.services.multiplayer@a6d6ce688d71/Runtime/Lobbies/SDK/WrappedLobbyService.cs:379)
System.Runtime.CompilerServices.AsyncMethodBuilderCore/MoveNextRunner:InvokeMoveNext (object)
System.Threading.ExecutionContext:RunInternal (System.Threading.ExecutionContext,System.Threading.ContextCall

(Filename: C:/build/output/unity/unity/Runtime/Export/Debug/Debug.bindings.cs Line: 123)

PHS_AUTO_ROOM_COUNT clients=1/2
UnityEngine.Debug:ExtractStackTraceNoAlloc (byte*,int,string)
UnityEngine.StackTraceUtility:ExtractStackTrace () (at C:/build/output/unity/unity/Runtime/Export/Scripting/StackTrace.cs:35)
UnityEngine.DebugLogHandler:Internal_Log (UnityEngine.LogType,UnityEngine.LogOption,string,UnityEngine.Object)
UnityEngine.DebugLogHandler:LogFormat (UnityEngine.LogType,UnityEngine.Object,string,object[]) (at C:/build/output/unity/unity/Runtime/Export/Logging/DebugLogHandler.cs:9)
UnityEngine.Logger:Log (UnityEngine.LogType,object) (at C:/build/output/unity/unity/Runtime/Export/Logging/Logger.cs:60)
UnityEngine.Debug:Log (object) (at C:/build/output/unity/unity/Runtime/Export/Debug/Debug.bindings.cs:123)
LastJumpCrew.ParkHanSol.Multiplayer.ParkHanSolLobbyMenuController/<StartGameFromCommandLineWhenReady>d__55:MoveNext () (at E:/UNITY/LastJumpCrew/Assets/02. ParkHanSol_TeamLeader_Build & Multi/02. Script/Multiplayer/ParkHanSolLobbyMenuController.cs:469)
UnityEngine.SetupCoroutine:InvokeMoveNext (System.Collections.IEnumerator,intptr) (at C:/build/output/unity/unity/Runtime/Export/Scripting/Coroutines.cs:17)
UnityEngine.MonoBehaviour:StartCoroutineManaged2 (System.Collections.IEnumerator)
UnityEngine.MonoBehaviour:StartCoroutine (System.Collections.IEnumerator) (at C:/build/output/unity/unity/Runtime/Export/Scripting/MonoBehaviour.bindings.cs:114)
LastJumpCrew.ParkHanSol.Multiplayer.ParkHanSolLobbyMenuController/<CreateRoomFromCommandLineAsync>d__53:MoveNext () (at E:/UNITY/LastJumpCrew/Assets/02. ParkHanSol_TeamLeader_Build & Multi/02. Script/Multiplayer/ParkHanSolLobbyMenuController.cs:441)
System.Runtime.CompilerServices.AsyncMethodBuilderCore/MoveNextRunner:InvokeMoveNext (object)
System.Threading.ExecutionContext:RunInternal (System.Threading.ExecutionContext,System.Threading.ContextCallback,object,bool)
System.Threading.ExecutionContext:Run (System.Threading.ExecutionContext,System.Threading.ContextCallback,object,bool)
System.Runtime.CompilerServices.AsyncMethodBuilderCore/MoveNextRunner:Run ()
System.Threading.Tasks.AwaitTaskContinuation:InvokeAction (object)
System.Threading.Tasks.AwaitTaskContinuation:RunCallback (System.Threading.ContextCallback,object,System.Threading.Tasks.Task&)
System.Threading.Tasks.SynchronizationContextAwaitTaskContinuation:Run (System.Threading.Tasks.Task,bool)
System.Threading.Tasks.Task:FinishContinuations ()
System.Threading.Tasks.Task:FinishStageThree ()
System.Threading.Tasks.Task`1<bool>:TrySetResult (bool)
System.Runtime.CompilerServices.AsyncTaskMethodBuilder`1<bool>:SetResult (bool)
LastJumpCrew.ParkHanSol.Multiplayer.ParkHanSolLobbyMenuController/<CreateRoomAsync>d__40:MoveNext () (at E:/UNITY/LastJumpCrew/Assets/02. ParkHanSol_TeamLeader_Build & Multi/02. Script/Multiplayer/ParkHanSolLobbyMenuController.cs:240)
System.Runtime.CompilerServices.AsyncMethodBuilderCore/MoveNextRunner:InvokeMoveNext (object)
System.Threading.ExecutionContext:RunInternal (System.Threading.ExecutionContext,System.Threading.ContextCallback,object,bool)
System.Threading.ExecutionContext:Run (System.Threading.ExecutionContext,System.Threading.ContextCallback,object,bool)
System.Runtime.CompilerServices.AsyncMethodBuilderCore/MoveNextRunner:Run ()
System.Threading.Tasks.AwaitTaskContinuation:InvokeAction (object)
System.Threading.Tasks.AwaitTaskContinuation:RunCallback (System.Threading.ContextCallback,object,System.Threading.Tasks.Task&)
System.Threading.Tasks.SynchronizationContextAwaitTaskContinuation:Run (System.Threading.Tasks.Task,bool)
System.Threading.Tasks.Task:FinishContinuations ()
System.Threading.Tasks.Task:FinishStageThree ()
System.Threading.Tasks.Task`1<bool>:TrySetResult (bool)
System.Runtime.CompilerServices.AsyncTaskMethodBuilder`1<bool>:SetResult (bool)
LastJumpCrew.ParkHanSol.Multiplayer.MultiplayerRoomService/<CreateRoomAsync>d__33:MoveNext () (at E:/UNITY/LastJumpCrew/Assets/02. ParkHanSol_TeamLeader_Build & Multi/02. Script/Multiplayer/MultiplayerRoomService.cs:170)
System.Runtime.CompilerServices.AsyncMethodBuilderCore/MoveNextRunner:InvokeMoveNext (object)
System.Threading.ExecutionContext:RunInternal (System.Threading.ExecutionContext,System.Threading.ContextCallback,object,bool)
System.Threading.ExecutionContext:Run (System.Threading.ExecutionContext,System.Threading.ContextCallback,object,bool)
System.Runtime.CompilerServices.AsyncMethodBuilderCore/MoveNextRunner:Run ()
System.Threading.Tasks.AwaitTaskContinuation:InvokeAction (object)
System.Threading.Tasks.AwaitTaskContinuation:RunCallback (System.Threading.ContextCallback,object,System.Threading.Tasks.Task&)
System.Threading.Tasks.SynchronizationContextAwaitTaskContinuation:Run (System.Threading.Tasks.Task,bool)
System.Threading.Tasks.Task:FinishContinuations ()
System.Threading.Tasks.Task:FinishStageThree ()
System.Threading.Tasks.Task`1<Unity.Services.Multiplayer.IHostSession>:TrySetResult (Unity.Services.Multiplayer.IHostSession)
System.Runtime.CompilerServices.AsyncTaskMethodBuilder`1<Unity.Services.Multiplayer.IHostSession>:SetResult (Unity.Services.Multiplayer.IHostSession)
Unity.Services.Multiplayer.WrappedMultiplayerService/<CreateSessionAsync>d__20:MoveNext () (at ./Library/PackageCache/com.unity.services.multiplayer@a6d6ce688d71/Runtime/Multiplayer/WrappedMultiplayerService.cs:65)
System.Runtime.CompilerServices.AsyncMethodBuilderCore/MoveNextRunner:InvokeMoveNext (object)
System.Threading.ExecutionContext:RunInternal (System.Threading.ExecutionContext,System.Threading.ContextCallback,object,bool)
System.Threading.ExecutionContext:Run (System.Threading.ExecutionContext,System.Threading.ContextCallback,object,bool)
System.Runtime.CompilerServices.AsyncMethodBuilderCore/MoveNextRunner:Run ()
System.Threading.Tasks.AwaitTaskContinuation:InvokeAction (object)
System.Threading.Tasks.AwaitTaskContinuation:RunCallback (System.Threading.ContextCallback,object,System.Threading.Tasks.Task&)
System.Threading.Tasks.SynchronizationContextAwaitTaskContinuation:Run (System.Threading.Tasks.Task,bool)
System.Threading.Tasks.Task:FinishContinuations ()
System.Threading.Tasks.Task:FinishStageThree ()
System.Threading.Tasks.Task`1<Unity.Services.Multiplayer.SessionHandler>:TrySetResult (Unity.Services.Multiplayer.SessionHandler)
System.Runtime.CompilerServices.AsyncTaskMethodBuilder`1<Unity.Services.Multiplayer.SessionHandler>:SetResult (Unity.Services.Multiplayer.SessionHandler)
Unity.Services.Multiplayer.SessionManager/<CreateAsync>d__17:MoveNext () (at ./Library/PackageCache/com.unity.services.multiplayer@a6d6ce688d71/Runtime/Multiplayer/Session/SessionManager.cs:88)
System.Runtime.CompilerServices.AsyncMethodBuilderCore/MoveNextRunner:InvokeMoveNext (object)
System.Threading.ExecutionContext:RunInternal (System.Threading.ExecutionContext,System.Threading.ContextCallback,object,bool)
System.Threading.ExecutionContext:Run (System.Threading.ExecutionContext,System.Threading.ContextCallback,object,bool)
System.Runtime.CompilerServices.AsyncMethodBuilderCore/MoveNextRunner:Run ()
System.Threading.Tasks.AwaitTaskContinuation:InvokeAction (object)
System.Threading.Tasks.AwaitTaskContinuation:RunCallback (System.Threading.ContextCallback,object,System.Threading.Tasks.Task&)
System.Threading.Tasks.SynchronizationContextAwaitTaskContinuation:Run (System.Threading.Tasks.Task,bool)
System.Threading.Tasks.Task:FinishContinuations ()
System.Threading.Tasks.Task:FinishStageThree ()
System.Threading.Tasks.Task`1<Unity.Services.Multiplayer.SessionHandler>:TrySetResult (Unity.Services.Multiplayer.SessionHandler)
System.Runtime.CompilerServices.AsyncTaskMethodBuilder`1<Unity.Services.Multiplayer.SessionHandler>:SetResult (Unity.Services.Multiplayer.SessionHandler)
Unity.Services.Multiplayer.SessionManager/<SetupSessionAsync>d__24:MoveNext () (at ./Library/PackageCache/com.unity.services.multiplayer@a6d6ce688d71/Runtime/Multiplayer/Session/SessionManager.cs:271)
System.Runtime.CompilerServices.AsyncMethodBuilderCore/MoveNextRunner:InvokeMoveNext (object)
System.Threading.ExecutionContext:RunInternal (System.Threading.ExecutionContext,System.Threading.ContextCallback,object,bool)
System.Threading.ExecutionContext:Run (System.Threading.ExecutionContext,System.Threading.ContextCallback,object,bool)
System.Runtime.CompilerServices.AsyncMethodBuilderCore/MoveNextRunner:Run ()
System.Threading.Tasks.AwaitTaskContinuation:InvokeAction (object)
System.Threading.Tasks.AwaitTaskContinuation:RunCallback (System.Threading.ContextCallback,object,System.Threading.Tasks.Task&)
System.Threading.Tasks.SynchronizationContextAwaitTaskContinuation:Run (System.Threading.Tasks.Task,bool)
System.Threading.Tasks.Task:FinishContinuations ()
System.Threading.Tasks.Task:FinishStageThree ()
System.Threading.Tasks.Task`1<System.Threading.Tasks.VoidTaskResult>:TrySetResult (System.Threading.Tasks.VoidTaskResult)
System.Runtime.CompilerServices.AsyncTaskMethodBuilder`1<System.Threading.Tasks.VoidTaskResult>:SetResult (System.Threading.Tasks.VoidTaskResult)
System.Runtime.CompilerServices.AsyncTaskMethodBuilder`1<System.Threading.Tasks.VoidTaskResult>:SetResult (System.Threading.Tasks.Task`1<System.Threading.Tasks.VoidTaskResult>)
System.Runtime.CompilerServices.AsyncTaskMethodBuilder:SetResult ()
Unity.Services.Multiplayer.SessionManager/<InitializeModulesAsync>d__27:MoveNext () (at ./Library/PackageCache/com.unity.services.multiplayer@a6d6ce688d71/Runtime/Multiplayer/Session/SessionManager.cs:327)
System.Runtime.CompilerServices.AsyncMethodBuilderCore/MoveNextRunner:InvokeMoveNext (object)
System.Threading.ExecutionContext:RunInternal (System.Threading.ExecutionContext,System.Threading.ContextCallback,object,bool)
System.Threading.ExecutionContext:Run (System.Threading.ExecutionContext,System.Threading.ContextCallback,object,bool)
System.Runtime.CompilerServices.AsyncMethodBuilderCore/MoveNextRunner:Run ()
System.Threading.Tasks.AwaitTaskContinuation:InvokeAction (object)
System.Threading.Tasks.AwaitTaskContinuation:RunCallback (System.Threading.ContextCallback,object,System.Threading.Tasks.Task&)
System.Threading.Tasks.SynchronizationContextAwaitTaskContinuation:Run (System.Threading.Tasks.Task,bool)
System.Threading.Tasks.Task:FinishContinuations ()
System.Threading.Tasks.Task:FinishStageThree ()
System.Threading.Tasks.Task`1<System.Threading.Tasks.VoidTaskResult>:TrySetResult (System.Threading.Tasks.VoidTaskResult)
System.Runtime.CompilerServices.AsyncTaskMethodBuilder`1<System.Threading.Tasks.VoidTaskResult>:SetResult (System.Threading.Tasks.VoidTaskResult)
System.Runtime.CompilerServices.AsyncTaskMethodBuilder`1<System.Threading.Tasks.VoidTaskResult>:SetResult (System.Threading.Tasks.Task`1<System.Threading.Tasks.VoidTaskResult>)
System.Runtime.CompilerServices.AsyncTaskMethodBuilder:SetResult ()
Unity.Services.Multiplayer.SessionHandler/<InitializeModulesAsync>d__131:MoveNext () (at ./Library/PackageCache/com.unity.services.multiplayer@a6d6ce688d71/Runtime/Multiplayer/Session/SessionHandler.cs:768)
System.Runtime.CompilerServices.AsyncMethodBuilderCore/MoveNextRunner:InvokeMoveNext (object)
System.Threading.ExecutionContext:RunInternal (System.Threading.ExecutionContext,System.Threading.ContextCallback,object,bool)
System.Threading.ExecutionContext:Run (System.Threading.ExecutionContext,System.Threading.ContextCallback,object,bool)
System.Runtime.CompilerServices.AsyncMethodBuilderCore/MoveNextRunner:Run ()
System.Threading.Tasks.AwaitTaskContinuation:InvokeAction (object)
System.Threading.Tasks.AwaitTaskContinuation:RunCallback (System.Threading.ContextCallback,object,System.Threading.Tasks.Task&)
System.Threading.Tasks.SynchronizationContextAwaitTaskContinuation:Run (System.Threading.Tasks.Task,bool)
System.Threading.Tasks.Task:FinishContinuations ()
System.Threading.Tasks.Task:FinishStageThree ()
System.Threading.Tasks.Task`1<System.Threading.Tasks.VoidTaskResult>:TrySetResult (System.Threading.Tasks.VoidTaskResult)
System.Runtime.CompilerServices.AsyncTaskMethodBuilder`1<System.Threading.Tasks.VoidTaskResult>:SetResult (System.Threading.Tasks.VoidTaskResult)
System.Runtime.CompilerServices.AsyncTaskMethodBuilder`1<System.Threading.Tasks.VoidTaskResult>:SetResult (System.Threading.Tasks.Task`1<System.Threading.Tasks.VoidTaskResult>)
System.Runtime.CompilerServices.AsyncTaskMethodBuilder:SetResult ()
Unity.Services.Multiplayer.NetworkModule/<StartNetworkWithOptionsAsync>d__64:MoveNext () (at ./Library/PackageCache/com.unity.services.multiplayer@a6d6ce688d71/Runtime/Multiplayer/Modules/Network/NetworkModule.cs:375)
System.Runtime.CompilerServices.AsyncMethodBuilderCore/MoveNextRunner:InvokeMoveNext (object)
System.Threading.ExecutionContext:RunInternal (System.Threading.ExecutionContext,System.Threading.ContextCallback,object,bool)
System.Threading.ExecutionContext:Run (System.Threading.ExecutionContext,System.Threading.ContextCallback,object,bool)
System.Runtime.CompilerServices.AsyncMethodBuilderCore/MoveNextRunner:Run ()
System.Threading.Tasks.AwaitTaskContinuation:InvokeAction (object)
System.Threading.Tasks.AwaitTaskContinuation:RunCallback (System.Threading.ContextCallback,object,System.Threading.Tasks.Task&)
System.Threading.Tasks.SynchronizationContextAwaitTaskContinuation:Run (System.Threading.Tasks.Task,bool)
System.Threading.Tasks.Task:FinishContinuations ()
System.Threading.Tasks.Task:FinishStageThree ()
System.Threading.Tasks.Task`1<System.Threading.Tasks.VoidTaskResult>:TrySetResult (System.Threading.Tasks.VoidTaskResult)
System.Runtime.CompilerServices.AsyncTaskMethodBuilder`1<System.Threading.Tasks.VoidTaskResult>:SetResult (System.Threading.Tasks.VoidTaskResult)
System.Runtime.CompilerServices.AsyncTaskMethodBuilder`1<System.Threading.Tasks.VoidTaskResult>:SetResult (System.Threading.Tasks.Task`1<System.Threading.Tasks.VoidTaskResult>)
System.Runtime.CompilerServices.AsyncTaskMethodBuilder:SetResult ()
Unity.Services.Multiplayer.SessionHandler/<SavePropertiesAsync>d__153:MoveNext () (at ./Library/PackageCache/com.unity.services.multiplayer@a6d6ce688d71/Runtime/Multiplayer/Session/SessionHandler.cs:1057)
System.Runtime.CompilerServices.AsyncMethodBuilderCore/MoveNextRunner:InvokeMoveNext (object)
System.Threading.ExecutionContext:RunInternal (System.Threading.ExecutionContext,System.Threading.ContextCallback,object,bool)
System.Threading.ExecutionContext:Run (System.Threading.ExecutionContext,System.Threading.ContextCallback,object,bool)
System.Runtime.CompilerServices.AsyncMethodBuilderCore/MoveNextRunner:Run ()
System.Threading.Tasks.AwaitTaskContinuation:InvokeAction (object)
System.Threading.Tasks.AwaitTaskContinuation:RunCallback (System.Threading.ContextCallback,object,System.Threading.Tasks.Task&)
System.Threading.Tasks.SynchronizationContextAwaitTaskContinuation:Run (System.Threading.Tasks.Task,bool)
System.Threading.Tasks.Task:FinishContinuations ()
System.Threading.Tasks.Task:FinishStageThree ()
System.Threading.Tasks.Task`1<System.Threading.Tasks.VoidTaskResult>:TrySetResult (System.Threading.Tasks.VoidTaskResult)
System.Runtime.CompilerServices.AsyncTaskMethodBuilder`1<System.Threading.Tasks.VoidTaskResult>:SetResult (System.Threading.Tasks.VoidTaskResult)
System.Runtime.CompilerServices.AsyncTaskMethodBuilder`1<System.Threading.Tasks.VoidTaskResult>:SetResult (System.Threading.Tasks.Task`1<System.Threading.Tasks.VoidTaskResult>)
System.Runtime.CompilerServices.AsyncTaskMethodBuilder:SetResult ()
Unity.Services.Multiplayer.LobbyHandler/<UpdateLobbyAsync>d__89:MoveNext () (at ./Library/PackageCache/com.unity.services.multiplayer@a6d6ce688d71/Runtime/Multiplayer/Lobby/LobbyHandler.cs:483)
System.Runtime.CompilerServices.AsyncMethodBuilderCore/MoveNextRunner:InvokeMoveNext (object)
System.Threading.ExecutionContext:RunInternal (System.Threading.ExecutionContext,System.Threading.ContextCallback,object,bool)
System.Threading.ExecutionContext:Run (System.Threading.ExecutionContext,System.Threading.ContextCallback,object,bool)
System.Runtime.CompilerServices.AsyncMethodBuilderCore/MoveNextRunner:Run ()
System.Threading.Tasks.AwaitTaskContinuation:InvokeAction (object)
System.Threading.Tasks.AwaitTaskContinuation:RunCallback (System.Threading.ContextCallback,object,System.Threading.Tasks.Task&)
System.Threading.Tasks.SynchronizationContextAwaitTaskContinuation:Run (System.Threading.Tasks.Task,bool)
System.Threading.Tasks.Task:FinishContinuations ()
System.Threading.Tasks.Task:FinishStageThree ()
System.Threading

(Filename: C:/build/output/unity/unity/Runtime/Export/Debug/Debug.bindings.cs Line: 123)

PHS_AUTO_ROOM_COUNT clients=1/2
UnityEngine.Debug:ExtractStackTraceNoAlloc (byte*,int,string)
UnityEngine.StackTraceUtility:ExtractStackTrace () (at C:/build/output/unity/unity/Runtime/Export/Scripting/StackTrace.cs:35)
UnityEngine.DebugLogHandler:Internal_Log (UnityEngine.LogType,UnityEngine.LogOption,string,UnityEngine.Object)
UnityEngine.DebugLogHandler:LogFormat (UnityEngine.LogType,UnityEngine.Object,string,object[]) (at C:/build/output/unity/unity/Runtime/Export/Logging/DebugLogHandler.cs:9)
UnityEngine.Logger:Log (UnityEngine.LogType,object) (at C:/build/output/unity/unity/Runtime/Export/Logging/Logger.cs:60)
UnityEngine.Debug:Log (object) (at C:/build/output/unity/unity/Runtime/Export/Debug/Debug.bindings.cs:123)
LastJumpCrew.ParkHanSol.Multiplayer.ParkHanSolLobbyMenuController/<StartGameFromCommandLineWhenReady>d__55:MoveNext () (at E:/UNITY/LastJumpCrew/Assets/02. ParkHanSol_TeamLeader_Build & Multi/02. Script/Multiplayer/ParkHanSolLobbyMenuController.cs:469)
UnityEngine.SetupCoroutine:InvokeMoveNext (System.Collections.IEnumerator,intptr) (at C:/build/output/unity/unity/Runtime/Export/Scripting/Coroutines.cs:17)

(Filename: C:/build/output/unity/unity/Runtime/Export/Debug/Debug.bindings.cs Line: 123)

PHS_AUTO_ROOM_COUNT clients=1/2
UnityEngine.Debug:ExtractStackTraceNoAlloc (byte*,int,string)
UnityEngine.StackTraceUtility:ExtractStackTrace () (at C:/build/output/unity/unity/Runtime/Export/Scripting/StackTrace.cs:35)
UnityEngine.DebugLogHandler:Internal_Log (UnityEngine.LogType,UnityEngine.LogOption,string,UnityEngine.Object)
UnityEngine.DebugLogHandler:LogFormat (UnityEngine.LogType,UnityEngine.Object,string,object[]) (at C:/build/output/unity/unity/Runtime/Export/Logging/DebugLogHandler.cs:9)
UnityEngine.Logger:Log (UnityEngine.LogType,object) (at C:/build/output/unity/unity/Runtime/Export/Logging/Logger.cs:60)
UnityEngine.Debug:Log (object) (at C:/build/output/unity/unity/Runtime/Export/Debug/Debug.bindings.cs:123)
LastJumpCrew.ParkHanSol.Multiplayer.ParkHanSolLobbyMenuController/<StartGameFromCommandLineWhenReady>d__55:MoveNext () (at E:/UNITY/LastJumpCrew/Assets/02. ParkHanSol_TeamLeader_Build & Multi/02. Script/Multiplayer/ParkHanSolLobbyMenuController.cs:469)
UnityEngine.SetupCoroutine:InvokeMoveNext (System.Collections.IEnumerator,intptr) (at C:/build/output/unity/unity/Runtime/Export/Scripting/Coroutines.cs:17)

(Filename: C:/build/output/unity/unity/Runtime/Export/Debug/Debug.bindings.cs Line: 123)

PHS_AUTO_ROOM_COUNT clients=1/2
UnityEngine.Debug:ExtractStackTraceNoAlloc (byte*,int,string)
UnityEngine.StackTraceUtility:ExtractStackTrace () (at C:/build/output/unity/unity/Runtime/Export/Scripting/StackTrace.cs:35)
UnityEngine.DebugLogHandler:Internal_Log (UnityEngine.LogType,UnityEngine.LogOption,string,UnityEngine.Object)
UnityEngine.DebugLogHandler:LogFormat (UnityEngine.LogType,UnityEngine.Object,string,object[]) (at C:/build/output/unity/unity/Runtime/Export/Logging/DebugLogHandler.cs:9)
UnityEngine.Logger:Log (UnityEngine.LogType,object) (at C:/build/output/unity/unity/Runtime/Export/Logging/Logger.cs:60)
UnityEngine.Debug:Log (object) (at C:/build/output/unity/unity/Runtime/Export/Debug/Debug.bindings.cs:123)
LastJumpCrew.ParkHanSol.Multiplayer.ParkHanSolLobbyMenuController/<StartGameFromCommandLineWhenReady>d__55:MoveNext () (at E:/UNITY/LastJumpCrew/Assets/02. ParkHanSol_TeamLeader_Build & Multi/02. Script/Multiplayer/ParkHanSolLobbyMenuController.cs:469)
UnityEngine.SetupCoroutine:InvokeMoveNext (System.Collections.IEnumerator,intptr) (at C:/build/output/unity/unity/Runtime/Export/Scripting/Coroutines.cs:17)

(Filename: C:/build/output/unity/unity/Runtime/Export/Debug/Debug.bindings.cs Line: 123)

PHS_AUTO_ROOM_COUNT clients=1/2
UnityEngine.Debug:ExtractStackTraceNoAlloc (byte*,int,string)
UnityEngine.StackTraceUtility:ExtractStackTrace () (at C:/build/output/unity/unity/Runtime/Export/Scripting/StackTrace.cs:35)
UnityEngine.DebugLogHandler:Internal_Log (UnityEngine.LogType,UnityEngine.LogOption,string,UnityEngine.Object)
UnityEngine.DebugLogHandler:LogFormat (UnityEngine.LogType,UnityEngine.Object,string,object[]) (at C:/build/output/unity/unity/Runtime/Export/Logging/DebugLogHandler.cs:9)
UnityEngine.Logger:Log (UnityEngine.LogType,object) (at C:/build/output/unity/unity/Runtime/Export/Logging/Logger.cs:60)
UnityEngine.Debug:Log (object) (at C:/build/output/unity/unity/Runtime/Export/Debug/Debug.bindings.cs:123)
LastJumpCrew.ParkHanSol.Multiplayer.ParkHanSolLobbyMenuController/<StartGameFromCommandLineWhenReady>d__55:MoveNext () (at E:/UNITY/LastJumpCrew/Assets/02. ParkHanSol_TeamLeader_Build & Multi/02. Script/Multiplayer/ParkHanSolLobbyMenuController.cs:469)
UnityEngine.SetupCoroutine:InvokeMoveNext (System.Collections.IEnumerator,intptr) (at C:/build/output/unity/unity/Runtime/Export/Scripting/Coroutines.cs:17)

(Filename: C:/build/output/unity/unity/Runtime/Export/Debug/Debug.bindings.cs Line: 123)

[Vivox]: RTP(0)[::init_connection] Not binding local port
UnityEngine.Debug:ExtractStackTraceNoAlloc (byte*,int,string)
UnityEngine.StackTraceUtility:ExtractStackTrace () (at C:/build/output/unity/unity/Runtime/Export/Scripting/StackTrace.cs:35)
UnityEngine.DebugLogHandler:Internal_Log (UnityEngine.LogType,UnityEngine.LogOption,string,UnityEngine.Object)
UnityEngine.DebugLogHandler:LogFormat (UnityEngine.LogType,UnityEngine.Object,string,object[]) (at C:/build/output/unity/unity/Runtime/Export/Logging/DebugLogHandler.cs:9)
UnityEngine.Logger:Log (string,object) (at C:/build/output/unity/unity/Runtime/Export/Logging/Logger.cs:90)
Unity.Services.Vivox.VivoxLogger:Log (object) (at ./Library/PackageCache/com.unity.services.vivox@3c02b450f2ee/Runtime/SDK/Utils/VivoxLogger.cs:13)
Unity.Services.Vivox.VivoxCoreInstancePINVOKE/SWIGLogHelper:Vx_Log_Event (Unity.Services.Vivox.vx_log_level,string,string) (at ./Library/PackageCache/com.unity.services.vivox@3c02b450f2ee/Runtime/VivoxUnity/swig/VivoxCoreInstancePINVOKE.cs:10901)

(Filename: ./Library/PackageCache/com.unity.services.vivox@3c02b450f2ee/Runtime/VivoxUnity/swig/VivoxCoreInstancePINVOKE.cs Line: 10901)

PHS_AUTO_ROOM_COUNT clients=1/2
UnityEngine.Debug:ExtractStackTraceNoAlloc (byte*,int,string)
UnityEngine.StackTraceUtility:ExtractStackTrace () (at C:/build/output/unity/unity/Runtime/Export/Scripting/StackTrace.cs:35)
UnityEngine.DebugLogHandler:Internal_Log (UnityEngine.LogType,UnityEngine.LogOption,string,UnityEngine.Object)
UnityEngine.DebugLogHandler:LogFormat (UnityEngine.LogType,UnityEngine.Object,string,object[]) (at C:/build/output/unity/unity/Runtime/Export/Logging/DebugLogHandler.cs:9)
UnityEngine.Logger:Log (UnityEngine.LogType,object) (at C:/build/output/unity/unity/Runtime/Export/Logging/Logger.cs:60)
UnityEngine.Debug:Log (object) (at C:/build/output/unity/unity/Runtime/Export/Debug/Debug.bindings.cs:123)
LastJumpCrew.ParkHanSol.Multiplayer.ParkHanSolLobbyMenuController/<StartGameFromCommandLineWhenReady>d__55:MoveNext () (at E:/UNITY/LastJumpCrew/Assets/02. ParkHanSol_TeamLeader_Build & Multi/02. Script/Multiplayer/ParkHanSolLobbyMenuController.cs:469)
UnityEngine.SetupCoroutine:InvokeMoveNext (System.Collections.IEnumerator,intptr) (at C:/build/output/unity/unity/Runtime/Export/Scripting/Coroutines.cs:17)

(Filename: C:/build/output/unity/unity/Runtime/Export/Debug/Debug.bindings.cs Line: 123)

PHS_VOICE_CHANNEL_READY channel=ParkHanSol_TestVoice
UnityEngine.Debug:ExtractStackTraceNoAlloc (byte*,int,string)
UnityEngine.StackTraceUtility:ExtractStackTrace () (at C:/build/output/unity/unity/Runtime/Export/Scripting/StackTrace.cs:35)
UnityEngine.DebugLogHandler:Internal_Log (UnityEngine.LogType,UnityEngine.LogOption,string,UnityEngine.Object)
UnityEngine.DebugLogHandler:LogFormat (UnityEngine.LogType,UnityEngine.Object,string,object[]) (at C:/build/output/unity/unity/Runtime/Export/Logging/DebugLogHandler.cs:9)
UnityEngine.Logger:Log (UnityEngine.LogType,object) (at C:/build/output/unity/unity/Runtime/Export/Logging/Logger.cs:60)
UnityEngine.Debug:Log (object) (at C:/build/output/unity/unity/Runtime/Export/Debug/Debug.bindings.cs:123)
LastJumpCrew.ParkHanSol.Multiplayer.ProximityVoiceChatSession/<JoinForLocalPlayerAsync>d__44:MoveNext () (at E:/UNITY/LastJumpCrew/Assets/02. ParkHanSol_TeamLeader_Build & Multi/02. Script/Multiplayer/ProximityVoiceChatSession.cs:116)
System.Runtime.CompilerServices.AsyncMethodBuilderCore/MoveNextRunner:InvokeMoveNext (object)
System.Threading.ExecutionContext:RunInternal (System.Threading.ExecutionContext,System.Threading.ContextCallback,object,bool)
System.Threading.ExecutionContext:Run (System.Threading.ExecutionContext,System.Threading.ContextCallback,object,bool)
System.Runtime.CompilerServices.AsyncMethodBuilderCore/MoveNextRunner:Run ()
System.Threading.Tasks.AwaitTaskContinuation:InvokeAction (object)
System.Threading.Tasks.AwaitTaskContinuation:RunCallback (System.Threading.ContextCallback,object,System.Threading.Tasks.Task&)
System.Threading.Tasks.SynchronizationContextAwaitTaskContinuation:Run (System.Threading.Tasks.Task,bool)
System.Threading.Tasks.Task:FinishContinuations ()
System.Threading.Tasks.Task:FinishStageThree ()
System.Threading.Tasks.Task`1<System.Threading.Tasks.VoidTaskResult>:TrySetResult (System.Threading.Tasks.VoidTaskResult)
System.Runtime.CompilerServices.AsyncTaskMethodBuilder`1<System.Threading.Tasks.VoidTaskResult>:SetResult (System.Threading.Tasks.VoidTaskResult)
System.Runtime.CompilerServices.AsyncTaskMethodBuilder`1<System.Threading.Tasks.VoidTaskResult>:SetResult (System.Threading.Tasks.Task`1<System.Threading.Tasks.VoidTaskResult>)
System.Runtime.CompilerServices.AsyncTaskMethodBuilder:SetResult ()
LastJumpCrew.ParkHanSol.Multiplayer.ProximityVoiceChatSession/<ApplyChannelVolumeAsync>d__75:MoveNext () (at E:/UNITY/LastJumpCrew/Assets/02. ParkHanSol_TeamLeader_Build & Multi/02. Script/Multiplayer/ProximityVoiceChatSession.cs:669)
System.Runtime.CompilerServices.AsyncMethodBuilderCore/MoveNextRunner:InvokeMoveNext (object)
System.Threading.ExecutionContext:RunInternal (System.Threading.ExecutionContext,System.Threading.ContextCallback,object,bool)
System.Threading.ExecutionContext:Run (System.Threading.ExecutionContext,System.Threading.ContextCallback,object,bool)
System.Runtime.CompilerServices.AsyncMethodBuilderCore/MoveNextRunner:Run ()
System.Threading.Tasks.AwaitTaskContinuation:InvokeAction (object)
System.Threading.Tasks.AwaitTaskContinuation:RunCallback (System.Threading.ContextCallback,object,System.Threading.Tasks.Task&)
System.Threading.Tasks.SynchronizationContextAwaitTaskContinuation:Run (System.Threading.Tasks.Task,bool)
System.Threading.Tasks.Task:FinishContinuations ()
System.Threading.Tasks.Task:FinishStageThree ()
System.Threading.Tasks.Task`1<System.Threading.Tasks.VoidTaskResult>:TrySetResult (System.Threading.Tasks.VoidTaskResult)
System.Runtime.CompilerServices.AsyncTaskMethodBuilder`1<System.Threading.Tasks.VoidTaskResult>:SetResult (System.Threading.Tasks.VoidTaskResult)
System.Runtime.CompilerServices.AsyncTaskMethodBuilder`1<System.Threading.Tasks.VoidTaskResult>:SetResult (System.Threading.Tasks.Task`1<System.Threading.Tasks.VoidTaskResult>)
System.Runtime.CompilerServices.AsyncTaskMethodBuilder:SetResult ()
Unity.Services.Vivox.VivoxServiceInternal/<SetChannelVolumeAsync>d__192:MoveNext () (at ./Library/PackageCache/com.unity.services.vivox@3c02b450f2ee/Runtime/VivoxServiceInternal.cs:690)
System.Runtime.CompilerServices.AsyncMethodBuilderCore/MoveNextRunner:InvokeMoveNext (object)
System.Threading.ExecutionContext:RunInternal (System.Threading.ExecutionContext,System.Threading.ContextCallback,object,bool)
System.Threading.ExecutionContext:Run (System.Threading.ExecutionContext,System.Threading.ContextCallback,object,bool)
System.Runtime.CompilerServices.AsyncMethodBuilderCore/MoveNextRunner:Run ()
System.Threading.Tasks.AwaitTaskContinuation:InvokeAction (object)
System.Threading.Tasks.AwaitTaskContinuation:RunCallback (System.Threading.ContextCallback,object,System.Threading.Tasks.Task&)
System.Threading.Tasks.SynchronizationContextAwaitTaskContinuation:Run (System.Threading.Tasks.Task,bool)
System.Threading.Tasks.Task:FinishContinuations ()
System.Threading.Tasks.Task:FinishStageThree ()
System.Threading.Tasks.Task`1<System.Threading.Tasks.VoidTaskResult>:TrySetResult (System.Threading.Tasks.VoidTaskResult)
System.Runtime.CompilerServices.AsyncTaskMethodBuilder`1<System.Threading.Tasks.VoidTaskResult>:SetResult (System.Threading.Tasks.VoidTaskResult)
System.Runtime.CompilerServices.AsyncTaskMethodBuilder`1<System.Threading.Tasks.VoidTaskResult>:SetResult (System.Threading.Tasks.Task`1<System.Threading.Tasks.VoidTaskResult>)
System.Runtime.CompilerServices.AsyncTaskMethodBuilder:SetResult ()
Unity.Services.Vivox.ChannelSession/<SetVolumeAsync>d__42:MoveNext () (at ./Library/PackageCache/com.unity.services.vivox@3c02b450f2ee/Runtime/VivoxUnity/Private/ChannelSession.cs:475)
System.Runtime.CompilerServices.AsyncMethodBuilderCore/MoveNextRunner:InvokeMoveNext (object)
System.Threading.ExecutionContext:RunInternal (System.Threading.ExecutionContext,System.Threading.ContextCallback,object,bool)
System.Threading.ExecutionContext:Run (System.Threading.ExecutionContext,System.Threading.ContextCallback,object,bool)
System.Runtime.CompilerServices.AsyncMethodBuilderCore/MoveNextRunner:Run ()
System.Threading.Tasks.SynchronizationContextAwaitTaskContinuation/<>c:<.cctor>b__7_0 (object)
UnityEngine.UnitySynchronizationContext/WorkRequest:Invoke () (at C:/build/output/unity/unity/Runtime/Export/Scripting/UnitySynchronizationContext.cs:156)
UnityEngine.UnitySynchronizationContext:Exec () (at C:/build/output/unity/unity/Runtime/Export/Scripting/UnitySynchronizationContext.cs:84)
UnityEngine.UnitySynchronizationContext:ExecuteTasks () (at C:/build/output/unity/unity/Runtime/Export/Scripting/UnitySynchronizationContext.cs:110)

(Filename: C:/build/output/unity/unity/Runtime/Export/Debug/Debug.bindings.cs Line: 123)

PHS_AUTO_ROOM_COUNT clients=1/2
UnityEngine.Debug:ExtractStackTraceNoAlloc (byte*,int,string)
UnityEngine.StackTraceUtility:ExtractStackTrace () (at C:/build/output/unity/unity/Runtime/Export/Scripting/StackTrace.cs:35)
UnityEngine.DebugLogHandler:Internal_Log (UnityEngine.LogType,UnityEngine.LogOption,string,UnityEngine.Object)
UnityEngine.DebugLogHandler:LogFormat (UnityEngine.LogType,UnityEngine.Object,string,object[]) (at C:/build/output/unity/unity/Runtime/Export/Logging/DebugLogHandler.cs:9)
UnityEngine.Logger:Log (UnityEngine.LogType,object) (at C:/build/output/unity/unity/Runtime/Export/Logging/Logger.cs:60)
UnityEngine.Debug:Log (object) (at C:/build/output/unity/unity/Runtime/Export/Debug/Debug.bindings.cs:123)
LastJumpCrew.ParkHanSol.Multiplayer.ParkHanSolLobbyMenuController/<StartGameFromCommandLineWhenReady>d__55:MoveNext () (at E:/UNITY/LastJumpCrew/Assets/02. ParkHanSol_TeamLeader_Build & Multi/02. Script/Multiplayer/ParkHanSolLobbyMenuController.cs:469)
UnityEngine.SetupCoroutine:InvokeMoveNext (System.Collections.IEnumerator,intptr) (at C:/build/output/unity/unity/Runtime/Export/Scripting/Coroutines.cs:17)

(Filename: C:/build/output/unity/unity/Runtime/Export/Debug/Debug.bindings.cs Line: 123)

PHS_AUTO_ROOM_COUNT clients=1/2
UnityEngine.Debug:ExtractStackTraceNoAlloc (byte*,int,string)
UnityEngine.StackTraceUtility:ExtractStackTrace () (at C:/build/output/unity/unity/Runtime/Export/Scripting/StackTrace.cs:35)
UnityEngine.DebugLogHandler:Internal_Log (UnityEngine.LogType,UnityEngine.LogOption,string,UnityEngine.Object)
UnityEngine.DebugLogHandler:LogFormat (UnityEngine.LogType,UnityEngine.Object,string,object[]) (at C:/build/output/unity/unity/Runtime/Export/Logging/DebugLogHandler.cs:9)
UnityEngine.Logger:Log (UnityEngine.LogType,object) (at C:/build/output/unity/unity/Runtime/Export/Logging/Logger.cs:60)
UnityEngine.Debug:Log (object) (at C:/build/output/unity/unity/Runtime/Export/Debug/Debug.bindings.cs:123)
LastJumpCrew.ParkHanSol.Multiplayer.ParkHanSolLobbyMenuController/<StartGameFromCommandLineWhenReady>d__55:MoveNext () (at E:/UNITY/LastJumpCrew/Assets/02. ParkHanSol_TeamLeader_Build & Multi/02. Script/Multiplayer/ParkHanSolLobbyMenuController.cs:469)
UnityEngine.SetupCoroutine:InvokeMoveNext (System.Collections.IEnumerator,intptr) (at C:/build/output/unity/unity/Runtime/Export/Scripting/Coroutines.cs:17)

(Filename: C:/build/output/unity/unity/Runtime/Export/Debug/Debug.bindings.cs Line: 123)

PHS_AUTO_ROOM_COUNT clients=1/2
UnityEngine.Debug:ExtractStackTraceNoAlloc (byte*,int,string)
UnityEngine.StackTraceUtility:ExtractStackTrace () (at C:/build/output/unity/unity/Runtime/Export/Scripting/StackTrace.cs:35)
UnityEngine.DebugLogHandler:Internal_Log (UnityEngine.LogType,UnityEngine.LogOption,string,UnityEngine.Object)
UnityEngine.DebugLogHandler:LogFormat (UnityEngine.LogType,UnityEngine.Object,string,object[]) (at C:/build/output/unity/unity/Runtime/Export/Logging/DebugLogHandler.cs:9)
UnityEngine.Logger:Log (UnityEngine.LogType,object) (at C:/build/output/unity/unity/Runtime/Export/Logging/Logger.cs:60)
UnityEngine.Debug:Log (object) (at C:/build/output/unity/unity/Runtime/Export/Debug/Debug.bindings.cs:123)
LastJumpCrew.ParkHanSol.Multiplayer.ParkHanSolLobbyMenuController/<StartGameFromCommandLineWhenReady>d__55:MoveNext () (at E:/UNITY/LastJumpCrew/Assets/02. ParkHanSol_TeamLeader_Build & Multi/02. Script/Multiplayer/ParkHanSolLobbyMenuController.cs:469)
UnityEngine.SetupCoroutine:InvokeMoveNext (System.Collections.IEnumerator,intptr) (at C:/build/output/unity/unity/Runtime/Export/Scripting/Coroutines.cs:17)

(Filename: C:/build/output/unity/unity/Runtime/Export/Debug/Debug.bindings.cs Line: 123)

PHS_AUTO_ROOM_COUNT clients=1/2
UnityEngine.Debug:ExtractStackTraceNoAlloc (byte*,int,string)
UnityEngine.StackTraceUtility:ExtractStackTrace () (at C:/build/output/unity/unity/Runtime/Export/Scripting/StackTrace.cs:35)
UnityEngine.DebugLogHandler:Internal_Log (UnityEngine.LogType,UnityEngine.LogOption,string,UnityEngine.Object)
UnityEngine.DebugLogHandler:LogFormat (UnityEngine.LogType,UnityEngine.Object,string,object[]) (at C:/build/output/unity/unity/Runtime/Export/Logging/DebugLogHandler.cs:9)
UnityEngine.Logger:Log (UnityEngine.LogType,object) (at C:/build/output/unity/unity/Runtime/Export/Logging/Logger.cs:60)
UnityEngine.Debug:Log (object) (at C:/build/output/unity/unity/Runtime/Export/Debug/Debug.bindings.cs:123)
LastJumpCrew.ParkHanSol.Multiplayer.ParkHanSolLobbyMenuController/<StartGameFromCommandLineWhenReady>d__55:MoveNext () (at E:/UNITY/LastJumpCrew/Assets/02. ParkHanSol_TeamLeader_Build & Multi/02. Script/Multiplayer/ParkHanSolLobbyMenuController.cs:469)
UnityEngine.SetupCoroutine:InvokeMoveNext (System.Collections.IEnumerator,intptr) (at C:/build/output/unity/unity/Runtime/Export/Scripting/Coroutines.cs:17)

(Filename: C:/build/output/unity/unity/Runtime/Export/Debug/Debug.bindings.cs Line: 123)

PHS_AUTO_ROOM_COUNT clients=1/2
UnityEngine.Debug:ExtractStackTraceNoAlloc (byte*,int,string)
UnityEngine.StackTraceUtility:ExtractStackTrace () (at C:/build/output/unity/unity/Runtime/Export/Scripting/StackTrace.cs:35)
UnityEngine.DebugLogHandler:Internal_Log (UnityEngine.LogType,UnityEngine.LogOption,string,UnityEngine.Object)
UnityEngine.DebugLogHandler:LogFormat (UnityEngine.LogType,UnityEngine.Object,string,object[]) (at C:/build/output/unity/unity/Runtime/Export/Logging/DebugLogHandler.cs:9)
UnityEngine.Logger:Log (UnityEngine.LogType,object) (at C:/build/output/unity/unity/Runtime/Export/Logging/Logger.cs:60)
UnityEngine.Debug:Log (object) (at C:/build/output/unity/unity/Runtime/Export/Debug/Debug.bindings.cs:123)
LastJumpCrew.ParkHanSol.Multiplayer.ParkHanSolLobbyMenuController/<StartGameFromCommandLineWhenReady>d__55:MoveNext () (at E:/UNITY/LastJumpCrew/Assets/02. ParkHanSol_TeamLeader_Build & Multi/02. Script/Multiplayer/ParkHanSolLobbyMenuController.cs:469)
UnityEngine.SetupCoroutine:InvokeMoveNext (System.Collections.IEnumerator,intptr) (at C:/build/output/unity/unity/Runtime/Export/Scripting/Coroutines.cs:17)

(Filename: C:/build/output/unity/unity/Runtime/Export/Debug/Debug.bindings.cs Line: 123)

PHS_AUTO_ROOM_COUNT clients=1/2
UnityEngine.Debug:ExtractStackTraceNoAlloc (byte*,int,string)
UnityEngine.StackTraceUtility:ExtractStackTrace () (at C:/build/output/unity/unity/Runtime/Export/Scripting/StackTrace.cs:35)
UnityEngine.DebugLogHandler:Internal_Log (UnityEngine.LogType,UnityEngine.LogOption,string,UnityEngine.Object)
UnityEngine.DebugLogHandler:LogFormat (UnityEngine.LogType,UnityEngine.Object,string,object[]) (at C:/build/output/unity/unity/Runtime/Export/Logging/DebugLogHandler.cs:9)
UnityEngine.Logger:Log (UnityEngine.LogType,object) (at C:/build/output/unity/unity/Runtime/Export/Logging/Logger.cs:60)
UnityEngine.Debug:Log (object) (at C:/build/output/unity/unity/Runtime/Export/Debug/Debug.bindings.cs:123)
LastJumpCrew.ParkHanSol.Multiplayer.ParkHanSolLobbyMenuController/<StartGameFromCommandLineWhenReady>d__55:MoveNext () (at E:/UNITY/LastJumpCrew/Assets/02. ParkHanSol_TeamLeader_Build & Multi/02. Script/Multiplayer/ParkHanSolLobbyMenuController.cs:469)
UnityEngine.SetupCoroutine:InvokeMoveNext (System.Collections.IEnumerator,intptr) (at C:/build/output/unity/unity/Runtime/Export/Scripting/Coroutines.cs:17)

(Filename: C:/build/output/unity/unity/Runtime/Export/Debug/Debug.bindings.cs Line: 123)

PHS_AUTO_ROOM_COUNT clients=1/2
UnityEngine.Debug:ExtractStackTraceNoAlloc (byte*,int,string)
UnityEngine.StackTraceUtility:ExtractStackTrace () (at C:/build/output/unity/unity/Runtime/Export/Scripting/StackTrace.cs:35)
UnityEngine.DebugLogHandler:Internal_Log (UnityEngine.LogType,UnityEngine.LogOption,string,UnityEngine.Object)
UnityEngine.DebugLogHandler:LogFormat (UnityEngine.LogType,UnityEngine.Object,string,object[]) (at C:/build/output/unity/unity/Runtime/Export/Logging/DebugLogHandler.cs:9)
UnityEngine.Logger:Log (UnityEngine.LogType,object) (at C:/build/output/unity/unity/Runtime/Export/Logging/Logger.cs:60)
UnityEngine.Debug:Log (object) (at C:/build/output/unity/unity/Runtime/Export/Debug/Debug.bindings.cs:123)
LastJumpCrew.ParkHanSol.Multiplayer.ParkHanSolLobbyMenuController/<StartGameFromCommandLineWhenReady>d__55:MoveNext () (at E:/UNITY/LastJumpCrew/Assets/02. ParkHanSol_TeamLeader_Build & Multi/02. Script/Multiplayer/ParkHanSolLobbyMenuController.cs:469)
UnityEngine.SetupCoroutine:InvokeMoveNext (System.Collections.IEnumerator,intptr) (at C:/build/output/unity/unity/Runtime/Export/Scripting/Coroutines.cs:17)

(Filename: C:/build/output/unity/unity/Runtime/Export/Debug/Debug.bindings.cs Line: 123)

PHS_AUTO_ROOM_COUNT clients=1/2
UnityEngine.Debug:ExtractStackTraceNoAlloc (byte*,int,string)
UnityEngine.StackTraceUtility:ExtractStackTrace () (at C:/build/output/unity/unity/Runtime/Export/Scripting/StackTrace.cs:35)
UnityEngine.DebugLogHandler:Internal_Log (UnityEngine.LogType,UnityEngine.LogOption,string,UnityEngine.Object)
UnityEngine.DebugLogHandler:LogFormat (UnityEngine.LogType,UnityEngine.Object,string,object[]) (at C:/build/output/unity/unity/Runtime/Export/Logging/DebugLogHandler.cs:9)
UnityEngine.Logger:Log (UnityEngine.LogType,object) (at C:/build/output/unity/unity/Runtime/Export/Logging/Logger.cs:60)
UnityEngine.Debug:Log (object) (at C:/build/output/unity/unity/Runtime/Export/Debug/Debug.bindings.cs:123)
LastJumpCrew.ParkHanSol.Multiplayer.ParkHanSolLobbyMenuController/<StartGameFromCommandLineWhenReady>d__55:MoveNext () (at E:/UNITY/LastJumpCrew/Assets/02. ParkHanSol_TeamLeader_Build & Multi/02. Script/Multiplayer/ParkHanSolLobbyMenuController.cs:469)
UnityEngine.SetupCoroutine:InvokeMoveNext (System.Collections.IEnumerator,intptr) (at C:/build/output/unity/unity/Runtime/Export/Scripting/Coroutines.cs:17)

(Filename: C:/build/output/unity/unity/Runtime/Export/Debug/Debug.bindings.cs Line: 123)

PHS_AUTO_ROOM_COUNT clients=1/2
UnityEngine.Debug:ExtractStackTraceNoAlloc (byte*,int,string)
UnityEngine.StackTraceUtility:ExtractStackTrace () (at C:/build/output/unity/unity/Runtime/Export/Scripting/StackTrace.cs:35)
UnityEngine.DebugLogHandler:Internal_Log (UnityEngine.LogType,UnityEngine.LogOption,string,UnityEngine.Object)
UnityEngine.DebugLogHandler:LogFormat (UnityEngine.LogType,UnityEngine.Object,string,object[]) (at C:/build/output/unity/unity/Runtime/Export/Logging/DebugLogHandler.cs:9)
UnityEngine.Logger:Log (UnityEngine.LogType,object) (at C:/build/output/unity/unity/Runtime/Export/Logging/Logger.cs:60)
UnityEngine.Debug:Log (object) (at C:/build/output/unity/unity/Runtime/Export/Debug/Debug.bindings.cs:123)
LastJumpCrew.ParkHanSol.Multiplayer.ParkHanSolLobbyMenuController/<StartGameFromCommandLineWhenReady>d__55:MoveNext () (at E:/UNITY/LastJumpCrew/Assets/02. ParkHanSol_TeamLeader_Build & Multi/02. Script/Multiplayer/ParkHanSolLobbyMenuController.cs:469)
UnityEngine.SetupCoroutine:InvokeMoveNext (System.Collections.IEnumerator,intptr) (at C:/build/output/unity/unity/Runtime/Export/Scripting/Coroutines.cs:17)

(Filename: C:/build/output/unity/unity/Runtime/Export/Debug/Debug.bindings.cs Line: 123)

PHS_AUTO_ROOM_COUNT clients=1/2
UnityEngine.Debug:ExtractStackTraceNoAlloc (byte*,int,string)
UnityEngine.StackTraceUtility:ExtractStackTrace () (at C:/build/output/unity/unity/Runtime/Export/Scripting/StackTrace.cs:35)
UnityEngine.DebugLogHandler:Internal_Log (UnityEngine.LogType,UnityEngine.LogOption,string,UnityEngine.Object)
UnityEngine.DebugLogHandler:LogFormat (UnityEngine.LogType,UnityEngine.Object,string,object[]) (at C:/build/output/unity/unity/Runtime/Export/Logging/DebugLogHandler.cs:9)
UnityEngine.Logger:Log (UnityEngine.LogType,object) (at C:/build/output/unity/unity/Runtime/Export/Logging/Logger.cs:60)
UnityEngine.Debug:Log (object) (at C:/build/output/unity/unity/Runtime/Export/Debug/Debug.bindings.cs:123)
LastJumpCrew.ParkHanSol.Multiplayer.ParkHanSolLobbyMenuController/<StartGameFromCommandLineWhenReady>d__55:MoveNext () (at E:/UNITY/LastJumpCrew/Assets/02. ParkHanSol_TeamLeader_Build & Multi/02. Script/Multiplayer/ParkHanSolLobbyMenuController.cs:469)
UnityEngine.SetupCoroutine:InvokeMoveNext (System.Collections.IEnumerator,intptr) (at C:/build/output/unity/unity/Runtime/Export/Scripting/Coroutines.cs:17)

(Filename: C:/build/output/unity/unity/Runtime/Export/Debug/Debug.bindings.cs Line: 123)

PHS_AUTO_ROOM_COUNT clients=1/2
UnityEngine.Debug:ExtractStackTraceNoAlloc (byte*,int,string)
UnityEngine.StackTraceUtility:ExtractStackTrace () (at C:/build/output/unity/unity/Runtime/Export/Scripting/StackTrace.cs:35)
UnityEngine.DebugLogHandler:Internal_Log (UnityEngine.LogType,UnityEngine.LogOption,string,UnityEngine.Object)
UnityEngine.DebugLogHandler:LogFormat (UnityEngine.LogType,UnityEngine.Object,string,object[]) (at C:/build/output/unity/unity/Runtime/Export/Logging/DebugLogHandler.cs:9)
UnityEngine.Logger:Log (UnityEngine.LogType,object) (at C:/build/output/unity/unity/Runtime/Export/Logging/Logger.cs:60)
UnityEngine.Debug:Log (object) (at C:/build/output/unity/unity/Runtime/Export/Debug/Debug.bindings.cs:123)
LastJumpCrew.ParkHanSol.Multiplayer.ParkHanSolLobbyMenuController/<StartGameFromCommandLineWhenReady>d__55:MoveNext () (at E:/UNITY/LastJumpCrew/Assets/02. ParkHanSol_TeamLeader_Build & Multi/02. Script/Multiplayer/ParkHanSolLobbyMenuController.cs:469)
UnityEngine.SetupCoroutine:InvokeMoveNext (System.Collections.IEnumerator,intptr) (at C:/build/output/unity/unity/Runtime/Export/Scripting/Coroutines.cs:17)

(Filename: C:/build/output/unity/unity/Runtime/Export/Debug/Debug.bindings.cs Line: 123)

PHS_AUTO_ROOM_COUNT clients=1/2
UnityEngine.Debug:ExtractStackTraceNoAlloc (byte*,int,string)
UnityEngine.StackTraceUtility:ExtractStackTrace () (at C:/build/output/unity/unity/Runtime/Export/Scripting/StackTrace.cs:35)
UnityEngine.DebugLogHandler:Internal_Log (UnityEngine.LogType,UnityEngine.LogOption,string,UnityEngine.Object)
UnityEngine.DebugLogHandler:LogFormat (UnityEngine.LogType,UnityEngine.Object,string,object[]) (at C:/build/output/unity/unity/Runtime/Export/Logging/DebugLogHandler.cs:9)
UnityEngine.Logger:Log (UnityEngine.LogType,object) (at C:/build/output/unity/unity/Runtime/Export/Logging/Logger.cs:60)
UnityEngine.Debug:Log (object) (at C:/build/output/unity/unity/Runtime/Export/Debug/Debug.bindings.cs:123)
LastJumpCrew.ParkHanSol.Multiplayer.ParkHanSolLobbyMenuController/<StartGameFromCommandLineWhenReady>d__55:MoveNext () (at E:/UNITY/LastJumpCrew/Assets/02. ParkHanSol_TeamLeader_Build & Multi/02. Script/Multiplayer/ParkHanSolLobbyMenuController.cs:469)
UnityEngine.SetupCoroutine:InvokeMoveNext (System.Collections.IEnumerator,intptr) (at C:/build/output/unity/unity/Runtime/Export/Scripting/Coroutines.cs:17)

(Filename: C:/build/output/unity/unity/Runtime/Export/Debug/Debug.bindings.cs Line: 123)

PHS_EXTINGUISHER_EFFECT_CACHED player=PHS_CuteWhiteGhost_Player(Clone) firstPersonParticles=2 worldParticles=2
UnityEngine.Debug:ExtractStackTraceNoAlloc (byte*,int,string)
UnityEngine.StackTraceUtility:ExtractStackTrace () (at C:/build/output/unity/unity/Runtime/Export/Scripting/StackTrace.cs:35)
UnityEngine.DebugLogHandler:Internal_Log (UnityEngine.LogType,UnityEngine.LogOption,string,UnityEngine.Object)
UnityEngine.DebugLogHandler:LogFormat (UnityEngine.LogType,UnityEngine.Object,string,object[]) (at C:/build/output/unity/unity/Runtime/Export/Logging/DebugLogHandler.cs:9)
UnityEngine.Logger:Log (UnityEngine.LogType,object) (at C:/build/output/unity/unity/Runtime/Export/Logging/Logger.cs:60)
UnityEngine.Debug:Log (object) (at C:/build/output/unity/unity/Runtime/Export/Debug/Debug.bindings.cs:123)
LastJumpCrew.ParkHanSol.Multiplayer.NetworkPlayerCombatController:CacheExtinguisherEffects () (at E:/UNITY/LastJumpCrew/Assets/06. JoHanYong_PlayerSystem/02. Script/NetworkPlayerCombatController.cs:149)
LastJumpCrew.ParkHanSol.Multiplayer.NetworkPlayerCombatController:Awake () (at E:/UNITY/LastJumpCrew/Assets/06. JoHanYong_PlayerSystem/02. Script/NetworkPlayerCombatController.cs:128)
UnityEngine.Object:Internal_CloneSingle (UnityEngine.Object)
UnityEngine.Object:Instantiate<UnityEngine.GameObject> (UnityEngine.GameObject) (at C:/build/output/unity/unity/Runtime/Export/Scripting/UnityEngineObject.bindings.cs:671)
Unity.Netcode.NetworkSpawnManager:InstantiateNetworkPrefab (UnityEngine.GameObject,uint,System.Nullable`1<UnityEngine.Vector3>,System.Nullable`1<UnityEngine.Quaternion>) (at ./Library/PackageCache/com.unity.netcode.gameobjects@0f12e689d980/Runtime/Spawning/NetworkSpawnManager.cs:938)
Unity.Netcode.NetworkSpawnManager:GetNetworkObjectToSpawn (uint,ulong,System.Nullable`1<UnityEngine.Vector3>,System.Nullable`1<UnityEngine.Quaternion>,bool,byte[]) (at ./Library/PackageCache/com.unity.netcode.gameobjects@0f12e689d980/Runtime/Spawning/NetworkSpawnManager.cs:918)
Unity.Netcode.NetworkConnectionManager:HandleConnectionApproval (ulong,bool,System.Nullable`1<uint>,System.Nullable`1<UnityEngine.Vector3>,System.Nullable`1<UnityEngine.Quaternion>) (at ./Library/PackageCache/com.unity.netcode.gameobjects@0f12e689d980/Runtime/Connection/NetworkConnectionManager.cs:1015)
Unity.Netcode.NetworkConnectionManager:ProcessPendingApprovals () (at ./Library/PackageCache/com.unity.netcode.gameobjects@0f12e689d980/Runtime/Connection/NetworkConnectionManager.cs:884)
Unity.Netcode.NetworkManager:NetworkUpdate (Unity.Netcode.NetworkUpdateStage) (at ./Library/PackageCache/com.unity.netcode.gameobjects@0f12e689d980/Runtime/Core/NetworkManager.cs:358)
Unity.Netcode.NetworkUpdateLoop:RunNetworkUpdateStage (Unity.Netcode.NetworkUpdateStage) (at ./Library/PackageCache/com.unity.netcode.gameobjects@0f12e689d980/Runtime/Core/NetworkUpdateLoop.cs:191)
Unity.Netcode.NetworkUpdateLoop/NetworkEarlyUpdate/<>c:<CreateLoopSystem>b__0_0 () (at ./Library/PackageCache/com.unity.netcode.gameobjects@0f12e689d980/Runtime/Core/NetworkUpdateLoop.cs:214)

(Filename: C:/build/output/unity/unity/Runtime/Export/Debug/Debug.bindings.cs Line: 123)

PHS_PLAYER_SCENE_STATE scene=ParkHanSol_LobbyScene owner=False input=False
UnityEngine.Debug:ExtractStackTraceNoAlloc (byte*,int,string)
UnityEngine.StackTraceUtility:ExtractStackTrace () (at C:/build/output/unity/unity/Runtime/Export/Scripting/StackTrace.cs:35)
UnityEngine.DebugLogHandler:Internal_Log (UnityEngine.LogType,UnityEngine.LogOption,string,UnityEngine.Object)
UnityEngine.DebugLogHandler:LogFormat (UnityEngine.LogType,UnityEngine.Object,string,object[]) (at C:/build/output/unity/unity/Runtime/Export/Logging/DebugLogHandler.cs:9)
UnityEngine.Logger:Log (UnityEngine.LogType,object) (at C:/build/output/unity/unity/Runtime/Export/Logging/Logger.cs:60)
UnityEngine.Debug:Log (object) (at C:/build/output/unity/unity/Runtime/Export/Debug/Debug.bindings.cs:123)
LastJumpCrew.ParkHanSol.Multiplayer.NetworkPlayerController:RefreshForActiveScene () (at E:/UNITY/LastJumpCrew/Assets/02. ParkHanSol_TeamLeader_Build & Multi/02. Script/Multiplayer/NetworkPlayerController.cs:733)
LastJumpCrew.ParkHanSol.Multiplayer.NetworkPlayerController:OnNetworkSpawn () (at E:/UNITY/LastJumpCrew/Assets/02. ParkHanSol_TeamLeader_Build & Multi/02. Script/Multiplayer/NetworkPlayerController.cs:505)
Unity.Netcode.NetworkBehaviour:NetworkSpawn () (at ./Library/PackageCache/com.unity.netcode.gameobjects@0f12e689d980/Runtime/Core/NetworkBehaviour.cs:813)
Unity.Netcode.NetworkObject:InvokeBehaviourNetworkSpawn () (at ./Library/PackageCache/com.unity.netcode.gameobjects@0f12e689d980/Runtime/Core/NetworkObject.cs:2698)
Unity.Netcode.NetworkSpawnManager:SpawnNetworkObjectLocallyCommon (Unity.Netcode.NetworkObject,ulong,bool,bool,ulong,bool) (at ./Library/PackageCache/com.unity.netcode.gameobjects@0f12e689d980/Runtime/Spawning/NetworkSpawnManager.cs:1384)
Unity.Netcode.NetworkSpawnManager:AuthorityLocalSpawn (Unity.Netcode.NetworkObject,ulong,bool,bool,ulong,bool) (at ./Library/PackageCache/com.unity.netcode.gameobjects@0f12e689d980/Runtime/Spawning/NetworkSpawnManager.cs:1182)
Unity.Netcode.NetworkConnectionManager:HandleConnectionApproval (ulong,bool,System.Nullable`1<uint>,System.Nullable`1<UnityEngine.Vector3>,System.Nullable`1<UnityEngine.Quaternion>) (at ./Library/PackageCache/com.unity.netcode.gameobjects@0f12e689d980/Runtime/Connection/NetworkConnectionManager.cs:1027)
Unity.Netcode.NetworkConnectionManager:ProcessPendingApprovals () (at ./Library/PackageCache/com.unity.netcode.gameobjects@0f12e689d980/Runtime/Connection/NetworkConnectionManager.cs:884)
Unity.Netcode.NetworkManager:NetworkUpdate (Unity.Netcode.NetworkUpdateStage) (at ./Library/PackageCache/com.unity.netcode.gameobjects@0f12e689d980/Runtime/Core/NetworkManager.cs:358)
Unity.Netcode.NetworkUpdateLoop:RunNetworkUpdateStage (Unity.Netcode.NetworkUpdateStage) (at ./Library/PackageCache/com.unity.netcode.gameobjects@0f12e689d980/Runtime/Core/NetworkUpdateLoop.cs:191)
Unity.Netcode.NetworkUpdateLoop/NetworkEarlyUpdate/<>c:<CreateLoopSystem>b__0_0 () (at ./Library/PackageCache/com.unity.netcode.gameobjects@0f12e689d980/Runtime/Core/NetworkUpdateLoop.cs:214)

(Filename: C:/build/output/unity/unity/Runtime/Export/Debug/Debug.bindings.cs Line: 123)

PHS_AUTO_ROOM_COUNT clients=2/2
UnityEngine.Debug:ExtractStackTraceNoAlloc (byte*,int,string)
UnityEngine.StackTraceUtility:ExtractStackTrace () (at C:/build/output/unity/unity/Runtime/Export/Scripting/StackTrace.cs:35)
UnityEngine.DebugLogHandler:Internal_Log (UnityEngine.LogType,UnityEngine.LogOption,string,UnityEngine.Object)
UnityEngine.DebugLogHandler:LogFormat (UnityEngine.LogType,UnityEngine.Object,string,object[]) (at C:/build/output/unity/unity/Runtime/Export/Logging/DebugLogHandler.cs:9)
UnityEngine.Logger:Log (UnityEngine.LogType,object) (at C:/build/output/unity/unity/Runtime/Export/Logging/Logger.cs:60)
UnityEngine.Debug:Log (object) (at C:/build/output/unity/unity/Runtime/Export/Debug/Debug.bindings.cs:123)
LastJumpCrew.ParkHanSol.Multiplayer.ParkHanSolLobbyMenuController/<StartGameFromCommandLineWhenReady>d__55:MoveNext () (at E:/UNITY/LastJumpCrew/Assets/02. ParkHanSol_TeamLeader_Build & Multi/02. Script/Multiplayer/ParkHanSolLobbyMenuController.cs:469)
UnityEngine.SetupCoroutine:InvokeMoveNext (System.Collections.IEnumerator,intptr) (at C:/build/output/unity/unity/Runtime/Export/Scripting/Coroutines.cs:17)

(Filename: C:/build/output/unity/unity/Runtime/Export/Debug/Debug.bindings.cs Line: 123)

PHS_AUTO_START_GAME clients=2
UnityEngine.Debug:ExtractStackTraceNoAlloc (byte*,int,string)
UnityEngine.StackTraceUtility:ExtractStackTrace () (at C:/build/output/unity/unity/Runtime/Export/Scripting/StackTrace.cs:35)
UnityEngine.DebugLogHandler:Internal_Log (UnityEngine.LogType,UnityEngine.LogOption,string,UnityEngine.Object)
UnityEngine.DebugLogHandler:LogFormat (UnityEngine.LogType,UnityEngine.Object,string,object[]) (at C:/build/output/unity/unity/Runtime/Export/Logging/DebugLogHandler.cs:9)
UnityEngine.Logger:Log (UnityEngine.LogType,object) (at C:/build/output/unity/unity/Runtime/Export/Logging/Logger.cs:60)
UnityEngine.Debug:Log (object) (at C:/build/output/unity/unity/Runtime/Export/Debug/Debug.bindings.cs:123)
LastJumpCrew.ParkHanSol.Multiplayer.ParkHanSolLobbyMenuController/<StartGameFromCommandLineWhenReady>d__55:MoveNext () (at E:/UNITY/LastJumpCrew/Assets/02. ParkHanSol_TeamLeader_Build & Multi/02. Script/Multiplayer/ParkHanSolLobbyMenuController.cs:472)
UnityEngine.SetupCoroutine:InvokeMoveNext (System.Collections.IEnumerator,intptr) (at C:/build/output/unity/unity/Runtime/Export/Scripting/Coroutines.cs:17)

(Filename: C:/build/output/unity/unity/Runtime/Export/Debug/Debug.bindings.cs Line: 123)

[GameLoop] Phase=ZoneSelect, Cleared=0, Time=0.0
UnityEngine.Debug:ExtractStackTraceNoAlloc (byte*,int,string)
UnityEngine.StackTraceUtility:ExtractStackTrace () (at C:/build/output/unity/unity/Runtime/Export/Scripting/StackTrace.cs:35)
UnityEngine.DebugLogHandler:Internal_Log (UnityEngine.LogType,UnityEngine.LogOption,string,UnityEngine.Object)
UnityEngine.DebugLogHandler:LogFormat (UnityEngine.LogType,UnityEngine.Object,string,object[]) (at C:/build/output/unity/unity/Runtime/Export/Logging/DebugLogHandler.cs:9)
UnityEngine.Logger:Log (UnityEngine.LogType,object) (at C:/build/output/unity/unity/Runtime/Export/Logging/Logger.cs:60)
UnityEngine.Debug:Log (object) (at C:/build/output/unity/unity/Runtime/Export/Debug/Debug.bindings.cs:123)
LastJumpCrew.SeoBoGyeong.GameLoopController:SetPhase (LastJumpCrew.SeoBoGyeong.GamePhase) (at E:/UNITY/LastJumpCrew/Assets/03. SeoBoGyeong_Game Economy/02. Script/GameRule/GameLoopController.cs:126)
LastJumpCrew.SeoBoGyeong.GameLoopController:StartGame () (at E:/UNITY/LastJumpCrew/Assets/03. SeoBoGyeong_Game Economy/02. Script/GameRule/GameLoopController.cs:42)
LastJumpCrew.SeoBoGyeong.LocalGameSession:StartGame () (at E:/UNITY/LastJumpCrew/Assets/03. SeoBoGyeong_Game Economy/02. Script/Session/LocalGameSession.cs:73)
LastJumpCrew.ParkHanSol.Multiplayer.ParkHanSolLobbyMenuController:TryBeginGameRun () (at E:/UNITY/LastJumpCrew/Assets/02. ParkHanSol_TeamLeader_Build & Multi/02. Script/Multiplayer/ParkHanSolLobbyMenuController.cs:345)
LastJumpCrew.ParkHanSol.Multiplayer.ParkHanSolLobbyMenuController:StartGame () (at E:/UNITY/LastJumpCrew/Assets/02. ParkHanSol_TeamLeader_Build & Multi/02. Script/Multiplayer/ParkHanSolLobbyMenuController.cs:309)
LastJumpCrew.ParkHanSol.Multiplayer.ParkHanSolLobbyMenuController/<StartGameFromCommandLineWhenReady>d__55:MoveNext () (at E:/UNITY/LastJumpCrew/Assets/02. ParkHanSol_TeamLeader_Build & Multi/02. Script/Multiplayer/ParkHanSolLobbyMenuController.cs:473)
UnityEngine.SetupCoroutine:InvokeMoveNext (System.Collections.IEnumerator,intptr) (at C:/build/output/unity/unity/Runtime/Export/Scripting/Coroutines.cs:17)

(Filename: C:/build/output/unity/unity/Runtime/Export/Debug/Debug.bindings.cs Line: 123)

PHS_GAME_RUN_STARTED phase=ZoneSelect clearedZones=0
UnityEngine.Debug:ExtractStackTraceNoAlloc (byte*,int,string)
UnityEngine.StackTraceUtility:ExtractStackTrace () (at C:/build/output/unity/unity/Runtime/Export/Scripting/StackTrace.cs:35)
UnityEngine.DebugLogHandler:Internal_Log (UnityEngine.LogType,UnityEngine.LogOption,string,UnityEngine.Object)
UnityEngine.DebugLogHandler:LogFormat (UnityEngine.LogType,UnityEngine.Object,string,object[]) (at C:/build/output/unity/unity/Runtime/Export/Logging/DebugLogHandler.cs:9)
UnityEngine.Logger:Log (UnityEngine.LogType,object) (at C:/build/output/unity/unity/Runtime/Export/Logging/Logger.cs:60)
UnityEngine.Debug:Log (object) (at C:/build/output/unity/unity/Runtime/Export/Debug/Debug.bindings.cs:123)
LastJumpCrew.ParkHanSol.Multiplayer.ParkHanSolLobbyMenuController:TryBeginGameRun () (at E:/UNITY/LastJumpCrew/Assets/02. ParkHanSol_TeamLeader_Build & Multi/02. Script/Multiplayer/ParkHanSolLobbyMenuController.cs:352)
LastJumpCrew.ParkHanSol.Multiplayer.ParkHanSolLobbyMenuController:StartGame () (at E:/UNITY/LastJumpCrew/Assets/02. ParkHanSol_TeamLeader_Build & Multi/02. Script/Multiplayer/ParkHanSolLobbyMenuController.cs:309)
LastJumpCrew.ParkHanSol.Multiplayer.ParkHanSolLobbyMenuController/<StartGameFromCommandLineWhenReady>d__55:MoveNext () (at E:/UNITY/LastJumpCrew/Assets/02. ParkHanSol_TeamLeader_Build & Multi/02. Script/Multiplayer/ParkHanSolLobbyMenuController.cs:473)
UnityEngine.SetupCoroutine:InvokeMoveNext (System.Collections.IEnumerator,intptr) (at C:/build/output/unity/unity/Runtime/Export/Scripting/Coroutines.cs:17)

(Filename: C:/build/output/unity/unity/Runtime/Export/Debug/Debug.bindings.cs Line: 123)

Unloading 7 Unused Serialized files (Serialized files now loaded: 0)
UnloadTime: 10.986800 ms
PHS_GRAVITY_AREA_STATE area=PHS_Gravity_Bridge gravity=True
UnityEngine.Debug:ExtractStackTraceNoAlloc (byte*,int,string)
UnityEngine.StackTraceUtility:ExtractStackTrace () (at C:/build/output/unity/unity/Runtime/Export/Scripting/StackTrace.cs:35)
UnityEngine.DebugLogHandler:Internal_Log (UnityEngine.LogType,UnityEngine.LogOption,string,UnityEngine.Object)
UnityEngine.DebugLogHandler:LogFormat (UnityEngine.LogType,UnityEngine.Object,string,object[]) (at C:/build/output/unity/unity/Runtime/Export/Logging/DebugLogHandler.cs:9)
UnityEngine.Logger:Log (UnityEngine.LogType,object) (at C:/build/output/unity/unity/Runtime/Export/Logging/Logger.cs:60)
UnityEngine.Debug:Log (object) (at C:/build/output/unity/unity/Runtime/Export/Debug/Debug.bindings.cs:123)
LastJumpCrew.ParkHanSol.Multiplayer.NetworkPlayerGravityArea:SetShipGravityEnabled (bool) (at E:/UNITY/LastJumpCrew/Assets/02. ParkHanSol_TeamLeader_Build & Multi/02. Script/Multiplayer/NetworkPlayerGravityArea.cs:39)
LastJumpCrew.ParkHanSol.Multiplayer.ShipGravityZoneController:ApplyGravityState (bool,string) (at E:/UNITY/LastJumpCrew/Assets/02. ParkHanSol_TeamLeader_Build & Multi/02. Script/Multiplayer/ShipGravityZoneController.cs:157)
LastJumpCrew.ParkHanSol.Multiplayer.ShipGravityZoneController:TryBindShipState () (at E:/UNITY/LastJumpCrew/Assets/02. ParkHanSol_TeamLeader_Build & Multi/02. Script/Multiplayer/ShipGravityZoneController.cs:108)
LastJumpCrew.ParkHanSol.Multiplayer.ShipGravityZoneController:OnEnable () (at E:/UNITY/LastJumpCrew/Assets/02. ParkHanSol_TeamLeader_Build & Multi/02. Script/Multiplayer/ShipGravityZoneController.cs:24)

(Filename: C:/build/output/unity/unity/Runtime/Export/Debug/Debug.bindings.cs Line: 123)

PHS_GRAVITY_AREA_STATE area=PHS_Gravity_EntryWing A gravity=True
UnityEngine.Debug:ExtractStackTraceNoAlloc (byte*,int,string)
UnityEngine.StackTraceUtility:ExtractStackTrace () (at C:/build/output/unity/unity/Runtime/Export/Scripting/StackTrace.cs:35)
UnityEngine.DebugLogHandler:Internal_Log (UnityEngine.LogType,UnityEngine.LogOption,string,UnityEngine.Object)
UnityEngine.DebugLogHandler:LogFormat (UnityEngine.LogType,UnityEngine.Object,string,object[]) (at C:/build/output/unity/unity/Runtime/Export/Logging/DebugLogHandler.cs:9)
UnityEngine.Logger:Log (UnityEngine.LogType,object) (at C:/build/output/unity/unity/Runtime/Export/Logging/Logger.cs:60)
UnityEngine.Debug:Log (object) (at C:/build/output/unity/unity/Runtime/Export/Debug/Debug.bindings.cs:123)
LastJumpCrew.ParkHanSol.Multiplayer.NetworkPlayerGravityArea:SetShipGravityEnabled (bool) (at E:/UNITY/LastJumpCrew/Assets/02. ParkHanSol_TeamLeader_Build & Multi/02. Script/Multiplayer/NetworkPlayerGravityArea.cs:39)
LastJumpCrew.ParkHanSol.Multiplayer.ShipGravityZoneController:ApplyGravityState (bool,string) (at E:/UNITY/LastJumpCrew/Assets/02. ParkHanSol_TeamLeader_Build & Multi/02. Script/Multiplayer/ShipGravityZoneController.cs:157)
LastJumpCrew.ParkHanSol.Multiplayer.ShipGravityZoneController:TryBindShipState () (at E:/UNITY/LastJumpCrew/Assets/02. ParkHanSol_TeamLeader_Build & Multi/02. Script/Multiplayer/ShipGravityZoneController.cs:108)
LastJumpCrew.ParkHanSol.Multiplayer.ShipGravityZoneController:OnEnable () (at E:/UNITY/LastJumpCrew/Assets/02. ParkHanSol_TeamLeader_Build & Multi/02. Script/Multiplayer/ShipGravityZoneController.cs:24)

(Filename: C:/build/output/unity/unity/Runtime/Export/Debug/Debug.bindings.cs Line: 123)

PHS_GRAVITY_AREA_STATE area=PHS_Gravity_EntryWing B gravity=True
UnityEngine.Debug:ExtractStackTraceNoAlloc (byte*,int,string)
UnityEngine.StackTraceUtility:ExtractStackTrace () (at C:/build/output/unity/unity/Runtime/Export/Scripting/StackTrace.cs:35)
UnityEngine.DebugLogHandler:Internal_Log (UnityEngine.LogType,UnityEngine.LogOption,string,UnityEngine.Object)
UnityEngine.DebugLogHandler:LogFormat (UnityEngine.LogType,UnityEngine.Object,string,object[]) (at C:/build/output/unity/unity/Runtime/Export/Logging/DebugLogHandler.cs:9)
UnityEngine.Logger:Log (UnityEngine.LogType,object) (at C:/build/output/unity/unity/Runtime/Export/Logging/Logger.cs:60)
UnityEngine.Debug:Log (object) (at C:/build/output/unity/unity/Runtime/Export/Debug/Debug.bindings.cs:123)
LastJumpCrew.ParkHanSol.Multiplayer.NetworkPlayerGravityArea:SetShipGravityEnabled (bool) (at E:/UNITY/LastJumpCrew/Assets/02. ParkHanSol_TeamLeader_Build & Multi/02. Script/Multiplayer/NetworkPlayerGravityArea.cs:39)
LastJumpCrew.ParkHanSol.Multiplayer.ShipGravityZoneController:ApplyGravityState (bool,string) (at E:/UNITY/LastJumpCrew/Assets/02. ParkHanSol_TeamLeader_Build & Multi/02. Script/Multiplayer/ShipGravityZoneController.cs:157)
LastJumpCrew.ParkHanSol.Multiplayer.ShipGravityZoneController:TryBindShipState () (at E:/UNITY/LastJumpCrew/Assets/02. ParkHanSol_TeamLeader_Build & Multi/02. Script/Multiplayer/ShipGravityZoneController.cs:108)
LastJumpCrew.ParkHanSol.Multiplayer.ShipGravityZoneController:OnEnable () (at E:/UNITY/LastJumpCrew/Assets/02. ParkHanSol_TeamLeader_Build & Multi/02. Script/Multiplayer/ShipGravityZoneController.cs:24)

(Filename: C:/build/output/unity/unity/Runtime/Export/Debug/Debug.bindings.cs Line: 123)

PHS_GRAVITY_AREA_STATE area=PHS_Gravity_MainHall gravity=True
UnityEngine.Debug:ExtractStackTraceNoAlloc (byte*,int,string)
UnityEngine.StackTraceUtility:ExtractStackTrace () (at C:/build/output/unity/unity/Runtime/Export/Scripting/StackTrace.cs:35)
UnityEngine.DebugLogHandler:Internal_Log (UnityEngine.LogType,UnityEngine.LogOption,string,UnityEngine.Object)
UnityEngine.DebugLogHandler:LogFormat (UnityEngine.LogType,UnityEngine.Object,string,object[]) (at C:/build/output/unity/unity/Runtime/Export/Logging/DebugLogHandler.cs:9)
UnityEngine.Logger:Log (UnityEngine.LogType,object) (at C:/build/output/unity/unity/Runtime/Export/Logging/Logger.cs:60)
UnityEngine.Debug:Log (object) (at C:/build/output/unity/unity/Runtime/Export/Debug/Debug.bindings.cs:123)
LastJumpCrew.ParkHanSol.Multiplayer.NetworkPlayerGravityArea:SetShipGravityEnabled (bool) (at E:/UNITY/LastJumpCrew/Assets/02. ParkHanSol_TeamLeader_Build & Multi/02. Script/Multiplayer/NetworkPlayerGravityArea.cs:39)
LastJumpCrew.ParkHanSol.Multiplayer.ShipGravityZoneController:ApplyGravityState (bool,string) (at E:/UNITY/LastJumpCrew/Assets/02. ParkHanSol_TeamLeader_Build & Multi/02. Script/Multiplayer/ShipGravityZoneController.cs:157)
LastJumpCrew.ParkHanSol.Multiplayer.ShipGravityZoneController:TryBindShipState () (at E:/UNITY/LastJumpCrew/Assets/02. ParkHanSol_TeamLeader_Build & Multi/02. Script/Multiplayer/ShipGravityZoneController.cs:108)
LastJumpCrew.ParkHanSol.Multiplayer.ShipGravityZoneController:OnEnable () (at E:/UNITY/LastJumpCrew/Assets/02. ParkHanSol_TeamLeader_Build & Multi/02. Script/Multiplayer/ShipGravityZoneController.cs:24)

(Filename: C:/build/output/unity/unity/Runtime/Export/Debug/Debug.bindings.cs Line: 123)

PHS_GRAVITY_AREA_STATE area=PHS_Gravity_CommandRoom gravity=True
UnityEngine.Debug:ExtractStackTraceNoAlloc (byte*,int,string)
UnityEngine.StackTraceUtility:ExtractStackTrace () (at C:/build/output/unity/unity/Runtime/Export/Scripting/StackTrace.cs:35)
UnityEngine.DebugLogHandler:Internal_Log (UnityEngine.LogType,UnityEngine.LogOption,string,UnityEngine.Object)
UnityEngine.DebugLogHandler:LogFormat (UnityEngine.LogType,UnityEngine.Object,string,object[]) (at C:/build/output/unity/unity/Runtime/Export/Logging/DebugLogHandler.cs:9)
UnityEngine.Logger:Log (UnityEngine.LogType,object) (at C:/build/output/unity/unity/Runtime/Export/Logging/Logger.cs:60)
UnityEngine.Debug:Log (object) (at C:/build/output/unity/unity/Runtime/Export/Debug/Debug.bindings.cs:123)
LastJumpCrew.ParkHanSol.Multiplayer.NetworkPlayerGravityArea:SetShipGravityEnabled (bool) (at E:/UNITY/LastJumpCrew/Assets/02. ParkHanSol_TeamLeader_Build & Multi/02. Script/Multiplayer/NetworkPlayerGravityArea.cs:39)
LastJumpCrew.ParkHanSol.Multiplayer.ShipGravityZoneController:ApplyGravityState (bool,string) (at E:/UNITY/LastJumpCrew/Assets/02. ParkHanSol_TeamLeader_Build & Multi/02. Script/Multiplayer/ShipGravityZoneController.cs:157)
LastJumpCrew.ParkHanSol.Multiplayer.ShipGravityZoneController:TryBindShipState () (at E:/UNITY/LastJumpCrew/Assets/02. ParkHanSol_TeamLeader_Build & Multi/02. Script/Multiplayer/ShipGravityZoneController.cs:108)
LastJumpCrew.ParkHanSol.Multiplayer.ShipGravityZoneController:OnEnable () (at E:/UNITY/LastJumpCrew/Assets/02. ParkHanSol_TeamLeader_Build & Multi/02. Script/Multiplayer/ShipGravityZoneController.cs:24)

(Filename: C:/build/output/unity/unity/Runtime/Export/Debug/Debug.bindings.cs Line: 123)

PHS_GRAVITY_AREA_STATE area=PHS_Gravity_AftCorridor gravity=True
UnityEngine.Debug:ExtractStackTraceNoAlloc (byte*,int,string)
UnityEngine.StackTraceUtility:ExtractStackTrace () (at C:/build/output/unity/unity/Runtime/Export/Scripting/StackTrace.cs:35)
UnityEngine.DebugLogHandler:Internal_Log (UnityEngine.LogType,UnityEngine.LogOption,string,UnityEngine.Object)
UnityEngine.DebugLogHandler:LogFormat (UnityEngine.LogType,UnityEngine.Object,string,object[]) (at C:/build/output/unity/unity/Runtime/Export/Logging/DebugLogHandler.cs:9)
UnityEngine.Logger:Log (UnityEngine.LogType,object) (at C:/build/output/unity/unity/Runtime/Export/Logging/Logger.cs:60)
UnityEngine.Debug:Log (object) (at C:/build/output/unity/unity/Runtime/Export/Debug/Debug.bindings.cs:123)
LastJumpCrew.ParkHanSol.Multiplayer.NetworkPlayerGravityArea:SetShipGravityEnabled (bool) (at E:/UNITY/LastJumpCrew/Assets/02. ParkHanSol_TeamLeader_Build & Multi/02. Script/Multiplayer/NetworkPlayerGravityArea.cs:39)
LastJumpCrew.ParkHanSol.Multiplayer.ShipGravityZoneController:ApplyGravityState (bool,string) (at E:/UNITY/LastJumpCrew/Assets/02. ParkHanSol_TeamLeader_Build & Multi/02. Script/Multiplayer/ShipGravityZoneController.cs:157)
LastJumpCrew.ParkHanSol.Multiplayer.ShipGravityZoneController:TryBindShipState () (at E:/UNITY/LastJumpCrew/Assets/02. ParkHanSol_TeamLeader_Build & Multi/02. Script/Multiplayer/ShipGravityZoneController.cs:108)
LastJumpCrew.ParkHanSol.Multiplayer.ShipGravityZoneController:OnEnable () (at E:/UNITY/LastJumpCrew/Assets/02. ParkHanSol_TeamLeader_Build & Multi/02. Script/Multiplayer/ShipGravityZoneController.cs:24)

(Filename: C:/build/output/unity/unity/Runtime/Export/Debug/Debug.bindings.cs Line: 123)

PHS_GRAVITY_ZONE_STATE zone=PHS_Gravity_Bridge gravity=True
UnityEngine.Debug:ExtractStackTraceNoAlloc (byte*,int,string)
UnityEngine.StackTraceUtility:ExtractStackTrace () (at C:/build/output/unity/unity/Runtime/Export/Scripting/StackTrace.cs:35)
UnityEngine.DebugLogHandler:Internal_Log (UnityEngine.LogType,UnityEngine.LogOption,string,UnityEngine.Object)
UnityEngine.DebugLogHandler:LogFormat (UnityEngine.LogType,UnityEngine.Object,string,object[]) (at C:/build/output/unity/unity/Runtime/Export/Logging/DebugLogHandler.cs:9)
UnityEngine.Logger:Log (UnityEngine.LogType,object) (at C:/build/output/unity/unity/Runtime/Export/Logging/Logger.cs:60)
UnityEngine.Debug:Log (object) (at C:/build/output/unity/unity/Runtime/Export/Debug/Debug.bindings.cs:123)
LastJumpCrew.ParkHanSol.Multiplayer.GravityZone:SetShipGravityEnabled (bool) (at E:/UNITY/LastJumpCrew/Assets/02. ParkHanSol_TeamLeader_Build & Multi/02. Script/Multiplayer/Gravity/GravityZone.cs:32)
LastJumpCrew.ParkHanSol.Multiplayer.ShipGravityZoneController:ApplyGravityState (bool,string) (at E:/UNITY/LastJumpCrew/Assets/02. ParkHanSol_TeamLeader_Build & Multi/02. Script/Multiplayer/ShipGravityZoneController.cs:173)
LastJumpCrew.ParkHanSol.Multiplayer.ShipGravityZoneController:TryBindShipState () (at E:/UNITY/LastJumpCrew/Assets/02. ParkHanSol_TeamLeader_Build & Multi/02. Script/Multiplayer/ShipGravityZoneController.cs:108)
LastJumpCrew.ParkHanSol.Multiplayer.ShipGravityZoneController:OnEnable () (at E:/UNITY/LastJumpCrew/Assets/02. ParkHanSol_TeamLeader_Build & Multi/02. Script/Multiplayer/ShipGravityZoneController.cs:24)

(Filename: C:/build/output/unity/unity/Runtime/Export/Debug/Debug.bindings.cs Line: 123)

PHS_GRAVITY_ZONE_STATE zone=PHS_Gravity_EntryWing A gravity=True
UnityEngine.Debug:ExtractStackTraceNoAlloc (byte*,int,string)
UnityEngine.StackTraceUtility:ExtractStackTrace () (at C:/build/output/unity/unity/Runtime/Export/Scripting/StackTrace.cs:35)
UnityEngine.DebugLogHandler:Internal_Log (UnityEngine.LogType,UnityEngine.LogOption,string,UnityEngine.Object)
UnityEngine.DebugLogHandler:LogFormat (UnityEngine.LogType,UnityEngine.Object,string,object[]) (at C:/build/output/unity/unity/Runtime/Export/Logging/DebugLogHandler.cs:9)
UnityEngine.Logger:Log (UnityEngine.LogType,object) (at C:/build/output/unity/unity/Runtime/Export/Logging/Logger.cs:60)
UnityEngine.Debug:Log (object) (at C:/build/output/unity/unity/Runtime/Export/Debug/Debug.bindings.cs:123)
LastJumpCrew.ParkHanSol.Multiplayer.GravityZone:SetShipGravityEnabled (bool) (at E:/UNITY/LastJumpCrew/Assets/02. ParkHanSol_TeamLeader_Build & Multi/02. Script/Multiplayer/Gravity/GravityZone.cs:32)
LastJumpCrew.ParkHanSol.Multiplayer.ShipGravityZoneController:ApplyGravityState (bool,string) (at E:/UNITY/LastJumpCrew/Assets/02. ParkHanSol_TeamLeader_Build & Multi/02. Script/Multiplayer/ShipGravityZoneController.cs:173)
LastJumpCrew.ParkHanSol.Multiplayer.ShipGravityZoneController:TryBindShipState () (at E:/UNITY/LastJumpCrew/Assets/02. ParkHanSol_TeamLeader_Build & Multi/02. Script/Multiplayer/ShipGravityZoneController.cs:108)
LastJumpCrew.ParkHanSol.Multiplayer.ShipGravityZoneController:OnEnable () (at E:/UNITY/LastJumpCrew/Assets/02. ParkHanSol_TeamLeader_Build & Multi/02. Script/Multiplayer/ShipGravityZoneController.cs:24)

(Filename: C:/build/output/unity/unity/Runtime/Export/Debug/Debug.bindings.cs Line: 123)

PHS_GRAVITY_ZONE_STATE zone=PHS_Gravity_EntryWing B gravity=True
UnityEngine.Debug:ExtractStackTraceNoAlloc (byte*,int,string)
UnityEngine.StackTraceUtility:ExtractStackTrace () (at C:/build/output/unity/unity/Runtime/Export/Scripting/StackTrace.cs:35)
UnityEngine.DebugLogHandler:Internal_Log (UnityEngine.LogType,UnityEngine.LogOption,string,UnityEngine.Object)
UnityEngine.DebugLogHandler:LogFormat (UnityEngine.LogType,UnityEngine.Object,string,object[]) (at C:/build/output/unity/unity/Runtime/Export/Logging/DebugLogHandler.cs:9)
UnityEngine.Logger:Log (UnityEngine.LogType,object) (at C:/build/output/unity/unity/Runtime/Export/Logging/Logger.cs:60)
UnityEngine.Debug:Log (object) (at C:/build/output/unity/unity/Runtime/Export/Debug/Debug.bindings.cs:123)
LastJumpCrew.ParkHanSol.Multiplayer.GravityZone:SetShipGravityEnabled (bool) (at E:/UNITY/LastJumpCrew/Assets/02. ParkHanSol_TeamLeader_Build & Multi/02. Script/Multiplayer/Gravity/GravityZone.cs:32)
LastJumpCrew.ParkHanSol.Multiplayer.ShipGravityZoneController:ApplyGravityState (bool,string) (at E:/UNITY/LastJumpCrew/Assets/02. ParkHanSol_TeamLeader_Build & Multi/02. Script/Multiplayer/ShipGravityZoneController.cs:173)
LastJumpCrew.ParkHanSol.Multiplayer.ShipGravityZoneController:TryBindShipState () (at E:/UNITY/LastJumpCrew/Assets/02. ParkHanSol_TeamLeader_Build & Multi/02. Script/Multiplayer/ShipGravityZoneController.cs:108)
LastJumpCrew.ParkHanSol.Multiplayer.ShipGravityZoneController:OnEnable () (at E:/UNITY/LastJumpCrew/Assets/02. ParkHanSol_TeamLeader_Build & Multi/02. Script/Multiplayer/ShipGravityZoneController.cs:24)

(Filename: C:/build/output/unity/unity/Runtime/Export/Debug/Debug.bindings.cs Line: 123)

PHS_GRAVITY_ZONE_STATE zone=PHS_Gravity_MainHall gravity=True
UnityEngine.Debug:ExtractStackTraceNoAlloc (byte*,int,string)
UnityEngine.StackTraceUtility:ExtractStackTrace () (at C:/build/output/unity/unity/Runtime/Export/Scripting/StackTrace.cs:35)
UnityEngine.DebugLogHandler:Internal_Log (UnityEngine.LogType,UnityEngine.LogOption,string,UnityEngine.Object)
UnityEngine.DebugLogHandler:LogFormat (UnityEngine.LogType,UnityEngine.Object,string,object[]) (at C:/build/output/unity/unity/Runtime/Export/Logging/DebugLogHandler.cs:9)
UnityEngine.Logger:Log (UnityEngine.LogType,object) (at C:/build/output/unity/unity/Runtime/Export/Logging/Logger.cs:60)
UnityEngine.Debug:Log (object) (at C:/build/output/unity/unity/Runtime/Export/Debug/Debug.bindings.cs:123)
LastJumpCrew.ParkHanSol.Multiplayer.GravityZone:SetShipGravityEnabled (bool) (at E:/UNITY/LastJumpCrew/Assets/02. ParkHanSol_TeamLeader_Build & Multi/02. Script/Multiplayer/Gravity/GravityZone.cs:32)
LastJumpCrew.ParkHanSol.Multiplayer.ShipGravityZoneController:ApplyGravityState (bool,string) (at E:/UNITY/LastJumpCrew/Assets/02. ParkHanSol_TeamLeader_Build & Multi/02. Script/Multiplayer/ShipGravityZoneController.cs:173)
LastJumpCrew.ParkHanSol.Multiplayer.ShipGravityZoneController:TryBindShipState () (at E:/UNITY/LastJumpCrew/Assets/02. ParkHanSol_TeamLeader_Build & Multi/02. Script/Multiplayer/ShipGravityZoneController.cs:108)
LastJumpCrew.ParkHanSol.Multiplayer.ShipGravityZoneController:OnEnable () (at E:/UNITY/LastJumpCrew/Assets/02. ParkHanSol_TeamLeader_Build & Multi/02. Script/Multiplayer/ShipGravityZoneController.cs:24)

(Filename: C:/build/output/unity/unity/Runtime/Export/Debug/Debug.bindings.cs Line: 123)

PHS_GRAVITY_ZONE_STATE zone=PHS_Gravity_CommandRoom gravity=True
UnityEngine.Debug:ExtractStackTraceNoAlloc (byte*,int,string)
UnityEngine.StackTraceUtility:ExtractStackTrace () (at C:/build/output/unity/unity/Runtime/Export/Scripting/StackTrace.cs:35)
UnityEngine.DebugLogHandler:Internal_Log (UnityEngine.LogType,UnityEngine.LogOption,string,UnityEngine.Object)
UnityEngine.DebugLogHandler:LogFormat (UnityEngine.LogType,UnityEngine.Object,string,object[]) (at C:/build/output/unity/unity/Runtime/Export/Logging/DebugLogHandler.cs:9)
UnityEngine.Logger:Log (UnityEngine.LogType,object) (at C:/build/output/unity/unity/Runtime/Export/Logging/Logger.cs:60)
UnityEngine.Debug:Log (object) (at C:/build/output/unity/unity/Runtime/Export/Debug/Debug.bindings.cs:123)
LastJumpCrew.ParkHanSol.Multiplayer.GravityZone:SetShipGravityEnabled (bool) (at E:/UNITY/LastJumpCrew/Assets/02. ParkHanSol_TeamLeader_Build & Multi/02. Script/Multiplayer/Gravity/GravityZone.cs:32)
LastJumpCrew.ParkHanSol.Multiplayer.ShipGravityZoneController:ApplyGravityState (bool,string) (at E:/UNITY/LastJumpCrew/Assets/02. ParkHanSol_TeamLeader_Build & Multi/02. Script/Multiplayer/ShipGravityZoneController.cs:173)
LastJumpCrew.ParkHanSol.Multiplayer.ShipGravityZoneController:TryBindShipState () (at E:/UNITY/LastJumpCrew/Assets/02. ParkHanSol_TeamLeader_Build & Multi/02. Script/Multiplayer/ShipGravityZoneController.cs:108)
LastJumpCrew.ParkHanSol.Multiplayer.ShipGravityZoneController:OnEnable () (at E:/UNITY/LastJumpCrew/Assets/02. ParkHanSol_TeamLeader_Build & Multi/02. Script/Multiplayer/ShipGravityZoneController.cs:24)

(Filename: C:/build/output/unity/unity/Runtime/Export/Debug/Debug.bindings.cs Line: 123)

PHS_GRAVITY_ZONE_STATE zone=PHS_Gravity_AftCorridor gravity=True
UnityEngine.Debug:ExtractStackTraceNoAlloc (byte*,int,string)
UnityEngine.StackTraceUtility:ExtractStackTrace () (at C:/build/output/unity/unity/Runtime/Export/Scripting/StackTrace.cs:35)
UnityEngine.DebugLogHandler:Internal_Log (UnityEngine.LogType,UnityEngine.LogOption,string,UnityEngine.Object)
UnityEngine.DebugLogHandler:LogFormat (UnityEngine.LogType,UnityEngine.Object,string,object[]) (at C:/build/output/unity/unity/Runtime/Export/Logging/DebugLogHandler.cs:9)
UnityEngine.Logger:Log (UnityEngine.LogType,object) (at C:/build/output/unity/unity/Runtime/Export/Logging/Logger.cs:60)
UnityEngine.Debug:Log (object) (at C:/build/output/unity/unity/Runtime/Export/Debug/Debug.bindings.cs:123)
LastJumpCrew.ParkHanSol.Multiplayer.GravityZone:SetShipGravityEnabled (bool) (at E:/UNITY/LastJumpCrew/Assets/02. ParkHanSol_TeamLeader_Build & Multi/02. Script/Multiplayer/Gravity/GravityZone.cs:32)
LastJumpCrew.ParkHanSol.Multiplayer.ShipGravityZoneController:ApplyGravityState (bool,string) (at E:/UNITY/LastJumpCrew/Assets/02. ParkHanSol_TeamLeader_Build & Multi/02. Script/Multiplayer/ShipGravityZoneController.cs:173)
LastJumpCrew.ParkHanSol.Multiplayer.ShipGravityZoneController:TryBindShipState () (at E:/UNITY/LastJumpCrew/Assets/02. ParkHanSol_TeamLeader_Build & Multi/02. Script/Multiplayer/ShipGravityZoneController.cs:108)
LastJumpCrew.ParkHanSol.Multiplayer.ShipGravityZoneController:OnEnable () (at E:/UNITY/LastJumpCrew/Assets/02. ParkHanSol_TeamLeader_Build & Multi/02. Script/Multiplayer/ShipGravityZoneController.cs:24)

(Filename: C:/build/output/unity/unity/Runtime/Export/Debug/Debug.bindings.cs Line: 123)

PHS_SHIP_GRAVITY_APPLIED enabled=True reason=initial_snapshot controller=PHS_GravityGenerator
UnityEngine.Debug:ExtractStackTraceNoAlloc (byte*,int,string)
UnityEngine.StackTraceUtility:ExtractStackTrace () (at C:/build/output/unity/unity/Runtime/Export/Scripting/StackTrace.cs:35)
UnityEngine.DebugLogHandler:Internal_Log (UnityEngine.LogType,UnityEngine.LogOption,string,UnityEngine.Object)
UnityEngine.DebugLogHandler:LogFormat (UnityEngine.LogType,UnityEngine.Object,string,object[]) (at C:/build/output/unity/unity/Runtime/Export/Logging/DebugLogHandler.cs:9)
UnityEngine.Logger:Log (UnityEngine.LogType,object,UnityEngine.Object) (at C:/build/output/unity/unity/Runtime/Export/Logging/Logger.cs:66)
UnityEngine.Debug:Log (object,UnityEngine.Object) (at C:/build/output/unity/unity/Runtime/Export/Debug/Debug.bindings.cs:128)
LastJumpCrew.ParkHanSol.Multiplayer.ShipGravityZoneController:ApplyGravityState (bool,string) (at E:/UNITY/LastJumpCrew/Assets/02. ParkHanSol_TeamLeader_Build & Multi/02. Script/Multiplayer/ShipGravityZoneController.cs:195)
LastJumpCrew.ParkHanSol.Multiplayer.ShipGravityZoneController:TryBindShipState () (at E:/UNITY/LastJumpCrew/Assets/02. ParkHanSol_TeamLeader_Build & Multi/02. Script/Multiplayer/ShipGravityZoneController.cs:108)
LastJumpCrew.ParkHanSol.Multiplayer.ShipGravityZoneController:OnEnable () (at E:/UNITY/LastJumpCrew/Assets/02. ParkHanSol_TeamLeader_Build & Multi/02. Script/Multiplayer/ShipGravityZoneController.cs:24)

(Filename: C:/build/output/unity/unity/Runtime/Export/Debug/Debug.bindings.cs Line: 128)

PHS_SHIP_GRAVITY_BOUND revision=1 controller=PHS_GravityGenerator
UnityEngine.Debug:ExtractStackTraceNoAlloc (byte*,int,string)
UnityEngine.StackTraceUtility:ExtractStackTrace () (at C:/build/output/unity/unity/Runtime/Export/Scripting/StackTrace.cs:35)
UnityEngine.DebugLogHandler:Internal_Log (UnityEngine.LogType,UnityEngine.LogOption,string,UnityEngine.Object)
UnityEngine.DebugLogHandler:LogFormat (UnityEngine.LogType,UnityEngine.Object,string,object[]) (at C:/build/output/unity/unity/Runtime/Export/Logging/DebugLogHandler.cs:9)
UnityEngine.Logger:Log (UnityEngine.LogType,object,UnityEngine.Object) (at C:/build/output/unity/unity/Runtime/Export/Logging/Logger.cs:66)
UnityEngine.Debug:Log (object,UnityEngine.Object) (at C:/build/output/unity/unity/Runtime/Export/Debug/Debug.bindings.cs:128)
LastJumpCrew.ParkHanSol.Multiplayer.ShipGravityZoneController:TryBindShipState () (at E:/UNITY/LastJumpCrew/Assets/02. ParkHanSol_TeamLeader_Build & Multi/02. Script/Multiplayer/ShipGravityZoneController.cs:109)
LastJumpCrew.ParkHanSol.Multiplayer.ShipGravityZoneController:OnEnable () (at E:/UNITY/LastJumpCrew/Assets/02. ParkHanSol_TeamLeader_Build & Multi/02. Script/Multiplayer/ShipGravityZoneController.cs:24)

(Filename: C:/build/output/unity/unity/Runtime/Export/Debug/Debug.bindings.cs Line: 128)

PHS_SHIP_HUD_BOUND revision=1
UnityEngine.Debug:ExtractStackTraceNoAlloc (byte*,int,string)
UnityEngine.StackTraceUtility:ExtractStackTrace () (at C:/build/output/unity/unity/Runtime/Export/Scripting/StackTrace.cs:35)
UnityEngine.DebugLogHandler:Internal_Log (UnityEngine.LogType,UnityEngine.LogOption,string,UnityEngine.Object)
UnityEngine.DebugLogHandler:LogFormat (UnityEngine.LogType,UnityEngine.Object,string,object[]) (at C:/build/output/unity/unity/Runtime/Export/Logging/DebugLogHandler.cs:9)
UnityEngine.Logger:Log (UnityEngine.LogType,object,UnityEngine.Object) (at C:/build/output/unity/unity/Runtime/Export/Logging/Logger.cs:66)
UnityEngine.Debug:Log (object,UnityEngine.Object) (at C:/build/output/unity/unity/Runtime/Export/Debug/Debug.bindings.cs:128)
LastJumpCrew.ParkHanSol.Multiplayer.PHSShipSystemsHudBinder:TryBind () (at E:/UNITY/LastJumpCrew/Assets/02. ParkHanSol_TeamLeader_Build & Multi/02. Script/Multiplayer/PHSShipSystemsHudBinder.cs:61)
LastJumpCrew.ParkHanSol.Multiplayer.PHSShipSystemsHudBinder:OnEnable () (at E:/UNITY/LastJumpCrew/Assets/02. ParkHanSol_TeamLeader_Build & Multi/02. Script/Multiplayer/PHSShipSystemsHudBinder.cs:17)

(Filename: C:/build/output/unity/unity/Runtime/Export/Debug/Debug.bindings.cs Line: 128)

PHS_PLAYER_SPAWN_POINT ownerClientId=0 pos=(-406.17, 1.00, -14.54)
UnityEngine.Debug:ExtractStackTraceNoAlloc (byte*,int,string)
UnityEngine.StackTraceUtility:ExtractStackTrace () (at C:/build/output/unity/unity/Runtime/Export/Scripting/StackTrace.cs:35)
UnityEngine.DebugLogHandler:Internal_Log (UnityEngine.LogType,UnityEngine.LogOption,string,UnityEngine.Object)
UnityEngine.DebugLogHandler:LogFormat (UnityEngine.LogType,UnityEngine.Object,string,object[]) (at C:/build/output/unity/unity/Runtime/Export/Logging/DebugLogHandler.cs:9)
UnityEngine.Logger:Log (UnityEngine.LogType,object) (at C:/build/output/unity/unity/Runtime/Export/Logging/Logger.cs:60)
UnityEngine.Debug:Log (object) (at C:/build/output/unity/unity/Runtime/Export/Debug/Debug.bindings.cs:123)
LastJumpCrew.ParkHanSol.Multiplayer.NetworkPlayerController:MoveToGameplaySpawnPointIfServer (UnityEngine.SceneManagement.Scene,bool) (at E:/UNITY/LastJumpCrew/Assets/02. ParkHanSol_TeamLeader_Build & Multi/02. Script/Multiplayer/NetworkPlayerController.cs:1205)
LastJumpCrew.ParkHanSol.Multiplayer.NetworkPlayerController:RefreshForActiveScene () (at E:/UNITY/LastJumpCrew/Assets/02. ParkHanSol_TeamLeader_Build & Multi/02. Script/Multiplayer/NetworkPlayerController.cs:711)
LastJumpCrew.ParkHanSol.Multiplayer.NetworkPlayerController:HandleActiveSceneChanged (UnityEngine.SceneManagement.Scene,UnityEngine.SceneManagement.Scene) (at E:/UNITY/LastJumpCrew/Assets/02. ParkHanSol_TeamLeader_Build & Multi/02. Script/Multiplayer/NetworkPlayerController.cs:689)
UnityEngine.SceneManagement.SceneManager:Internal_ActiveSceneChanged (UnityEngine.SceneManagement.Scene,UnityEngine.SceneManagement.Scene) (at C:/build/output/unity/unity/Runtime/Export/SceneManager/SceneManager.cs:262)

(Filename: C:/build/output/unity/unity/Runtime/Export/Debug/Debug.bindings.cs Line: 123)

PHS_PLAYER_SCENE_STATE scene=PHS_Map_ver1 owner=True input=True
UnityEngine.Debug:ExtractStackTraceNoAlloc (byte*,int,string)
UnityEngine.StackTraceUtility:ExtractStackTrace () (at C:/build/output/unity/unity/Runtime/Export/Scripting/StackTrace.cs:35)
UnityEngine.DebugLogHandler:Internal_Log (UnityEngine.LogType,UnityEngine.LogOption,string,UnityEngine.Object)
UnityEngine.DebugLogHandler:LogFormat (UnityEngine.LogType,UnityEngine.Object,string,object[]) (at C:/build/output/unity/unity/Runtime/Export/Logging/DebugLogHandler.cs:9)
UnityEngine.Logger:Log (UnityEngine.LogType,object) (at C:/build/output/unity/unity/Runtime/Export/Logging/Logger.cs:60)
UnityEngine.Debug:Log (object) (at C:/build/output/unity/unity/Runtime/Export/Debug/Debug.bindings.cs:123)
LastJumpCrew.ParkHanSol.Multiplayer.NetworkPlayerController:RefreshForActiveScene () (at E:/UNITY/LastJumpCrew/Assets/02. ParkHanSol_TeamLeader_Build & Multi/02. Script/Multiplayer/NetworkPlayerController.cs:733)
LastJumpCrew.ParkHanSol.Multiplayer.NetworkPlayerController:HandleActiveSceneChanged (UnityEngine.SceneManagement.Scene,UnityEngine.SceneManagement.Scene) (at E:/UNITY/LastJumpCrew/Assets/02. ParkHanSol_TeamLeader_Build & Multi/02. Script/Multiplayer/NetworkPlayerController.cs:689)
UnityEngine.SceneManagement.SceneManager:Internal_ActiveSceneChanged (UnityEngine.SceneManagement.Scene,UnityEngine.SceneManagement.Scene) (at C:/build/output/unity/unity/Runtime/Export/SceneManager/SceneManager.cs:262)

(Filename: C:/build/output/unity/unity/Runtime/Export/Debug/Debug.bindings.cs Line: 123)

PHS_PLAYER_SCENE_STATE scene=PHS_Map_ver1 owner=False input=False
UnityEngine.Debug:ExtractStackTraceNoAlloc (byte*,int,string)
UnityEngine.StackTraceUtility:ExtractStackTrace () (at C:/build/output/unity/unity/Runtime/Export/Scripting/StackTrace.cs:35)
UnityEngine.DebugLogHandler:Internal_Log (UnityEngine.LogType,UnityEngine.LogOption,string,UnityEngine.Object)
UnityEngine.DebugLogHandler:LogFormat (UnityEngine.LogType,UnityEngine.Object,string,object[]) (at C:/build/output/unity/unity/Runtime/Export/Logging/DebugLogHandler.cs:9)
UnityEngine.Logger:Log (UnityEngine.LogType,object) (at C:/build/output/unity/unity/Runtime/Export/Logging/Logger.cs:60)
UnityEngine.Debug:Log (object) (at C:/build/output/unity/unity/Runtime/Export/Debug/Debug.bindings.cs:123)
LastJumpCrew.ParkHanSol.Multiplayer.NetworkPlayerController:RefreshForActiveScene () (at E:/UNITY/LastJumpCrew/Assets/02. ParkHanSol_TeamLeader_Build & Multi/02. Script/Multiplayer/NetworkPlayerController.cs:733)
LastJumpCrew.ParkHanSol.Multiplayer.NetworkPlayerController:HandleActiveSceneChanged (UnityEngine.SceneManagement.Scene,UnityEngine.SceneManagement.Scene) (at E:/UNITY/LastJumpCrew/Assets/02. ParkHanSol_TeamLeader_Build & Multi/02. Script/Multiplayer/NetworkPlayerController.cs:689)
UnityEngine.SceneManagement.SceneManager:Internal_ActiveSceneChanged (UnityEngine.SceneManagement.Scene,UnityEngine.SceneManagement.Scene) (at C:/build/output/unity/unity/Runtime/Export/SceneManager/SceneManager.cs:262)

(Filename: C:/build/output/unity/unity/Runtime/Export/Debug/Debug.bindings.cs Line: 123)

PHS_FIRE_COORDINATOR_READY server=True zones=4 patches=22
UnityEngine.Debug:ExtractStackTraceNoAlloc (byte*,int,string)
UnityEngine.StackTraceUtility:ExtractStackTrace () (at C:/build/output/unity/unity/Runtime/Export/Scripting/StackTrace.cs:35)
UnityEngine.DebugLogHandler:Internal_Log (UnityEngine.LogType,UnityEngine.LogOption,string,UnityEngine.Object)
UnityEngine.DebugLogHandler:LogFormat (UnityEngine.LogType,UnityEngine.Object,string,object[]) (at C:/build/output/unity/unity/Runtime/Export/Logging/DebugLogHandler.cs:9)
UnityEngine.Logger:Log (UnityEngine.LogType,object,UnityEngine.Object) (at C:/build/output/unity/unity/Runtime/Export/Logging/Logger.cs:66)
UnityEngine.Debug:Log (object,UnityEngine.Object) (at C:/build/output/unity/unity/Runtime/Export/Debug/Debug.bindings.cs:128)
LastJumpCrew.ParkHanSol.Multiplayer.Incidents.Fire.PHSNetworkFireCoordinator:OnNetworkSpawn () (at E:/UNITY/LastJumpCrew/Assets/02. ParkHanSol_TeamLeader_Build & Multi/02. Script/Multiplayer/Incidents/Fire/PHSNetworkFireCoordinator.cs:170)
Unity.Netcode.NetworkBehaviour:NetworkSpawn () (at ./Library/PackageCache/com.unity.netcode.gameobjects@0f12e689d980/Runtime/Core/NetworkBehaviour.cs:813)
Unity.Netcode.NetworkObject:InvokeBehaviourNetworkSpawn () (at ./Library/PackageCache/com.unity.netcode.gameobjects@0f12e689d980/Runtime/Core/NetworkObject.cs:2698)
Unity.Netcode.NetworkSpawnManager:SpawnNetworkObjectLocallyCommon (Unity.Netcode.NetworkObject,ulong,bool,bool,ulong,bool) (at ./Library/PackageCache/com.unity.netcode.gameobjects@0f12e689d980/Runtime/Spawning/NetworkSpawnManager.cs:1384)
Unity.Netcode.NetworkSpawnManager:AuthorityLocalSpawn (Unity.Netcode.NetworkObject,ulong,bool,bool,ulong,bool) (at ./Library/PackageCache/com.unity.netcode.gameobjects@0f12e689d980/Runtime/Spawning/NetworkSpawnManager.cs:1182)
Unity.Netcode.NetworkSceneManager:OnSessionOwnerLoadedScene (uint,UnityEngine.SceneManagement.Scene) (at ./Library/PackageCache/com.unity.netcode.gameobjects@0f12e689d980/Runtime/SceneManagement/NetworkSceneManager.cs:1845)
Unity.Netcode.NetworkSceneManager:OnSceneLoaded (uint) (at ./Library/PackageCache/com.unity.netcode.gameobjects@0f12e689d980/Runtime/SceneManagement/NetworkSceneManager.cs:1813)
Unity.Netcode.SceneEventProgress:<SetAsyncOperation>b__38_0 (UnityEngine.AsyncOperation) (at ./Library/PackageCache/com.unity.netcode.gameobjects@0f12e689d980/Runtime/SceneManagement/SceneEventProgress.cs:280)
UnityEngine.AsyncOperation:InvokeCompletionEvent () (at C:/build/output/unity/unity/Runtime/Export/Scripting/AsyncOperation.cs:24)

(Filename: C:/build/output/unity/unity/Runtime/Export/Debug/Debug.bindings.cs Line: 128)

PHS_EVENT_SNAPSHOT_CACHE_SYNC reason=network_spawn count=0 server=True
UnityEngine.Debug:ExtractStackTraceNoAlloc (byte*,int,string)
UnityEngine.StackTraceUtility:ExtractStackTrace () (at C:/build/output/unity/unity/Runtime/Export/Scripting/StackTrace.cs:35)
UnityEngine.DebugLogHandler:Internal_Log (UnityEngine.LogType,UnityEngine.LogOption,string,UnityEngine.Object)
UnityEngine.DebugLogHandler:LogFormat (UnityEngine.LogType,UnityEngine.Object,string,object[]) (at C:/build/output/unity/unity/Runtime/Export/Logging/DebugLogHandler.cs:9)
UnityEngine.Logger:Log (UnityEngine.LogType,object,UnityEngine.Object) (at C:/build/output/unity/unity/Runtime/Export/Logging/Logger.cs:66)
UnityEngine.Debug:Log (object,UnityEngine.Object) (at C:/build/output/unity/unity/Runtime/Export/Debug/Debug.bindings.cs:128)
LastJumpCrew.ParkHanSol.Multiplayer.Events.NetworkEventCoordinator:RebuildSnapshotCache (string) (at E:/UNITY/LastJumpCrew/Assets/02. ParkHanSol_TeamLeader_Build & Multi/02. Script/Multiplayer/Events/NetworkEventCoordinator.cs:1384)
LastJumpCrew.ParkHanSol.Multiplayer.Events.NetworkEventCoordinator:OnNetworkSpawn () (at E:/UNITY/LastJumpCrew/Assets/02. ParkHanSol_TeamLeader_Build & Multi/02. Script/Multiplayer/Events/NetworkEventCoordinator.cs:104)
Unity.Netcode.NetworkBehaviour:NetworkSpawn () (at ./Library/PackageCache/com.unity.netcode.gameobjects@0f12e689d980/Runtime/Core/NetworkBehaviour.cs:813)
Unity.Netcode.NetworkObject:InvokeBehaviourNetworkSpawn () (at ./Library/PackageCache/com.unity.netcode.gameobjects@0f12e689d980/Runtime/Core/NetworkObject.cs:2698)
Unity.Netcode.NetworkSpawnManager:SpawnNetworkObjectLocallyCommon (Unity.Netcode.NetworkObject,ulong,bool,bool,ulong,bool) (at ./Library/PackageCache/com.unity.netcode.gameobjects@0f12e689d980/Runtime/Spawning/NetworkSpawnManager.cs:1384)
Unity.Netcode.NetworkSpawnManager:AuthorityLocalSpawn (Unity.Netcode.NetworkObject,ulong,bool,bool,ulong,bool) (at ./Library/PackageCache/com.unity.netcode.gameobjects@0f12e689d980/Runtime/Spawning/NetworkSpawnManager.cs:1182)
Unity.Netcode.NetworkSceneManager:OnSessionOwnerLoadedScene (uint,UnityEngine.SceneManagement.Scene) (at ./Library/PackageCache/com.unity.netcode.gameobjects@0f12e689d980/Runtime/SceneManagement/NetworkSceneManager.cs:1845)
Unity.Netcode.NetworkSceneManager:OnSceneLoaded (uint) (at ./Library/PackageCache/com.unity.netcode.gameobjects@0f12e689d980/Runtime/SceneManagement/NetworkSceneManager.cs:1813)
Unity.Netcode.SceneEventProgress:<SetAsyncOperation>b__38_0 (UnityEngine.AsyncOperation) (at ./Library/PackageCache/com.unity.netcode.gameobjects@0f12e689d980/Runtime/SceneManagement/SceneEventProgress.cs:280)
UnityEngine.AsyncOperation:InvokeCompletionEvent () (at C:/build/output/unity/unity/Runtime/Export/Scripting/AsyncOperation.cs:24)

(Filename: C:/build/output/unity/unity/Runtime/Export/Debug/Debug.bindings.cs Line: 128)

PHS_EVENT_EFFECT_CACHE_SYNC reason=network_spawn count=0 server=True
UnityEngine.Debug:ExtractStackTraceNoAlloc (byte*,int,string)
UnityEngine.StackTraceUtility:ExtractStackTrace () (at C:/build/output/unity/unity/Runtime/Export/Scripting/StackTrace.cs:35)
UnityEngine.DebugLogHandler:Internal_Log (UnityEngine.LogType,UnityEngine.LogOption,string,UnityEngine.Object)
UnityEngine.DebugLogHandler:LogFormat (UnityEngine.LogType,UnityEngine.Object,string,object[]) (at C:/build/output/unity/unity/Runtime/Export/Logging/DebugLogHandler.cs:9)
UnityEngine.Logger:Log (UnityEngine.LogType,object,UnityEngine.Object) (at C:/build/output/unity/unity/Runtime/Export/Logging/Logger.cs:66)
UnityEngine.Debug:Log (object,UnityEngine.Object) (at C:/build/output/unity/unity/Runtime/Export/Debug/Debug.bindings.cs:128)
LastJumpCrew.ParkHanSol.Multiplayer.Events.NetworkEventCoordinator:RebuildEffectSnapshotCache (string) (at E:/UNITY/LastJumpCrew/Assets/02. ParkHanSol_TeamLeader_Build & Multi/02. Script/Multiplayer/Events/NetworkEventCoordinator.cs:1406)
LastJumpCrew.ParkHanSol.Multiplayer.Events.NetworkEventCoordinator:OnNetworkSpawn () (at E:/UNITY/LastJumpCrew/Assets/02. ParkHanSol_TeamLeader_Build & Multi/02. Script/Multiplayer/Events/NetworkEventCoordinator.cs:105)
Unity.Netcode.NetworkBehaviour:NetworkSpawn () (at ./Library/PackageCache/com.unity.netcode.gameobjects@0f12e689d980/Runtime/Core/NetworkBehaviour.cs:813)
Unity.Netcode.NetworkObject:InvokeBehaviourNetworkSpawn () (at ./Library/PackageCache/com.unity.netcode.gameobjects@0f12e689d980/Runtime/Core/NetworkObject.cs:2698)
Unity.Netcode.NetworkSpawnManager:SpawnNetworkObjectLocallyCommon (Unity.Netcode.NetworkObject,ulong,bool,bool,ulong,bool) (at ./Library/PackageCache/com.unity.netcode.gameobjects@0f12e689d980/Runtime/Spawning/NetworkSpawnManager.cs:1384)
Unity.Netcode.NetworkSpawnManager:AuthorityLocalSpawn (Unity.Netcode.NetworkObject,ulong,bool,bool,ulong,bool) (at ./Library/PackageCache/com.unity.netcode.gameobjects@0f12e689d980/Runtime/Spawning/NetworkSpawnManager.cs:1182)
Unity.Netcode.NetworkSceneManager:OnSessionOwnerLoadedScene (uint,UnityEngine.SceneManagement.Scene) (at ./Library/PackageCache/com.unity.netcode.gameobjects@0f12e689d980/Runtime/SceneManagement/NetworkSceneManager.cs:1845)
Unity.Netcode.NetworkSceneManager:OnSceneLoaded (uint) (at ./Library/PackageCache/com.unity.netcode.gameobjects@0f12e689d980/Runtime/SceneManagement/NetworkSceneManager.cs:1813)
Unity.Netcode.SceneEventProgress:<SetAsyncOperation>b__38_0 (UnityEngine.AsyncOperation) (at ./Library/PackageCache/com.unity.netcode.gameobjects@0f12e689d980/Runtime/SceneManagement/SceneEventProgress.cs:280)
UnityEngine.AsyncOperation:InvokeCompletionEvent () (at C:/build/output/unity/unity/Runtime/Export/Scripting/AsyncOperation.cs:24)

(Filename: C:/build/output/unity/unity/Runtime/Export/Debug/Debug.bindings.cs Line: 128)

PHS_EVENT_COORDINATOR_READY server=True snapshots=0 effects=0 effect_sync=true
UnityEngine.Debug:ExtractStackTraceNoAlloc (byte*,int,string)
UnityEngine.StackTraceUtility:ExtractStackTrace () (at C:/build/output/unity/unity/Runtime/Export/Scripting/StackTrace.cs:35)
UnityEngine.DebugLogHandler:Internal_Log (UnityEngine.LogType,UnityEngine.LogOption,string,UnityEngine.Object)
UnityEngine.DebugLogHandler:LogFormat (UnityEngine.LogType,UnityEngine.Object,string,object[]) (at C:/build/output/unity/unity/Runtime/Export/Logging/DebugLogHandler.cs:9)
UnityEngine.Logger:Log (UnityEngine.LogType,object,UnityEngine.Object) (at C:/build/output/unity/unity/Runtime/Export/Logging/Logger.cs:66)
UnityEngine.Debug:Log (object,UnityEngine.Object) (at C:/build/output/unity/unity/Runtime/Export/Debug/Debug.bindings.cs:128)
LastJumpCrew.ParkHanSol.Multiplayer.Events.NetworkEventCoordinator:OnNetworkSpawn () (at E:/UNITY/LastJumpCrew/Assets/02. ParkHanSol_TeamLeader_Build & Multi/02. Script/Multiplayer/Events/NetworkEventCoordinator.cs:129)
Unity.Netcode.NetworkBehaviour:NetworkSpawn () (at ./Library/PackageCache/com.unity.netcode.gameobjects@0f12e689d980/Runtime/Core/NetworkBehaviour.cs:813)
Unity.Netcode.NetworkObject:InvokeBehaviourNetworkSpawn () (at ./Library/PackageCache/com.unity.netcode.gameobjects@0f12e689d980/Runtime/Core/NetworkObject.cs:2698)
Unity.Netcode.NetworkSpawnManager:SpawnNetworkObjectLocallyCommon (Unity.Netcode.NetworkObject,ulong,bool,bool,ulong,bool) (at ./Library/PackageCache/com.unity.netcode.gameobjects@0f12e689d980/Runtime/Spawning/NetworkSpawnManager.cs:1384)
Unity.Netcode.NetworkSpawnManager:AuthorityLocalSpawn (Unity.Netcode.NetworkObject,ulong,bool,bool,ulong,bool) (at ./Library/PackageCache/com.unity.netcode.gameobjects@0f12e689d980/Runtime/Spawning/NetworkSpawnManager.cs:1182)
Unity.Netcode.NetworkSceneManager:OnSessionOwnerLoadedScene (uint,UnityEngine.SceneManagement.Scene) (at ./Library/PackageCache/com.unity.netcode.gameobjects@0f12e689d980/Runtime/SceneManagement/NetworkSceneManager.cs:1845)
Unity.Netcode.NetworkSceneManager:OnSceneLoaded (uint) (at ./Library/PackageCache/com.unity.netcode.gameobjects@0f12e689d980/Runtime/SceneManagement/NetworkSceneManager.cs:1813)
Unity.Netcode.SceneEventProgress:<SetAsyncOperation>b__38_0 (UnityEngine.AsyncOperation) (at ./Library/PackageCache/com.unity.netcode.gameobjects@0f12e689d980/Runtime/SceneManagement/SceneEventProgress.cs:280)
UnityEngine.AsyncOperation:InvokeCompletionEvent () (at C:/build/output/unity/unity/Runtime/Export/Scripting/AsyncOperation.cs:24)

(Filename: C:/build/output/unity/unity/Runtime/Export/Debug/Debug.bindings.cs Line: 128)

PHS_DEBRIS_STREAM_SCENE_READY stream=PHS_RandomDebrisStream scene=PHS_Map_ver1 mode=Single
UnityEngine.Debug:ExtractStackTraceNoAlloc (byte*,int,string)
UnityEngine.StackTraceUtility:ExtractStackTrace () (at C:/build/output/unity/unity/Runtime/Export/Scripting/StackTrace.cs:35)
UnityEngine.DebugLogHandler:Internal_Log (UnityEngine.LogType,UnityEngine.LogOption,string,UnityEngine.Object)
UnityEngine.DebugLogHandler:LogFormat (UnityEngine.LogType,UnityEngine.Object,string,object[]) (at C:/build/output/unity/unity/Runtime/Export/Logging/DebugLogHandler.cs:9)
UnityEngine.Logger:Log (UnityEngine.LogType,object,UnityEngine.Object) (at C:/build/output/unity/unity/Runtime/Export/Logging/Logger.cs:66)
UnityEngine.Debug:Log (object,UnityEngine.Object) (at C:/build/output/unity/unity/Runtime/Export/Debug/Debug.bindings.cs:128)
LastJumpCrew.ParkHanSol.Multiplayer.PHSRandomDebrisStream:HandleLoadComplete (ulong,string,UnityEngine.SceneManagement.LoadSceneMode) (at E:/UNITY/LastJumpCrew/Assets/02. ParkHanSol_TeamLeader_Build & Multi/02. Script/Multiplayer/PHSRandomDebrisStream.cs:329)
Unity.Netcode.NetworkSceneManager:OnSessionOwnerLoadedScene (uint,UnityEngine.SceneManagement.Scene) (at ./Library/PackageCache/com.unity.netcode.gameobjects@0f12e689d980/Runtime/SceneManagement/NetworkSceneManager.cs:1881)
Unity.Netcode.NetworkSceneManager:OnSceneLoaded (uint) (at ./Library/PackageCache/com.unity.netcode.gameobjects@0f12e689d980/Runtime/SceneManagement/NetworkSceneManager.cs:1813)
Unity.Netcode.SceneEventProgress:<SetAsyncOperation>b__38_0 (UnityEngine.AsyncOperation) (at ./Library/PackageCache/com.unity.netcode.gameobjects@0f12e689d980/Runtime/SceneManagement/SceneEventProgress.cs:280)
UnityEngine.AsyncOperation:InvokeCompletionEvent () (at C:/build/output/unity/unity/Runtime/Export/Scripting/AsyncOperation.cs:24)

(Filename: C:/build/output/unity/unity/Runtime/Export/Debug/Debug.bindings.cs Line: 128)

PHS_RUN_FLOW_PHASE phase=Rearming zones=0 cycles=0
UnityEngine.Debug:ExtractStackTraceNoAlloc (byte*,int,string)
UnityEngine.StackTraceUtility:ExtractStackTrace () (at C:/build/output/unity/unity/Runtime/Export/Scripting/StackTrace.cs:35)
UnityEngine.DebugLogHandler:Internal_Log (UnityEngine.LogType,UnityEngine.LogOption,string,UnityEngine.Object)
UnityEngine.DebugLogHandler:LogFormat (UnityEngine.LogType,UnityEngine.Object,string,object[]) (at C:/build/output/unity/unity/Runtime/Export/Logging/DebugLogHandler.cs:9)
UnityEngine.Logger:Log (UnityEngine.LogType,object) (at C:/build/output/unity/unity/Runtime/Export/Logging/Logger.cs:60)
UnityEngine.Debug:Log (object) (at C:/build/output/unity/unity/Runtime/Export/Debug/Debug.bindings.cs:123)
LastJumpCrew.ParkHanSol.Multiplayer.NetworkRunFlowCoordinator:SetPhase (LastJumpCrew.ParkHanSol.Multiplayer.NetworkRunPhase) (at E:/UNITY/LastJumpCrew/Assets/02. ParkHanSol_TeamLeader_Build & Multi/02. Script/Multiplayer/RunFlow/NetworkRunFlowCoordinator.cs:1430)
LastJumpCrew.ParkHanSol.Multiplayer.NetworkRunFlowCoordinator:TickRearm (single) (at E:/UNITY/LastJumpCrew/Assets/02. ParkHanSol_TeamLeader_Build & Multi/02. Script/Multiplayer/RunFlow/NetworkRunFlowCoordinator.cs:591)
LastJumpCrew.ParkHanSol.Multiplayer.NetworkRunFlowCoordinator:TickServerFlow (single) (at E:/UNITY/LastJumpCrew/Assets/02. ParkHanSol_TeamLeader_Build & Multi/02. Script/Multiplayer/RunFlow/NetworkRunFlowCoordinator.cs:533)
LastJumpCrew.ParkHanSol.Multiplayer.NetworkRunFlowCoordinator:Update () (at E:/UNITY/LastJumpCrew/Assets/02. ParkHanSol_TeamLeader_Build & Multi/02. Script/Multiplayer/RunFlow/NetworkRunFlowCoordinator.cs:298)

(Filename: C:/build/output/unity/unity/Runtime/Export/Debug/Debug.bindings.cs Line: 123)

PHS_EVENT_SCHEDULER_CONFIGURED channel=ExternalThreat entries=3 interval=28-40 maxActive=1
UnityEngine.Debug:ExtractStackTraceNoAlloc (byte*,int,string)
UnityEngine.StackTraceUtility:ExtractStackTrace () (at C:/build/output/unity/unity/Runtime/Export/Scripting/StackTrace.cs:35)
UnityEngine.DebugLogHandler:Internal_Log (UnityEngine.LogType,UnityEngine.LogOption,string,UnityEngine.Object)
UnityEngine.DebugLogHandler:LogFormat (UnityEngine.LogType,UnityEngine.Object,string,object[]) (at C:/build/output/unity/unity/Runtime/Export/Logging/DebugLogHandler.cs:9)
UnityEngine.Logger:Log (UnityEngine.LogType,object,UnityEngine.Object) (at C:/build/output/unity/unity/Runtime/Export/Logging/Logger.cs:66)
UnityEngine.Debug:Log (object,UnityEngine.Object) (at C:/build/output/unity/unity/Runtime/Export/Debug/Debug.bindings.cs:128)
LastJumpCrew.ParkHanSol.Multiplayer.Events.PHSNetworkEventScheduler:TryConfigureServer (LastJumpCrew.ParkHanSol.Multiplayer.Events.PHSNetworkEventChannel,LastJumpCrew.ParkHanSol.Multiplayer.Events.WeightedEventScheduleEntry[],single,single,int,string&) (at E:/UNITY/LastJumpCrew/Assets/02. ParkHanSol_TeamLeader_Build & Multi/02. Script/Multiplayer/Events/PHSNetworkEventScheduler.cs:145)
LastJumpCrew.ParkHanSol.Multiplayer.Maps.PHSMapRuntimeContext:TryConfigureSchedules (LastJumpCrew.ParkHanSol.Multiplayer.Maps.PHSMapProfileSO,string&) (at E:/UNITY/LastJumpCrew/Assets/02. ParkHanSol_TeamLeader_Build & Multi/02. Script/Multiplayer/Maps/PHSMapRuntimeContext.cs:460)
LastJumpCrew.ParkHanSol.Multiplayer.Maps.PHSMapRuntimeContext:TryApplyProfile (LastJumpCrew.ParkHanSol.Multiplayer.Maps.PHSMapProfileSO) (at E:/UNITY/LastJumpCrew/Assets/02. ParkHanSol_TeamLeader_Build & Multi/02. Script/Multiplayer/Maps/PHSMapRuntimeContext.cs:331)
LastJumpCrew.ParkHanSol.Multiplayer.Maps.PHSMapRuntimeContext:TryApplyMap (int) (at E:/UNITY/LastJumpCrew/Assets/02. ParkHanSol_TeamLeader_Build & Multi/02. Script/Multiplayer/Maps/PHSMapRuntimeContext.cs:284)
LastJumpCrew.ParkHanSol.Multiplayer.Maps.PHSMapRuntimeContext:ApplyCurrentPhaseState () (at E:/UNITY/LastJumpCrew/Assets/02. ParkHanSol_TeamLeader_Build & Multi/02. Script/Multiplayer/Maps/PHSMapRuntimeContext.cs:165)
LastJumpCrew.ParkHanSol.Multiplayer.Maps.PHSMapRuntimeContext:Update () (at E:/UNITY/LastJumpCrew/Assets/02. ParkHanSol_TeamLeader_Build & Multi/02. Script/Multiplayer/Maps/PHSMapRuntimeContext.cs:106)

(Filename: C:/build/output/unity/unity/Runtime/Export/Debug/Debug.bindings.cs Line: 128)

PHS_SHIP_ACCIDENT_SCHEDULE_CONFIGURED entries=7 interval=32-45 maxActive=2 moduleMultiplier=1 shipMultiplier=1
UnityEngine.Debug:ExtractStackTraceNoAlloc (byte*,int,string)
UnityEngine.StackTraceUtility:ExtractStackTrace () (at C:/build/output/unity/unity/Runtime/Export/Scripting/StackTrace.cs:35)
UnityEngine.DebugLogHandler:Internal_Log (UnityEngine.LogType,UnityEngine.LogOption,string,UnityEngine.Object)
UnityEngine.DebugLogHandler:LogFormat (UnityEngine.LogType,UnityEngine.Object,string,object[]) (at C:/build/output/unity/unity/Runtime/Export/Logging/DebugLogHandler.cs:9)
UnityEngine.Logger:Log (UnityEngine.LogType,object,UnityEngine.Object) (at C:/build/output/unity/unity/Runtime/Export/Logging/Logger.cs:66)
UnityEngine.Debug:Log (object,UnityEngine.Object) (at C:/build/output/unity/unity/Runtime/Export/Debug/Debug.bindings.cs:128)
LastJumpCrew.ParkHanSol.Multiplayer.ShipAccidents.PHSNetworkShipAccidentCoordinator:TryConfigureServer (LastJumpCrew.ParkHanSol.Multiplayer.ShipAccidents.PHSMapShipAccidentWeight[],single,single,int,single,single,string&) (at E:/UNITY/LastJumpCrew/Assets/02. ParkHanSol_TeamLeader_Build & Multi/02. Script/Multiplayer/ShipAccidents/PHSNetworkShipAccidentCoordinator.cs:262)
LastJumpCrew.ParkHanSol.Multiplayer.Maps.PHSMapRuntimeContext:TryConfigureSchedules (LastJumpCrew.ParkHanSol.Multiplayer.Maps.PHSMapProfileSO,string&) (at E:/UNITY/LastJumpCrew/Assets/02. ParkHanSol_TeamLeader_Build & Multi/02. Script/Multiplayer/Maps/PHSMapRuntimeContext.cs:479)
LastJumpCrew.ParkHanSol.Multiplayer.Maps.PHSMapRuntimeContext:TryApplyProfile (LastJumpCrew.ParkHanSol.Multiplayer.Maps.PHSMapProfileSO) (at E:/UNITY/LastJumpCrew/Assets/02. ParkHanSol_TeamLeader_Build & Multi/02. Script/Multiplayer/Maps/PHSMapRuntimeContext.cs:331)
LastJumpCrew.ParkHanSol.Multiplayer.Maps.PHSMapRuntimeContext:TryApplyMap (int) (at E:/UNITY/LastJumpCrew/Assets/02. ParkHanSol_TeamLeader_Build & Multi/02. Script/Multiplayer/Maps/PHSMapRuntimeContext.cs:284)
LastJumpCrew.ParkHanSol.Multiplayer.Maps.PHSMapRuntimeContext:ApplyCurrentPhaseState () (at E:/UNITY/LastJumpCrew/Assets/02. ParkHanSol_TeamLeader_Build & Multi/02. Script/Multiplayer/Maps/PHSMapRuntimeContext.cs:165)
LastJumpCrew.ParkHanSol.Multiplayer.Maps.PHSMapRuntimeContext:Update () (at E:/UNITY/LastJumpCrew/Assets/02. ParkHanSol_TeamLeader_Build & Multi/02. Script/Multiplayer/Maps/PHSMapRuntimeContext.cs:106)

(Filename: C:/build/output/unity/unity/Runtime/Export/Debug/Debug.bindings.cs Line: 128)

PHS_MAP_INCIDENT_SCHEDULE_DEFERRED mapId=8001 clock=0 sequence=0
UnityEngine.Debug:ExtractStackTraceNoAlloc (byte*,int,string)
UnityEngine.StackTraceUtility:ExtractStackTrace () (at C:/build/output/unity/unity/Runtime/Export/Scripting/StackTrace.cs:35)
UnityEngine.DebugLogHandler:Internal_Log (UnityEngine.LogType,UnityEngine.LogOption,string,UnityEngine.Object)
UnityEngine.DebugLogHandler:LogFormat (UnityEngine.LogType,UnityEngine.Object,string,object[]) (at C:/build/output/unity/unity/Runtime/Export/Logging/DebugLogHandler.cs:9)
UnityEngine.Logger:Log (UnityEngine.LogType,object,UnityEngine.Object) (at C:/build/output/unity/unity/Runtime/Export/Logging/Logger.cs:66)
UnityEngine.Debug:Log (object,UnityEngine.Object) (at C:/build/output/unity/unity/Runtime/Export/Debug/Debug.bindings.cs:128)
LastJumpCrew.ParkHanSol.Multiplayer.Maps.PHSMapRuntimeContext:SetPendingIncidentSchedule (LastJumpCrew.ParkHanSol.Multiplayer.Maps.PHSMapProfileSO) (at E:/UNITY/LastJumpCrew/Assets/02. ParkHanSol_TeamLeader_Build & Multi/02. Script/Multiplayer/Maps/PHSMapRuntimeContext.cs:558)
LastJumpCrew.ParkHanSol.Multiplayer.Maps.PHSMapRuntimeContext:TryConfigureSchedules (LastJumpCrew.ParkHanSol.Multiplayer.Maps.PHSMapProfileSO,string&) (at E:/UNITY/LastJumpCrew/Assets/02. ParkHanSol_TeamLeader_Build & Multi/02. Script/Multiplayer/Maps/PHSMapRuntimeContext.cs:503)
LastJumpCrew.ParkHanSol.Multiplayer.Maps.PHSMapRuntimeContext:TryApplyProfile (LastJumpCrew.ParkHanSol.Multiplayer.Maps.PHSMapProfileSO) (at E:/UNITY/LastJumpCrew/Assets/02. ParkHanSol_TeamLeader_Build & Multi/02. Script/Multiplayer/Maps/PHSMapRuntimeContext.cs:331)
LastJumpCrew.ParkHanSol.Multiplayer.Maps.PHSMapRuntimeContext:TryApplyMap (int) (at E:/UNITY/LastJumpCrew/Assets/02. ParkHanSol_TeamLeader_Build & Multi/02. Script/Multiplayer/Maps/PHSMapRuntimeContext.cs:284)
LastJumpCrew.ParkHanSol.Multiplayer.Maps.PHSMapRuntimeContext:ApplyCurrentPhaseState () (at E:/UNITY/LastJumpCrew/Assets/02. ParkHanSol_TeamLeader_Build & Multi/02. Script/Multiplayer/Maps/PHSMapRuntimeContext.cs:165)
LastJumpCrew.ParkHanSol.Multiplayer.Maps.PHSMapRuntimeContext:Update () (at E:/UNITY/LastJumpCrew/Assets/02. ParkHanSol_TeamLeader_Build & Multi/02. Script/Multiplayer/Maps/PHSMapRuntimeContext.cs:106)

(Filename: C:/build/output/unity/unity/Runtime/Export/Debug/Debug.bindings.cs Line: 128)

PHS_DEBRIS_STREAM_READY stream=PHS_RandomDebrisStream mode=network total=28 generated=23
UnityEngine.Debug:ExtractStackTraceNoAlloc (byte*,int,string)
UnityEngine.StackTraceUtility:ExtractStackTrace () (at C:/build/output/unity/unity/Runtime/Export/Scripting/StackTrace.cs:35)
UnityEngine.DebugLogHandler:Internal_Log (UnityEngine.LogType,UnityEngine.LogOption,string,UnityEngine.Object)
UnityEngine.DebugLogHandler:LogFormat (UnityEngine.LogType,UnityEngine.Object,string,object[]) (at C:/build/output/unity/unity/Runtime/Export/Logging/DebugLogHandler.cs:9)
UnityEngine.Logger:Log (UnityEngine.LogType,object,UnityEngine.Object) (at C:/build/output/unity/unity/Runtime/Export/Logging/Logger.cs:66)
UnityEngine.Debug:Log (object,UnityEngine.Object) (at C:/build/output/unity/unity/Runtime/Export/Debug/Debug.bindings.cs:128)
LastJumpCrew.ParkHanSol.Multiplayer.PHSRandomDebrisStream:InitializeSimulation () (at E:/UNITY/LastJumpCrew/Assets/02. ParkHanSol_TeamLeader_Build & Multi/02. Script/Multiplayer/PHSRandomDebrisStream.cs:158)
LastJumpCrew.ParkHanSol.Multiplayer.PHSRandomDebrisStream:TryInitializeNetworkSimulation () (at E:/UNITY/LastJumpCrew/Assets/02. ParkHanSol_TeamLeader_Build & Multi/02. Script/Multiplayer/PHSRandomDebrisStream.cs:240)
LastJumpCrew.ParkHanSol.Multiplayer.PHSRandomDebrisStream:SetSimulationEnabled (bool) (at E:/UNITY/LastJumpCrew/Assets/02. ParkHanSol_TeamLeader_Build & Multi/02. Script/Multiplayer/PHSRandomDebrisStream.cs:43)
LastJumpCrew.ParkHanSol.Multiplayer.Maps.PHSMapRuntimeContext:TryApplyProfile (LastJumpCrew.ParkHanSol.Multiplayer.Maps.PHSMapProfileSO) (at E:/UNITY/LastJumpCrew/Assets/02. ParkHanSol_TeamLeader_Build & Multi/02. Script/Multiplayer/Maps/PHSMapRuntimeContext.cs:339)
LastJumpCrew.ParkHanSol.Multiplayer.Maps.PHSMapRuntimeContext:TryApplyMap (int) (at E:/UNITY/LastJumpCrew/Assets/02. ParkHanSol_TeamLeader_Build & Multi/02. Script/Multiplayer/Maps/PHSMapRuntimeContext.cs:284)
LastJumpCrew.ParkHanSol.Multiplayer.Maps.PHSMapRuntimeContext:ApplyCurrentPhaseState () (at E:/UNITY/LastJumpCrew/Assets/02. ParkHanSol_TeamLeader_Build & Multi/02. Script/Multiplayer/Maps/PHSMapRuntimeContext.cs:165)
LastJumpCrew.ParkHanSol.Multiplayer.Maps.PHSMapRuntimeContext:Update () (at E:/UNITY/LastJumpCrew/Assets/02. ParkHanSol_TeamLeader_Build & Multi/02. Script/Multiplayer/Maps/PHSMapRuntimeContext.cs:106)

(Filename: C:/build/output/unity/unity/Runtime/Export/Debug/Debug.bindings.cs Line: 128)

PHS_DEBRIS_STREAM_STATE stream=PHS_RandomDebrisStream enabled=True
UnityEngine.Debug:ExtractStackTraceNoAlloc (byte*,int,string)
UnityEngine.StackTraceUtility:ExtractStackTrace () (at C:/build/output/unity/unity/Runtime/Export/Scripting/StackTrace.cs:35)
UnityEngine.DebugLogHandler:Internal_Log (UnityEngine.LogType,UnityEngine.LogOption,string,UnityEngine.Object)
UnityEngine.DebugLogHandler:LogFormat (UnityEngine.LogType,UnityEngine.Object,string,object[]) (at C:/build/output/unity/unity/Runtime/Export/Logging/DebugLogHandler.cs:9)
UnityEngine.Logger:Log (UnityEngine.LogType,object,UnityEngine.Object) (at C:/build/output/unity/unity/Runtime/Export/Logging/Logger.cs:66)
UnityEngine.Debug:Log (object,UnityEngine.Object) (at C:/build/output/unity/unity/Runtime/Export/Debug/Debug.bindings.cs:128)
LastJumpCrew.ParkHanSol.Multiplayer.PHSRandomDebrisStream:SetSimulationEnabled (bool) (at E:/UNITY/LastJumpCrew/Assets/02. ParkHanSol_TeamLeader_Build & Multi/02. Script/Multiplayer/PHSRandomDebrisStream.cs:50)
LastJumpCrew.ParkHanSol.Multiplayer.Maps.PHSMapRuntimeContext:TryApplyProfile (LastJumpCrew.ParkHanSol.Multiplayer.Maps.PHSMapProfileSO) (at E:/UNITY/LastJumpCrew/Assets/02. ParkHanSol_TeamLeader_Build & Multi/02. Script/Multiplayer/Maps/PHSMapRuntimeContext.cs:339)
LastJumpCrew.ParkHanSol.Multiplayer.Maps.PHSMapRuntimeContext:TryApplyMap (int) (at E:/UNITY/LastJumpCrew/Assets/02. ParkHanSol_TeamLeader_Build & Multi/02. Script/Multiplayer/Maps/PHSMapRuntimeContext.cs:284)
LastJumpCrew.ParkHanSol.Multiplayer.Maps.PHSMapRuntimeContext:ApplyCurrentPhaseState () (at E:/UNITY/LastJumpCrew/Assets/02. ParkHanSol_TeamLeader_Build & Multi/02. Script/Multiplayer/Maps/PHSMapRuntimeContext.cs:165)
LastJumpCrew.ParkHanSol.Multiplayer.Maps.PHSMapRuntimeContext:Update () (at E:/UNITY/LastJumpCrew/Assets/02. ParkHanSol_TeamLeader_Build & Multi/02. Script/Multiplayer/Maps/PHSMapRuntimeContext.cs:106)

(Filename: C:/build/output/unity/unity/Runtime/Export/Debug/Debug.bindings.cs Line: 128)

PHS_SHIP_ACCIDENT_MAINTENANCE_PAUSED paused=False
UnityEngine.Debug:ExtractStackTraceNoAlloc (byte*,int,string)
UnityEngine.StackTraceUtility:ExtractStackTrace () (at C:/build/output/unity/unity/Runtime/Export/Scripting/StackTrace.cs:35)
UnityEngine.DebugLogHandler:Internal_Log (UnityEngine.LogType,UnityEngine.LogOption,string,UnityEngine.Object)
UnityEngine.DebugLogHandler:LogFormat (UnityEngine.LogType,UnityEngine.Object,string,object[]) (at C:/build/output/unity/unity/Runtime/Export/Logging/DebugLogHandler.cs:9)
UnityEngine.Logger:Log (UnityEngine.LogType,object,UnityEngine.Object) (at C:/build/output/unity/unity/Runtime/Export/Logging/Logger.cs:66)
UnityEngine.Debug:Log (object,UnityEngine.Object) (at C:/build/output/unity/unity/Runtime/Export/Debug/Debug.bindings.cs:128)
LastJumpCrew.ParkHanSol.Multiplayer.ShipAccidents.PHSNetworkShipAccidentCoordinator:TrySetMaintenancePausedServer (bool,string&) (at E:/UNITY/LastJumpCrew/Assets/02. ParkHanSol_TeamLeader_Build & Multi/02. Script/Multiplayer/ShipAccidents/PHSNetworkShipAccidentCoordinator.cs:515)
LastJumpCrew.ParkHanSol.Multiplayer.Maps.PHSMapRuntimeContext:TryApplyProfile (LastJumpCrew.ParkHanSol.Multiplayer.Maps.PHSMapProfileSO) (at E:/UNITY/LastJumpCrew/Assets/02. ParkHanSol_TeamLeader_Build & Multi/02. Script/Multiplayer/Maps/PHSMapRuntimeContext.cs:340)
LastJumpCrew.ParkHanSol.Multiplayer.Maps.PHSMapRuntimeContext:TryApplyMap (int) (at E:/UNITY/LastJumpCrew/Assets/02. ParkHanSol_TeamLeader_Build & Multi/02. Script/Multiplayer/Maps/PHSMapRuntimeContext.cs:284)
LastJumpCrew.ParkHanSol.Multiplayer.Maps.PHSMapRuntimeContext:ApplyCurrentPhaseState () (at E:/UNITY/LastJumpCrew/Assets/02. ParkHanSol_TeamLeader_Build & Multi/02. Script/Multiplayer/Maps/PHSMapRuntimeContext.cs:165)
LastJumpCrew.ParkHanSol.Multiplayer.Maps.PHSMapRuntimeContext:Update () (at E:/UNITY/LastJumpCrew/Assets/02. ParkHanSol_TeamLeader_Build & Multi/02. Script/Multiplayer/Maps/PHSMapRuntimeContext.cs:106)

(Filename: C:/build/output/unity/unity/Runtime/Export/Debug/Debug.bindings.cs Line: 128)

PHS_MAP_RUNTIME_APPLIED mapId=8001 name=폐기물 궤도
UnityEngine.Debug:ExtractStackTraceNoAlloc (byte*,int,string)
UnityEngine.StackTraceUtility:ExtractStackTrace () (at C:/build/output/unity/unity/Runtime/Export/Scripting/StackTrace.cs:35)
UnityEngine.DebugLogHandler:Internal_Log (UnityEngine.LogType,UnityEngine.LogOption,string,UnityEngine.Object)
UnityEngine.DebugLogHandler:LogFormat (UnityEngine.LogType,UnityEngine.Object,string,object[]) (at C:/build/output/unity/unity/Runtime/Export/Logging/DebugLogHandler.cs:9)
UnityEngine.Logger:Log (UnityEngine.LogType,object,UnityEngine.Object) (at C:/build/output/unity/unity/Runtime/Export/Logging/Logger.cs:66)
UnityEngine.Debug:Log (object,UnityEngine.Object) (at C:/build/output/unity/unity/Runtime/Export/Debug/Debug.bindings.cs:128)
LastJumpCrew.ParkHanSol.Multiplayer.Maps.PHSMapRuntimeContext:TryApplyProfile (LastJumpCrew.ParkHanSol.Multiplayer.Maps.PHSMapProfileSO) (at E:/UNITY/LastJumpCrew/Assets/02. ParkHanSol_TeamLeader_Build & Multi/02. Script/Multiplayer/Maps/PHSMapRuntimeContext.cs:352)
LastJumpCrew.ParkHanSol.Multiplayer.Maps.PHSMapRuntimeContext:TryApplyMap (int) (at E:/UNITY/LastJumpCrew/Assets/02. ParkHanSol_TeamLeader_Build & Multi/02. Script/Multiplayer/Maps/PHSMapRuntimeContext.cs:284)
LastJumpCrew.ParkHanSol.Multiplayer.Maps.PHSMapRuntimeContext:ApplyCurrentPhaseState () (at E:/UNITY/LastJumpCrew/Assets/02. ParkHanSol_TeamLeader_Build & Multi/02. Script/Multiplayer/Maps/PHSMapRuntimeContext.cs:165)
LastJumpCrew.ParkHanSol.Multiplayer.Maps.PHSMapRuntimeContext:Update () (at E:/UNITY/LastJumpCrew/Assets/02. ParkHanSol_TeamLeader_Build & Multi/02. Script/Multiplayer/Maps/PHSMapRuntimeContext.cs:106)

(Filename: C:/build/output/unity/unity/Runtime/Export/Debug/Debug.bindings.cs Line: 128)

PHS_EVENT_HUD_BOUND snapshots=0
UnityEngine.Debug:ExtractStackTraceNoAlloc (byte*,int,string)
UnityEngine.StackTraceUtility:ExtractStackTrace () (at C:/build/output/unity/unity/Runtime/Export/Scripting/StackTrace.cs:35)
UnityEngine.DebugLogHandler:Internal_Log (UnityEngine.LogType,UnityEngine.LogOption,string,UnityEngine.Object)
UnityEngine.DebugLogHandler:LogFormat (UnityEngine.LogType,UnityEngine.Object,string,object[]) (at C:/build/output/unity/unity/Runtime/Export/Logging/DebugLogHandler.cs:9)
UnityEngine.Logger:Log (UnityEngine.LogType,object,UnityEngine.Object) (at C:/build/output/unity/unity/Runtime/Export/Logging/Logger.cs:66)
UnityEngine.Debug:Log (object,UnityEngine.Object) (at C:/build/output/unity/unity/Runtime/Export/Debug/Debug.bindings.cs:128)
LastJumpCrew.ParkHanSol.Multiplayer.Events.PHSNetworkEventHudBinder:TryBindCoordinator () (at E:/UNITY/LastJumpCrew/Assets/02. ParkHanSol_TeamLeader_Build & Multi/02. Script/Multiplayer/Events/PHSNetworkEventHudBinder.cs:143)
LastJumpCrew.ParkHanSol.Multiplayer.Events.PHSNetworkEventHudBinder:Update () (at E:/UNITY/LastJumpCrew/Assets/02. ParkHanSol_TeamLeader_Build & Multi/02. Script/Multiplayer/Events/PHSNetworkEventHudBinder.cs:108)

(Filename: C:/build/output/unity/unity/Runtime/Export/Debug/Debug.bindings.cs Line: 128)

Unloading 10 unused Assets / (10.8 KB). Loaded Objects now: 13751.
Memory consumption went from 241.5 MB to 241.5 MB.
Total: 4.552400 ms (FindLiveObjects: 0.491200 ms CreateObjectMapping: 0.959500 ms MarkObjects: 2.896900 ms  DeleteObjects: 0.204300 ms)

PHS_PLAYER_GRAVITY_MODE player=PHS_CuteWhiteGhost_Player(Clone) previous=ShipGravity mode=Spacewalk velocity=(0.00, -0.05, 0.00)
UnityEngine.Debug:ExtractStackTraceNoAlloc (byte*,int,string)
UnityEngine.StackTraceUtility:ExtractStackTrace () (at C:/build/output/unity/unity/Runtime/Export/Scripting/StackTrace.cs:35)
UnityEngine.DebugLogHandler:Internal_Log (UnityEngine.LogType,UnityEngine.LogOption,string,UnityEngine.Object)
UnityEngine.DebugLogHandler:LogFormat (UnityEngine.LogType,UnityEngine.Object,string,object[]) (at C:/build/output/unity/unity/Runtime/Export/Logging/DebugLogHandler.cs:9)
UnityEngine.Logger:Log (UnityEngine.LogType,object) (at C:/build/output/unity/unity/Runtime/Export/Logging/Logger.cs:60)
UnityEngine.Debug:Log (object) (at C:/build/output/unity/unity/Runtime/Export/Debug/Debug.bindings.cs:123)
LastJumpCrew.ParkHanSol.Multiplayer.NetworkPlayerController:SetGravityMode (LastJumpCrew.ParkHanSol.Multiplayer.NetworkPlayerGravityMode) (at E:/UNITY/LastJumpCrew/Assets/02. ParkHanSol_TeamLeader_Build & Multi/02. Script/Multiplayer/NetworkPlayerController.cs:1145)
LastJumpCrew.ParkHanSol.Multiplayer.NetworkPlayerController:ApplyGravityAreaMode () (at E:/UNITY/LastJumpCrew/Assets/02. ParkHanSol_TeamLeader_Build & Multi/02. Script/Multiplayer/NetworkPlayerController.cs:1114)
LastJumpCrew.ParkHanSol.Multiplayer.NetworkPlayerController:EnterGravityArea (LastJumpCrew.ParkHanSol.Multiplayer.NetworkPlayerGravityArea) (at E:/UNITY/LastJumpCrew/Assets/02. ParkHanSol_TeamLeader_Build & Multi/02. Script/Multiplayer/NetworkPlayerController.cs:620)
LastJumpCrew.ParkHanSol.Multiplayer.NetworkPlayerGravityArea:OnTriggerEnter (UnityEngine.Collider) (at E:/UNITY/LastJumpCrew/Assets/02. ParkHanSol_TeamLeader_Build & Multi/02. Script/Multiplayer/NetworkPlayerGravityArea.cs:66)

(Filename: C:/build/output/unity/unity/Runtime/Export/Debug/Debug.bindings.cs Line: 123)

PHS_PLAYER_GRAVITY_MODE player=PHS_CuteWhiteGhost_Player(Clone) previous=Spacewalk mode=ShipGravity velocity=(0.00, -0.05, 0.00)
UnityEngine.Debug:ExtractStackTraceNoAlloc (byte*,int,string)
UnityEngine.StackTraceUtility:ExtractStackTrace () (at C:/build/output/unity/unity/Runtime/Export/Scripting/StackTrace.cs:35)
UnityEngine.DebugLogHandler:Internal_Log (UnityEngine.LogType,UnityEngine.LogOption,string,UnityEngine.Object)
UnityEngine.DebugLogHandler:LogFormat (UnityEngine.LogType,UnityEngine.Object,string,object[]) (at C:/build/output/unity/unity/Runtime/Export/Logging/DebugLogHandler.cs:9)
UnityEngine.Logger:Log (UnityEngine.LogType,object) (at C:/build/output/unity/unity/Runtime/Export/Logging/Logger.cs:60)
UnityEngine.Debug:Log (object) (at C:/build/output/unity/unity/Runtime/Export/Debug/Debug.bindings.cs:123)
LastJumpCrew.ParkHanSol.Multiplayer.NetworkPlayerController:SetGravityMode (LastJumpCrew.ParkHanSol.Multiplayer.NetworkPlayerGravityMode) (at E:/UNITY/LastJumpCrew/Assets/02. ParkHanSol_TeamLeader_Build & Multi/02. Script/Multiplayer/NetworkPlayerController.cs:1145)
LastJumpCrew.ParkHanSol.Multiplayer.NetworkPlayerController:ApplyGravityAreaMode () (at E:/UNITY/LastJumpCrew/Assets/02. ParkHanSol_TeamLeader_Build & Multi/02. Script/Multiplayer/NetworkPlayerController.cs:1114)
LastJumpCrew.ParkHanSol.Multiplayer.NetworkPlayerController:EnterGravityArea (LastJumpCrew.ParkHanSol.Multiplayer.NetworkPlayerGravityArea) (at E:/UNITY/LastJumpCrew/Assets/02. ParkHanSol_TeamLeader_Build & Multi/02. Script/Multiplayer/NetworkPlayerController.cs:620)
LastJumpCrew.ParkHanSol.Multiplayer.NetworkPlayerGravityArea:OnTriggerEnter (UnityEngine.Collider) (at E:/UNITY/LastJumpCrew/Assets/02. ParkHanSol_TeamLeader_Build & Multi/02. Script/Multiplayer/NetworkPlayerGravityArea.cs:66)

(Filename: C:/build/output/unity/unity/Runtime/Export/Debug/Debug.bindings.cs Line: 123)

PHS_WARP_SAFE_ZONE_PLAYER zone=PHS_WarpSafeZone clientId=0 inside=True
UnityEngine.Debug:ExtractStackTraceNoAlloc (byte*,int,string)
UnityEngine.StackTraceUtility:ExtractStackTrace () (at C:/build/output/unity/unity/Runtime/Export/Scripting/StackTrace.cs:35)
UnityEngine.DebugLogHandler:Internal_Log (UnityEngine.LogType,UnityEngine.LogOption,string,UnityEngine.Object)
UnityEngine.DebugLogHandler:LogFormat (UnityEngine.LogType,UnityEngine.Object,string,object[]) (at C:/build/output/unity/unity/Runtime/Export/Logging/DebugLogHandler.cs:9)
UnityEngine.Logger:Log (UnityEngine.LogType,object) (at C:/build/output/unity/unity/Runtime/Export/Logging/Logger.cs:60)
UnityEngine.Debug:Log (object) (at C:/build/output/unity/unity/Runtime/Export/Debug/Debug.bindings.cs:123)
LastJumpCrew.ParkHanSol.Multiplayer.NetworkWarpSafeZone:SetPlayerSafeState (UnityEngine.Collider,bool) (at E:/UNITY/LastJumpCrew/Assets/02. ParkHanSol_TeamLeader_Build & Multi/02. Script/Multiplayer/RunFlow/NetworkWarpSafeZone.cs:105)
LastJumpCrew.ParkHanSol.Multiplayer.NetworkWarpSafeZone:OnTriggerEnter (UnityEngine.Collider) (at E:/UNITY/LastJumpCrew/Assets/02. ParkHanSol_TeamLeader_Build & Multi/02. Script/Multiplayer/RunFlow/NetworkWarpSafeZone.cs:65)

(Filename: C:/build/output/unity/unity/Runtime/Export/Debug/Debug.bindings.cs Line: 123)

[Multiplayer]: Attempting to apply patches to lobby, but there were no patches to apply.
UnityEngine.Debug:ExtractStackTraceNoAlloc (byte*,int,string)
UnityEngine.StackTraceUtility:ExtractStackTrace () (at C:/build/output/unity/unity/Runtime/Export/Scripting/StackTrace.cs:35)
UnityEngine.DebugLogHandler:Internal_Log (UnityEngine.LogType,UnityEngine.LogOption,string,UnityEngine.Object)
UnityEngine.DebugLogHandler:LogFormat (UnityEngine.LogType,UnityEngine.Object,string,object[]) (at C:/build/output/unity/unity/Runtime/Export/Logging/DebugLogHandler.cs:9)
UnityEngine.Logger:Log (UnityEngine.LogType,string,object,UnityEngine.Object) (at C:/build/output/unity/unity/Runtime/Export/Logging/Logger.cs:78)
Unity.Services.Multiplayer.Logger:Log (UnityEngine.LogType,object,UnityEngine.Object) (at ./Library/PackageCache/com.unity.services.multiplayer@a6d6ce688d71/Runtime/Multiplayer/Utils/Logger.cs:18)
Unity.Services.Multiplayer.Logger:LogWarning (object,UnityEngine.Object) (at ./Library/PackageCache/com.unity.services.multiplayer@a6d6ce688d71/Runtime/Multiplayer/Utils/Logger.cs:38)
Unity.Services.Multiplayer.Logger:LogWarning (object) (at ./Library/PackageCache/com.unity.services.multiplayer@a6d6ce688d71/Runtime/Multiplayer/Utils/Logger.cs:33)
LobbyPatcher:GetLobbyPatches (LobbyPatcher/LobbyPatches) (at ./Library/PackageCache/com.unity.services.multiplayer@a6d6ce688d71/Runtime/Lobbies/SDK/LobbyUpdates/Internal/LobbyPatcher.cs:496)
LobbyPatcher:GetLobbyChanges (string) (at ./Library/PackageCache/com.unity.services.multiplayer@a6d6ce688d71/Runtime/Lobbies/SDK/LobbyUpdates/Internal/LobbyPatcher.cs:489)
Unity.Services.Lobbies.Internal.LobbyChannel/<OnLobbySubscriptionMessage>d__14:MoveNext () (at ./Library/PackageCache/com.unity.services.multiplayer@a6d6ce688d71/Runtime/Lobbies/SDK/LobbyUpdates/Internal/LobbyChannel.cs:90)
System.Runtime.CompilerServices.AsyncTaskMethodBuilder:Start<Unity.Services.Lobbies.Internal.LobbyChannel/<OnLobbySubscriptionMessage>d__14> (Unity.Services.Lobbies.Internal.LobbyChannel/<OnLobbySubscriptionMessage>d__14&)
Unity.Services.Lobbies.Internal.LobbyChannel:OnLobbySubscriptionMessage (string,LobbyEventCallbacks)
Unity.Services.Lobbies.Internal.LobbyChannel/<>c__DisplayClass11_0/<<-ctor>b__0>d:MoveNext () (at ./Library/PackageCache/com.unity.services.multiplayer@a6d6ce688d71/Runtime/Lobbies/SDK/LobbyUpdates/Internal/LobbyChannel.cs:43)
System.Runtime.CompilerServices.AsyncVoidMethodBuilder:Start<Unity.Services.Lobbies.Internal.LobbyChannel/<>c__DisplayClass11_0/<<-ctor>b__0>d> (Unity.Services.Lobbies.Internal.LobbyChannel/<>c__DisplayClass11_0/<<-ctor>b__0>d&)
Unity.Services.Lobbies.Internal.LobbyChannel/<>c__DisplayClass11_0:<.ctor>b__0 (string)
Unity.Services.Wire.Internal.Subscription:ProcessPublication (Unity.Services.Wire.Protocol.Internal.Publication) (at ./Library/PackageCache/com.unity.services.wire@aba8a6fb1fe2/Runtime/Centrifuge/Subscription.cs:98)
Unity.Services.Wire.Internal.Client:HandlePushMessage (Unity.Services.Wire.Protocol.Internal.Push) (at ./Library/PackageCache/com.unity.services.wire@aba8a6fb1fe2/Runtime/Centrifuge/Client.cs:663)
Unity.Services.Wire.Internal.Client:OnWebsocketMessage (byte[]) (at ./Library/PackageCache/com.unity.services.wire@aba8a6fb1fe2/Runtime/Centrifuge/Client.cs:414)
Unity.Services.Wire.Internal.Client/<>c__DisplayClass54_0:<WebsocketMessageListener>b__0 () (at ./Library/PackageCache/com.unity.services.wire@aba8a6fb1fe2/Runtime/Centrifuge/Client.cs:821)
System.Threading.Tasks.Task:InnerInvoke ()
System.Threading.Tasks.Task:Execute ()
System.Threading.Tasks.Task:ExecutionContextCallback (object)
System.Threading.ExecutionContext:RunInternal (System.Threading.ExecutionContext,System.Threading.ContextCallback,object,bool)
System.Threading.ExecutionContext:Run (System.Threading.ExecutionContext,System.Threading.ContextCallback,object,bool)
System.Threading.Tasks.Task:ExecuteWithThreadLocal (System.Threading.Tasks.Task&)
System.Threading.Tasks.Task:ExecuteEntry (bool)
System.Threading.Tasks.SynchronizationContextTaskScheduler/<>c:<.cctor>b__8_0 (object)
UnityEngine.UnitySynchronizationContext/WorkRequest:Invoke () (at C:/build/output/unity/unity/Runtime/Export/Scripting/UnitySynchronizationContext.cs:156)
UnityEngine.UnitySynchronizationContext:Exec () (at C:/build/output/unity/unity/Runtime/Export/Scripting/UnitySynchronizationContext.cs:84)
UnityEngine.UnitySynchronizationContext:ExecuteTasks () (at C:/build/output/unity/unity/Runtime/Export/Scripting/UnitySynchronizationContext.cs:110)

(Filename: ./Library/PackageCache/com.unity.services.multiplayer@a6d6ce688d71/Runtime/Lobbies/SDK/LobbyUpdates/Internal/LobbyPatcher.cs Line: 496)

PHS_PLAYER_SPAWN_POINT ownerClientId=1 pos=(-404.30, 1.00, -14.54)
UnityEngine.Debug:ExtractStackTraceNoAlloc (byte*,int,string)
UnityEngine.StackTraceUtility:ExtractStackTrace () (at C:/build/output/unity/unity/Runtime/Export/Scripting/StackTrace.cs:35)
UnityEngine.DebugLogHandler:Internal_Log (UnityEngine.LogType,UnityEngine.LogOption,string,UnityEngine.Object)
UnityEngine.DebugLogHandler:LogFormat (UnityEngine.LogType,UnityEngine.Object,string,object[]) (at C:/build/output/unity/unity/Runtime/Export/Logging/DebugLogHandler.cs:9)
UnityEngine.Logger:Log (UnityEngine.LogType,object) (at C:/build/output/unity/unity/Runtime/Export/Logging/Logger.cs:60)
UnityEngine.Debug:Log (object) (at C:/build/output/unity/unity/Runtime/Export/Debug/Debug.bindings.cs:123)
LastJumpCrew.ParkHanSol.Multiplayer.NetworkPlayerController:MoveToGameplaySpawnPointIfServer (UnityEngine.SceneManagement.Scene,bool) (at E:/UNITY/LastJumpCrew/Assets/02. ParkHanSol_TeamLeader_Build & Multi/02. Script/Multiplayer/NetworkPlayerController.cs:1205)
LastJumpCrew.ParkHanSol.Multiplayer.NetworkPlayerController:RequestGameplaySpawnPointServerRpc (string,uint,Unity.Netcode.ServerRpcParams) (at E:/UNITY/LastJumpCrew/Assets/02. ParkHanSol_TeamLeader_Build & Multi/02. Script/Multiplayer/NetworkPlayerController.cs:1260)
LastJumpCrew.ParkHanSol.Multiplayer.NetworkPlayerController:__rpc_handler_764399943 (Unity.Netcode.NetworkBehaviour,Unity.Netcode.FastBufferReader,Unity.Netcode.__RpcParams)
Unity.Netcode.RpcMessageHelpers:Handle (Unity.Netcode.NetworkContext&,Unity.Netcode.RpcMetadata&,Unity.Netcode.FastBufferReader&,Unity.Netcode.__RpcParams&) (at ./Library/PackageCache/com.unity.netcode.gameobjects@0f12e689d980/Runtime/Messaging/Messages/RpcMessages.cs:80)
Unity.Netcode.ServerRpcMessage:Handle (Unity.Netcode.NetworkContext&) (at ./Library/PackageCache/com.unity.netcode.gameobjects@0f12e689d980/Runtime/Messaging/Messages/RpcMessages.cs:137)
Unity.Netcode.NetworkMessageManager:ReceiveMessage<Unity.Netcode.ServerRpcMessage> (Unity.Netcode.FastBufferReader,Unity.Netcode.NetworkContext&,Unity.Netcode.NetworkMessageManager) (at ./Library/PackageCache/com.unity.netcode.gameobjects@0f12e689d980/Runtime/Messaging/NetworkMessageManager.cs:566)
Unity.Netcode.NetworkMessageManager:HandleMessage (Unity.Netcode.NetworkMessageHeader&,Unity.Netcode.FastBufferReader,ulong,single,int) (at ./Library/PackageCache/com.unity.netcode.gameobjects@0f12e689d980/Runtime/Messaging/NetworkMessageManager.cs:420)
Unity.Netcode.NetworkMessageManager:ProcessIncomingMessageQueue () (at ./Library/PackageCache/com.unity.netcode.gameobjects@0f12e689d980/Runtime/Messaging/NetworkMessageManager.cs:446)
Unity.Netcode.NetworkManager:NetworkUpdate (Unity.Netcode.NetworkUpdateStage) (at ./Library/PackageCache/com.unity.netcode.gameobjects@0f12e689d980/Runtime/Core/NetworkManager.cs:364)
Unity.Netcode.NetworkUpdateLoop:RunNetworkUpdateStage (Unity.Netcode.NetworkUpdateStage) (at ./Library/PackageCache/com.unity.netcode.gameobjects@0f12e689d980/Runtime/Core/NetworkUpdateLoop.cs:191)
Unity.Netcode.NetworkUpdateLoop/NetworkEarlyUpdate/<>c:<CreateLoopSystem>b__0_0 () (at ./Library/PackageCache/com.unity.netcode.gameobjects@0f12e689d980/Runtime/Core/NetworkUpdateLoop.cs:214)

(Filename: C:/build/output/unity/unity/Runtime/Export/Debug/Debug.bindings.cs Line: 123)

PHS_PLAYER_GRAVITY_MODE player=PHS_CuteWhiteGhost_Player(Clone) previous=ShipGravity mode=Spacewalk velocity=(0.00, -0.51, 0.00)
UnityEngine.Debug:ExtractStackTraceNoAlloc (byte*,int,string)
UnityEngine.StackTraceUtility:ExtractStackTrace () (at C:/build/output/unity/unity/Runtime/Export/Scripting/StackTrace.cs:35)
UnityEngine.DebugLogHandler:Internal_Log (UnityEngine.LogType,UnityEngine.LogOption,string,UnityEngine.Object)
UnityEngine.DebugLogHandler:LogFormat (UnityEngine.LogType,UnityEngine.Object,string,object[]) (at C:/build/output/unity/unity/Runtime/Export/Logging/DebugLogHandler.cs:9)
UnityEngine.Logger:Log (UnityEngine.LogType,object) (at C:/build/output/unity/unity/Runtime/Export/Logging/Logger.cs:60)
UnityEngine.Debug:Log (object) (at C:/build/output/unity/unity/Runtime/Export/Debug/Debug.bindings.cs:123)
LastJumpCrew.ParkHanSol.Multiplayer.NetworkPlayerController:SetGravityMode (LastJumpCrew.ParkHanSol.Multiplayer.NetworkPlayerGravityMode) (at E:/UNITY/LastJumpCrew/Assets/02. ParkHanSol_TeamLeader_Build & Multi/02. Script/Multiplayer/NetworkPlayerController.cs:1145)
LastJumpCrew.ParkHanSol.Multiplayer.NetworkPlayerController:ApplyGravityAreaMode () (at E:/UNITY/LastJumpCrew/Assets/02. ParkHanSol_TeamLeader_Build & Multi/02. Script/Multiplayer/NetworkPlayerController.cs:1114)
LastJumpCrew.ParkHanSol.Multiplayer.NetworkPlayerController:EnterGravityArea (LastJumpCrew.ParkHanSol.Multiplayer.NetworkPlayerGravityArea) (at E:/UNITY/LastJumpCrew/Assets/02. ParkHanSol_TeamLeader_Build & Multi/02. Script/Multiplayer/NetworkPlayerController.cs:620)
LastJumpCrew.ParkHanSol.Multiplayer.NetworkPlayerGravityArea:OnTriggerEnter (UnityEngine.Collider) (at E:/UNITY/LastJumpCrew/Assets/02. ParkHanSol_TeamLeader_Build & Multi/02. Script/Multiplayer/NetworkPlayerGravityArea.cs:66)

(Filename: C:/build/output/unity/unity/Runtime/Export/Debug/Debug.bindings.cs Line: 123)

PHS_PLAYER_GRAVITY_MODE player=PHS_CuteWhiteGhost_Player(Clone) previous=Spacewalk mode=ShipGravity velocity=(0.00, -0.51, 0.00)
UnityEngine.Debug:ExtractStackTraceNoAlloc (byte*,int,string)
UnityEngine.StackTraceUtility:ExtractStackTrace () (at C:/build/output/unity/unity/Runtime/Export/Scripting/StackTrace.cs:35)
UnityEngine.DebugLogHandler:Internal_Log (UnityEngine.LogType,UnityEngine.LogOption,string,UnityEngine.Object)
UnityEngine.DebugLogHandler:LogFormat (UnityEngine.LogType,UnityEngine.Object,string,object[]) (at C:/build/output/unity/unity/Runtime/Export/Logging/DebugLogHandler.cs:9)
UnityEngine.Logger:Log (UnityEngine.LogType,object) (at C:/build/output/unity/unity/Runtime/Export/Logging/Logger.cs:60)
UnityEngine.Debug:Log (object) (at C:/build/output/unity/unity/Runtime/Export/Debug/Debug.bindings.cs:123)
LastJumpCrew.ParkHanSol.Multiplayer.NetworkPlayerController:SetGravityMode (LastJumpCrew.ParkHanSol.Multiplayer.NetworkPlayerGravityMode) (at E:/UNITY/LastJumpCrew/Assets/02. ParkHanSol_TeamLeader_Build & Multi/02. Script/Multiplayer/NetworkPlayerController.cs:1145)
LastJumpCrew.ParkHanSol.Multiplayer.NetworkPlayerController:ApplyGravityAreaMode () (at E:/UNITY/LastJumpCrew/Assets/02. ParkHanSol_TeamLeader_Build & Multi/02. Script/Multiplayer/NetworkPlayerController.cs:1114)
LastJumpCrew.ParkHanSol.Multiplayer.NetworkPlayerController:EnterGravityArea (LastJumpCrew.ParkHanSol.Multiplayer.NetworkPlayerGravityArea) (at E:/UNITY/LastJumpCrew/Assets/02. ParkHanSol_TeamLeader_Build & Multi/02. Script/Multiplayer/NetworkPlayerController.cs:620)
LastJumpCrew.ParkHanSol.Multiplayer.NetworkPlayerGravityArea:OnTriggerEnter (UnityEngine.Collider) (at E:/UNITY/LastJumpCrew/Assets/02. ParkHanSol_TeamLeader_Build & Multi/02. Script/Multiplayer/NetworkPlayerGravityArea.cs:66)

(Filename: C:/build/output/unity/unity/Runtime/Export/Debug/Debug.bindings.cs Line: 123)

PHS_WARP_SAFE_ZONE_PLAYER zone=PHS_WarpSafeZone clientId=1 inside=True
UnityEngine.Debug:ExtractStackTraceNoAlloc (byte*,int,string)
UnityEngine.StackTraceUtility:ExtractStackTrace () (at C:/build/output/unity/unity/Runtime/Export/Scripting/StackTrace.cs:35)
UnityEngine.DebugLogHandler:Internal_Log (UnityEngine.LogType,UnityEngine.LogOption,string,UnityEngine.Object)
UnityEngine.DebugLogHandler:LogFormat (UnityEngine.LogType,UnityEngine.Object,string,object[]) (at C:/build/output/unity/unity/Runtime/Export/Logging/DebugLogHandler.cs:9)
UnityEngine.Logger:Log (UnityEngine.LogType,object) (at C:/build/output/unity/unity/Runtime/Export/Logging/Logger.cs:60)
UnityEngine.Debug:Log (object) (at C:/build/output/unity/unity/Runtime/Export/Debug/Debug.bindings.cs:123)
LastJumpCrew.ParkHanSol.Multiplayer.NetworkWarpSafeZone:SetPlayerSafeState (UnityEngine.Collider,bool) (at E:/UNITY/LastJumpCrew/Assets/02. ParkHanSol_TeamLeader_Build & Multi/02. Script/Multiplayer/RunFlow/NetworkWarpSafeZone.cs:105)
LastJumpCrew.ParkHanSol.Multiplayer.NetworkWarpSafeZone:OnTriggerEnter (UnityEngine.Collider) (at E:/UNITY/LastJumpCrew/Assets/02. ParkHanSol_TeamLeader_Build & Multi/02. Script/Multiplayer/RunFlow/NetworkWarpSafeZone.cs:65)

(Filename: C:/build/output/unity/unity/Runtime/Export/Debug/Debug.bindings.cs Line: 123)

PHS_PLAYER_SPAWN_POINT ownerClientId=1 pos=(-404.30, 1.00, -14.54)
UnityEngine.Debug:ExtractStackTraceNoAlloc (byte*,int,string)
UnityEngine.StackTraceUtility:ExtractStackTrace () (at C:/build/output/unity/unity/Runtime/Export/Scripting/StackTrace.cs:35)
UnityEngine.DebugLogHandler:Internal_Log (UnityEngine.LogType,UnityEngine.LogOption,string,UnityEngine.Object)
UnityEngine.DebugLogHandler:LogFormat (UnityEngine.LogType,UnityEngine.Object,string,object[]) (at C:/build/output/unity/unity/Runtime/Export/Logging/DebugLogHandler.cs:9)
UnityEngine.Logger:Log (UnityEngine.LogType,object) (at C:/build/output/unity/unity/Runtime/Export/Logging/Logger.cs:60)
UnityEngine.Debug:Log (object) (at C:/build/output/unity/unity/Runtime/Export/Debug/Debug.bindings.cs:123)
LastJumpCrew.ParkHanSol.Multiplayer.NetworkPlayerController:MoveToGameplaySpawnPointIfServer (UnityEngine.SceneManagement.Scene,bool) (at E:/UNITY/LastJumpCrew/Assets/02. ParkHanSol_TeamLeader_Build & Multi/02. Script/Multiplayer/NetworkPlayerController.cs:1205)
LastJumpCrew.ParkHanSol.Multiplayer.NetworkPlayerController:ConfirmGameplaySpawnPointServerRpc (string,uint,Unity.Netcode.ServerRpcParams) (at E:/UNITY/LastJumpCrew/Assets/02. ParkHanSol_TeamLeader_Build & Multi/02. Script/Multiplayer/NetworkPlayerController.cs:1345)
LastJumpCrew.ParkHanSol.Multiplayer.NetworkPlayerController:__rpc_handler_73372487 (Unity.Netcode.NetworkBehaviour,Unity.Netcode.FastBufferReader,Unity.Netcode.__RpcParams)
Unity.Netcode.RpcMessageHelpers:Handle (Unity.Netcode.NetworkContext&,Unity.Netcode.RpcMetadata&,Unity.Netcode.FastBufferReader&,Unity.Netcode.__RpcParams&) (at ./Library/PackageCache/com.unity.netcode.gameobjects@0f12e689d980/Runtime/Messaging/Messages/RpcMessages.cs:80)
Unity.Netcode.ServerRpcMessage:Handle (Unity.Netcode.NetworkContext&) (at ./Library/PackageCache/com.unity.netcode.gameobjects@0f12e689d980/Runtime/Messaging/Messages/RpcMessages.cs:137)
Unity.Netcode.NetworkMessageManager:ReceiveMessage<Unity.Netcode.ServerRpcMessage> (Unity.Netcode.FastBufferReader,Unity.Netcode.NetworkContext&,Unity.Netcode.NetworkMessageManager) (at ./Library/PackageCache/com.unity.netcode.gameobjects@0f12e689d980/Runtime/Messaging/NetworkMessageManager.cs:566)
Unity.Netcode.NetworkMessageManager:HandleMessage (Unity.Netcode.NetworkMessageHeader&,Unity.Netcode.FastBufferReader,ulong,single,int) (at ./Library/PackageCache/com.unity.netcode.gameobjects@0f12e689d980/Runtime/Messaging/NetworkMessageManager.cs:420)
Unity.Netcode.NetworkMessageManager:ProcessIncomingMessageQueue () (at ./Library/PackageCache/com.unity.netcode.gameobjects@0f12e689d980/Runtime/Messaging/NetworkMessageManager.cs:446)
Unity.Netcode.NetworkManager:NetworkUpdate (Unity.Netcode.NetworkUpdateStage) (at ./Library/PackageCache/com.unity.netcode.gameobjects@0f12e689d980/Runtime/Core/NetworkManager.cs:364)
Unity.Netcode.NetworkUpdateLoop:RunNetworkUpdateStage (Unity.Netcode.NetworkUpdateStage) (at ./Library/PackageCache/com.unity.netcode.gameobjects@0f12e689d980/Runtime/Core/NetworkUpdateLoop.cs:191)
Unity.Netcode.NetworkUpdateLoop/NetworkEarlyUpdate/<>c:<CreateLoopSystem>b__0_0 () (at ./Library/PackageCache/com.unity.netcode.gameobjects@0f12e689d980/Runtime/Core/NetworkUpdateLoop.cs:214)

(Filename: C:/build/output/unity/unity/Runtime/Export/Debug/Debug.bindings.cs Line: 123)

PHS_PLAYER_SPAWN_POINT_CONFIRMED ownerClientId=1 scene=PHS_Map_ver1 pos=(-404.30, 1.00, -14.54)
UnityEngine.Debug:ExtractStackTraceNoAlloc (byte*,int,string)
UnityEngine.StackTraceUtility:ExtractStackTrace () (at C:/build/output/unity/unity/Runtime/Export/Scripting/StackTrace.cs:35)
UnityEngine.DebugLogHandler:Internal_Log (UnityEngine.LogType,UnityEngine.LogOption,string,UnityEngine.Object)
UnityEngine.DebugLogHandler:LogFormat (UnityEngine.LogType,UnityEngine.Object,string,object[]) (at C:/build/output/unity/unity/Runtime/Export/Logging/DebugLogHandler.cs:9)
UnityEngine.Logger:Log (UnityEngine.LogType,object,UnityEngine.Object) (at C:/build/output/unity/unity/Runtime/Export/Logging/Logger.cs:66)
UnityEngine.Debug:Log (object,UnityEngine.Object) (at C:/build/output/unity/unity/Runtime/Export/Debug/Debug.bindings.cs:128)
LastJumpCrew.ParkHanSol.Multiplayer.NetworkPlayerController:ConfirmGameplaySpawnPointServerRpc (string,uint,Unity.Netcode.ServerRpcParams) (at E:/UNITY/LastJumpCrew/Assets/02. ParkHanSol_TeamLeader_Build & Multi/02. Script/Multiplayer/NetworkPlayerController.cs:1353)
LastJumpCrew.ParkHanSol.Multiplayer.NetworkPlayerController:__rpc_handler_73372487 (Unity.Netcode.NetworkBehaviour,Unity.Netcode.FastBufferReader,Unity.Netcode.__RpcParams)
Unity.Netcode.RpcMessageHelpers:Handle (Unity.Netcode.NetworkContext&,Unity.Netcode.RpcMetadata&,Unity.Netcode.FastBufferReader&,Unity.Netcode.__RpcParams&) (at ./Library/PackageCache/com.unity.netcode.gameobjects@0f12e689d980/Runtime/Messaging/Messages/RpcMessages.cs:80)
Unity.Netcode.ServerRpcMessage:Handle (Unity.Netcode.NetworkContext&) (at ./Library/PackageCache/com.unity.netcode.gameobjects@0f12e689d980/Runtime/Messaging/Messages/RpcMessages.cs:137)
Unity.Netcode.NetworkMessageManager:ReceiveMessage<Unity.Netcode.ServerRpcMessage> (Unity.Netcode.FastBufferReader,Unity.Netcode.NetworkContext&,Unity.Netcode.NetworkMessageManager) (at ./Library/PackageCache/com.unity.netcode.gameobjects@0f12e689d980/Runtime/Messaging/NetworkMessageManager.cs:566)
Unity.Netcode.NetworkMessageManager:HandleMessage (Unity.Netcode.NetworkMessageHeader&,Unity.Netcode.FastBufferReader,ulong,single,int) (at ./Library/PackageCache/com.unity.netcode.gameobjects@0f12e689d980/Runtime/Messaging/NetworkMessageManager.cs:420)
Unity.Netcode.NetworkMessageManager:ProcessIncomingMessageQueue () (at ./Library/PackageCache/com.unity.netcode.gameobjects@0f12e689d980/Runtime/Messaging/NetworkMessageManager.cs:446)
Unity.Netcode.NetworkManager:NetworkUpdate (Unity.Netcode.NetworkUpdateStage) (at ./Library/PackageCache/com.unity.netcode.gameobjects@0f12e689d980/Runtime/Core/NetworkManager.cs:364)
Unity.Netcode.NetworkUpdateLoop:RunNetworkUpdateStage (Unity.Netcode.NetworkUpdateStage) (at ./Library/PackageCache/com.unity.netcode.gameobjects@0f12e689d980/Runtime/Core/NetworkUpdateLoop.cs:191)
Unity.Netcode.NetworkUpdateLoop/NetworkEarlyUpdate/<>c:<CreateLoopSystem>b__0_0 () (at ./Library/PackageCache/com.unity.netcode.gameobjects@0f12e689d980/Runtime/Core/NetworkUpdateLoop.cs:214)

(Filename: C:/build/output/unity/unity/Runtime/Export/Debug/Debug.bindings.cs Line: 128)

PHS_ITEM_REMOTE_POSITION client=1 server=(-404.30, 1.00, -14.54) owner=(-404.30, 1.00, -14.54) distance=0.000
UnityEngine.Debug:ExtractStackTraceNoAlloc (byte*,int,string)
UnityEngine.StackTraceUtility:ExtractStackTrace () (at C:/build/output/unity/unity/Runtime/Export/Scripting/StackTrace.cs:35)
UnityEngine.DebugLogHandler:Internal_Log (UnityEngine.LogType,UnityEngine.LogOption,string,UnityEngine.Object)
UnityEngine.DebugLogHandler:LogFormat (UnityEngine.LogType,UnityEngine.Object,string,object[]) (at C:/build/output/unity/unity/Runtime/Export/Logging/DebugLogHandler.cs:9)
UnityEngine.Logger:Log (UnityEngine.LogType,object,UnityEngine.Object) (at C:/build/output/unity/unity/Runtime/Export/Logging/Logger.cs:66)
UnityEngine.Debug:Log (object,UnityEngine.Object) (at C:/build/output/unity/unity/Runtime/Export/Debug/Debug.bindings.cs:128)
LastJumpCrew.ParkHanSol.Multiplayer.Validation.P0RuntimeValidationDriver/<RunRemoteOwnedThrownItemValidation>d__112:MoveNext () (at E:/UNITY/LastJumpCrew/Assets/02. ParkHanSol_TeamLeader_Build & Multi/02. Script/Multiplayer/Validation/P0RuntimeValidationDriver.cs:3839)
UnityEngine.SetupCoroutine:InvokeMoveNext (System.Collections.IEnumerator,intptr) (at C:/build/output/unity/unity/Runtime/Export/Scripting/Coroutines.cs:17)

(Filename: C:/build/output/unity/unity/Runtime/Export/Debug/Debug.bindings.cs Line: 128)

PHS_DROPPED_ITEM_DURABILITY_SYNC item=wrench durability=100 source=held_drop
UnityEngine.Debug:ExtractStackTraceNoAlloc (byte*,int,string)
UnityEngine.StackTraceUtility:ExtractStackTrace () (at C:/build/output/unity/unity/Runtime/Export/Scripting/StackTrace.cs:35)
UnityEngine.DebugLogHandler:Internal_Log (UnityEngine.LogType,UnityEngine.LogOption,string,UnityEngine.Object)
UnityEngine.DebugLogHandler:LogFormat (UnityEngine.LogType,UnityEngine.Object,string,object[]) (at C:/build/output/unity/unity/Runtime/Export/Logging/DebugLogHandler.cs:9)
UnityEngine.Logger:Log (UnityEngine.LogType,object,UnityEngine.Object) (at C:/build/output/unity/unity/Runtime/Export/Logging/Logger.cs:66)
UnityEngine.Debug:Log (object,UnityEngine.Object) (at C:/build/output/unity/unity/Runtime/Export/Debug/Debug.bindings.cs:128)
LastJumpCrew.ParkHanSol.Multiplayer.NetworkUtilityItemDurabilityState:OnNetworkSpawn () (at E:/UNITY/LastJumpCrew/Assets/02. ParkHanSol_TeamLeader_Build & Multi/02. Script/Multiplayer/Items/NetworkUtilityItemDurabilityState.cs:75)
Unity.Netcode.NetworkBehaviour:NetworkSpawn () (at ./Library/PackageCache/com.unity.netcode.gameobjects@0f12e689d980/Runtime/Core/NetworkBehaviour.cs:813)
Unity.Netcode.NetworkObject:InvokeBehaviourNetworkSpawn () (at ./Library/PackageCache/com.unity.netcode.gameobjects@0f12e689d980/Runtime/Core/NetworkObject.cs:2698)
Unity.Netcode.NetworkSpawnManager:SpawnNetworkObjectLocallyCommon (Unity.Netcode.NetworkObject,ulong,bool,bool,ulong,bool) (at ./Library/PackageCache/com.unity.netcode.gameobjects@0f12e689d980/Runtime/Spawning/NetworkSpawnManager.cs:1384)
Unity.Netcode.NetworkSpawnManager:AuthorityLocalSpawn (Unity.Netcode.NetworkObject,ulong,bool,bool,ulong,bool) (at ./Library/PackageCache/com.unity.netcode.gameobjects@0f12e689d980/Runtime/Spawning/NetworkSpawnManager.cs:1182)
Unity.Netcode.NetworkObject:Spawn (bool) (at ./Library/PackageCache/com.unity.netcode.gameobjects@0f12e689d980/Runtime/Core/NetworkObject.cs:2010)
LastJumpCrew.ParkHanSol.Multiplayer.NetworkPlayerItemLifecycle:TryCreateDroppedItemServer (string,int,UnityEngine.Vector3,UnityEngine.Quaternion,Unity.Netcode.NetworkObject&) (at E:/UNITY/LastJumpCrew/Assets/02. ParkHanSol_TeamLeader_Build & Multi/02. Script/Multiplayer/Items/NetworkPlayerItemLifecycle.cs:273)
LastJumpCrew.ParkHanSol.Multiplayer.NetworkPlayerItemLifecycle:TryCreateDroppedItemServer (string,UnityEngine.Vector3,UnityEngine.Quaternion,Unity.Netcode.NetworkObject&) (at E:/UNITY/LastJumpCrew/Assets/02. ParkHanSol_TeamLeader_Build & Multi/02. Script/Multiplayer/Items/NetworkPlayerItemLifecycle.cs:189)
LastJumpCrew.ParkHanSol.Multiplayer.Validation.P0RuntimeValidationDriver/<RunRemoteOwnedThrownItemValidation>d__112:MoveNext () (at E:/UNITY/LastJumpCrew/Assets/02. ParkHanSol_TeamLeader_Build & Multi/02. Script/Multiplayer/Validation/P0RuntimeValidationDriver.cs:3854)
UnityEngine.SetupCoroutine:InvokeMoveNext (System.Collections.IEnumerator,intptr) (at C:/build/output/unity/unity/Runtime/Export/Scripting/Coroutines.cs:17)

(Filename: C:/build/output/unity/unity/Runtime/Export/Debug/Debug.bindings.cs Line: 128)

PHS_WARP_SAFE_ZONE_PLAYER zone=PHS_WarpSafeZone clientId=1 inside=True
UnityEngine.Debug:ExtractStackTraceNoAlloc (byte*,int,string)
UnityEngine.StackTraceUtility:ExtractStackTrace () (at C:/build/output/unity/unity/Runtime/Export/Scripting/StackTrace.cs:35)
UnityEngine.DebugLogHandler:Internal_Log (UnityEngine.LogType,UnityEngine.LogOption,string,UnityEngine.Object)
UnityEngine.DebugLogHandler:LogFormat (UnityEngine.LogType,UnityEngine.Object,string,object[]) (at C:/build/output/unity/unity/Runtime/Export/Logging/DebugLogHandler.cs:9)
UnityEngine.Logger:Log (UnityEngine.LogType,object) (at C:/build/output/unity/unity/Runtime/Export/Logging/Logger.cs:60)
UnityEngine.Debug:Log (object) (at C:/build/output/unity/unity/Runtime/Export/Debug/Debug.bindings.cs:123)
LastJumpCrew.ParkHanSol.Multiplayer.NetworkWarpSafeZone:SetPlayerSafeState (UnityEngine.Collider,bool) (at E:/UNITY/LastJumpCrew/Assets/02. ParkHanSol_TeamLeader_Build & Multi/02. Script/Multiplayer/RunFlow/NetworkWarpSafeZone.cs:105)
LastJumpCrew.ParkHanSol.Multiplayer.NetworkWarpSafeZone:OnTriggerEnter (UnityEngine.Collider) (at E:/UNITY/LastJumpCrew/Assets/02. ParkHanSol_TeamLeader_Build & Multi/02. Script/Multiplayer/RunFlow/NetworkWarpSafeZone.cs:65)

(Filename: C:/build/output/unity/unity/Runtime/Export/Debug/Debug.bindings.cs Line: 123)

PHS_NETWORK_ITEM_PRESENTED player=PHS_CuteWhiteGhost_Player(Clone) owner=1 item=wrench
UnityEngine.Debug:ExtractStackTraceNoAlloc (byte*,int,string)
UnityEngine.StackTraceUtility:ExtractStackTrace () (at C:/build/output/unity/unity/Runtime/Export/Scripting/StackTrace.cs:35)
UnityEngine.DebugLogHandler:Internal_Log (UnityEngine.LogType,UnityEngine.LogOption,string,UnityEngine.Object)
UnityEngine.DebugLogHandler:LogFormat (UnityEngine.LogType,UnityEngine.Object,string,object[]) (at C:/build/output/unity/unity/Runtime/Export/Logging/DebugLogHandler.cs:9)
UnityEngine.Logger:Log (UnityEngine.LogType,object) (at C:/build/output/unity/unity/Runtime/Export/Logging/Logger.cs:60)
UnityEngine.Debug:Log (object) (at C:/build/output/unity/unity/Runtime/Export/Debug/Debug.bindings.cs:123)
LastJumpCrew.ParkHanSol.Interaction.TempPlayerItemHolder:HandleNetworkHeldItemChanged (string) (at E:/UNITY/LastJumpCrew/Assets/02. ParkHanSol_TeamLeader_Build & Multi/02. Script/Interaction/TempPlayerItemHolder.cs:706)
LastJumpCrew.ParkHanSol.Multiplayer.NetworkPlayerItemRecord:HandleHeldItemChanged (Unity.Collections.FixedString64Bytes,Unity.Collections.FixedString64Bytes) (at E:/UNITY/LastJumpCrew/Assets/02. ParkHanSol_TeamLeader_Build & Multi/02. Script/Multiplayer/Items/NetworkPlayerItemRecord.cs:275)
Unity.Netcode.NetworkVariable`1<Unity.Collections.FixedString64Bytes>:set_Value (Unity.Collections.FixedString64Bytes) (at ./Library/PackageCache/com.unity.netcode.gameobjects@0f12e689d980/Runtime/NetworkVariable/NetworkVariable.cs:165)
LastJumpCrew.ParkHanSol.Multiplayer.NetworkPlayerItemRecord:ApplyServerRecord (string,int) (at E:/UNITY/LastJumpCrew/Assets/02. ParkHanSol_TeamLeader_Build & Multi/02. Script/Multiplayer/Items/NetworkPlayerItemRecord.cs:266)
LastJumpCrew.ParkHanSol.Multiplayer.NetworkPlayerItemRecord:TrySetHeldItemServer (string,int,uint) (at E:/UNITY/LastJumpCrew/Assets/02. ParkHanSol_TeamLeader_Build & Multi/02. Script/Multiplayer/Items/NetworkPlayerItemRecord.cs:112)
LastJumpCrew.ParkHanSol.Multiplayer.NetworkPlayerItemLifecycle:TryCommitHeldItemAssignmentServer (LastJumpCrew.ParkHanSol.Items.UtilityItemPrefabData,int,uint,LastJumpCrew.ParkHanSol.Multiplayer.NetworkPlayerItemLifecycle/HeldItemAssignmentTransaction&) (at E:/UNITY/LastJumpCrew/Assets/02. ParkHanSol_TeamLeader_Build & Multi/02. Script/Multiplayer/Items/NetworkPlayerItemLifecycle.cs:399)
LastJumpCrew.ParkHanSol.Multiplayer.NetworkPlayerItemLifecycle:TryPickupItemServer (ulong,ulong) (at E:/UNITY/LastJumpCrew/Assets/02. ParkHanSol_TeamLeader_Build & Multi/02. Script/Multiplayer/Items/NetworkPlayerItemLifecycle.cs:634)
LastJumpCrew.ParkHanSol.Multiplayer.NetworkPlayerItemLifecycle:RequestNetworkPickupServerRpc (ulong,Unity.Netcode.ServerRpcParams) (at E:/UNITY/LastJumpCrew/Assets/02. ParkHanSol_TeamLeader_Build & Multi/02. Script/Multiplayer/Items/NetworkPlayerItemLifecycle.cs:548)
LastJumpCrew.ParkHanSol.Multiplayer.NetworkPlayerItemLifecycle:__rpc_handler_866128810 (Unity.Netcode.NetworkBehaviour,Unity.Netcode.FastBufferReader,Unity.Netcode.__RpcParams)
Unity.Netcode.RpcMessageHelpers:Handle (Unity.Netcode.NetworkContext&,Unity.Netcode.RpcMetadata&,Unity.Netcode.FastBufferReader&,Unity.Netcode.__RpcParams&) (at ./Library/PackageCache/com.unity.netcode.gameobjects@0f12e689d980/Runtime/Messaging/Messages/RpcMessages.cs:80)
Unity.Netcode.ServerRpcMessage:Handle (Unity.Netcode.NetworkContext&) (at ./Library/PackageCache/com.unity.netcode.gameobjects@0f12e689d980/Runtime/Messaging/Messages/RpcMessages.cs:137)
Unity.Netcode.NetworkMessageManager:ReceiveMessage<Unity.Netcode.ServerRpcMessage> (Unity.Netcode.FastBufferReader,Unity.Netcode.NetworkContext&,Unity.Netcode.NetworkMessageManager) (at ./Library/PackageCache/com.unity.netcode.gameobjects@0f12e689d980/Runtime/Messaging/NetworkMessageManager.cs:566)
Unity.Netcode.NetworkMessageManager:HandleMessage (Unity.Netcode.NetworkMessageHeader&,Unity.Netcode.FastBufferReader,ulong,single,int) (at ./Library/PackageCache/com.unity.netcode.gameobjects@0f12e689d980/Runtime/Messaging/NetworkMessageManager.cs:420)
Unity.Netcode.NetworkMessageManager:ProcessIncomingMessageQueue () (at ./Library/PackageCache/com.unity.netcode.gameobjects@0f12e689d980/Runtime/Messaging/NetworkMessageManager.cs:446)
Unity.Netcode.NetworkManager:NetworkUpdate (Unity.Netcode.NetworkUpdateStage) (at ./Library/PackageCache/com.unity.netcode.gameobjects@0f12e689d980/Runtime/Core/NetworkManager.cs:364)
Unity.Netcode.NetworkUpdateLoop:RunNetworkUpdateStage (Unity.Netcode.NetworkUpdateStage) (at ./Library/PackageCache/com.unity.netcode.gameobjects@0f12e689d980/Runtime/Core/NetworkUpdateLoop.cs:191)
Unity.Netcode.NetworkUpdateLoop/NetworkEarlyUpdate/<>c:<CreateLoopSystem>b__0_0 () (at ./Library/PackageCache/com.unity.netcode.gameobjects@0f12e689d980/Runtime/Core/NetworkUpdateLoop.cs:214)

(Filename: C:/build/output/unity/unity/Runtime/Export/Debug/Debug.bindings.cs Line: 123)

PHS_ITEM_RECORD_SYNC player=PHS_CuteWhiteGhost_Player(Clone) owner=1 item=wrench durability=100 revision=1
UnityEngine.Debug:ExtractStackTraceNoAlloc (byte*,int,string)
UnityEngine.StackTraceUtility:ExtractStackTrace () (at C:/build/output/unity/unity/Runtime/Export/Scripting/StackTrace.cs:35)
UnityEngine.DebugLogHandler:Internal_Log (UnityEngine.LogType,UnityEngine.LogOption,string,UnityEngine.Object)
UnityEngine.DebugLogHandler:LogFormat (UnityEngine.LogType,UnityEngine.Object,string,object[]) (at C:/build/output/unity/unity/Runtime/Export/Logging/DebugLogHandler.cs:9)
UnityEngine.Logger:Log (UnityEngine.LogType,object) (at C:/build/output/unity/unity/Runtime/Export/Logging/Logger.cs:60)
UnityEngine.Debug:Log (object) (at C:/build/output/unity/unity/Runtime/Export/Debug/Debug.bindings.cs:123)
LastJumpCrew.ParkHanSol.Multiplayer.NetworkPlayerItemRecord:ApplyServerRecord (string,int) (at E:/UNITY/LastJumpCrew/Assets/02. ParkHanSol_TeamLeader_Build & Multi/02. Script/Multiplayer/Items/NetworkPlayerItemRecord.cs:269)
LastJumpCrew.ParkHanSol.Multiplayer.NetworkPlayerItemRecord:TrySetHeldItemServer (string,int,uint) (at E:/UNITY/LastJumpCrew/Assets/02. ParkHanSol_TeamLeader_Build & Multi/02. Script/Multiplayer/Items/NetworkPlayerItemRecord.cs:112)
LastJumpCrew.ParkHanSol.Multiplayer.NetworkPlayerItemLifecycle:TryCommitHeldItemAssignmentServer (LastJumpCrew.ParkHanSol.Items.UtilityItemPrefabData,int,uint,LastJumpCrew.ParkHanSol.Multiplayer.NetworkPlayerItemLifecycle/HeldItemAssignmentTransaction&) (at E:/UNITY/LastJumpCrew/Assets/02. ParkHanSol_TeamLeader_Build & Multi/02. Script/Multiplayer/Items/NetworkPlayerItemLifecycle.cs:399)
LastJumpCrew.ParkHanSol.Multiplayer.NetworkPlayerItemLifecycle:TryPickupItemServer (ulong,ulong) (at E:/UNITY/LastJumpCrew/Assets/02. ParkHanSol_TeamLeader_Build & Multi/02. Script/Multiplayer/Items/NetworkPlayerItemLifecycle.cs:634)
LastJumpCrew.ParkHanSol.Multiplayer.NetworkPlayerItemLifecycle:RequestNetworkPickupServerRpc (ulong,Unity.Netcode.ServerRpcParams) (at E:/UNITY/LastJumpCrew/Assets/02. ParkHanSol_TeamLeader_Build & Multi/02. Script/Multiplayer/Items/NetworkPlayerItemLifecycle.cs:548)
LastJumpCrew.ParkHanSol.Multiplayer.NetworkPlayerItemLifecycle:__rpc_handler_866128810 (Unity.Netcode.NetworkBehaviour,Unity.Netcode.FastBufferReader,Unity.Netcode.__RpcParams)
Unity.Netcode.RpcMessageHelpers:Handle (Unity.Netcode.NetworkContext&,Unity.Netcode.RpcMetadata&,Unity.Netcode.FastBufferReader&,Unity.Netcode.__RpcParams&) (at ./Library/PackageCache/com.unity.netcode.gameobjects@0f12e689d980/Runtime/Messaging/Messages/RpcMessages.cs:80)
Unity.Netcode.ServerRpcMessage:Handle (Unity.Netcode.NetworkContext&) (at ./Library/PackageCache/com.unity.netcode.gameobjects@0f12e689d980/Runtime/Messaging/Messages/RpcMessages.cs:137)
Unity.Netcode.NetworkMessageManager:ReceiveMessage<Unity.Netcode.ServerRpcMessage> (Unity.Netcode.FastBufferReader,Unity.Netcode.NetworkContext&,Unity.Netcode.NetworkMessageManager) (at ./Library/PackageCache/com.unity.netcode.gameobjects@0f12e689d980/Runtime/Messaging/NetworkMessageManager.cs:566)
Unity.Netcode.NetworkMessageManager:HandleMessage (Unity.Netcode.NetworkMessageHeader&,Unity.Netcode.FastBufferReader,ulong,single,int) (at ./Library/PackageCache/com.unity.netcode.gameobjects@0f12e689d980/Runtime/Messaging/NetworkMessageManager.cs:420)
Unity.Netcode.NetworkMessageManager:ProcessIncomingMessageQueue () (at ./Library/PackageCache/com.unity.netcode.gameobjects@0f12e689d980/Runtime/Messaging/NetworkMessageManager.cs:446)
Unity.Netcode.NetworkManager:NetworkUpdate (Unity.Netcode.NetworkUpdateStage) (at ./Library/PackageCache/com.unity.netcode.gameobjects@0f12e689d980/Runtime/Core/NetworkManager.cs:364)
Unity.Netcode.NetworkUpdateLoop:RunNetworkUpdateStage (Unity.Netcode.NetworkUpdateStage) (at ./Library/PackageCache/com.unity.netcode.gameobjects@0f12e689d980/Runtime/Core/NetworkUpdateLoop.cs:191)
Unity.Netcode.NetworkUpdateLoop/NetworkEarlyUpdate/<>c:<CreateLoopSystem>b__0_0 () (at ./Library/PackageCache/com.unity.netcode.gameobjects@0f12e689d980/Runtime/Core/NetworkUpdateLoop.cs:214)

(Filename: C:/build/output/unity/unity/Runtime/Export/Debug/Debug.bindings.cs Line: 123)

PHS_NETWORK_ITEM_PICKED_UP player=PHS_CuteWhiteGhost_Player(Clone) owner=1 item=wrench target=43 revision=1
UnityEngine.Debug:ExtractStackTraceNoAlloc (byte*,int,string)
UnityEngine.StackTraceUtility:ExtractStackTrace () (at C:/build/output/unity/unity/Runtime/Export/Scripting/StackTrace.cs:35)
UnityEngine.DebugLogHandler:Internal_Log (UnityEngine.LogType,UnityEngine.LogOption,string,UnityEngine.Object)
UnityEngine.DebugLogHandler:LogFormat (UnityEngine.LogType,UnityEngine.Object,string,object[]) (at C:/build/output/unity/unity/Runtime/Export/Logging/DebugLogHandler.cs:9)
UnityEngine.Logger:Log (UnityEngine.LogType,object,UnityEngine.Object) (at C:/build/output/unity/unity/Runtime/Export/Logging/Logger.cs:66)
UnityEngine.Debug:Log (object,UnityEngine.Object) (at C:/build/output/unity/unity/Runtime/Export/Debug/Debug.bindings.cs:128)
LastJumpCrew.ParkHanSol.Multiplayer.NetworkPlayerItemLifecycle:TryPickupItemServer (ulong,ulong) (at E:/UNITY/LastJumpCrew/Assets/02. ParkHanSol_TeamLeader_Build & Multi/02. Script/Multiplayer/Items/NetworkPlayerItemLifecycle.cs:668)
LastJumpCrew.ParkHanSol.Multiplayer.NetworkPlayerItemLifecycle:RequestNetworkPickupServerRpc (ulong,Unity.Netcode.ServerRpcParams) (at E:/UNITY/LastJumpCrew/Assets/02. ParkHanSol_TeamLeader_Build & Multi/02. Script/Multiplayer/Items/NetworkPlayerItemLifecycle.cs:548)
LastJumpCrew.ParkHanSol.Multiplayer.NetworkPlayerItemLifecycle:__rpc_handler_866128810 (Unity.Netcode.NetworkBehaviour,Unity.Netcode.FastBufferReader,Unity.Netcode.__RpcParams)
Unity.Netcode.RpcMessageHelpers:Handle (Unity.Netcode.NetworkContext&,Unity.Netcode.RpcMetadata&,Unity.Netcode.FastBufferReader&,Unity.Netcode.__RpcParams&) (at ./Library/PackageCache/com.unity.netcode.gameobjects@0f12e689d980/Runtime/Messaging/Messages/RpcMessages.cs:80)
Unity.Netcode.ServerRpcMessage:Handle (Unity.Netcode.NetworkContext&) (at ./Library/PackageCache/com.unity.netcode.gameobjects@0f12e689d980/Runtime/Messaging/Messages/RpcMessages.cs:137)
Unity.Netcode.NetworkMessageManager:ReceiveMessage<Unity.Netcode.ServerRpcMessage> (Unity.Netcode.FastBufferReader,Unity.Netcode.NetworkContext&,Unity.Netcode.NetworkMessageManager) (at ./Library/PackageCache/com.unity.netcode.gameobjects@0f12e689d980/Runtime/Messaging/NetworkMessageManager.cs:566)
Unity.Netcode.NetworkMessageManager:HandleMessage (Unity.Netcode.NetworkMessageHeader&,Unity.Netcode.FastBufferReader,ulong,single,int) (at ./Library/PackageCache/com.unity.netcode.gameobjects@0f12e689d980/Runtime/Messaging/NetworkMessageManager.cs:420)
Unity.Netcode.NetworkMessageManager:ProcessIncomingMessageQueue () (at ./Library/PackageCache/com.unity.netcode.gameobjects@0f12e689d980/Runtime/Messaging/NetworkMessageManager.cs:446)
Unity.Netcode.NetworkManager:NetworkUpdate (Unity.Netcode.NetworkUpdateStage) (at ./Library/PackageCache/com.unity.netcode.gameobjects@0f12e689d980/Runtime/Core/NetworkManager.cs:364)
Unity.Netcode.NetworkUpdateLoop:RunNetworkUpdateStage (Unity.Netcode.NetworkUpdateStage) (at ./Library/PackageCache/com.unity.netcode.gameobjects@0f12e689d980/Runtime/Core/NetworkUpdateLoop.cs:191)
Unity.Netcode.NetworkUpdateLoop/NetworkEarlyUpdate/<>c:<CreateLoopSystem>b__0_0 () (at ./Library/PackageCache/com.unity.netcode.gameobjects@0f12e689d980/Runtime/Core/NetworkUpdateLoop.cs:214)

(Filename: C:/build/output/unity/unity/Runtime/Export/Debug/Debug.bindings.cs Line: 128)

PHS_ITEM_FEEDBACK_SHOWN kind=Wrench shape=Sphere radius=0.80 distance=0.00 acceptedTargets=0
UnityEngine.Debug:ExtractStackTraceNoAlloc (byte*,int,string)
UnityEngine.StackTraceUtility:ExtractStackTrace () (at C:/build/output/unity/unity/Runtime/Export/Scripting/StackTrace.cs:35)
UnityEngine.DebugLogHandler:Internal_Log (UnityEngine.LogType,UnityEngine.LogOption,string,UnityEngine.Object)
UnityEngine.DebugLogHandler:LogFormat (UnityEngine.LogType,UnityEngine.Object,string,object[]) (at C:/build/output/unity/unity/Runtime/Export/Logging/DebugLogHandler.cs:9)
UnityEngine.Logger:Log (UnityEngine.LogType,object,UnityEngine.Object) (at C:/build/output/unity/unity/Runtime/Export/Logging/Logger.cs:66)
UnityEngine.Debug:Log (object,UnityEngine.Object) (at C:/build/output/unity/unity/Runtime/Export/Debug/Debug.bindings.cs:128)
LastJumpCrew.ParkHanSol.Items.PHSNetworkItemUseFeedbackController:ShowFeedbackLocal (LastJumpCrew.ParkHanSol.Items.PHSItemUseFeedbackKind,LastJumpCrew.ParkHanSol.Items.PHSItemUseFeedbackShape,UnityEngine.Vector3,UnityEngine.Vector3,single,single,UnityEngine.Vector3[]) (at E:/UNITY/LastJumpCrew/Assets/02. ParkHanSol_TeamLeader_Build & Multi/02. Script/Items/PHSNetworkItemUseFeedbackController.cs:331)
LastJumpCrew.ParkHanSol.Items.PHSNetworkItemUseFeedbackController:ShowFeedbackClientRpc (byte,byte,UnityEngine.Vector3,UnityEngine.Vector3,single,single,UnityEngine.Vector3[]) (at E:/UNITY/LastJumpCrew/Assets/02. ParkHanSol_TeamLeader_Build & Multi/02. Script/Items/PHSNetworkItemUseFeedbackController.cs:269)
LastJumpCrew.ParkHanSol.Items.PHSNetworkItemUseFeedbackController:__rpc_handler_3303230777 (Unity.Netcode.NetworkBehaviour,Unity.Netcode.FastBufferReader,Unity.Netcode.__RpcParams)
Unity.Netcode.RpcMessageHelpers:Handle (Unity.Netcode.NetworkContext&,Unity.Netcode.RpcMetadata&,Unity.Netcode.FastBufferReader&,Unity.Netcode.__RpcParams&) (at ./Library/PackageCache/com.unity.netcode.gameobjects@0f12e689d980/Runtime/Messaging/Messages/RpcMessages.cs:80)
Unity.Netcode.ClientRpcMessage:Handle (Unity.Netcode.NetworkContext&) (at ./Library/PackageCache/com.unity.netcode.gameobjects@0f12e689d980/Runtime/Messaging/Messages/RpcMessages.cs:174)
Unity.Netcode.NetworkBehaviour:__endSendClientRpc (Unity.Netcode.FastBufferWriter&,uint,Unity.Netcode.ClientRpcParams,Unity.Netcode.RpcDelivery) (at ./Library/PackageCache/com.unity.netcode.gameobjects@0f12e689d980/Runtime/Core/NetworkBehaviour.cs:268)
LastJumpCrew.ParkHanSol.Items.PHSNetworkItemUseFeedbackController:ShowFeedbackClientRpc (byte,byte,UnityEngine.Vector3,UnityEngine.Vector3,single,single,UnityEngine.Vector3[]) (at E:/UNITY/LastJumpCrew/Assets/02. ParkHanSol_TeamLeader_Build & Multi/02. Script/Items/PHSNetworkItemUseFeedbackController.cs:269)
LastJumpCrew.ParkHanSol.Items.PHSNetworkItemUseFeedbackController:PublishServerFeedback (LastJumpCrew.ParkHanSol.Items.PHSItemUseFeedbackKind,LastJumpCrew.ParkHanSol.Items.PHSItemUseFeedbackShape,UnityEngine.Vector3,UnityEngine.Vector3,single,single,UnityEngine.Vector3[]) (at E:/UNITY/LastJumpCrew/Assets/02. ParkHanSol_TeamLeader_Build & Multi/02. Script/Items/PHSNetworkItemUseFeedbackController.cs:88)
LastJumpCrew.ParkHanSol.Multiplayer.NetworkPlayerCombatController:PublishItemUseFeedback (LastJumpCrew.ParkHanSol.Items.PHSItemUseFeedbackKind,LastJumpCrew.ParkHanSol.Items.PHSItemUseFeedbackShape,UnityEngine.Vector3,UnityEngine.Vector3,single,single) (at E:/UNITY/LastJumpCrew/Assets/06. JoHanYong_PlayerSystem/02. Script/NetworkPlayerCombatController.cs:708)
LastJumpCrew.ParkHanSol.Multiplayer.NetworkPlayerCombatController:PerformWrenchAttack () (at E:/UNITY/LastJumpCrew/Assets/06. JoHanYong_PlayerSystem/02. Script/NetworkPlayerCombatController.cs:271)
LastJumpCrew.ParkHanSol.Multiplayer.NetworkPlayerCombatController:RequestWrenchAttackServerRpc () (at E:/UNITY/LastJumpCrew/Assets/06. JoHanYong_PlayerSystem/02. Script/NetworkPlayerCombatController.cs:189)
LastJumpCrew.ParkHanSol.Multiplayer.NetworkPlayerCombatController:__rpc_handler_340227481 (Unity.Netcode.NetworkBehaviour,Unity.Netcode.FastBufferReader,Unity.Netcode.__RpcParams)
Unity.Netcode.RpcMessageHelpers:Handle (Unity.Netcode.NetworkContext&,Unity.Netcode.RpcMetadata&,Unity.Netcode.FastBufferReader&,Unity.Netcode.__RpcParams&) (at ./Library/PackageCache/com.unity.netcode.gameobjects@0f12e689d980/Runtime/Messaging/Messages/RpcMessages.cs:80)
Unity.Netcode.ServerRpcMessage:Handle (Unity.Netcode.NetworkContext&) (at ./Library/PackageCache/com.unity.netcode.gameobjects@0f12e689d980/Runtime/Messaging/Messages/RpcMessages.cs:137)
Unity.Netcode.NetworkMessageManager:ReceiveMessage<Unity.Netcode.ServerRpcMessage> (Unity.Netcode.FastBufferReader,Unity.Netcode.NetworkContext&,Unity.Netcode.NetworkMessageManager) (at ./Library/PackageCache/com.unity.netcode.gameobjects@0f12e689d980/Runtime/Messaging/NetworkMessageManager.cs:566)
Unity.Netcode.NetworkMessageManager:HandleMessage (Unity.Netcode.NetworkMessageHeader&,Unity.Netcode.FastBufferReader,ulong,single,int) (at ./Library/PackageCache/com.unity.netcode.gameobjects@0f12e689d980/Runtime/Messaging/NetworkMessageManager.cs:420)
Unity.Netcode.NetworkMessageManager:ProcessIncomingMessageQueue () (at ./Library/PackageCache/com.unity.netcode.gameobjects@0f12e689d980/Runtime/Messaging/NetworkMessageManager.cs:446)
Unity.Netcode.NetworkManager:NetworkUpdate (Unity.Netcode.NetworkUpdateStage) (at ./Library/PackageCache/com.unity.netcode.gameobjects@0f12e689d980/Runtime/Core/NetworkManager.cs:364)
Unity.Netcode.NetworkUpdateLoop:RunNetworkUpdateStage (Unity.Netcode.NetworkUpdateStage) (at ./Library/PackageCache/com.unity.netcode.gameobjects@0f12e689d980/Runtime/Core/NetworkUpdateLoop.cs:191)
Unity.Netcode.NetworkUpdateLoop/NetworkEarlyUpdate/<>c:<CreateLoopSystem>b__0_0 () (at ./Library/PackageCache/com.unity.netcode.gameobjects@0f12e689d980/Runtime/Core/NetworkUpdateLoop.cs:214)

(Filename: C:/build/output/unity/unity/Runtime/Export/Debug/Debug.bindings.cs Line: 128)

PHS_WRENCH_ATTACK player=PHS_CuteWhiteGhost_Player(Clone) candidates=0 acceptedTargets=0
UnityEngine.Debug:ExtractStackTraceNoAlloc (byte*,int,string)
UnityEngine.StackTraceUtility:ExtractStackTrace () (at C:/build/output/unity/unity/Runtime/Export/Scripting/StackTrace.cs:35)
UnityEngine.DebugLogHandler:Internal_Log (UnityEngine.LogType,UnityEngine.LogOption,string,UnityEngine.Object)
UnityEngine.DebugLogHandler:LogFormat (UnityEngine.LogType,UnityEngine.Object,string,object[]) (at C:/build/output/unity/unity/Runtime/Export/Logging/DebugLogHandler.cs:9)
UnityEngine.Logger:Log (UnityEngine.LogType,object,UnityEngine.Object) (at C:/build/output/unity/unity/Runtime/Export/Logging/Logger.cs:66)
UnityEngine.Debug:Log (object,UnityEngine.Object) (at C:/build/output/unity/unity/Runtime/Export/Debug/Debug.bindings.cs:128)
LastJumpCrew.ParkHanSol.Multiplayer.NetworkPlayerCombatController:PerformWrenchAttack () (at E:/UNITY/LastJumpCrew/Assets/06. JoHanYong_PlayerSystem/02. Script/NetworkPlayerCombatController.cs:278)
LastJumpCrew.ParkHanSol.Multiplayer.NetworkPlayerCombatController:RequestWrenchAttackServerRpc () (at E:/UNITY/LastJumpCrew/Assets/06. JoHanYong_PlayerSystem/02. Script/NetworkPlayerCombatController.cs:189)
LastJumpCrew.ParkHanSol.Multiplayer.NetworkPlayerCombatController:__rpc_handler_340227481 (Unity.Netcode.NetworkBehaviour,Unity.Netcode.FastBufferReader,Unity.Netcode.__RpcParams)
Unity.Netcode.RpcMessageHelpers:Handle (Unity.Netcode.NetworkContext&,Unity.Netcode.RpcMetadata&,Unity.Netcode.FastBufferReader&,Unity.Netcode.__RpcParams&) (at ./Library/PackageCache/com.unity.netcode.gameobjects@0f12e689d980/Runtime/Messaging/Messages/RpcMessages.cs:80)
Unity.Netcode.ServerRpcMessage:Handle (Unity.Netcode.NetworkContext&) (at ./Library/PackageCache/com.unity.netcode.gameobjects@0f12e689d980/Runtime/Messaging/Messages/RpcMessages.cs:137)
Unity.Netcode.NetworkMessageManager:ReceiveMessage<Unity.Netcode.ServerRpcMessage> (Unity.Netcode.FastBufferReader,Unity.Netcode.NetworkContext&,Unity.Netcode.NetworkMessageManager) (at ./Library/PackageCache/com.unity.netcode.gameobjects@0f12e689d980/Runtime/Messaging/NetworkMessageManager.cs:566)
Unity.Netcode.NetworkMessageManager:HandleMessage (Unity.Netcode.NetworkMessageHeader&,Unity.Netcode.FastBufferReader,ulong,single,int) (at ./Library/PackageCache/com.unity.netcode.gameobjects@0f12e689d980/Runtime/Messaging/NetworkMessageManager.cs:420)
Unity.Netcode.NetworkMessageManager:ProcessIncomingMessageQueue () (at ./Library/PackageCache/com.unity.netcode.gameobjects@0f12e689d980/Runtime/Messaging/NetworkMessageManager.cs:446)
Unity.Netcode.NetworkManager:NetworkUpdate (Unity.Netcode.NetworkUpdateStage) (at ./Library/PackageCache/com.unity.netcode.gameobjects@0f12e689d980/Runtime/Core/NetworkManager.cs:364)
Unity.Netcode.NetworkUpdateLoop:RunNetworkUpdateStage (Unity.Netcode.NetworkUpdateStage) (at ./Library/PackageCache/com.unity.netcode.gameobjects@0f12e689d980/Runtime/Core/NetworkUpdateLoop.cs:191)
Unity.Netcode.NetworkUpdateLoop/NetworkEarlyUpdate/<>c:<CreateLoopSystem>b__0_0 () (at ./Library/PackageCache/com.unity.netcode.gameobjects@0f12e689d980/Runtime/Core/NetworkUpdateLoop.cs:214)

(Filename: C:/build/output/unity/unity/Runtime/Export/Debug/Debug.bindings.cs Line: 128)

PHS_ITEM_REMOTE_PRIMARY_USE_OK client=1 item=wrench durability=100
UnityEngine.Debug:ExtractStackTraceNoAlloc (byte*,int,string)
UnityEngine.StackTraceUtility:ExtractStackTrace () (at C:/build/output/unity/unity/Runtime/Export/Scripting/StackTrace.cs:35)
UnityEngine.DebugLogHandler:Internal_Log (UnityEngine.LogType,UnityEngine.LogOption,string,UnityEngine.Object)
UnityEngine.DebugLogHandler:LogFormat (UnityEngine.LogType,UnityEngine.Object,string,object[]) (at C:/build/output/unity/unity/Runtime/Export/Logging/DebugLogHandler.cs:9)
UnityEngine.Logger:Log (UnityEngine.LogType,object,UnityEngine.Object) (at C:/build/output/unity/unity/Runtime/Export/Logging/Logger.cs:66)
UnityEngine.Debug:Log (object,UnityEngine.Object) (at C:/build/output/unity/unity/Runtime/Export/Debug/Debug.bindings.cs:128)
LastJumpCrew.ParkHanSol.Multiplayer.Validation.P0RuntimeValidationDriver/<RunRemoteOwnedThrownItemValidation>d__112:MoveNext () (at E:/UNITY/LastJumpCrew/Assets/02. ParkHanSol_TeamLeader_Build & Multi/02. Script/Multiplayer/Validation/P0RuntimeValidationDriver.cs:4003)
UnityEngine.SetupCoroutine:InvokeMoveNext (System.Collections.IEnumerator,intptr) (at C:/build/output/unity/unity/Runtime/Export/Scripting/Coroutines.cs:17)

(Filename: C:/build/output/unity/unity/Runtime/Export/Debug/Debug.bindings.cs Line: 128)

PHS_DROPPED_ITEM_DURABILITY_SYNC item=wrench durability=100 source=held_drop
UnityEngine.Debug:ExtractStackTraceNoAlloc (byte*,int,string)
UnityEngine.StackTraceUtility:ExtractStackTrace () (at C:/build/output/unity/unity/Runtime/Export/Scripting/StackTrace.cs:35)
UnityEngine.DebugLogHandler:Internal_Log (UnityEngine.LogType,UnityEngine.LogOption,string,UnityEngine.Object)
UnityEngine.DebugLogHandler:LogFormat (UnityEngine.LogType,UnityEngine.Object,string,object[]) (at C:/build/output/unity/unity/Runtime/Export/Logging/DebugLogHandler.cs:9)
UnityEngine.Logger:Log (UnityEngine.LogType,object,UnityEngine.Object) (at C:/build/output/unity/unity/Runtime/Export/Logging/Logger.cs:66)
UnityEngine.Debug:Log (object,UnityEngine.Object) (at C:/build/output/unity/unity/Runtime/Export/Debug/Debug.bindings.cs:128)
LastJumpCrew.ParkHanSol.Multiplayer.NetworkUtilityItemDurabilityState:OnNetworkSpawn () (at E:/UNITY/LastJumpCrew/Assets/02. ParkHanSol_TeamLeader_Build & Multi/02. Script/Multiplayer/Items/NetworkUtilityItemDurabilityState.cs:75)
Unity.Netcode.NetworkBehaviour:NetworkSpawn () (at ./Library/PackageCache/com.unity.netcode.gameobjects@0f12e689d980/Runtime/Core/NetworkBehaviour.cs:813)
Unity.Netcode.NetworkObject:InvokeBehaviourNetworkSpawn () (at ./Library/PackageCache/com.unity.netcode.gameobjects@0f12e689d980/Runtime/Core/NetworkObject.cs:2698)
Unity.Netcode.NetworkSpawnManager:SpawnNetworkObjectLocallyCommon (Unity.Netcode.NetworkObject,ulong,bool,bool,ulong,bool) (at ./Library/PackageCache/com.unity.netcode.gameobjects@0f12e689d980/Runtime/Spawning/NetworkSpawnManager.cs:1384)
Unity.Netcode.NetworkSpawnManager:AuthorityLocalSpawn (Unity.Netcode.NetworkObject,ulong,bool,bool,ulong,bool) (at ./Library/PackageCache/com.unity.netcode.gameobjects@0f12e689d980/Runtime/Spawning/NetworkSpawnManager.cs:1182)
Unity.Netcode.NetworkObject:Spawn (bool) (at ./Library/PackageCache/com.unity.netcode.gameobjects@0f12e689d980/Runtime/Core/NetworkObject.cs:2010)
LastJumpCrew.ParkHanSol.Multiplayer.NetworkPlayerItemLifecycle:TryCreateDroppedItemServer (string,int,UnityEngine.Vector3,UnityEngine.Quaternion,Unity.Netcode.NetworkObject&) (at E:/UNITY/LastJumpCrew/Assets/02. ParkHanSol_TeamLeader_Build & Multi/02. Script/Multiplayer/Items/NetworkPlayerItemLifecycle.cs:273)
LastJumpCrew.ParkHanSol.Interaction.TempPlayerItemHolder:TryCreateThrownItem (UnityEngine.Vector3,UnityEngine.Quaternion,LastJumpCrew.ParkHanSol.Items.UtilityItemActionKind,UnityEngine.GameObject&,int&) (at E:/UNITY/LastJumpCrew/Assets/02. ParkHanSol_TeamLeader_Build & Multi/02. Script/Interaction/TempPlayerItemHolder.cs:931)
LastJumpCrew.ParkHanSol.Interaction.TempPlayerItemHolder:TryCreateThrownItem (UnityEngine.Vector3,UnityEngine.Quaternion,UnityEngine.GameObject&) (at E:/UNITY/LastJumpCrew/Assets/02. ParkHanSol_TeamLeader_Build & Multi/02. Script/Interaction/TempPlayerItemHolder.cs:877)
LastJumpCrew.ParkHanSol.Multiplayer.NetworkPlayerCombatController:PerformThrowHeldItem (UnityEngine.Vector3,UnityEngine.Vector3,single) (at E:/UNITY/LastJumpCrew/Assets/06. JoHanYong_PlayerSystem/02. Script/NetworkPlayerCombatController.cs:396)
LastJumpCrew.ParkHanSol.Multiplayer.NetworkPlayerCombatController:RequestThrowHeldItemServerRpc (UnityEngine.Vector3,UnityEngine.Vector3,single,Unity.Netcode.ServerRpcParams) (at E:/UNITY/LastJumpCrew/Assets/06. JoHanYong_PlayerSystem/02. Script/NetworkPlayerCombatController.cs:643)
LastJumpCrew.ParkHanSol.Multiplayer.NetworkPlayerCombatController:__rpc_handler_3001723434 (Unity.Netcode.NetworkBehaviour,Unity.Netcode.FastBufferReader,Unity.Netcode.__RpcParams)
Unity.Netcode.RpcMessageHelpers:Handle (Unity.Netcode.NetworkContext&,Unity.Netcode.RpcMetadata&,Unity.Netcode.FastBufferReader&,Unity.Netcode.__RpcParams&) (at ./Library/PackageCache/com.unity.netcode.gameobjects@0f12e689d980/Runtime/Messaging/Messages/RpcMessages.cs:80)
Unity.Netcode.ServerRpcMessage:Handle (Unity.Netcode.NetworkContext&) (at ./Library/PackageCache/com.unity.netcode.gameobjects@0f12e689d980/Runtime/Messaging/Messages/RpcMessages.cs:137)
Unity.Netcode.NetworkMessageManager:ReceiveMessage<Unity.Netcode.ServerRpcMessage> (Unity.Netcode.FastBufferReader,Unity.Netcode.NetworkContext&,Unity.Netcode.NetworkMessageManager) (at ./Library/PackageCache/com.unity.netcode.gameobjects@0f12e689d980/Runtime/Messaging/NetworkMessageManager.cs:566)
Unity.Netcode.NetworkMessageManager:HandleMessage (Unity.Netcode.NetworkMessageHeader&,Unity.Netcode.FastBufferReader,ulong,single,int) (at ./Library/PackageCache/com.unity.netcode.gameobjects@0f12e689d980/Runtime/Messaging/NetworkMessageManager.cs:420)
Unity.Netcode.NetworkMessageManager:ProcessIncomingMessageQueue () (at ./Library/PackageCache/com.unity.netcode.gameobjects@0f12e689d980/Runtime/Messaging/NetworkMessageManager.cs:446)
Unity.Netcode.NetworkManager:NetworkUpdate (Unity.Netcode.NetworkUpdateStage) (at ./Library/PackageCache/com.unity.netcode.gameobjects@0f12e689d980/Runtime/Core/NetworkManager.cs:364)
Unity.Netcode.NetworkUpdateLoop:RunNetworkUpdateStage (Unity.Netcode.NetworkUpdateStage) (at ./Library/PackageCache/com.unity.netcode.gameobjects@0f12e689d980/Runtime/Core/NetworkUpdateLoop.cs:191)
Unity.Netcode.NetworkUpdateLoop/NetworkEarlyUpdate/<>c:<CreateLoopSystem>b__0_0 () (at ./Library/PackageCache/com.unity.netcode.gameobjects@0f12e689d980/Runtime/Core/NetworkUpdateLoop.cs:214)

(Filename: C:/build/output/unity/unity/Runtime/Export/Debug/Debug.bindings.cs Line: 128)

PHS_ITEM_RECORD_CONSUMED player=PHS_CuteWhiteGhost_Player(Clone) owner=1 item=wrench revision=2
UnityEngine.Debug:ExtractStackTraceNoAlloc (byte*,int,string)
UnityEngine.StackTraceUtility:ExtractStackTrace () (at C:/build/output/unity/unity/Runtime/Export/Scripting/StackTrace.cs:35)
UnityEngine.DebugLogHandler:Internal_Log (UnityEngine.LogType,UnityEngine.LogOption,string,UnityEngine.Object)
UnityEngine.DebugLogHandler:LogFormat (UnityEngine.LogType,UnityEngine.Object,string,object[]) (at C:/build/output/unity/unity/Runtime/Export/Logging/DebugLogHandler.cs:9)
UnityEngine.Logger:Log (UnityEngine.LogType,object,UnityEngine.Object) (at C:/build/output/unity/unity/Runtime/Export/Logging/Logger.cs:66)
UnityEngine.Debug:Log (object,UnityEngine.Object) (at C:/build/output/unity/unity/Runtime/Export/Debug/Debug.bindings.cs:128)
LastJumpCrew.ParkHanSol.Multiplayer.NetworkPlayerItemRecord:TryConsumeHeldItemServer (string,uint) (at E:/UNITY/LastJumpCrew/Assets/02. ParkHanSol_TeamLeader_Build & Multi/02. Script/Multiplayer/Items/NetworkPlayerItemRecord.cs:246)
LastJumpCrew.ParkHanSol.Interaction.TempPlayerItemHolder:TryCreateThrownItem (UnityEngine.Vector3,UnityEngine.Quaternion,LastJumpCrew.ParkHanSol.Items.UtilityItemActionKind,UnityEngine.GameObject&,int&) (at E:/UNITY/LastJumpCrew/Assets/02. ParkHanSol_TeamLeader_Build & Multi/02. Script/Interaction/TempPlayerItemHolder.cs:942)
LastJumpCrew.ParkHanSol.Interaction.TempPlayerItemHolder:TryCreateThrownItem (UnityEngine.Vector3,UnityEngine.Quaternion,UnityEngine.GameObject&) (at E:/UNITY/LastJumpCrew/Assets/02. ParkHanSol_TeamLeader_Build & Multi/02. Script/Interaction/TempPlayerItemHolder.cs:877)
LastJumpCrew.ParkHanSol.Multiplayer.NetworkPlayerCombatController:PerformThrowHeldItem (UnityEngine.Vector3,UnityEngine.Vector3,single) (at E:/UNITY/LastJumpCrew/Assets/06. JoHanYong_PlayerSystem/02. Script/NetworkPlayerCombatController.cs:396)
LastJumpCrew.ParkHanSol.Multiplayer.NetworkPlayerCombatController:RequestThrowHeldItemServerRpc (UnityEngine.Vector3,UnityEngine.Vector3,single,Unity.Netcode.ServerRpcParams) (at E:/UNITY/LastJumpCrew/Assets/06. JoHanYong_PlayerSystem/02. Script/NetworkPlayerCombatController.cs:643)
LastJumpCrew.ParkHanSol.Multiplayer.NetworkPlayerCombatController:__rpc_handler_3001723434 (Unity.Netcode.NetworkBehaviour,Unity.Netcode.FastBufferReader,Unity.Netcode.__RpcParams)
Unity.Netcode.RpcMessageHelpers:Handle (Unity.Netcode.NetworkContext&,Unity.Netcode.RpcMetadata&,Unity.Netcode.FastBufferReader&,Unity.Netcode.__RpcParams&) (at ./Library/PackageCache/com.unity.netcode.gameobjects@0f12e689d980/Runtime/Messaging/Messages/RpcMessages.cs:80)
Unity.Netcode.ServerRpcMessage:Handle (Unity.Netcode.NetworkContext&) (at ./Library/PackageCache/com.unity.netcode.gameobjects@0f12e689d980/Runtime/Messaging/Messages/RpcMessages.cs:137)
Unity.Netcode.NetworkMessageManager:ReceiveMessage<Unity.Netcode.ServerRpcMessage> (Unity.Netcode.FastBufferReader,Unity.Netcode.NetworkContext&,Unity.Netcode.NetworkMessageManager) (at ./Library/PackageCache/com.unity.netcode.gameobjects@0f12e689d980/Runtime/Messaging/NetworkMessageManager.cs:566)
Unity.Netcode.NetworkMessageManager:HandleMessage (Unity.Netcode.NetworkMessageHeader&,Unity.Netcode.FastBufferReader,ulong,single,int) (at ./Library/PackageCache/com.unity.netcode.gameobjects@0f12e689d980/Runtime/Messaging/NetworkMessageManager.cs:420)
Unity.Netcode.NetworkMessageManager:ProcessIncomingMessageQueue () (at ./Library/PackageCache/com.unity.netcode.gameobjects@0f12e689d980/Runtime/Messaging/NetworkMessageManager.cs:446)
Unity.Netcode.NetworkManager:NetworkUpdate (Unity.Netcode.NetworkUpdateStage) (at ./Library/PackageCache/com.unity.netcode.gameobjects@0f12e689d980/Runtime/Core/NetworkManager.cs:364)
Unity.Netcode.NetworkUpdateLoop:RunNetworkUpdateStage (Unity.Netcode.NetworkUpdateStage) (at ./Library/PackageCache/com.unity.netcode.gameobjects@0f12e689d980/Runtime/Core/NetworkUpdateLoop.cs:191)
Unity.Netcode.NetworkUpdateLoop/NetworkEarlyUpdate/<>c:<CreateLoopSystem>b__0_0 () (at ./Library/PackageCache/com.unity.netcode.gameobjects@0f12e689d980/Runtime/Core/NetworkUpdateLoop.cs:214)

(Filename: C:/build/output/unity/unity/Runtime/Export/Debug/Debug.bindings.cs Line: 128)

PHS_TEMP_ITEM_THROW_CREATED player=PHS_CuteWhiteGhost_Player(Clone) item=wrench networkObjectId=44 position=(-403.56, 0.38, -12.97)
UnityEngine.Debug:ExtractStackTraceNoAlloc (byte*,int,string)
UnityEngine.StackTraceUtility:ExtractStackTrace () (at C:/build/output/unity/unity/Runtime/Export/Scripting/StackTrace.cs:35)
UnityEngine.DebugLogHandler:Internal_Log (UnityEngine.LogType,UnityEngine.LogOption,string,UnityEngine.Object)
UnityEngine.DebugLogHandler:LogFormat (UnityEngine.LogType,UnityEngine.Object,string,object[]) (at C:/build/output/unity/unity/Runtime/Export/Logging/DebugLogHandler.cs:9)
UnityEngine.Logger:Log (UnityEngine.LogType,object) (at C:/build/output/unity/unity/Runtime/Export/Logging/Logger.cs:60)
UnityEngine.Debug:Log (object) (at C:/build/output/unity/unity/Runtime/Export/Debug/Debug.bindings.cs:123)
LastJumpCrew.ParkHanSol.Interaction.TempPlayerItemHolder:TryCreateThrownItem (UnityEngine.Vector3,UnityEngine.Quaternion,LastJumpCrew.ParkHanSol.Items.UtilityItemActionKind,UnityEngine.GameObject&,int&) (at E:/UNITY/LastJumpCrew/Assets/02. ParkHanSol_TeamLeader_Build & Multi/02. Script/Interaction/TempPlayerItemHolder.cs:955)
LastJumpCrew.ParkHanSol.Interaction.TempPlayerItemHolder:TryCreateThrownItem (UnityEngine.Vector3,UnityEngine.Quaternion,UnityEngine.GameObject&) (at E:/UNITY/LastJumpCrew/Assets/02. ParkHanSol_TeamLeader_Build & Multi/02. Script/Interaction/TempPlayerItemHolder.cs:877)
LastJumpCrew.ParkHanSol.Multiplayer.NetworkPlayerCombatController:PerformThrowHeldItem (UnityEngine.Vector3,UnityEngine.Vector3,single) (at E:/UNITY/LastJumpCrew/Assets/06. JoHanYong_PlayerSystem/02. Script/NetworkPlayerCombatController.cs:396)
LastJumpCrew.ParkHanSol.Multiplayer.NetworkPlayerCombatController:RequestThrowHeldItemServerRpc (UnityEngine.Vector3,UnityEngine.Vector3,single,Unity.Netcode.ServerRpcParams) (at E:/UNITY/LastJumpCrew/Assets/06. JoHanYong_PlayerSystem/02. Script/NetworkPlayerCombatController.cs:643)
LastJumpCrew.ParkHanSol.Multiplayer.NetworkPlayerCombatController:__rpc_handler_3001723434 (Unity.Netcode.NetworkBehaviour,Unity.Netcode.FastBufferReader,Unity.Netcode.__RpcParams)
Unity.Netcode.RpcMessageHelpers:Handle (Unity.Netcode.NetworkContext&,Unity.Netcode.RpcMetadata&,Unity.Netcode.FastBufferReader&,Unity.Netcode.__RpcParams&) (at ./Library/PackageCache/com.unity.netcode.gameobjects@0f12e689d980/Runtime/Messaging/Messages/RpcMessages.cs:80)
Unity.Netcode.ServerRpcMessage:Handle (Unity.Netcode.NetworkContext&) (at ./Library/PackageCache/com.unity.netcode.gameobjects@0f12e689d980/Runtime/Messaging/Messages/RpcMessages.cs:137)
Unity.Netcode.NetworkMessageManager:ReceiveMessage<Unity.Netcode.ServerRpcMessage> (Unity.Netcode.FastBufferReader,Unity.Netcode.NetworkContext&,Unity.Netcode.NetworkMessageManager) (at ./Library/PackageCache/com.unity.netcode.gameobjects@0f12e689d980/Runtime/Messaging/NetworkMessageManager.cs:566)
Unity.Netcode.NetworkMessageManager:HandleMessage (Unity.Netcode.NetworkMessageHeader&,Unity.Netcode.FastBufferReader,ulong,single,int) (at ./Library/PackageCache/com.unity.netcode.gameobjects@0f12e689d980/Runtime/Messaging/NetworkMessageManager.cs:420)
Unity.Netcode.NetworkMessageManager:ProcessIncomingMessageQueue () (at ./Library/PackageCache/com.unity.netcode.gameobjects@0f12e689d980/Runtime/Messaging/NetworkMessageManager.cs:446)
Unity.Netcode.NetworkManager:NetworkUpdate (Unity.Netcode.NetworkUpdateStage) (at ./Library/PackageCache/com.unity.netcode.gameobjects@0f12e689d980/Runtime/Core/NetworkManager.cs:364)
Unity.Netcode.NetworkUpdateLoop:RunNetworkUpdateStage (Unity.Netcode.NetworkUpdateStage) (at ./Library/PackageCache/com.unity.netcode.gameobjects@0f12e689d980/Runtime/Core/NetworkUpdateLoop.cs:191)
Unity.Netcode.NetworkUpdateLoop/NetworkEarlyUpdate/<>c:<CreateLoopSystem>b__0_0 () (at ./Library/PackageCache/com.unity.netcode.gameobjects@0f12e689d980/Runtime/Core/NetworkUpdateLoop.cs:214)

(Filename: C:/build/output/unity/unity/Runtime/Export/Debug/Debug.bindings.cs Line: 123)

PHS_THROW_IMPACT_READY item=ParkHanSol_Wrench_Dropped(Clone)
UnityEngine.Debug:ExtractStackTraceNoAlloc (byte*,int,string)
UnityEngine.StackTraceUtility:ExtractStackTrace () (at C:/build/output/unity/unity/Runtime/Export/Scripting/StackTrace.cs:35)
UnityEngine.DebugLogHandler:Internal_Log (UnityEngine.LogType,UnityEngine.LogOption,string,UnityEngine.Object)
UnityEngine.DebugLogHandler:LogFormat (UnityEngine.LogType,UnityEngine.Object,string,object[]) (at C:/build/output/unity/unity/Runtime/Export/Logging/DebugLogHandler.cs:9)
UnityEngine.Logger:Log (UnityEngine.LogType,object) (at C:/build/output/unity/unity/Runtime/Export/Logging/Logger.cs:60)
UnityEngine.Debug:Log (object) (at C:/build/output/unity/unity/Runtime/Export/Debug/Debug.bindings.cs:123)
LastJumpCrew.ParkHanSol.Items.ThrownItemImpact:InitializeThrow (UnityEngine.GameObject) (at E:/UNITY/LastJumpCrew/Assets/06. JoHanYong_PlayerSystem/02. Script/ThrownItemImpact.cs:39)
LastJumpCrew.ParkHanSol.Multiplayer.NetworkPlayerCombatController:PerformThrowHeldItem (UnityEngine.Vector3,UnityEngine.Vector3,single) (at E:/UNITY/LastJumpCrew/Assets/06. JoHanYong_PlayerSystem/02. Script/NetworkPlayerCombatController.cs:444)
LastJumpCrew.ParkHanSol.Multiplayer.NetworkPlayerCombatController:RequestThrowHeldItemServerRpc (UnityEngine.Vector3,UnityEngine.Vector3,single,Unity.Netcode.ServerRpcParams) (at E:/UNITY/LastJumpCrew/Assets/06. JoHanYong_PlayerSystem/02. Script/NetworkPlayerCombatController.cs:643)
LastJumpCrew.ParkHanSol.Multiplayer.NetworkPlayerCombatController:__rpc_handler_3001723434 (Unity.Netcode.NetworkBehaviour,Unity.Netcode.FastBufferReader,Unity.Netcode.__RpcParams)
Unity.Netcode.RpcMessageHelpers:Handle (Unity.Netcode.NetworkContext&,Unity.Netcode.RpcMetadata&,Unity.Netcode.FastBufferReader&,Unity.Netcode.__RpcParams&) (at ./Library/PackageCache/com.unity.netcode.gameobjects@0f12e689d980/Runtime/Messaging/Messages/RpcMessages.cs:80)
Unity.Netcode.ServerRpcMessage:Handle (Unity.Netcode.NetworkContext&) (at ./Library/PackageCache/com.unity.netcode.gameobjects@0f12e689d980/Runtime/Messaging/Messages/RpcMessages.cs:137)
Unity.Netcode.NetworkMessageManager:ReceiveMessage<Unity.Netcode.ServerRpcMessage> (Unity.Netcode.FastBufferReader,Unity.Netcode.NetworkContext&,Unity.Netcode.NetworkMessageManager) (at ./Library/PackageCache/com.unity.netcode.gameobjects@0f12e689d980/Runtime/Messaging/NetworkMessageManager.cs:566)
Unity.Netcode.NetworkMessageManager:HandleMessage (Unity.Netcode.NetworkMessageHeader&,Unity.Netcode.FastBufferReader,ulong,single,int) (at ./Library/PackageCache/com.unity.netcode.gameobjects@0f12e689d980/Runtime/Messaging/NetworkMessageManager.cs:420)
Unity.Netcode.NetworkMessageManager:ProcessIncomingMessageQueue () (at ./Library/PackageCache/com.unity.netcode.gameobjects@0f12e689d980/Runtime/Messaging/NetworkMessageManager.cs:446)
Unity.Netcode.NetworkManager:NetworkUpdate (Unity.Netcode.NetworkUpdateStage) (at ./Library/PackageCache/com.unity.netcode.gameobjects@0f12e689d980/Runtime/Core/NetworkManager.cs:364)
Unity.Netcode.NetworkUpdateLoop:RunNetworkUpdateStage (Unity.Netcode.NetworkUpdateStage) (at ./Library/PackageCache/com.unity.netcode.gameobjects@0f12e689d980/Runtime/Core/NetworkUpdateLoop.cs:191)
Unity.Netcode.NetworkUpdateLoop/NetworkEarlyUpdate/<>c:<CreateLoopSystem>b__0_0 () (at ./Library/PackageCache/com.unity.netcode.gameobjects@0f12e689d980/Runtime/Core/NetworkUpdateLoop.cs:214)

(Filename: C:/build/output/unity/unity/Runtime/Export/Debug/Debug.bindings.cs Line: 123)

PHS_ITEM_THROW_EXECUTED player=PHS_CuteWhiteGhost_Player(Clone) item=ParkHanSol_Wrench_Dropped(Clone) force=6.60
UnityEngine.Debug:ExtractStackTraceNoAlloc (byte*,int,string)
UnityEngine.StackTraceUtility:ExtractStackTrace () (at C:/build/output/unity/unity/Runtime/Export/Scripting/StackTrace.cs:35)
UnityEngine.DebugLogHandler:Internal_Log (UnityEngine.LogType,UnityEngine.LogOption,string,UnityEngine.Object)
UnityEngine.DebugLogHandler:LogFormat (UnityEngine.LogType,UnityEngine.Object,string,object[]) (at C:/build/output/unity/unity/Runtime/Export/Logging/DebugLogHandler.cs:9)
UnityEngine.Logger:Log (UnityEngine.LogType,object) (at C:/build/output/unity/unity/Runtime/Export/Logging/Logger.cs:60)
UnityEngine.Debug:Log (object) (at C:/build/output/unity/unity/Runtime/Export/Debug/Debug.bindings.cs:123)
LastJumpCrew.ParkHanSol.Multiplayer.NetworkPlayerCombatController:PerformThrowHeldItem (UnityEngine.Vector3,UnityEngine.Vector3,single) (at E:/UNITY/LastJumpCrew/Assets/06. JoHanYong_PlayerSystem/02. Script/NetworkPlayerCombatController.cs:450)
LastJumpCrew.ParkHanSol.Multiplayer.NetworkPlayerCombatController:RequestThrowHeldItemServerRpc (UnityEngine.Vector3,UnityEngine.Vector3,single,Unity.Netcode.ServerRpcParams) (at E:/UNITY/LastJumpCrew/Assets/06. JoHanYong_PlayerSystem/02. Script/NetworkPlayerCombatController.cs:643)
LastJumpCrew.ParkHanSol.Multiplayer.NetworkPlayerCombatController:__rpc_handler_3001723434 (Unity.Netcode.NetworkBehaviour,Unity.Netcode.FastBufferReader,Unity.Netcode.__RpcParams)
Unity.Netcode.RpcMessageHelpers:Handle (Unity.Netcode.NetworkContext&,Unity.Netcode.RpcMetadata&,Unity.Netcode.FastBufferReader&,Unity.Netcode.__RpcParams&) (at ./Library/PackageCache/com.unity.netcode.gameobjects@0f12e689d980/Runtime/Messaging/Messages/RpcMessages.cs:80)
Unity.Netcode.ServerRpcMessage:Handle (Unity.Netcode.NetworkContext&) (at ./Library/PackageCache/com.unity.netcode.gameobjects@0f12e689d980/Runtime/Messaging/Messages/RpcMessages.cs:137)
Unity.Netcode.NetworkMessageManager:ReceiveMessage<Unity.Netcode.ServerRpcMessage> (Unity.Netcode.FastBufferReader,Unity.Netcode.NetworkContext&,Unity.Netcode.NetworkMessageManager) (at ./Library/PackageCache/com.unity.netcode.gameobjects@0f12e689d980/Runtime/Messaging/NetworkMessageManager.cs:566)
Unity.Netcode.NetworkMessageManager:HandleMessage (Unity.Netcode.NetworkMessageHeader&,Unity.Netcode.FastBufferReader,ulong,single,int) (at ./Library/PackageCache/com.unity.netcode.gameobjects@0f12e689d980/Runtime/Messaging/NetworkMessageManager.cs:420)
Unity.Netcode.NetworkMessageManager:ProcessIncomingMessageQueue () (at ./Library/PackageCache/com.unity.netcode.gameobjects@0f12e689d980/Runtime/Messaging/NetworkMessageManager.cs:446)
Unity.Netcode.NetworkManager:NetworkUpdate (Unity.Netcode.NetworkUpdateStage) (at ./Library/PackageCache/com.unity.netcode.gameobjects@0f12e689d980/Runtime/Core/NetworkManager.cs:364)
Unity.Netcode.NetworkUpdateLoop:RunNetworkUpdateStage (Unity.Netcode.NetworkUpdateStage) (at ./Library/PackageCache/com.unity.netcode.gameobjects@0f12e689d980/Runtime/Core/NetworkUpdateLoop.cs:191)
Unity.Netcode.NetworkUpdateLoop/NetworkEarlyUpdate/<>c:<CreateLoopSystem>b__0_0 () (at ./Library/PackageCache/com.unity.netcode.gameobjects@0f12e689d980/Runtime/Core/NetworkUpdateLoop.cs:214)

(Filename: C:/build/output/unity/unity/Runtime/Export/Debug/Debug.bindings.cs Line: 123)

PHS_P0_REMOTE_ITEM_OWNERSHIP_OK client=1 item=wrench pickupNetworkObjectId=43 thrownNetworkObjectId=44 peers=2 heldVisualNetworkObjects=0 durability=100 recordRevision=2
UnityEngine.Debug:ExtractStackTraceNoAlloc (byte*,int,string)
UnityEngine.StackTraceUtility:ExtractStackTrace () (at C:/build/output/unity/unity/Runtime/Export/Scripting/StackTrace.cs:35)
UnityEngine.DebugLogHandler:Internal_Log (UnityEngine.LogType,UnityEngine.LogOption,string,UnityEngine.Object)
UnityEngine.DebugLogHandler:LogFormat (UnityEngine.LogType,UnityEngine.Object,string,object[]) (at C:/build/output/unity/unity/Runtime/Export/Logging/DebugLogHandler.cs:9)
UnityEngine.Logger:Log (UnityEngine.LogType,object,UnityEngine.Object) (at C:/build/output/unity/unity/Runtime/Export/Logging/Logger.cs:66)
UnityEngine.Debug:Log (object,UnityEngine.Object) (at C:/build/output/unity/unity/Runtime/Export/Debug/Debug.bindings.cs:128)
LastJumpCrew.ParkHanSol.Multiplayer.Validation.P0RuntimeValidationDriver/<RunRemoteOwnedThrownItemValidation>d__112:MoveNext () (at E:/UNITY/LastJumpCrew/Assets/02. ParkHanSol_TeamLeader_Build & Multi/02. Script/Multiplayer/Validation/P0RuntimeValidationDriver.cs:4143)
UnityEngine.SetupCoroutine:InvokeMoveNext (System.Collections.IEnumerator,intptr) (at C:/build/output/unity/unity/Runtime/Export/Scripting/Coroutines.cs:17)

(Filename: C:/build/output/unity/unity/Runtime/Export/Debug/Debug.bindings.cs Line: 128)

PHS_ITEM_REMOTE_POSITION client=1 server=(-404.30, 0.14, -14.54) owner=(-404.30, 0.18, -14.54) distance=0.032
UnityEngine.Debug:ExtractStackTraceNoAlloc (byte*,int,string)
UnityEngine.StackTraceUtility:ExtractStackTrace () (at C:/build/output/unity/unity/Runtime/Export/Scripting/StackTrace.cs:35)
UnityEngine.DebugLogHandler:Internal_Log (UnityEngine.LogType,UnityEngine.LogOption,string,UnityEngine.Object)
UnityEngine.DebugLogHandler:LogFormat (UnityEngine.LogType,UnityEngine.Object,string,object[]) (at C:/build/output/unity/unity/Runtime/Export/Logging/DebugLogHandler.cs:9)
UnityEngine.Logger:Log (UnityEngine.LogType,object,UnityEngine.Object) (at C:/build/output/unity/unity/Runtime/Export/Logging/Logger.cs:66)
UnityEngine.Debug:Log (object,UnityEngine.Object) (at C:/build/output/unity/unity/Runtime/Export/Debug/Debug.bindings.cs:128)
LastJumpCrew.ParkHanSol.Multiplayer.Validation.P0RuntimeValidationDriver/<RunRemoteOwnedThrownItemValidation>d__112:MoveNext () (at E:/UNITY/LastJumpCrew/Assets/02. ParkHanSol_TeamLeader_Build & Multi/02. Script/Multiplayer/Validation/P0RuntimeValidationDriver.cs:3839)
UnityEngine.SetupCoroutine:InvokeMoveNext (System.Collections.IEnumerator,intptr) (at C:/build/output/unity/unity/Runtime/Export/Scripting/Coroutines.cs:17)

(Filename: C:/build/output/unity/unity/Runtime/Export/Debug/Debug.bindings.cs Line: 128)

PHS_DROPPED_ITEM_DURABILITY_SYNC item=fire_extinguisher durability=100 source=held_drop
UnityEngine.Debug:ExtractStackTraceNoAlloc (byte*,int,string)
UnityEngine.StackTraceUtility:ExtractStackTrace () (at C:/build/output/unity/unity/Runtime/Export/Scripting/StackTrace.cs:35)
UnityEngine.DebugLogHandler:Internal_Log (UnityEngine.LogType,UnityEngine.LogOption,string,UnityEngine.Object)
UnityEngine.DebugLogHandler:LogFormat (UnityEngine.LogType,UnityEngine.Object,string,object[]) (at C:/build/output/unity/unity/Runtime/Export/Logging/DebugLogHandler.cs:9)
UnityEngine.Logger:Log (UnityEngine.LogType,object,UnityEngine.Object) (at C:/build/output/unity/unity/Runtime/Export/Logging/Logger.cs:66)
UnityEngine.Debug:Log (object,UnityEngine.Object) (at C:/build/output/unity/unity/Runtime/Export/Debug/Debug.bindings.cs:128)
LastJumpCrew.ParkHanSol.Multiplayer.NetworkUtilityItemDurabilityState:OnNetworkSpawn () (at E:/UNITY/LastJumpCrew/Assets/02. ParkHanSol_TeamLeader_Build & Multi/02. Script/Multiplayer/Items/NetworkUtilityItemDurabilityState.cs:75)
Unity.Netcode.NetworkBehaviour:NetworkSpawn () (at ./Library/PackageCache/com.unity.netcode.gameobjects@0f12e689d980/Runtime/Core/NetworkBehaviour.cs:813)
Unity.Netcode.NetworkObject:InvokeBehaviourNetworkSpawn () (at ./Library/PackageCache/com.unity.netcode.gameobjects@0f12e689d980/Runtime/Core/NetworkObject.cs:2698)
Unity.Netcode.NetworkSpawnManager:SpawnNetworkObjectLocallyCommon (Unity.Netcode.NetworkObject,ulong,bool,bool,ulong,bool) (at ./Library/PackageCache/com.unity.netcode.gameobjects@0f12e689d980/Runtime/Spawning/NetworkSpawnManager.cs:1384)
Unity.Netcode.NetworkSpawnManager:AuthorityLocalSpawn (Unity.Netcode.NetworkObject,ulong,bool,bool,ulong,bool) (at ./Library/PackageCache/com.unity.netcode.gameobjects@0f12e689d980/Runtime/Spawning/NetworkSpawnManager.cs:1182)
Unity.Netcode.NetworkObject:Spawn (bool) (at ./Library/PackageCache/com.unity.netcode.gameobjects@0f12e689d980/Runtime/Core/NetworkObject.cs:2010)
LastJumpCrew.ParkHanSol.Multiplayer.NetworkPlayerItemLifecycle:TryCreateDroppedItemServer (string,int,UnityEngine.Vector3,UnityEngine.Quaternion,Unity.Netcode.NetworkObject&) (at E:/UNITY/LastJumpCrew/Assets/02. ParkHanSol_TeamLeader_Build & Multi/02. Script/Multiplayer/Items/NetworkPlayerItemLifecycle.cs:273)
LastJumpCrew.ParkHanSol.Multiplayer.NetworkPlayerItemLifecycle:TryCreateDroppedItemServer (string,UnityEngine.Vector3,UnityEngine.Quaternion,Unity.Netcode.NetworkObject&) (at E:/UNITY/LastJumpCrew/Assets/02. ParkHanSol_TeamLeader_Build & Multi/02. Script/Multiplayer/Items/NetworkPlayerItemLifecycle.cs:189)
LastJumpCrew.ParkHanSol.Multiplayer.Validation.P0RuntimeValidationDriver/<RunRemoteOwnedThrownItemValidation>d__112:MoveNext () (at E:/UNITY/LastJumpCrew/Assets/02. ParkHanSol_TeamLeader_Build & Multi/02. Script/Multiplayer/Validation/P0RuntimeValidationDriver.cs:3854)
UnityEngine.SetupCoroutine:InvokeMoveNext (System.Collections.IEnumerator,intptr) (at C:/build/output/unity/unity/Runtime/Export/Scripting/Coroutines.cs:17)

(Filename: C:/build/output/unity/unity/Runtime/Export/Debug/Debug.bindings.cs Line: 128)

PHS_NETWORK_ITEM_PRESENTED player=PHS_CuteWhiteGhost_Player(Clone) owner=1 item=fire_extinguisher
UnityEngine.Debug:ExtractStackTraceNoAlloc (byte*,int,string)
UnityEngine.StackTraceUtility:ExtractStackTrace () (at C:/build/output/unity/unity/Runtime/Export/Scripting/StackTrace.cs:35)
UnityEngine.DebugLogHandler:Internal_Log (UnityEngine.LogType,UnityEngine.LogOption,string,UnityEngine.Object)
UnityEngine.DebugLogHandler:LogFormat (UnityEngine.LogType,UnityEngine.Object,string,object[]) (at C:/build/output/unity/unity/Runtime/Export/Logging/DebugLogHandler.cs:9)
UnityEngine.Logger:Log (UnityEngine.LogType,object) (at C:/build/output/unity/unity/Runtime/Export/Logging/Logger.cs:60)
UnityEngine.Debug:Log (object) (at C:/build/output/unity/unity/Runtime/Export/Debug/Debug.bindings.cs:123)
LastJumpCrew.ParkHanSol.Interaction.TempPlayerItemHolder:HandleNetworkHeldItemChanged (string) (at E:/UNITY/LastJumpCrew/Assets/02. ParkHanSol_TeamLeader_Build & Multi/02. Script/Interaction/TempPlayerItemHolder.cs:706)
LastJumpCrew.ParkHanSol.Multiplayer.NetworkPlayerItemRecord:HandleHeldItemChanged (Unity.Collections.FixedString64Bytes,Unity.Collections.FixedString64Bytes) (at E:/UNITY/LastJumpCrew/Assets/02. ParkHanSol_TeamLeader_Build & Multi/02. Script/Multiplayer/Items/NetworkPlayerItemRecord.cs:275)
Unity.Netcode.NetworkVariable`1<Unity.Collections.FixedString64Bytes>:set_Value (Unity.Collections.FixedString64Bytes) (at ./Library/PackageCache/com.unity.netcode.gameobjects@0f12e689d980/Runtime/NetworkVariable/NetworkVariable.cs:165)
LastJumpCrew.ParkHanSol.Multiplayer.NetworkPlayerItemRecord:ApplyServerRecord (string,int) (at E:/UNITY/LastJumpCrew/Assets/02. ParkHanSol_TeamLeader_Build & Multi/02. Script/Multiplayer/Items/NetworkPlayerItemRecord.cs:266)
LastJumpCrew.ParkHanSol.Multiplayer.NetworkPlayerItemRecord:TrySetHeldItemServer (string,int,uint) (at E:/UNITY/LastJumpCrew/Assets/02. ParkHanSol_TeamLeader_Build & Multi/02. Script/Multiplayer/Items/NetworkPlayerItemRecord.cs:112)
LastJumpCrew.ParkHanSol.Multiplayer.NetworkPlayerItemLifecycle:TryCommitHeldItemAssignmentServer (LastJumpCrew.ParkHanSol.Items.UtilityItemPrefabData,int,uint,LastJumpCrew.ParkHanSol.Multiplayer.NetworkPlayerItemLifecycle/HeldItemAssignmentTransaction&) (at E:/UNITY/LastJumpCrew/Assets/02. ParkHanSol_TeamLeader_Build & Multi/02. Script/Multiplayer/Items/NetworkPlayerItemLifecycle.cs:399)
LastJumpCrew.ParkHanSol.Multiplayer.NetworkPlayerItemLifecycle:TryPickupItemServer (ulong,ulong) (at E:/UNITY/LastJumpCrew/Assets/02. ParkHanSol_TeamLeader_Build & Multi/02. Script/Multiplayer/Items/NetworkPlayerItemLifecycle.cs:634)
LastJumpCrew.ParkHanSol.Multiplayer.NetworkPlayerItemLifecycle:RequestNetworkPickupServerRpc (ulong,Unity.Netcode.ServerRpcParams) (at E:/UNITY/LastJumpCrew/Assets/02. ParkHanSol_TeamLeader_Build & Multi/02. Script/Multiplayer/Items/NetworkPlayerItemLifecycle.cs:548)
LastJumpCrew.ParkHanSol.Multiplayer.NetworkPlayerItemLifecycle:__rpc_handler_866128810 (Unity.Netcode.NetworkBehaviour,Unity.Netcode.FastBufferReader,Unity.Netcode.__RpcParams)
Unity.Netcode.RpcMessageHelpers:Handle (Unity.Netcode.NetworkContext&,Unity.Netcode.RpcMetadata&,Unity.Netcode.FastBufferReader&,Unity.Netcode.__RpcParams&) (at ./Library/PackageCache/com.unity.netcode.gameobjects@0f12e689d980/Runtime/Messaging/Messages/RpcMessages.cs:80)
Unity.Netcode.ServerRpcMessage:Handle (Unity.Netcode.NetworkContext&) (at ./Library/PackageCache/com.unity.netcode.gameobjects@0f12e689d980/Runtime/Messaging/Messages/RpcMessages.cs:137)
Unity.Netcode.NetworkMessageManager:ReceiveMessage<Unity.Netcode.ServerRpcMessage> (Unity.Netcode.FastBufferReader,Unity.Netcode.NetworkContext&,Unity.Netcode.NetworkMessageManager) (at ./Library/PackageCache/com.unity.netcode.gameobjects@0f12e689d980/Runtime/Messaging/NetworkMessageManager.cs:566)
Unity.Netcode.NetworkMessageManager:HandleMessage (Unity.Netcode.NetworkMessageHeader&,Unity.Netcode.FastBufferReader,ulong,single,int) (at ./Library/PackageCache/com.unity.netcode.gameobjects@0f12e689d980/Runtime/Messaging/NetworkMessageManager.cs:420)
Unity.Netcode.NetworkMessageManager:ProcessIncomingMessageQueue () (at ./Library/PackageCache/com.unity.netcode.gameobjects@0f12e689d980/Runtime/Messaging/NetworkMessageManager.cs:446)
Unity.Netcode.NetworkManager:NetworkUpdate (Unity.Netcode.NetworkUpdateStage) (at ./Library/PackageCache/com.unity.netcode.gameobjects@0f12e689d980/Runtime/Core/NetworkManager.cs:364)
Unity.Netcode.NetworkUpdateLoop:RunNetworkUpdateStage (Unity.Netcode.NetworkUpdateStage) (at ./Library/PackageCache/com.unity.netcode.gameobjects@0f12e689d980/Runtime/Core/NetworkUpdateLoop.cs:191)
Unity.Netcode.NetworkUpdateLoop/NetworkEarlyUpdate/<>c:<CreateLoopSystem>b__0_0 () (at ./Library/PackageCache/com.unity.netcode.gameobjects@0f12e689d980/Runtime/Core/NetworkUpdateLoop.cs:214)

(Filename: C:/build/output/unity/unity/Runtime/Export/Debug/Debug.bindings.cs Line: 123)

PHS_ITEM_RECORD_SYNC player=PHS_CuteWhiteGhost_Player(Clone) owner=1 item=fire_extinguisher durability=100 revision=3
UnityEngine.Debug:ExtractStackTraceNoAlloc (byte*,int,string)
UnityEngine.StackTraceUtility:ExtractStackTrace () (at C:/build/output/unity/unity/Runtime/Export/Scripting/StackTrace.cs:35)
UnityEngine.DebugLogHandler:Internal_Log (UnityEngine.LogType,UnityEngine.LogOption,string,UnityEngine.Object)
UnityEngine.DebugLogHandler:LogFormat (UnityEngine.LogType,UnityEngine.Object,string,object[]) (at C:/build/output/unity/unity/Runtime/Export/Logging/DebugLogHandler.cs:9)
UnityEngine.Logger:Log (UnityEngine.LogType,object) (at C:/build/output/unity/unity/Runtime/Export/Logging/Logger.cs:60)
UnityEngine.Debug:Log (object) (at C:/build/output/unity/unity/Runtime/Export/Debug/Debug.bindings.cs:123)
LastJumpCrew.ParkHanSol.Multiplayer.NetworkPlayerItemRecord:ApplyServerRecord (string,int) (at E:/UNITY/LastJumpCrew/Assets/02. ParkHanSol_TeamLeader_Build & Multi/02. Script/Multiplayer/Items/NetworkPlayerItemRecord.cs:269)
LastJumpCrew.ParkHanSol.Multiplayer.NetworkPlayerItemRecord:TrySetHeldItemServer (string,int,uint) (at E:/UNITY/LastJumpCrew/Assets/02. ParkHanSol_TeamLeader_Build & Multi/02. Script/Multiplayer/Items/NetworkPlayerItemRecord.cs:112)
LastJumpCrew.ParkHanSol.Multiplayer.NetworkPlayerItemLifecycle:TryCommitHeldItemAssignmentServer (LastJumpCrew.ParkHanSol.Items.UtilityItemPrefabData,int,uint,LastJumpCrew.ParkHanSol.Multiplayer.NetworkPlayerItemLifecycle/HeldItemAssignmentTransaction&) (at E:/UNITY/LastJumpCrew/Assets/02. ParkHanSol_TeamLeader_Build & Multi/02. Script/Multiplayer/Items/NetworkPlayerItemLifecycle.cs:399)
LastJumpCrew.ParkHanSol.Multiplayer.NetworkPlayerItemLifecycle:TryPickupItemServer (ulong,ulong) (at E:/UNITY/LastJumpCrew/Assets/02. ParkHanSol_TeamLeader_Build & Multi/02. Script/Multiplayer/Items/NetworkPlayerItemLifecycle.cs:634)
LastJumpCrew.ParkHanSol.Multiplayer.NetworkPlayerItemLifecycle:RequestNetworkPickupServerRpc (ulong,Unity.Netcode.ServerRpcParams) (at E:/UNITY/LastJumpCrew/Assets/02. ParkHanSol_TeamLeader_Build & Multi/02. Script/Multiplayer/Items/NetworkPlayerItemLifecycle.cs:548)
LastJumpCrew.ParkHanSol.Multiplayer.NetworkPlayerItemLifecycle:__rpc_handler_866128810 (Unity.Netcode.NetworkBehaviour,Unity.Netcode.FastBufferReader,Unity.Netcode.__RpcParams)
Unity.Netcode.RpcMessageHelpers:Handle (Unity.Netcode.NetworkContext&,Unity.Netcode.RpcMetadata&,Unity.Netcode.FastBufferReader&,Unity.Netcode.__RpcParams&) (at ./Library/PackageCache/com.unity.netcode.gameobjects@0f12e689d980/Runtime/Messaging/Messages/RpcMessages.cs:80)
Unity.Netcode.ServerRpcMessage:Handle (Unity.Netcode.NetworkContext&) (at ./Library/PackageCache/com.unity.netcode.gameobjects@0f12e689d980/Runtime/Messaging/Messages/RpcMessages.cs:137)
Unity.Netcode.NetworkMessageManager:ReceiveMessage<Unity.Netcode.ServerRpcMessage> (Unity.Netcode.FastBufferReader,Unity.Netcode.NetworkContext&,Unity.Netcode.NetworkMessageManager) (at ./Library/PackageCache/com.unity.netcode.gameobjects@0f12e689d980/Runtime/Messaging/NetworkMessageManager.cs:566)
Unity.Netcode.NetworkMessageManager:HandleMessage (Unity.Netcode.NetworkMessageHeader&,Unity.Netcode.FastBufferReader,ulong,single,int) (at ./Library/PackageCache/com.unity.netcode.gameobjects@0f12e689d980/Runtime/Messaging/NetworkMessageManager.cs:420)
Unity.Netcode.NetworkMessageManager:ProcessIncomingMessageQueue () (at ./Library/PackageCache/com.unity.netcode.gameobjects@0f12e689d980/Runtime/Messaging/NetworkMessageManager.cs:446)
Unity.Netcode.NetworkManager:NetworkUpdate (Unity.Netcode.NetworkUpdateStage) (at ./Library/PackageCache/com.unity.netcode.gameobjects@0f12e689d980/Runtime/Core/NetworkManager.cs:364)
Unity.Netcode.NetworkUpdateLoop:RunNetworkUpdateStage (Unity.Netcode.NetworkUpdateStage) (at ./Library/PackageCache/com.unity.netcode.gameobjects@0f12e689d980/Runtime/Core/NetworkUpdateLoop.cs:191)
Unity.Netcode.NetworkUpdateLoop/NetworkEarlyUpdate/<>c:<CreateLoopSystem>b__0_0 () (at ./Library/PackageCache/com.unity.netcode.gameobjects@0f12e689d980/Runtime/Core/NetworkUpdateLoop.cs:214)

(Filename: C:/build/output/unity/unity/Runtime/Export/Debug/Debug.bindings.cs Line: 123)

PHS_NETWORK_ITEM_PICKED_UP player=PHS_CuteWhiteGhost_Player(Clone) owner=1 item=fire_extinguisher target=45 revision=3
UnityEngine.Debug:ExtractStackTraceNoAlloc (byte*,int,string)
UnityEngine.StackTraceUtility:ExtractStackTrace () (at C:/build/output/unity/unity/Runtime/Export/Scripting/StackTrace.cs:35)
UnityEngine.DebugLogHandler:Internal_Log (UnityEngine.LogType,UnityEngine.LogOption,string,UnityEngine.Object)
UnityEngine.DebugLogHandler:LogFormat (UnityEngine.LogType,UnityEngine.Object,string,object[]) (at C:/build/output/unity/unity/Runtime/Export/Logging/DebugLogHandler.cs:9)
UnityEngine.Logger:Log (UnityEngine.LogType,object,UnityEngine.Object) (at C:/build/output/unity/unity/Runtime/Export/Logging/Logger.cs:66)
UnityEngine.Debug:Log (object,UnityEngine.Object) (at C:/build/output/unity/unity/Runtime/Export/Debug/Debug.bindings.cs:128)
LastJumpCrew.ParkHanSol.Multiplayer.NetworkPlayerItemLifecycle:TryPickupItemServer (ulong,ulong) (at E:/UNITY/LastJumpCrew/Assets/02. ParkHanSol_TeamLeader_Build & Multi/02. Script/Multiplayer/Items/NetworkPlayerItemLifecycle.cs:668)
LastJumpCrew.ParkHanSol.Multiplayer.NetworkPlayerItemLifecycle:RequestNetworkPickupServerRpc (ulong,Unity.Netcode.ServerRpcParams) (at E:/UNITY/LastJumpCrew/Assets/02. ParkHanSol_TeamLeader_Build & Multi/02. Script/Multiplayer/Items/NetworkPlayerItemLifecycle.cs:548)
LastJumpCrew.ParkHanSol.Multiplayer.NetworkPlayerItemLifecycle:__rpc_handler_866128810 (Unity.Netcode.NetworkBehaviour,Unity.Netcode.FastBufferReader,Unity.Netcode.__RpcParams)
Unity.Netcode.RpcMessageHelpers:Handle (Unity.Netcode.NetworkContext&,Unity.Netcode.RpcMetadata&,Unity.Netcode.FastBufferReader&,Unity.Netcode.__RpcParams&) (at ./Library/PackageCache/com.unity.netcode.gameobjects@0f12e689d980/Runtime/Messaging/Messages/RpcMessages.cs:80)
Unity.Netcode.ServerRpcMessage:Handle (Unity.Netcode.NetworkContext&) (at ./Library/PackageCache/com.unity.netcode.gameobjects@0f12e689d980/Runtime/Messaging/Messages/RpcMessages.cs:137)
Unity.Netcode.NetworkMessageManager:ReceiveMessage<Unity.Netcode.ServerRpcMessage> (Unity.Netcode.FastBufferReader,Unity.Netcode.NetworkContext&,Unity.Netcode.NetworkMessageManager) (at ./Library/PackageCache/com.unity.netcode.gameobjects@0f12e689d980/Runtime/Messaging/NetworkMessageManager.cs:566)
Unity.Netcode.NetworkMessageManager:HandleMessage (Unity.Netcode.NetworkMessageHeader&,Unity.Netcode.FastBufferReader,ulong,single,int) (at ./Library/PackageCache/com.unity.netcode.gameobjects@0f12e689d980/Runtime/Messaging/NetworkMessageManager.cs:420)
Unity.Netcode.NetworkMessageManager:ProcessIncomingMessageQueue () (at ./Library/PackageCache/com.unity.netcode.gameobjects@0f12e689d980/Runtime/Messaging/NetworkMessageManager.cs:446)
Unity.Netcode.NetworkManager:NetworkUpdate (Unity.Netcode.NetworkUpdateStage) (at ./Library/PackageCache/com.unity.netcode.gameobjects@0f12e689d980/Runtime/Core/NetworkManager.cs:364)
Unity.Netcode.NetworkUpdateLoop:RunNetworkUpdateStage (Unity.Netcode.NetworkUpdateStage) (at ./Library/PackageCache/com.unity.netcode.gameobjects@0f12e689d980/Runtime/Core/NetworkUpdateLoop.cs:191)
Unity.Netcode.NetworkUpdateLoop/NetworkEarlyUpdate/<>c:<CreateLoopSystem>b__0_0 () (at ./Library/PackageCache/com.unity.netcode.gameobjects@0f12e689d980/Runtime/Core/NetworkUpdateLoop.cs:214)

(Filename: C:/build/output/unity/unity/Runtime/Export/Debug/Debug.bindings.cs Line: 128)

PHS_ITEM_FEEDBACK_SHOWN kind=FireExtinguisher shape=Cast radius=0.35 distance=4.00 acceptedTargets=0
UnityEngine.Debug:ExtractStackTraceNoAlloc (byte*,int,string)
UnityEngine.StackTraceUtility:ExtractStackTrace () (at C:/build/output/unity/unity/Runtime/Export/Scripting/StackTrace.cs:35)
UnityEngine.DebugLogHandler:Internal_Log (UnityEngine.LogType,UnityEngine.LogOption,string,UnityEngine.Object)
UnityEngine.DebugLogHandler:LogFormat (UnityEngine.LogType,UnityEngine.Object,string,object[]) (at C:/build/output/unity/unity/Runtime/Export/Logging/DebugLogHandler.cs:9)
UnityEngine.Logger:Log (UnityEngine.LogType,object,UnityEngine.Object) (at C:/build/output/unity/unity/Runtime/Export/Logging/Logger.cs:66)
UnityEngine.Debug:Log (object,UnityEngine.Object) (at C:/build/output/unity/unity/Runtime/Export/Debug/Debug.bindings.cs:128)
LastJumpCrew.ParkHanSol.Items.PHSNetworkItemUseFeedbackController:ShowFeedbackLocal (LastJumpCrew.ParkHanSol.Items.PHSItemUseFeedbackKind,LastJumpCrew.ParkHanSol.Items.PHSItemUseFeedbackShape,UnityEngine.Vector3,UnityEngine.Vector3,single,single,UnityEngine.Vector3[]) (at E:/UNITY/LastJumpCrew/Assets/02. ParkHanSol_TeamLeader_Build & Multi/02. Script/Items/PHSNetworkItemUseFeedbackController.cs:331)
LastJumpCrew.ParkHanSol.Items.PHSNetworkItemUseFeedbackController:ShowFeedbackClientRpc (byte,byte,UnityEngine.Vector3,UnityEngine.Vector3,single,single,UnityEngine.Vector3[]) (at E:/UNITY/LastJumpCrew/Assets/02. ParkHanSol_TeamLeader_Build & Multi/02. Script/Items/PHSNetworkItemUseFeedbackController.cs:269)
LastJumpCrew.ParkHanSol.Items.PHSNetworkItemUseFeedbackController:__rpc_handler_3303230777 (Unity.Netcode.NetworkBehaviour,Unity.Netcode.FastBufferReader,Unity.Netcode.__RpcParams)
Unity.Netcode.RpcMessageHelpers:Handle (Unity.Netcode.NetworkContext&,Unity.Netcode.RpcMetadata&,Unity.Netcode.FastBufferReader&,Unity.Netcode.__RpcParams&) (at ./Library/PackageCache/com.unity.netcode.gameobjects@0f12e689d980/Runtime/Messaging/Messages/RpcMessages.cs:80)
Unity.Netcode.ClientRpcMessage:Handle (Unity.Netcode.NetworkContext&) (at ./Library/PackageCache/com.unity.netcode.gameobjects@0f12e689d980/Runtime/Messaging/Messages/RpcMessages.cs:174)
Unity.Netcode.NetworkBehaviour:__endSendClientRpc (Unity.Netcode.FastBufferWriter&,uint,Unity.Netcode.ClientRpcParams,Unity.Netcode.RpcDelivery) (at ./Library/PackageCache/com.unity.netcode.gameobjects@0f12e689d980/Runtime/Core/NetworkBehaviour.cs:268)
LastJumpCrew.ParkHanSol.Items.PHSNetworkItemUseFeedbackController:ShowFeedbackClientRpc (byte,byte,UnityEngine.Vector3,UnityEngine.Vector3,single,single,UnityEngine.Vector3[]) (at E:/UNITY/LastJumpCrew/Assets/02. ParkHanSol_TeamLeader_Build & Multi/02. Script/Items/PHSNetworkItemUseFeedbackController.cs:269)
LastJumpCrew.ParkHanSol.Items.PHSNetworkItemUseFeedbackController:PublishServerFeedback (LastJumpCrew.ParkHanSol.Items.PHSItemUseFeedbackKind,LastJumpCrew.ParkHanSol.Items.PHSItemUseFeedbackShape,UnityEngine.Vector3,UnityEngine.Vector3,single,single,UnityEngine.Vector3[]) (at E:/UNITY/LastJumpCrew/Assets/02. ParkHanSol_TeamLeader_Build & Multi/02. Script/Items/PHSNetworkItemUseFeedbackController.cs:88)
LastJumpCrew.ParkHanSol.Multiplayer.NetworkPlayerCombatController:PublishItemUseFeedback (LastJumpCrew.ParkHanSol.Items.PHSItemUseFeedbackKind,LastJumpCrew.ParkHanSol.Items.PHSItemUseFeedbackShape,UnityEngine.Vector3,UnityEngine.Vector3,single,single) (at E:/UNITY/LastJumpCrew/Assets/06. JoHanYong_PlayerSystem/02. Script/NetworkPlayerCombatController.cs:708)
LastJumpCrew.ParkHanSol.Multiplayer.NetworkPlayerCombatController:PerformExtinguisherSpray () (at E:/UNITY/LastJumpCrew/Assets/06. JoHanYong_PlayerSystem/02. Script/NetworkPlayerCombatController.cs:622)
LastJumpCrew.ParkHanSol.Multiplayer.NetworkPlayerCombatController:RequestExtinguisherSprayServerRpc () (at E:/UNITY/LastJumpCrew/Assets/06. JoHanYong_PlayerSystem/02. Script/NetworkPlayerCombatController.cs:536)
LastJumpCrew.ParkHanSol.Multiplayer.NetworkPlayerCombatController:__rpc_handler_3485969050 (Unity.Netcode.NetworkBehaviour,Unity.Netcode.FastBufferReader,Unity.Netcode.__RpcParams)
Unity.Netcode.RpcMessageHelpers:Handle (Unity.Netcode.NetworkContext&,Unity.Netcode.RpcMetadata&,Unity.Netcode.FastBufferReader&,Unity.Netcode.__RpcParams&) (at ./Library/PackageCache/com.unity.netcode.gameobjects@0f12e689d980/Runtime/Messaging/Messages/RpcMessages.cs:80)
Unity.Netcode.ServerRpcMessage:Handle (Unity.Netcode.NetworkContext&) (at ./Library/PackageCache/com.unity.netcode.gameobjects@0f12e689d980/Runtime/Messaging/Messages/RpcMessages.cs:137)
Unity.Netcode.NetworkMessageManager:ReceiveMessage<Unity.Netcode.ServerRpcMessage> (Unity.Netcode.FastBufferReader,Unity.Netcode.NetworkContext&,Unity.Netcode.NetworkMessageManager) (at ./Library/PackageCache/com.unity.netcode.gameobjects@0f12e689d980/Runtime/Messaging/NetworkMessageManager.cs:566)
Unity.Netcode.NetworkMessageManager:HandleMessage (Unity.Netcode.NetworkMessageHeader&,Unity.Netcode.FastBufferReader,ulong,single,int) (at ./Library/PackageCache/com.unity.netcode.gameobjects@0f12e689d980/Runtime/Messaging/NetworkMessageManager.cs:420)
Unity.Netcode.NetworkMessageManager:ProcessIncomingMessageQueue () (at ./Library/PackageCache/com.unity.netcode.gameobjects@0f12e689d980/Runtime/Messaging/NetworkMessageManager.cs:446)
Unity.Netcode.NetworkManager:NetworkUpdate (Unity.Netcode.NetworkUpdateStage) (at ./Library/PackageCache/com.unity.netcode.gameobjects@0f12e689d980/Runtime/Core/NetworkManager.cs:364)
Unity.Netcode.NetworkUpdateLoop:RunNetworkUpdateStage (Unity.Netcode.NetworkUpdateStage) (at ./Library/PackageCache/com.unity.netcode.gameobjects@0f12e689d980/Runtime/Core/NetworkUpdateLoop.cs:191)
Unity.Netcode.NetworkUpdateLoop/NetworkEarlyUpdate/<>c:<CreateLoopSystem>b__0_0 () (at ./Library/PackageCache/com.unity.netcode.gameobjects@0f12e689d980/Runtime/Core/NetworkUpdateLoop.cs:214)

(Filename: C:/build/output/unity/unity/Runtime/Export/Debug/Debug.bindings.cs Line: 128)

PHS_EXTINGUISHER_SPRAY player=PHS_CuteWhiteGhost_Player(Clone) candidates=0 acceptedTargets=0
UnityEngine.Debug:ExtractStackTraceNoAlloc (byte*,int,string)
UnityEngine.StackTraceUtility:ExtractStackTrace () (at C:/build/output/unity/unity/Runtime/Export/Scripting/StackTrace.cs:35)
UnityEngine.DebugLogHandler:Internal_Log (UnityEngine.LogType,UnityEngine.LogOption,string,UnityEngine.Object)
UnityEngine.DebugLogHandler:LogFormat (UnityEngine.LogType,UnityEngine.Object,string,object[]) (at C:/build/output/unity/unity/Runtime/Export/Logging/DebugLogHandler.cs:9)
UnityEngine.Logger:Log (UnityEngine.LogType,object,UnityEngine.Object) (at C:/build/output/unity/unity/Runtime/Export/Logging/Logger.cs:66)
UnityEngine.Debug:Log (object,UnityEngine.Object) (at C:/build/output/unity/unity/Runtime/Export/Debug/Debug.bindings.cs:128)
LastJumpCrew.ParkHanSol.Multiplayer.NetworkPlayerCombatController:PerformExtinguisherSpray () (at E:/UNITY/LastJumpCrew/Assets/06. JoHanYong_PlayerSystem/02. Script/NetworkPlayerCombatController.cs:629)
LastJumpCrew.ParkHanSol.Multiplayer.NetworkPlayerCombatController:RequestExtinguisherSprayServerRpc () (at E:/UNITY/LastJumpCrew/Assets/06. JoHanYong_PlayerSystem/02. Script/NetworkPlayerCombatController.cs:536)
LastJumpCrew.ParkHanSol.Multiplayer.NetworkPlayerCombatController:__rpc_handler_3485969050 (Unity.Netcode.NetworkBehaviour,Unity.Netcode.FastBufferReader,Unity.Netcode.__RpcParams)
Unity.Netcode.RpcMessageHelpers:Handle (Unity.Netcode.NetworkContext&,Unity.Netcode.RpcMetadata&,Unity.Netcode.FastBufferReader&,Unity.Netcode.__RpcParams&) (at ./Library/PackageCache/com.unity.netcode.gameobjects@0f12e689d980/Runtime/Messaging/Messages/RpcMessages.cs:80)
Unity.Netcode.ServerRpcMessage:Handle (Unity.Netcode.NetworkContext&) (at ./Library/PackageCache/com.unity.netcode.gameobjects@0f12e689d980/Runtime/Messaging/Messages/RpcMessages.cs:137)
Unity.Netcode.NetworkMessageManager:ReceiveMessage<Unity.Netcode.ServerRpcMessage> (Unity.Netcode.FastBufferReader,Unity.Netcode.NetworkContext&,Unity.Netcode.NetworkMessageManager) (at ./Library/PackageCache/com.unity.netcode.gameobjects@0f12e689d980/Runtime/Messaging/NetworkMessageManager.cs:566)
Unity.Netcode.NetworkMessageManager:HandleMessage (Unity.Netcode.NetworkMessageHeader&,Unity.Netcode.FastBufferReader,ulong,single,int) (at ./Library/PackageCache/com.unity.netcode.gameobjects@0f12e689d980/Runtime/Messaging/NetworkMessageManager.cs:420)
Unity.Netcode.NetworkMessageManager:ProcessIncomingMessageQueue () (at ./Library/PackageCache/com.unity.netcode.gameobjects@0f12e689d980/Runtime/Messaging/NetworkMessageManager.cs:446)
Unity.Netcode.NetworkManager:NetworkUpdate (Unity.Netcode.NetworkUpdateStage) (at ./Library/PackageCache/com.unity.netcode.gameobjects@0f12e689d980/Runtime/Core/NetworkManager.cs:364)
Unity.Netcode.NetworkUpdateLoop:RunNetworkUpdateStage (Unity.Netcode.NetworkUpdateStage) (at ./Library/PackageCache/com.unity.netcode.gameobjects@0f12e689d980/Runtime/Core/NetworkUpdateLoop.cs:191)
Unity.Netcode.NetworkUpdateLoop/NetworkEarlyUpdate/<>c:<CreateLoopSystem>b__0_0 () (at ./Library/PackageCache/com.unity.netcode.gameobjects@0f12e689d980/Runtime/Core/NetworkUpdateLoop.cs:214)

(Filename: C:/build/output/unity/unity/Runtime/Export/Debug/Debug.bindings.cs Line: 128)

PHS_EXTINGUISHER_EFFECT_STARTED player=PHS_CuteWhiteGhost_Player(Clone) view=world particles=2
UnityEngine.Debug:ExtractStackTraceNoAlloc (byte*,int,string)
UnityEngine.StackTraceUtility:ExtractStackTrace () (at C:/build/output/unity/unity/Runtime/Export/Scripting/StackTrace.cs:35)
UnityEngine.DebugLogHandler:Internal_Log (UnityEngine.LogType,UnityEngine.LogOption,string,UnityEngine.Object)
UnityEngine.DebugLogHandler:LogFormat (UnityEngine.LogType,UnityEngine.Object,string,object[]) (at C:/build/output/unity/unity/Runtime/Export/Logging/DebugLogHandler.cs:9)
UnityEngine.Logger:Log (UnityEngine.LogType,object) (at C:/build/output/unity/unity/Runtime/Export/Logging/Logger.cs:60)
UnityEngine.Debug:Log (object) (at C:/build/output/unity/unity/Runtime/Export/Debug/Debug.bindings.cs:123)
LastJumpCrew.ParkHanSol.Multiplayer.NetworkPlayerCombatController:PlayExtinguisherEffectLocal () (at E:/UNITY/LastJumpCrew/Assets/06. JoHanYong_PlayerSystem/02. Script/NetworkPlayerCombatController.cs:809)
LastJumpCrew.ParkHanSol.Multiplayer.NetworkPlayerCombatController:PlayExtinguisherEffectClientRpc () (at E:/UNITY/LastJumpCrew/Assets/06. JoHanYong_PlayerSystem/02. Script/NetworkPlayerCombatController.cs:752)
LastJumpCrew.ParkHanSol.Multiplayer.NetworkPlayerCombatController:__rpc_handler_2698917127 (Unity.Netcode.NetworkBehaviour,Unity.Netcode.FastBufferReader,Unity.Netcode.__RpcParams)
Unity.Netcode.RpcMessageHelpers:Handle (Unity.Netcode.NetworkContext&,Unity.Netcode.RpcMetadata&,Unity.Netcode.FastBufferReader&,Unity.Netcode.__RpcParams&) (at ./Library/PackageCache/com.unity.netcode.gameobjects@0f12e689d980/Runtime/Messaging/Messages/RpcMessages.cs:80)
Unity.Netcode.ClientRpcMessage:Handle (Unity.Netcode.NetworkContext&) (at ./Library/PackageCache/com.unity.netcode.gameobjects@0f12e689d980/Runtime/Messaging/Messages/RpcMessages.cs:174)
Unity.Netcode.NetworkBehaviour:__endSendClientRpc (Unity.Netcode.FastBufferWriter&,uint,Unity.Netcode.ClientRpcParams,Unity.Netcode.RpcDelivery) (at ./Library/PackageCache/com.unity.netcode.gameobjects@0f12e689d980/Runtime/Core/NetworkBehaviour.cs:268)
LastJumpCrew.ParkHanSol.Multiplayer.NetworkPlayerCombatController:PlayExtinguisherEffectClientRpc () (at E:/UNITY/LastJumpCrew/Assets/06. JoHanYong_PlayerSystem/02. Script/NetworkPlayerCombatController.cs:752)
LastJumpCrew.ParkHanSol.Multiplayer.NetworkPlayerCombatController:RequestExtinguisherSprayServerRpc () (at E:/UNITY/LastJumpCrew/Assets/06. JoHanYong_PlayerSystem/02. Script/NetworkPlayerCombatController.cs:538)
LastJumpCrew.ParkHanSol.Multiplayer.NetworkPlayerCombatController:__rpc_handler_3485969050 (Unity.Netcode.NetworkBehaviour,Unity.Netcode.FastBufferReader,Unity.Netcode.__RpcParams)
Unity.Netcode.RpcMessageHelpers:Handle (Unity.Netcode.NetworkContext&,Unity.Netcode.RpcMetadata&,Unity.Netcode.FastBufferReader&,Unity.Netcode.__RpcParams&) (at ./Library/PackageCache/com.unity.netcode.gameobjects@0f12e689d980/Runtime/Messaging/Messages/RpcMessages.cs:80)
Unity.Netcode.ServerRpcMessage:Handle (Unity.Netcode.NetworkContext&) (at ./Library/PackageCache/com.unity.netcode.gameobjects@0f12e689d980/Runtime/Messaging/Messages/RpcMessages.cs:137)
Unity.Netcode.NetworkMessageManager:ReceiveMessage<Unity.Netcode.ServerRpcMessage> (Unity.Netcode.FastBufferReader,Unity.Netcode.NetworkContext&,Unity.Netcode.NetworkMessageManager) (at ./Library/PackageCache/com.unity.netcode.gameobjects@0f12e689d980/Runtime/Messaging/NetworkMessageManager.cs:566)
Unity.Netcode.NetworkMessageManager:HandleMessage (Unity.Netcode.NetworkMessageHeader&,Unity.Netcode.FastBufferReader,ulong,single,int) (at ./Library/PackageCache/com.unity.netcode.gameobjects@0f12e689d980/Runtime/Messaging/NetworkMessageManager.cs:420)
Unity.Netcode.NetworkMessageManager:ProcessIncomingMessageQueue () (at ./Library/PackageCache/com.unity.netcode.gameobjects@0f12e689d980/Runtime/Messaging/NetworkMessageManager.cs:446)
Unity.Netcode.NetworkManager:NetworkUpdate (Unity.Netcode.NetworkUpdateStage) (at ./Library/PackageCache/com.unity.netcode.gameobjects@0f12e689d980/Runtime/Core/NetworkManager.cs:364)
Unity.Netcode.NetworkUpdateLoop:RunNetworkUpdateStage (Unity.Netcode.NetworkUpdateStage) (at ./Library/PackageCache/com.unity.netcode.gameobjects@0f12e689d980/Runtime/Core/NetworkUpdateLoop.cs:191)
Unity.Netcode.NetworkUpdateLoop/NetworkEarlyUpdate/<>c:<CreateLoopSystem>b__0_0 () (at ./Library/PackageCache/com.unity.netcode.gameobjects@0f12e689d980/Runtime/Core/NetworkUpdateLoop.cs:214)

(Filename: C:/build/output/unity/unity/Runtime/Export/Debug/Debug.bindings.cs Line: 123)

PHS_ITEM_REMOTE_PRIMARY_USE_OK client=1 item=fire_extinguisher durability=100
UnityEngine.Debug:ExtractStackTraceNoAlloc (byte*,int,string)
UnityEngine.StackTraceUtility:ExtractStackTrace () (at C:/build/output/unity/unity/Runtime/Export/Scripting/StackTrace.cs:35)
UnityEngine.DebugLogHandler:Internal_Log (UnityEngine.LogType,UnityEngine.LogOption,string,UnityEngine.Object)
UnityEngine.DebugLogHandler:LogFormat (UnityEngine.LogType,UnityEngine.Object,string,object[]) (at C:/build/output/unity/unity/Runtime/Export/Logging/DebugLogHandler.cs:9)
UnityEngine.Logger:Log (UnityEngine.LogType,object,UnityEngine.Object) (at C:/build/output/unity/unity/Runtime/Export/Logging/Logger.cs:66)
UnityEngine.Debug:Log (object,UnityEngine.Object) (at C:/build/output/unity/unity/Runtime/Export/Debug/Debug.bindings.cs:128)
LastJumpCrew.ParkHanSol.Multiplayer.Validation.P0RuntimeValidationDriver/<RunRemoteOwnedThrownItemValidation>d__112:MoveNext () (at E:/UNITY/LastJumpCrew/Assets/02. ParkHanSol_TeamLeader_Build & Multi/02. Script/Multiplayer/Validation/P0RuntimeValidationDriver.cs:4003)
UnityEngine.SetupCoroutine:InvokeMoveNext (System.Collections.IEnumerator,intptr) (at C:/build/output/unity/unity/Runtime/Export/Scripting/Coroutines.cs:17)

(Filename: C:/build/output/unity/unity/Runtime/Export/Debug/Debug.bindings.cs Line: 128)

PHS_DROPPED_ITEM_DURABILITY_SYNC item=fire_extinguisher durability=100 source=held_drop
UnityEngine.Debug:ExtractStackTraceNoAlloc (byte*,int,string)
UnityEngine.StackTraceUtility:ExtractStackTrace () (at C:/build/output/unity/unity/Runtime/Export/Scripting/StackTrace.cs:35)
UnityEngine.DebugLogHandler:Internal_Log (UnityEngine.LogType,UnityEngine.LogOption,string,UnityEngine.Object)
UnityEngine.DebugLogHandler:LogFormat (UnityEngine.LogType,UnityEngine.Object,string,object[]) (at C:/build/output/unity/unity/Runtime/Export/Logging/DebugLogHandler.cs:9)
UnityEngine.Logger:Log (UnityEngine.LogType,object,UnityEngine.Object) (at C:/build/output/unity/unity/Runtime/Export/Logging/Logger.cs:66)
UnityEngine.Debug:Log (object,UnityEngine.Object) (at C:/build/output/unity/unity/Runtime/Export/Debug/Debug.bindings.cs:128)
LastJumpCrew.ParkHanSol.Multiplayer.NetworkUtilityItemDurabilityState:OnNetworkSpawn () (at E:/UNITY/LastJumpCrew/Assets/02. ParkHanSol_TeamLeader_Build & Multi/02. Script/Multiplayer/Items/NetworkUtilityItemDurabilityState.cs:75)
Unity.Netcode.NetworkBehaviour:NetworkSpawn () (at ./Library/PackageCache/com.unity.netcode.gameobjects@0f12e689d980/Runtime/Core/NetworkBehaviour.cs:813)
Unity.Netcode.NetworkObject:InvokeBehaviourNetworkSpawn () (at ./Library/PackageCache/com.unity.netcode.gameobjects@0f12e689d980/Runtime/Core/NetworkObject.cs:2698)
Unity.Netcode.NetworkSpawnManager:SpawnNetworkObjectLocallyCommon (Unity.Netcode.NetworkObject,ulong,bool,bool,ulong,bool) (at ./Library/PackageCache/com.unity.netcode.gameobjects@0f12e689d980/Runtime/Spawning/NetworkSpawnManager.cs:1384)
Unity.Netcode.NetworkSpawnManager:AuthorityLocalSpawn (Unity.Netcode.NetworkObject,ulong,bool,bool,ulong,bool) (at ./Library/PackageCache/com.unity.netcode.gameobjects@0f12e689d980/Runtime/Spawning/NetworkSpawnManager.cs:1182)
Unity.Netcode.NetworkObject:Spawn (bool) (at ./Library/PackageCache/com.unity.netcode.gameobjects@0f12e689d980/Runtime/Core/NetworkObject.cs:2010)
LastJumpCrew.ParkHanSol.Multiplayer.NetworkPlayerItemLifecycle:TryCreateDroppedItemServer (string,int,UnityEngine.Vector3,UnityEngine.Quaternion,Unity.Netcode.NetworkObject&) (at E:/UNITY/LastJumpCrew/Assets/02. ParkHanSol_TeamLeader_Build & Multi/02. Script/Multiplayer/Items/NetworkPlayerItemLifecycle.cs:273)
LastJumpCrew.ParkHanSol.Interaction.TempPlayerItemHolder:TryCreateThrownItem (UnityEngine.Vector3,UnityEngine.Quaternion,LastJumpCrew.ParkHanSol.Items.UtilityItemActionKind,UnityEngine.GameObject&,int&) (at E:/UNITY/LastJumpCrew/Assets/02. ParkHanSol_TeamLeader_Build & Multi/02. Script/Interaction/TempPlayerItemHolder.cs:931)
LastJumpCrew.ParkHanSol.Interaction.TempPlayerItemHolder:TryCreateThrownItem (UnityEngine.Vector3,UnityEngine.Quaternion,UnityEngine.GameObject&) (at E:/UNITY/LastJumpCrew/Assets/02. ParkHanSol_TeamLeader_Build & Multi/02. Script/Interaction/TempPlayerItemHolder.cs:877)
LastJumpCrew.ParkHanSol.Multiplayer.NetworkPlayerCombatController:PerformThrowHeldItem (UnityEngine.Vector3,UnityEngine.Vector3,single) (at E:/UNITY/LastJumpCrew/Assets/06. JoHanYong_PlayerSystem/02. Script/NetworkPlayerCombatController.cs:396)
LastJumpCrew.ParkHanSol.Multiplayer.NetworkPlayerCombatController:RequestThrowHeldItemServerRpc (UnityEngine.Vector3,UnityEngine.Vector3,single,Unity.Netcode.ServerRpcParams) (at E:/UNITY/LastJumpCrew/Assets/06. JoHanYong_PlayerSystem/02. Script/NetworkPlayerCombatController.cs:643)
LastJumpCrew.ParkHanSol.Multiplayer.NetworkPlayerCombatController:__rpc_handler_3001723434 (Unity.Netcode.NetworkBehaviour,Unity.Netcode.FastBufferReader,Unity.Netcode.__RpcParams)
Unity.Netcode.RpcMessageHelpers:Handle (Unity.Netcode.NetworkContext&,Unity.Netcode.RpcMetadata&,Unity.Netcode.FastBufferReader&,Unity.Netcode.__RpcParams&) (at ./Library/PackageCache/com.unity.netcode.gameobjects@0f12e689d980/Runtime/Messaging/Messages/RpcMessages.cs:80)
Unity.Netcode.ServerRpcMessage:Handle (Unity.Netcode.NetworkContext&) (at ./Library/PackageCache/com.unity.netcode.gameobjects@0f12e689d980/Runtime/Messaging/Messages/RpcMessages.cs:137)
Unity.Netcode.NetworkMessageManager:ReceiveMessage<Unity.Netcode.ServerRpcMessage> (Unity.Netcode.FastBufferReader,Unity.Netcode.NetworkContext&,Unity.Netcode.NetworkMessageManager) (at ./Library/PackageCache/com.unity.netcode.gameobjects@0f12e689d980/Runtime/Messaging/NetworkMessageManager.cs:566)
Unity.Netcode.NetworkMessageManager:HandleMessage (Unity.Netcode.NetworkMessageHeader&,Unity.Netcode.FastBufferReader,ulong,single,int) (at ./Library/PackageCache/com.unity.netcode.gameobjects@0f12e689d980/Runtime/Messaging/NetworkMessageManager.cs:420)
Unity.Netcode.NetworkMessageManager:ProcessIncomingMessageQueue () (at ./Library/PackageCache/com.unity.netcode.gameobjects@0f12e689d980/Runtime/Messaging/NetworkMessageManager.cs:446)
Unity.Netcode.NetworkManager:NetworkUpdate (Unity.Netcode.NetworkUpdateStage) (at ./Library/PackageCache/com.unity.netcode.gameobjects@0f12e689d980/Runtime/Core/NetworkManager.cs:364)
Unity.Netcode.NetworkUpdateLoop:RunNetworkUpdateStage (Unity.Netcode.NetworkUpdateStage) (at ./Library/PackageCache/com.unity.netcode.gameobjects@0f12e689d980/Runtime/Core/NetworkUpdateLoop.cs:191)
Unity.Netcode.NetworkUpdateLoop/NetworkEarlyUpdate/<>c:<CreateLoopSystem>b__0_0 () (at ./Library/PackageCache/com.unity.netcode.gameobjects@0f12e689d980/Runtime/Core/NetworkUpdateLoop.cs:214)

(Filename: C:/build/output/unity/unity/Runtime/Export/Debug/Debug.bindings.cs Line: 128)

PHS_ITEM_RECORD_CONSUMED player=PHS_CuteWhiteGhost_Player(Clone) owner=1 item=fire_extinguisher revision=4
UnityEngine.Debug:ExtractStackTraceNoAlloc (byte*,int,string)
UnityEngine.StackTraceUtility:ExtractStackTrace () (at C:/build/output/unity/unity/Runtime/Export/Scripting/StackTrace.cs:35)
UnityEngine.DebugLogHandler:Internal_Log (UnityEngine.LogType,UnityEngine.LogOption,string,UnityEngine.Object)
UnityEngine.DebugLogHandler:LogFormat (UnityEngine.LogType,UnityEngine.Object,string,object[]) (at C:/build/output/unity/unity/Runtime/Export/Logging/DebugLogHandler.cs:9)
UnityEngine.Logger:Log (UnityEngine.LogType,object,UnityEngine.Object) (at C:/build/output/unity/unity/Runtime/Export/Logging/Logger.cs:66)
UnityEngine.Debug:Log (object,UnityEngine.Object) (at C:/build/output/unity/unity/Runtime/Export/Debug/Debug.bindings.cs:128)
LastJumpCrew.ParkHanSol.Multiplayer.NetworkPlayerItemRecord:TryConsumeHeldItemServer (string,uint) (at E:/UNITY/LastJumpCrew/Assets/02. ParkHanSol_TeamLeader_Build & Multi/02. Script/Multiplayer/Items/NetworkPlayerItemRecord.cs:246)
LastJumpCrew.ParkHanSol.Interaction.TempPlayerItemHolder:TryCreateThrownItem (UnityEngine.Vector3,UnityEngine.Quaternion,LastJumpCrew.ParkHanSol.Items.UtilityItemActionKind,UnityEngine.GameObject&,int&) (at E:/UNITY/LastJumpCrew/Assets/02. ParkHanSol_TeamLeader_Build & Multi/02. Script/Interaction/TempPlayerItemHolder.cs:942)
LastJumpCrew.ParkHanSol.Interaction.TempPlayerItemHolder:TryCreateThrownItem (UnityEngine.Vector3,UnityEngine.Quaternion,UnityEngine.GameObject&) (at E:/UNITY/LastJumpCrew/Assets/02. ParkHanSol_TeamLeader_Build & Multi/02. Script/Interaction/TempPlayerItemHolder.cs:877)
LastJumpCrew.ParkHanSol.Multiplayer.NetworkPlayerCombatController:PerformThrowHeldItem (UnityEngine.Vector3,UnityEngine.Vector3,single) (at E:/UNITY/LastJumpCrew/Assets/06. JoHanYong_PlayerSystem/02. Script/NetworkPlayerCombatController.cs:396)
LastJumpCrew.ParkHanSol.Multiplayer.NetworkPlayerCombatController:RequestThrowHeldItemServerRpc (UnityEngine.Vector3,UnityEngine.Vector3,single,Unity.Netcode.ServerRpcParams) (at E:/UNITY/LastJumpCrew/Assets/06. JoHanYong_PlayerSystem/02. Script/NetworkPlayerCombatController.cs:643)
LastJumpCrew.ParkHanSol.Multiplayer.NetworkPlayerCombatController:__rpc_handler_3001723434 (Unity.Netcode.NetworkBehaviour,Unity.Netcode.FastBufferReader,Unity.Netcode.__RpcParams)
Unity.Netcode.RpcMessageHelpers:Handle (Unity.Netcode.NetworkContext&,Unity.Netcode.RpcMetadata&,Unity.Netcode.FastBufferReader&,Unity.Netcode.__RpcParams&) (at ./Library/PackageCache/com.unity.netcode.gameobjects@0f12e689d980/Runtime/Messaging/Messages/RpcMessages.cs:80)
Unity.Netcode.ServerRpcMessage:Handle (Unity.Netcode.NetworkContext&) (at ./Library/PackageCache/com.unity.netcode.gameobjects@0f12e689d980/Runtime/Messaging/Messages/RpcMessages.cs:137)
Unity.Netcode.NetworkMessageManager:ReceiveMessage<Unity.Netcode.ServerRpcMessage> (Unity.Netcode.FastBufferReader,Unity.Netcode.NetworkContext&,Unity.Netcode.NetworkMessageManager) (at ./Library/PackageCache/com.unity.netcode.gameobjects@0f12e689d980/Runtime/Messaging/NetworkMessageManager.cs:566)
Unity.Netcode.NetworkMessageManager:HandleMessage (Unity.Netcode.NetworkMessageHeader&,Unity.Netcode.FastBufferReader,ulong,single,int) (at ./Library/PackageCache/com.unity.netcode.gameobjects@0f12e689d980/Runtime/Messaging/NetworkMessageManager.cs:420)
Unity.Netcode.NetworkMessageManager:ProcessIncomingMessageQueue () (at ./Library/PackageCache/com.unity.netcode.gameobjects@0f12e689d980/Runtime/Messaging/NetworkMessageManager.cs:446)
Unity.Netcode.NetworkManager:NetworkUpdate (Unity.Netcode.NetworkUpdateStage) (at ./Library/PackageCache/com.unity.netcode.gameobjects@0f12e689d980/Runtime/Core/NetworkManager.cs:364)
Unity.Netcode.NetworkUpdateLoop:RunNetworkUpdateStage (Unity.Netcode.NetworkUpdateStage) (at ./Library/PackageCache/com.unity.netcode.gameobjects@0f12e689d980/Runtime/Core/NetworkUpdateLoop.cs:191)
Unity.Netcode.NetworkUpdateLoop/NetworkEarlyUpdate/<>c:<CreateLoopSystem>b__0_0 () (at ./Library/PackageCache/com.unity.netcode.gameobjects@0f12e689d980/Runtime/Core/NetworkUpdateLoop.cs:214)

(Filename: C:/build/output/unity/unity/Runtime/Export/Debug/Debug.bindings.cs Line: 128)

PHS_TEMP_ITEM_THROW_CREATED player=PHS_CuteWhiteGhost_Player(Clone) item=fire_extinguisher networkObjectId=46 position=(-403.67, 0.22, -12.92)
UnityEngine.Debug:ExtractStackTraceNoAlloc (byte*,int,string)
UnityEngine.StackTraceUtility:ExtractStackTrace () (at C:/build/output/unity/unity/Runtime/Export/Scripting/StackTrace.cs:35)
UnityEngine.DebugLogHandler:Internal_Log (UnityEngine.LogType,UnityEngine.LogOption,string,UnityEngine.Object)
UnityEngine.DebugLogHandler:LogFormat (UnityEngine.LogType,UnityEngine.Object,string,object[]) (at C:/build/output/unity/unity/Runtime/Export/Logging/DebugLogHandler.cs:9)
UnityEngine.Logger:Log (UnityEngine.LogType,object) (at C:/build/output/unity/unity/Runtime/Export/Logging/Logger.cs:60)
UnityEngine.Debug:Log (object) (at C:/build/output/unity/unity/Runtime/Export/Debug/Debug.bindings.cs:123)
LastJumpCrew.ParkHanSol.Interaction.TempPlayerItemHolder:TryCreateThrownItem (UnityEngine.Vector3,UnityEngine.Quaternion,LastJumpCrew.ParkHanSol.Items.UtilityItemActionKind,UnityEngine.GameObject&,int&) (at E:/UNITY/LastJumpCrew/Assets/02. ParkHanSol_TeamLeader_Build & Multi/02. Script/Interaction/TempPlayerItemHolder.cs:955)
LastJumpCrew.ParkHanSol.Interaction.TempPlayerItemHolder:TryCreateThrownItem (UnityEngine.Vector3,UnityEngine.Quaternion,UnityEngine.GameObject&) (at E:/UNITY/LastJumpCrew/Assets/02. ParkHanSol_TeamLeader_Build & Multi/02. Script/Interaction/TempPlayerItemHolder.cs:877)
LastJumpCrew.ParkHanSol.Multiplayer.NetworkPlayerCombatController:PerformThrowHeldItem (UnityEngine.Vector3,UnityEngine.Vector3,single) (at E:/UNITY/LastJumpCrew/Assets/06. JoHanYong_PlayerSystem/02. Script/NetworkPlayerCombatController.cs:396)
LastJumpCrew.ParkHanSol.Multiplayer.NetworkPlayerCombatController:RequestThrowHeldItemServerRpc (UnityEngine.Vector3,UnityEngine.Vector3,single,Unity.Netcode.ServerRpcParams) (at E:/UNITY/LastJumpCrew/Assets/06. JoHanYong_PlayerSystem/02. Script/NetworkPlayerCombatController.cs:643)
LastJumpCrew.ParkHanSol.Multiplayer.NetworkPlayerCombatController:__rpc_handler_3001723434 (Unity.Netcode.NetworkBehaviour,Unity.Netcode.FastBufferReader,Unity.Netcode.__RpcParams)
Unity.Netcode.RpcMessageHelpers:Handle (Unity.Netcode.NetworkContext&,Unity.Netcode.RpcMetadata&,Unity.Netcode.FastBufferReader&,Unity.Netcode.__RpcParams&) (at ./Library/PackageCache/com.unity.netcode.gameobjects@0f12e689d980/Runtime/Messaging/Messages/RpcMessages.cs:80)
Unity.Netcode.ServerRpcMessage:Handle (Unity.Netcode.NetworkContext&) (at ./Library/PackageCache/com.unity.netcode.gameobjects@0f12e689d980/Runtime/Messaging/Messages/RpcMessages.cs:137)
Unity.Netcode.NetworkMessageManager:ReceiveMessage<Unity.Netcode.ServerRpcMessage> (Unity.Netcode.FastBufferReader,Unity.Netcode.NetworkContext&,Unity.Netcode.NetworkMessageManager) (at ./Library/PackageCache/com.unity.netcode.gameobjects@0f12e689d980/Runtime/Messaging/NetworkMessageManager.cs:566)
Unity.Netcode.NetworkMessageManager:HandleMessage (Unity.Netcode.NetworkMessageHeader&,Unity.Netcode.FastBufferReader,ulong,single,int) (at ./Library/PackageCache/com.unity.netcode.gameobjects@0f12e689d980/Runtime/Messaging/NetworkMessageManager.cs:420)
Unity.Netcode.NetworkMessageManager:ProcessIncomingMessageQueue () (at ./Library/PackageCache/com.unity.netcode.gameobjects@0f12e689d980/Runtime/Messaging/NetworkMessageManager.cs:446)
Unity.Netcode.NetworkManager:NetworkUpdate (Unity.Netcode.NetworkUpdateStage) (at ./Library/PackageCache/com.unity.netcode.gameobjects@0f12e689d980/Runtime/Core/NetworkManager.cs:364)
Unity.Netcode.NetworkUpdateLoop:RunNetworkUpdateStage (Unity.Netcode.NetworkUpdateStage) (at ./Library/PackageCache/com.unity.netcode.gameobjects@0f12e689d980/Runtime/Core/NetworkUpdateLoop.cs:191)
Unity.Netcode.NetworkUpdateLoop/NetworkEarlyUpdate/<>c:<CreateLoopSystem>b__0_0 () (at ./Library/PackageCache/com.unity.netcode.gameobjects@0f12e689d980/Runtime/Core/NetworkUpdateLoop.cs:214)

(Filename: C:/build/output/unity/unity/Runtime/Export/Debug/Debug.bindings.cs Line: 123)

PHS_THROW_IMPACT_READY item=ParkHanSol_FireExtinguisher_Dropped(Clone)
UnityEngine.Debug:ExtractStackTraceNoAlloc (byte*,int,string)
UnityEngine.StackTraceUtility:ExtractStackTrace () (at C:/build/output/unity/unity/Runtime/Export/Scripting/StackTrace.cs:35)
UnityEngine.DebugLogHandler:Internal_Log (UnityEngine.LogType,UnityEngine.LogOption,string,UnityEngine.Object)
UnityEngine.DebugLogHandler:LogFormat (UnityEngine.LogType,UnityEngine.Object,string,object[]) (at C:/build/output/unity/unity/Runtime/Export/Logging/DebugLogHandler.cs:9)
UnityEngine.Logger:Log (UnityEngine.LogType,object) (at C:/build/output/unity/unity/Runtime/Export/Logging/Logger.cs:60)
UnityEngine.Debug:Log (object) (at C:/build/output/unity/unity/Runtime/Export/Debug/Debug.bindings.cs:123)
LastJumpCrew.ParkHanSol.Items.ThrownItemImpact:InitializeThrow (UnityEngine.GameObject) (at E:/UNITY/LastJumpCrew/Assets/06. JoHanYong_PlayerSystem/02. Script/ThrownItemImpact.cs:39)
LastJumpCrew.ParkHanSol.Multiplayer.NetworkPlayerCombatController:PerformThrowHeldItem (UnityEngine.Vector3,UnityEngine.Vector3,single) (at E:/UNITY/LastJumpCrew/Assets/06. JoHanYong_PlayerSystem/02. Script/NetworkPlayerCombatController.cs:444)
LastJumpCrew.ParkHanSol.Multiplayer.NetworkPlayerCombatController:RequestThrowHeldItemServerRpc (UnityEngine.Vector3,UnityEngine.Vector3,single,Unity.Netcode.ServerRpcParams) (at E:/UNITY/LastJumpCrew/Assets/06. JoHanYong_PlayerSystem/02. Script/NetworkPlayerCombatController.cs:643)
LastJumpCrew.ParkHanSol.Multiplayer.NetworkPlayerCombatController:__rpc_handler_3001723434 (Unity.Netcode.NetworkBehaviour,Unity.Netcode.FastBufferReader,Unity.Netcode.__RpcParams)
Unity.Netcode.RpcMessageHelpers:Handle (Unity.Netcode.NetworkContext&,Unity.Netcode.RpcMetadata&,Unity.Netcode.FastBufferReader&,Unity.Netcode.__RpcParams&) (at ./Library/PackageCache/com.unity.netcode.gameobjects@0f12e689d980/Runtime/Messaging/Messages/RpcMessages.cs:80)
Unity.Netcode.ServerRpcMessage:Handle (Unity.Netcode.NetworkContext&) (at ./Library/PackageCache/com.unity.netcode.gameobjects@0f12e689d980/Runtime/Messaging/Messages/RpcMessages.cs:137)
Unity.Netcode.NetworkMessageManager:ReceiveMessage<Unity.Netcode.ServerRpcMessage> (Unity.Netcode.FastBufferReader,Unity.Netcode.NetworkContext&,Unity.Netcode.NetworkMessageManager) (at ./Library/PackageCache/com.unity.netcode.gameobjects@0f12e689d980/Runtime/Messaging/NetworkMessageManager.cs:566)
Unity.Netcode.NetworkMessageManager:HandleMessage (Unity.Netcode.NetworkMessageHeader&,Unity.Netcode.FastBufferReader,ulong,single,int) (at ./Library/PackageCache/com.unity.netcode.gameobjects@0f12e689d980/Runtime/Messaging/NetworkMessageManager.cs:420)
Unity.Netcode.NetworkMessageManager:ProcessIncomingMessageQueue () (at ./Library/PackageCache/com.unity.netcode.gameobjects@0f12e689d980/Runtime/Messaging/NetworkMessageManager.cs:446)
Unity.Netcode.NetworkManager:NetworkUpdate (Unity.Netcode.NetworkUpdateStage) (at ./Library/PackageCache/com.unity.netcode.gameobjects@0f12e689d980/Runtime/Core/NetworkManager.cs:364)
Unity.Netcode.NetworkUpdateLoop:RunNetworkUpdateStage (Unity.Netcode.NetworkUpdateStage) (at ./Library/PackageCache/com.unity.netcode.gameobjects@0f12e689d980/Runtime/Core/NetworkUpdateLoop.cs:191)
Unity.Netcode.NetworkUpdateLoop/NetworkEarlyUpdate/<>c:<CreateLoopSystem>b__0_0 () (at ./Library/PackageCache/com.unity.netcode.gameobjects@0f12e689d980/Runtime/Core/NetworkUpdateLoop.cs:214)

(Filename: C:/build/output/unity/unity/Runtime/Export/Debug/Debug.bindings.cs Line: 123)

PHS_ITEM_THROW_EXECUTED player=PHS_CuteWhiteGhost_Player(Clone) item=ParkHanSol_FireExtinguisher_Dropped(Clone) force=6.60
UnityEngine.Debug:ExtractStackTraceNoAlloc (byte*,int,string)
UnityEngine.StackTraceUtility:ExtractStackTrace () (at C:/build/output/unity/unity/Runtime/Export/Scripting/StackTrace.cs:35)
UnityEngine.DebugLogHandler:Internal_Log (UnityEngine.LogType,UnityEngine.LogOption,string,UnityEngine.Object)
UnityEngine.DebugLogHandler:LogFormat (UnityEngine.LogType,UnityEngine.Object,string,object[]) (at C:/build/output/unity/unity/Runtime/Export/Logging/DebugLogHandler.cs:9)
UnityEngine.Logger:Log (UnityEngine.LogType,object) (at C:/build/output/unity/unity/Runtime/Export/Logging/Logger.cs:60)
UnityEngine.Debug:Log (object) (at C:/build/output/unity/unity/Runtime/Export/Debug/Debug.bindings.cs:123)
LastJumpCrew.ParkHanSol.Multiplayer.NetworkPlayerCombatController:PerformThrowHeldItem (UnityEngine.Vector3,UnityEngine.Vector3,single) (at E:/UNITY/LastJumpCrew/Assets/06. JoHanYong_PlayerSystem/02. Script/NetworkPlayerCombatController.cs:450)
LastJumpCrew.ParkHanSol.Multiplayer.NetworkPlayerCombatController:RequestThrowHeldItemServerRpc (UnityEngine.Vector3,UnityEngine.Vector3,single,Unity.Netcode.ServerRpcParams) (at E:/UNITY/LastJumpCrew/Assets/06. JoHanYong_PlayerSystem/02. Script/NetworkPlayerCombatController.cs:643)
LastJumpCrew.ParkHanSol.Multiplayer.NetworkPlayerCombatController:__rpc_handler_3001723434 (Unity.Netcode.NetworkBehaviour,Unity.Netcode.FastBufferReader,Unity.Netcode.__RpcParams)
Unity.Netcode.RpcMessageHelpers:Handle (Unity.Netcode.NetworkContext&,Unity.Netcode.RpcMetadata&,Unity.Netcode.FastBufferReader&,Unity.Netcode.__RpcParams&) (at ./Library/PackageCache/com.unity.netcode.gameobjects@0f12e689d980/Runtime/Messaging/Messages/RpcMessages.cs:80)
Unity.Netcode.ServerRpcMessage:Handle (Unity.Netcode.NetworkContext&) (at ./Library/PackageCache/com.unity.netcode.gameobjects@0f12e689d980/Runtime/Messaging/Messages/RpcMessages.cs:137)
Unity.Netcode.NetworkMessageManager:ReceiveMessage<Unity.Netcode.ServerRpcMessage> (Unity.Netcode.FastBufferReader,Unity.Netcode.NetworkContext&,Unity.Netcode.NetworkMessageManager) (at ./Library/PackageCache/com.unity.netcode.gameobjects@0f12e689d980/Runtime/Messaging/NetworkMessageManager.cs:566)
Unity.Netcode.NetworkMessageManager:HandleMessage (Unity.Netcode.NetworkMessageHeader&,Unity.Netcode.FastBufferReader,ulong,single,int) (at ./Library/PackageCache/com.unity.netcode.gameobjects@0f12e689d980/Runtime/Messaging/NetworkMessageManager.cs:420)
Unity.Netcode.NetworkMessageManager:ProcessIncomingMessageQueue () (at ./Library/PackageCache/com.unity.netcode.gameobjects@0f12e689d980/Runtime/Messaging/NetworkMessageManager.cs:446)
Unity.Netcode.NetworkManager:NetworkUpdate (Unity.Netcode.NetworkUpdateStage) (at ./Library/PackageCache/com.unity.netcode.gameobjects@0f12e689d980/Runtime/Core/NetworkManager.cs:364)
Unity.Netcode.NetworkUpdateLoop:RunNetworkUpdateStage (Unity.Netcode.NetworkUpdateStage) (at ./Library/PackageCache/com.unity.netcode.gameobjects@0f12e689d980/Runtime/Core/NetworkUpdateLoop.cs:191)
Unity.Netcode.NetworkUpdateLoop/NetworkEarlyUpdate/<>c:<CreateLoopSystem>b__0_0 () (at ./Library/PackageCache/com.unity.netcode.gameobjects@0f12e689d980/Runtime/Core/NetworkUpdateLoop.cs:214)

(Filename: C:/build/output/unity/unity/Runtime/Export/Debug/Debug.bindings.cs Line: 123)

PHS_P0_REMOTE_ITEM_OWNERSHIP_OK client=1 item=fire_extinguisher pickupNetworkObjectId=45 thrownNetworkObjectId=46 peers=2 heldVisualNetworkObjects=0 durability=100 recordRevision=4
UnityEngine.Debug:ExtractStackTraceNoAlloc (byte*,int,string)
UnityEngine.StackTraceUtility:ExtractStackTrace () (at C:/build/output/unity/unity/Runtime/Export/Scripting/StackTrace.cs:35)
UnityEngine.DebugLogHandler:Internal_Log (UnityEngine.LogType,UnityEngine.LogOption,string,UnityEngine.Object)
UnityEngine.DebugLogHandler:LogFormat (UnityEngine.LogType,UnityEngine.Object,string,object[]) (at C:/build/output/unity/unity/Runtime/Export/Logging/DebugLogHandler.cs:9)
UnityEngine.Logger:Log (UnityEngine.LogType,object,UnityEngine.Object) (at C:/build/output/unity/unity/Runtime/Export/Logging/Logger.cs:66)
UnityEngine.Debug:Log (object,UnityEngine.Object) (at C:/build/output/unity/unity/Runtime/Export/Debug/Debug.bindings.cs:128)
LastJumpCrew.ParkHanSol.Multiplayer.Validation.P0RuntimeValidationDriver/<RunRemoteOwnedThrownItemValidation>d__112:MoveNext () (at E:/UNITY/LastJumpCrew/Assets/02. ParkHanSol_TeamLeader_Build & Multi/02. Script/Multiplayer/Validation/P0RuntimeValidationDriver.cs:4143)
UnityEngine.SetupCoroutine:InvokeMoveNext (System.Collections.IEnumerator,intptr) (at C:/build/output/unity/unity/Runtime/Export/Scripting/Coroutines.cs:17)

(Filename: C:/build/output/unity/unity/Runtime/Export/Debug/Debug.bindings.cs Line: 128)

PHS_ITEM_REMOTE_POSITION client=1 server=(-404.30, 0.14, -14.54) owner=(-404.30, 0.15, -14.54) distance=0.005
UnityEngine.Debug:ExtractStackTraceNoAlloc (byte*,int,string)
UnityEngine.StackTraceUtility:ExtractStackTrace () (at C:/build/output/unity/unity/Runtime/Export/Scripting/StackTrace.cs:35)
UnityEngine.DebugLogHandler:Internal_Log (UnityEngine.LogType,UnityEngine.LogOption,string,UnityEngine.Object)
UnityEngine.DebugLogHandler:LogFormat (UnityEngine.LogType,UnityEngine.Object,string,object[]) (at C:/build/output/unity/unity/Runtime/Export/Logging/DebugLogHandler.cs:9)
UnityEngine.Logger:Log (UnityEngine.LogType,object,UnityEngine.Object) (at C:/build/output/unity/unity/Runtime/Export/Logging/Logger.cs:66)
UnityEngine.Debug:Log (object,UnityEngine.Object) (at C:/build/output/unity/unity/Runtime/Export/Debug/Debug.bindings.cs:128)
LastJumpCrew.ParkHanSol.Multiplayer.Validation.P0RuntimeValidationDriver/<RunRemoteOwnedThrownItemValidation>d__112:MoveNext () (at E:/UNITY/LastJumpCrew/Assets/02. ParkHanSol_TeamLeader_Build & Multi/02. Script/Multiplayer/Validation/P0RuntimeValidationDriver.cs:3839)
UnityEngine.SetupCoroutine:InvokeMoveNext (System.Collections.IEnumerator,intptr) (at C:/build/output/unity/unity/Runtime/Export/Scripting/Coroutines.cs:17)

(Filename: C:/build/output/unity/unity/Runtime/Export/Debug/Debug.bindings.cs Line: 128)

PHS_DROPPED_ITEM_DURABILITY_SYNC item=battery_pack durability=100 source=held_drop
UnityEngine.Debug:ExtractStackTraceNoAlloc (byte*,int,string)
UnityEngine.StackTraceUtility:ExtractStackTrace () (at C:/build/output/unity/unity/Runtime/Export/Scripting/StackTrace.cs:35)
UnityEngine.DebugLogHandler:Internal_Log (UnityEngine.LogType,UnityEngine.LogOption,string,UnityEngine.Object)
UnityEngine.DebugLogHandler:LogFormat (UnityEngine.LogType,UnityEngine.Object,string,object[]) (at C:/build/output/unity/unity/Runtime/Export/Logging/DebugLogHandler.cs:9)
UnityEngine.Logger:Log (UnityEngine.LogType,object,UnityEngine.Object) (at C:/build/output/unity/unity/Runtime/Export/Logging/Logger.cs:66)
UnityEngine.Debug:Log (object,UnityEngine.Object) (at C:/build/output/unity/unity/Runtime/Export/Debug/Debug.bindings.cs:128)
LastJumpCrew.ParkHanSol.Multiplayer.NetworkUtilityItemDurabilityState:OnNetworkSpawn () (at E:/UNITY/LastJumpCrew/Assets/02. ParkHanSol_TeamLeader_Build & Multi/02. Script/Multiplayer/Items/NetworkUtilityItemDurabilityState.cs:75)
Unity.Netcode.NetworkBehaviour:NetworkSpawn () (at ./Library/PackageCache/com.unity.netcode.gameobjects@0f12e689d980/Runtime/Core/NetworkBehaviour.cs:813)
Unity.Netcode.NetworkObject:InvokeBehaviourNetworkSpawn () (at ./Library/PackageCache/com.unity.netcode.gameobjects@0f12e689d980/Runtime/Core/NetworkObject.cs:2698)
Unity.Netcode.NetworkSpawnManager:SpawnNetworkObjectLocallyCommon (Unity.Netcode.NetworkObject,ulong,bool,bool,ulong,bool) (at ./Library/PackageCache/com.unity.netcode.gameobjects@0f12e689d980/Runtime/Spawning/NetworkSpawnManager.cs:1384)
Unity.Netcode.NetworkSpawnManager:AuthorityLocalSpawn (Unity.Netcode.NetworkObject,ulong,bool,bool,ulong,bool) (at ./Library/PackageCache/com.unity.netcode.gameobjects@0f12e689d980/Runtime/Spawning/NetworkSpawnManager.cs:1182)
Unity.Netcode.NetworkObject:Spawn (bool) (at ./Library/PackageCache/com.unity.netcode.gameobjects@0f12e689d980/Runtime/Core/NetworkObject.cs:2010)
LastJumpCrew.ParkHanSol.Multiplayer.NetworkPlayerItemLifecycle:TryCreateDroppedItemServer (string,int,UnityEngine.Vector3,UnityEngine.Quaternion,Unity.Netcode.NetworkObject&) (at E:/UNITY/LastJumpCrew/Assets/02. ParkHanSol_TeamLeader_Build & Multi/02. Script/Multiplayer/Items/NetworkPlayerItemLifecycle.cs:273)
LastJumpCrew.ParkHanSol.Multiplayer.NetworkPlayerItemLifecycle:TryCreateDroppedItemServer (string,UnityEngine.Vector3,UnityEngine.Quaternion,Unity.Netcode.NetworkObject&) (at E:/UNITY/LastJumpCrew/Assets/02. ParkHanSol_TeamLeader_Build & Multi/02. Script/Multiplayer/Items/NetworkPlayerItemLifecycle.cs:189)
LastJumpCrew.ParkHanSol.Multiplayer.Validation.P0RuntimeValidationDriver/<RunRemoteOwnedThrownItemValidation>d__112:MoveNext () (at E:/UNITY/LastJumpCrew/Assets/02. ParkHanSol_TeamLeader_Build & Multi/02. Script/Multiplayer/Validation/P0RuntimeValidationDriver.cs:3854)
UnityEngine.SetupCoroutine:InvokeMoveNext (System.Collections.IEnumerator,intptr) (at C:/build/output/unity/unity/Runtime/Export/Scripting/Coroutines.cs:17)

(Filename: C:/build/output/unity/unity/Runtime/Export/Debug/Debug.bindings.cs Line: 128)

PHS_NETWORK_ITEM_PRESENTED player=PHS_CuteWhiteGhost_Player(Clone) owner=1 item=battery_pack
UnityEngine.Debug:ExtractStackTraceNoAlloc (byte*,int,string)
UnityEngine.StackTraceUtility:ExtractStackTrace () (at C:/build/output/unity/unity/Runtime/Export/Scripting/StackTrace.cs:35)
UnityEngine.DebugLogHandler:Internal_Log (UnityEngine.LogType,UnityEngine.LogOption,string,UnityEngine.Object)
UnityEngine.DebugLogHandler:LogFormat (UnityEngine.LogType,UnityEngine.Object,string,object[]) (at C:/build/output/unity/unity/Runtime/Export/Logging/DebugLogHandler.cs:9)
UnityEngine.Logger:Log (UnityEngine.LogType,object) (at C:/build/output/unity/unity/Runtime/Export/Logging/Logger.cs:60)
UnityEngine.Debug:Log (object) (at C:/build/output/unity/unity/Runtime/Export/Debug/Debug.bindings.cs:123)
LastJumpCrew.ParkHanSol.Interaction.TempPlayerItemHolder:HandleNetworkHeldItemChanged (string) (at E:/UNITY/LastJumpCrew/Assets/02. ParkHanSol_TeamLeader_Build & Multi/02. Script/Interaction/TempPlayerItemHolder.cs:706)
LastJumpCrew.ParkHanSol.Multiplayer.NetworkPlayerItemRecord:HandleHeldItemChanged (Unity.Collections.FixedString64Bytes,Unity.Collections.FixedString64Bytes) (at E:/UNITY/LastJumpCrew/Assets/02. ParkHanSol_TeamLeader_Build & Multi/02. Script/Multiplayer/Items/NetworkPlayerItemRecord.cs:275)
Unity.Netcode.NetworkVariable`1<Unity.Collections.FixedString64Bytes>:set_Value (Unity.Collections.FixedString64Bytes) (at ./Library/PackageCache/com.unity.netcode.gameobjects@0f12e689d980/Runtime/NetworkVariable/NetworkVariable.cs:165)
LastJumpCrew.ParkHanSol.Multiplayer.NetworkPlayerItemRecord:ApplyServerRecord (string,int) (at E:/UNITY/LastJumpCrew/Assets/02. ParkHanSol_TeamLeader_Build & Multi/02. Script/Multiplayer/Items/NetworkPlayerItemRecord.cs:266)
LastJumpCrew.ParkHanSol.Multiplayer.NetworkPlayerItemRecord:TrySetHeldItemServer (string,int,uint) (at E:/UNITY/LastJumpCrew/Assets/02. ParkHanSol_TeamLeader_Build & Multi/02. Script/Multiplayer/Items/NetworkPlayerItemRecord.cs:112)
LastJumpCrew.ParkHanSol.Multiplayer.NetworkPlayerItemLifecycle:TryCommitHeldItemAssignmentServer (LastJumpCrew.ParkHanSol.Items.UtilityItemPrefabData,int,uint,LastJumpCrew.ParkHanSol.Multiplayer.NetworkPlayerItemLifecycle/HeldItemAssignmentTransaction&) (at E:/UNITY/LastJumpCrew/Assets/02. ParkHanSol_TeamLeader_Build & Multi/02. Script/Multiplayer/Items/NetworkPlayerItemLifecycle.cs:399)
LastJumpCrew.ParkHanSol.Multiplayer.NetworkPlayerItemLifecycle:TryPickupItemServer (ulong,ulong) (at E:/UNITY/LastJumpCrew/Assets/02. ParkHanSol_TeamLeader_Build & Multi/02. Script/Multiplayer/Items/NetworkPlayerItemLifecycle.cs:634)
LastJumpCrew.ParkHanSol.Multiplayer.NetworkPlayerItemLifecycle:RequestNetworkPickupServerRpc (ulong,Unity.Netcode.ServerRpcParams) (at E:/UNITY/LastJumpCrew/Assets/02. ParkHanSol_TeamLeader_Build & Multi/02. Script/Multiplayer/Items/NetworkPlayerItemLifecycle.cs:548)
LastJumpCrew.ParkHanSol.Multiplayer.NetworkPlayerItemLifecycle:__rpc_handler_866128810 (Unity.Netcode.NetworkBehaviour,Unity.Netcode.FastBufferReader,Unity.Netcode.__RpcParams)
Unity.Netcode.RpcMessageHelpers:Handle (Unity.Netcode.NetworkContext&,Unity.Netcode.RpcMetadata&,Unity.Netcode.FastBufferReader&,Unity.Netcode.__RpcParams&) (at ./Library/PackageCache/com.unity.netcode.gameobjects@0f12e689d980/Runtime/Messaging/Messages/RpcMessages.cs:80)
Unity.Netcode.ServerRpcMessage:Handle (Unity.Netcode.NetworkContext&) (at ./Library/PackageCache/com.unity.netcode.gameobjects@0f12e689d980/Runtime/Messaging/Messages/RpcMessages.cs:137)
Unity.Netcode.NetworkMessageManager:ReceiveMessage<Unity.Netcode.ServerRpcMessage> (Unity.Netcode.FastBufferReader,Unity.Netcode.NetworkContext&,Unity.Netcode.NetworkMessageManager) (at ./Library/PackageCache/com.unity.netcode.gameobjects@0f12e689d980/Runtime/Messaging/NetworkMessageManager.cs:566)
Unity.Netcode.NetworkMessageManager:HandleMessage (Unity.Netcode.NetworkMessageHeader&,Unity.Netcode.FastBufferReader,ulong,single,int) (at ./Library/PackageCache/com.unity.netcode.gameobjects@0f12e689d980/Runtime/Messaging/NetworkMessageManager.cs:420)
Unity.Netcode.NetworkMessageManager:ProcessIncomingMessageQueue () (at ./Library/PackageCache/com.unity.netcode.gameobjects@0f12e689d980/Runtime/Messaging/NetworkMessageManager.cs:446)
Unity.Netcode.NetworkManager:NetworkUpdate (Unity.Netcode.NetworkUpdateStage) (at ./Library/PackageCache/com.unity.netcode.gameobjects@0f12e689d980/Runtime/Core/NetworkManager.cs:364)
Unity.Netcode.NetworkUpdateLoop:RunNetworkUpdateStage (Unity.Netcode.NetworkUpdateStage) (at ./Library/PackageCache/com.unity.netcode.gameobjects@0f12e689d980/Runtime/Core/NetworkUpdateLoop.cs:191)
Unity.Netcode.NetworkUpdateLoop/NetworkEarlyUpdate/<>c:<CreateLoopSystem>b__0_0 () (at ./Library/PackageCache/com.unity.netcode.gameobjects@0f12e689d980/Runtime/Core/NetworkUpdateLoop.cs:214)

(Filename: C:/build/output/unity/unity/Runtime/Export/Debug/Debug.bindings.cs Line: 123)

PHS_ITEM_RECORD_SYNC player=PHS_CuteWhiteGhost_Player(Clone) owner=1 item=battery_pack durability=100 revision=5
UnityEngine.Debug:ExtractStackTraceNoAlloc (byte*,int,string)
UnityEngine.StackTraceUtility:ExtractStackTrace () (at C:/build/output/unity/unity/Runtime/Export/Scripting/StackTrace.cs:35)
UnityEngine.DebugLogHandler:Internal_Log (UnityEngine.LogType,UnityEngine.LogOption,string,UnityEngine.Object)
UnityEngine.DebugLogHandler:LogFormat (UnityEngine.LogType,UnityEngine.Object,string,object[]) (at C:/build/output/unity/unity/Runtime/Export/Logging/DebugLogHandler.cs:9)
UnityEngine.Logger:Log (UnityEngine.LogType,object) (at C:/build/output/unity/unity/Runtime/Export/Logging/Logger.cs:60)
UnityEngine.Debug:Log (object) (at C:/build/output/unity/unity/Runtime/Export/Debug/Debug.bindings.cs:123)
LastJumpCrew.ParkHanSol.Multiplayer.NetworkPlayerItemRecord:ApplyServerRecord (string,int) (at E:/UNITY/LastJumpCrew/Assets/02. ParkHanSol_TeamLeader_Build & Multi/02. Script/Multiplayer/Items/NetworkPlayerItemRecord.cs:269)
LastJumpCrew.ParkHanSol.Multiplayer.NetworkPlayerItemRecord:TrySetHeldItemServer (string,int,uint) (at E:/UNITY/LastJumpCrew/Assets/02. ParkHanSol_TeamLeader_Build & Multi/02. Script/Multiplayer/Items/NetworkPlayerItemRecord.cs:112)
LastJumpCrew.ParkHanSol.Multiplayer.NetworkPlayerItemLifecycle:TryCommitHeldItemAssignmentServer (LastJumpCrew.ParkHanSol.Items.UtilityItemPrefabData,int,uint,LastJumpCrew.ParkHanSol.Multiplayer.NetworkPlayerItemLifecycle/HeldItemAssignmentTransaction&) (at E:/UNITY/LastJumpCrew/Assets/02. ParkHanSol_TeamLeader_Build & Multi/02. Script/Multiplayer/Items/NetworkPlayerItemLifecycle.cs:399)
LastJumpCrew.ParkHanSol.Multiplayer.NetworkPlayerItemLifecycle:TryPickupItemServer (ulong,ulong) (at E:/UNITY/LastJumpCrew/Assets/02. ParkHanSol_TeamLeader_Build & Multi/02. Script/Multiplayer/Items/NetworkPlayerItemLifecycle.cs:634)
LastJumpCrew.ParkHanSol.Multiplayer.NetworkPlayerItemLifecycle:RequestNetworkPickupServerRpc (ulong,Unity.Netcode.ServerRpcParams) (at E:/UNITY/LastJumpCrew/Assets/02. ParkHanSol_TeamLeader_Build & Multi/02. Script/Multiplayer/Items/NetworkPlayerItemLifecycle.cs:548)
LastJumpCrew.ParkHanSol.Multiplayer.NetworkPlayerItemLifecycle:__rpc_handler_866128810 (Unity.Netcode.NetworkBehaviour,Unity.Netcode.FastBufferReader,Unity.Netcode.__RpcParams)
Unity.Netcode.RpcMessageHelpers:Handle (Unity.Netcode.NetworkContext&,Unity.Netcode.RpcMetadata&,Unity.Netcode.FastBufferReader&,Unity.Netcode.__RpcParams&) (at ./Library/PackageCache/com.unity.netcode.gameobjects@0f12e689d980/Runtime/Messaging/Messages/RpcMessages.cs:80)
Unity.Netcode.ServerRpcMessage:Handle (Unity.Netcode.NetworkContext&) (at ./Library/PackageCache/com.unity.netcode.gameobjects@0f12e689d980/Runtime/Messaging/Messages/RpcMessages.cs:137)
Unity.Netcode.NetworkMessageManager:ReceiveMessage<Unity.Netcode.ServerRpcMessage> (Unity.Netcode.FastBufferReader,Unity.Netcode.NetworkContext&,Unity.Netcode.NetworkMessageManager) (at ./Library/PackageCache/com.unity.netcode.gameobjects@0f12e689d980/Runtime/Messaging/NetworkMessageManager.cs:566)
Unity.Netcode.NetworkMessageManager:HandleMessage (Unity.Netcode.NetworkMessageHeader&,Unity.Netcode.FastBufferReader,ulong,single,int) (at ./Library/PackageCache/com.unity.netcode.gameobjects@0f12e689d980/Runtime/Messaging/NetworkMessageManager.cs:420)
Unity.Netcode.NetworkMessageManager:ProcessIncomingMessageQueue () (at ./Library/PackageCache/com.unity.netcode.gameobjects@0f12e689d980/Runtime/Messaging/NetworkMessageManager.cs:446)
Unity.Netcode.NetworkManager:NetworkUpdate (Unity.Netcode.NetworkUpdateStage) (at ./Library/PackageCache/com.unity.netcode.gameobjects@0f12e689d980/Runtime/Core/NetworkManager.cs:364)
Unity.Netcode.NetworkUpdateLoop:RunNetworkUpdateStage (Unity.Netcode.NetworkUpdateStage) (at ./Library/PackageCache/com.unity.netcode.gameobjects@0f12e689d980/Runtime/Core/NetworkUpdateLoop.cs:191)
Unity.Netcode.NetworkUpdateLoop/NetworkEarlyUpdate/<>c:<CreateLoopSystem>b__0_0 () (at ./Library/PackageCache/com.unity.netcode.gameobjects@0f12e689d980/Runtime/Core/NetworkUpdateLoop.cs:214)

(Filename: C:/build/output/unity/unity/Runtime/Export/Debug/Debug.bindings.cs Line: 123)

PHS_NETWORK_ITEM_PICKED_UP player=PHS_CuteWhiteGhost_Player(Clone) owner=1 item=battery_pack target=47 revision=5
UnityEngine.Debug:ExtractStackTraceNoAlloc (byte*,int,string)
UnityEngine.StackTraceUtility:ExtractStackTrace () (at C:/build/output/unity/unity/Runtime/Export/Scripting/StackTrace.cs:35)
UnityEngine.DebugLogHandler:Internal_Log (UnityEngine.LogType,UnityEngine.LogOption,string,UnityEngine.Object)
UnityEngine.DebugLogHandler:LogFormat (UnityEngine.LogType,UnityEngine.Object,string,object[]) (at C:/build/output/unity/unity/Runtime/Export/Logging/DebugLogHandler.cs:9)
UnityEngine.Logger:Log (UnityEngine.LogType,object,UnityEngine.Object) (at C:/build/output/unity/unity/Runtime/Export/Logging/Logger.cs:66)
UnityEngine.Debug:Log (object,UnityEngine.Object) (at C:/build/output/unity/unity/Runtime/Export/Debug/Debug.bindings.cs:128)
LastJumpCrew.ParkHanSol.Multiplayer.NetworkPlayerItemLifecycle:TryPickupItemServer (ulong,ulong) (at E:/UNITY/LastJumpCrew/Assets/02. ParkHanSol_TeamLeader_Build & Multi/02. Script/Multiplayer/Items/NetworkPlayerItemLifecycle.cs:668)
LastJumpCrew.ParkHanSol.Multiplayer.NetworkPlayerItemLifecycle:RequestNetworkPickupServerRpc (ulong,Unity.Netcode.ServerRpcParams) (at E:/UNITY/LastJumpCrew/Assets/02. ParkHanSol_TeamLeader_Build & Multi/02. Script/Multiplayer/Items/NetworkPlayerItemLifecycle.cs:548)
LastJumpCrew.ParkHanSol.Multiplayer.NetworkPlayerItemLifecycle:__rpc_handler_866128810 (Unity.Netcode.NetworkBehaviour,Unity.Netcode.FastBufferReader,Unity.Netcode.__RpcParams)
Unity.Netcode.RpcMessageHelpers:Handle (Unity.Netcode.NetworkContext&,Unity.Netcode.RpcMetadata&,Unity.Netcode.FastBufferReader&,Unity.Netcode.__RpcParams&) (at ./Library/PackageCache/com.unity.netcode.gameobjects@0f12e689d980/Runtime/Messaging/Messages/RpcMessages.cs:80)
Unity.Netcode.ServerRpcMessage:Handle (Unity.Netcode.NetworkContext&) (at ./Library/PackageCache/com.unity.netcode.gameobjects@0f12e689d980/Runtime/Messaging/Messages/RpcMessages.cs:137)
Unity.Netcode.NetworkMessageManager:ReceiveMessage<Unity.Netcode.ServerRpcMessage> (Unity.Netcode.FastBufferReader,Unity.Netcode.NetworkContext&,Unity.Netcode.NetworkMessageManager) (at ./Library/PackageCache/com.unity.netcode.gameobjects@0f12e689d980/Runtime/Messaging/NetworkMessageManager.cs:566)
Unity.Netcode.NetworkMessageManager:HandleMessage (Unity.Netcode.NetworkMessageHeader&,Unity.Netcode.FastBufferReader,ulong,single,int) (at ./Library/PackageCache/com.unity.netcode.gameobjects@0f12e689d980/Runtime/Messaging/NetworkMessageManager.cs:420)
Unity.Netcode.NetworkMessageManager:ProcessIncomingMessageQueue () (at ./Library/PackageCache/com.unity.netcode.gameobjects@0f12e689d980/Runtime/Messaging/NetworkMessageManager.cs:446)
Unity.Netcode.NetworkManager:NetworkUpdate (Unity.Netcode.NetworkUpdateStage) (at ./Library/PackageCache/com.unity.netcode.gameobjects@0f12e689d980/Runtime/Core/NetworkManager.cs:364)
Unity.Netcode.NetworkUpdateLoop:RunNetworkUpdateStage (Unity.Netcode.NetworkUpdateStage) (at ./Library/PackageCache/com.unity.netcode.gameobjects@0f12e689d980/Runtime/Core/NetworkUpdateLoop.cs:191)
Unity.Netcode.NetworkUpdateLoop/NetworkEarlyUpdate/<>c:<CreateLoopSystem>b__0_0 () (at ./Library/PackageCache/com.unity.netcode.gameobjects@0f12e689d980/Runtime/Core/NetworkUpdateLoop.cs:214)

(Filename: C:/build/output/unity/unity/Runtime/Export/Debug/Debug.bindings.cs Line: 128)

PHS_EXTINGUISHER_EFFECT_STOPPED player=PHS_CuteWhiteGhost_Player(Clone)
UnityEngine.Debug:ExtractStackTraceNoAlloc (byte*,int,string)
UnityEngine.StackTraceUtility:ExtractStackTrace () (at C:/build/output/unity/unity/Runtime/Export/Scripting/StackTrace.cs:35)
UnityEngine.DebugLogHandler:Internal_Log (UnityEngine.LogType,UnityEngine.LogOption,string,UnityEngine.Object)
UnityEngine.DebugLogHandler:LogFormat (UnityEngine.LogType,UnityEngine.Object,string,object[]) (at C:/build/output/unity/unity/Runtime/Export/Logging/DebugLogHandler.cs:9)
UnityEngine.Logger:Log (UnityEngine.LogType,object) (at C:/build/output/unity/unity/Runtime/Export/Logging/Logger.cs:60)
UnityEngine.Debug:Log (object) (at C:/build/output/unity/unity/Runtime/Export/Debug/Debug.bindings.cs:123)
LastJumpCrew.ParkHanSol.Multiplayer.NetworkPlayerCombatController:UpdateExtinguisherEffect () (at E:/UNITY/LastJumpCrew/Assets/06. JoHanYong_PlayerSystem/02. Script/NetworkPlayerCombatController.cs:169)
LastJumpCrew.ParkHanSol.Multiplayer.NetworkPlayerCombatController:Update () (at E:/UNITY/LastJumpCrew/Assets/06. JoHanYong_PlayerSystem/02. Script/NetworkPlayerCombatController.cs:132)

(Filename: C:/build/output/unity/unity/Runtime/Export/Debug/Debug.bindings.cs Line: 123)

PHS_ITEM_FEEDBACK_SHOWN kind=Battery shape=Sphere radius=0.90 distance=0.00 acceptedTargets=0
UnityEngine.Debug:ExtractStackTraceNoAlloc (byte*,int,string)
UnityEngine.StackTraceUtility:ExtractStackTrace () (at C:/build/output/unity/unity/Runtime/Export/Scripting/StackTrace.cs:35)
UnityEngine.DebugLogHandler:Internal_Log (UnityEngine.LogType,UnityEngine.LogOption,string,UnityEngine.Object)
UnityEngine.DebugLogHandler:LogFormat (UnityEngine.LogType,UnityEngine.Object,string,object[]) (at C:/build/output/unity/unity/Runtime/Export/Logging/DebugLogHandler.cs:9)
UnityEngine.Logger:Log (UnityEngine.LogType,object,UnityEngine.Object) (at C:/build/output/unity/unity/Runtime/Export/Logging/Logger.cs:66)
UnityEngine.Debug:Log (object,UnityEngine.Object) (at C:/build/output/unity/unity/Runtime/Export/Debug/Debug.bindings.cs:128)
LastJumpCrew.ParkHanSol.Items.PHSNetworkItemUseFeedbackController:ShowFeedbackLocal (LastJumpCrew.ParkHanSol.Items.PHSItemUseFeedbackKind,LastJumpCrew.ParkHanSol.Items.PHSItemUseFeedbackShape,UnityEngine.Vector3,UnityEngine.Vector3,single,single,UnityEngine.Vector3[]) (at E:/UNITY/LastJumpCrew/Assets/02. ParkHanSol_TeamLeader_Build & Multi/02. Script/Items/PHSNetworkItemUseFeedbackController.cs:331)
LastJumpCrew.ParkHanSol.Items.PHSNetworkItemUseFeedbackController:ShowFeedbackClientRpc (byte,byte,UnityEngine.Vector3,UnityEngine.Vector3,single,single,UnityEngine.Vector3[]) (at E:/UNITY/LastJumpCrew/Assets/02. ParkHanSol_TeamLeader_Build & Multi/02. Script/Items/PHSNetworkItemUseFeedbackController.cs:269)
LastJumpCrew.ParkHanSol.Items.PHSNetworkItemUseFeedbackController:__rpc_handler_3303230777 (Unity.Netcode.NetworkBehaviour,Unity.Netcode.FastBufferReader,Unity.Netcode.__RpcParams)
Unity.Netcode.RpcMessageHelpers:Handle (Unity.Netcode.NetworkContext&,Unity.Netcode.RpcMetadata&,Unity.Netcode.FastBufferReader&,Unity.Netcode.__RpcParams&) (at ./Library/PackageCache/com.unity.netcode.gameobjects@0f12e689d980/Runtime/Messaging/Messages/RpcMessages.cs:80)
Unity.Netcode.ClientRpcMessage:Handle (Unity.Netcode.NetworkContext&) (at ./Library/PackageCache/com.unity.netcode.gameobjects@0f12e689d980/Runtime/Messaging/Messages/RpcMessages.cs:174)
Unity.Netcode.NetworkBehaviour:__endSendClientRpc (Unity.Netcode.FastBufferWriter&,uint,Unity.Netcode.ClientRpcParams,Unity.Netcode.RpcDelivery) (at ./Library/PackageCache/com.unity.netcode.gameobjects@0f12e689d980/Runtime/Core/NetworkBehaviour.cs:268)
LastJumpCrew.ParkHanSol.Items.PHSNetworkItemUseFeedbackController:ShowFeedbackClientRpc (byte,byte,UnityEngine.Vector3,UnityEngine.Vector3,single,single,UnityEngine.Vector3[]) (at E:/UNITY/LastJumpCrew/Assets/02. ParkHanSol_TeamLeader_Build & Multi/02. Script/Items/PHSNetworkItemUseFeedbackController.cs:269)
LastJumpCrew.ParkHanSol.Items.PHSNetworkItemUseFeedbackController:RequestFeedbackServerRpc (byte,byte,UnityEngine.Vector3,UnityEngine.Vector3,single,single,UnityEngine.Vector3[],Unity.Netcode.ServerRpcParams) (at E:/UNITY/LastJumpCrew/Assets/02. ParkHanSol_TeamLeader_Build & Multi/02. Script/Items/PHSNetworkItemUseFeedbackController.cs:249)
LastJumpCrew.ParkHanSol.Items.PHSNetworkItemUseFeedbackController:__rpc_handler_2872092082 (Unity.Netcode.NetworkBehaviour,Unity.Netcode.FastBufferReader,Unity.Netcode.__RpcParams)
Unity.Netcode.RpcMessageHelpers:Handle (Unity.Netcode.NetworkContext&,Unity.Netcode.RpcMetadata&,Unity.Netcode.FastBufferReader&,Unity.Netcode.__RpcParams&) (at ./Library/PackageCache/com.unity.netcode.gameobjects@0f12e689d980/Runtime/Messaging/Messages/RpcMessages.cs:80)
Unity.Netcode.ServerRpcMessage:Handle (Unity.Netcode.NetworkContext&) (at ./Library/PackageCache/com.unity.netcode.gameobjects@0f12e689d980/Runtime/Messaging/Messages/RpcMessages.cs:137)
Unity.Netcode.NetworkMessageManager:ReceiveMessage<Unity.Netcode.ServerRpcMessage> (Unity.Netcode.FastBufferReader,Unity.Netcode.NetworkContext&,Unity.Netcode.NetworkMessageManager) (at ./Library/PackageCache/com.unity.netcode.gameobjects@0f12e689d980/Runtime/Messaging/NetworkMessageManager.cs:566)
Unity.Netcode.NetworkMessageManager:HandleMessage (Unity.Netcode.NetworkMessageHeader&,Unity.Netcode.FastBufferReader,ulong,single,int) (at ./Library/PackageCache/com.unity.netcode.gameobjects@0f12e689d980/Runtime/Messaging/NetworkMessageManager.cs:420)
Unity.Netcode.NetworkMessageManager:ProcessIncomingMessageQueue () (at ./Library/PackageCache/com.unity.netcode.gameobjects@0f12e689d980/Runtime/Messaging/NetworkMessageManager.cs:446)
Unity.Netcode.NetworkManager:NetworkUpdate (Unity.Netcode.NetworkUpdateStage) (at ./Library/PackageCache/com.unity.netcode.gameobjects@0f12e689d980/Runtime/Core/NetworkManager.cs:364)
Unity.Netcode.NetworkUpdateLoop:RunNetworkUpdateStage (Unity.Netcode.NetworkUpdateStage) (at ./Library/PackageCache/com.unity.netcode.gameobjects@0f12e689d980/Runtime/Core/NetworkUpdateLoop.cs:191)
Unity.Netcode.NetworkUpdateLoop/NetworkEarlyUpdate/<>c:<CreateLoopSystem>b__0_0 () (at ./Library/PackageCache/com.unity.netcode.gameobjects@0f12e689d980/Runtime/Core/NetworkUpdateLoop.cs:214)

(Filename: C:/build/output/unity/unity/Runtime/Export/Debug/Debug.bindings.cs Line: 128)

PHS_ITEM_FEEDBACK_SHOWN kind=Battery shape=Sphere radius=0.18 distance=0.00 acceptedTargets=1
UnityEngine.Debug:ExtractStackTraceNoAlloc (byte*,int,string)
UnityEngine.StackTraceUtility:ExtractStackTrace () (at C:/build/output/unity/unity/Runtime/Export/Scripting/StackTrace.cs:35)
UnityEngine.DebugLogHandler:Internal_Log (UnityEngine.LogType,UnityEngine.LogOption,string,UnityEngine.Object)
UnityEngine.DebugLogHandler:LogFormat (UnityEngine.LogType,UnityEngine.Object,string,object[]) (at C:/build/output/unity/unity/Runtime/Export/Logging/DebugLogHandler.cs:9)
UnityEngine.Logger:Log (UnityEngine.LogType,object,UnityEngine.Object) (at C:/build/output/unity/unity/Runtime/Export/Logging/Logger.cs:66)
UnityEngine.Debug:Log (object,UnityEngine.Object) (at C:/build/output/unity/unity/Runtime/Export/Debug/Debug.bindings.cs:128)
LastJumpCrew.ParkHanSol.Items.PHSNetworkItemUseFeedbackController:ShowFeedbackLocal (LastJumpCrew.ParkHanSol.Items.PHSItemUseFeedbackKind,LastJumpCrew.ParkHanSol.Items.PHSItemUseFeedbackShape,UnityEngine.Vector3,UnityEngine.Vector3,single,single,UnityEngine.Vector3[]) (at E:/UNITY/LastJumpCrew/Assets/02. ParkHanSol_TeamLeader_Build & Multi/02. Script/Items/PHSNetworkItemUseFeedbackController.cs:331)
LastJumpCrew.ParkHanSol.Items.PHSNetworkItemUseFeedbackController:ShowFeedbackClientRpc (byte,byte,UnityEngine.Vector3,UnityEngine.Vector3,single,single,UnityEngine.Vector3[]) (at E:/UNITY/LastJumpCrew/Assets/02. ParkHanSol_TeamLeader_Build & Multi/02. Script/Items/PHSNetworkItemUseFeedbackController.cs:269)
LastJumpCrew.ParkHanSol.Items.PHSNetworkItemUseFeedbackController:__rpc_handler_3303230777 (Unity.Netcode.NetworkBehaviour,Unity.Netcode.FastBufferReader,Unity.Netcode.__RpcParams)
Unity.Netcode.RpcMessageHelpers:Handle (Unity.Netcode.NetworkContext&,Unity.Netcode.RpcMetadata&,Unity.Netcode.FastBufferReader&,Unity.Netcode.__RpcParams&) (at ./Library/PackageCache/com.unity.netcode.gameobjects@0f12e689d980/Runtime/Messaging/Messages/RpcMessages.cs:80)
Unity.Netcode.ClientRpcMessage:Handle (Unity.Netcode.NetworkContext&) (at ./Library/PackageCache/com.unity.netcode.gameobjects@0f12e689d980/Runtime/Messaging/Messages/RpcMessages.cs:174)
Unity.Netcode.NetworkBehaviour:__endSendClientRpc (Unity.Netcode.FastBufferWriter&,uint,Unity.Netcode.ClientRpcParams,Unity.Netcode.RpcDelivery) (at ./Library/PackageCache/com.unity.netcode.gameobjects@0f12e689d980/Runtime/Core/NetworkBehaviour.cs:268)
LastJumpCrew.ParkHanSol.Items.PHSNetworkItemUseFeedbackController:ShowFeedbackClientRpc (byte,byte,UnityEngine.Vector3,UnityEngine.Vector3,single,single,UnityEngine.Vector3[]) (at E:/UNITY/LastJumpCrew/Assets/02. ParkHanSol_TeamLeader_Build & Multi/02. Script/Items/PHSNetworkItemUseFeedbackController.cs:269)
LastJumpCrew.ParkHanSol.Items.PHSNetworkItemUseFeedbackController:RequestFeedbackServerRpc (byte,byte,UnityEngine.Vector3,UnityEngine.Vector3,single,single,UnityEngine.Vector3[],Unity.Netcode.ServerRpcParams) (at E:/UNITY/LastJumpCrew/Assets/02. ParkHanSol_TeamLeader_Build & Multi/02. Script/Items/PHSNetworkItemUseFeedbackController.cs:249)
LastJumpCrew.ParkHanSol.Items.PHSNetworkItemUseFeedbackController:__rpc_handler_2872092082 (Unity.Netcode.NetworkBehaviour,Unity.Netcode.FastBufferReader,Unity.Netcode.__RpcParams)
Unity.Netcode.RpcMessageHelpers:Handle (Unity.Netcode.NetworkContext&,Unity.Netcode.RpcMetadata&,Unity.Netcode.FastBufferReader&,Unity.Netcode.__RpcParams&) (at ./Library/PackageCache/com.unity.netcode.gameobjects@0f12e689d980/Runtime/Messaging/Messages/RpcMessages.cs:80)
Unity.Netcode.ServerRpcMessage:Handle (Unity.Netcode.NetworkContext&) (at ./Library/PackageCache/com.unity.netcode.gameobjects@0f12e689d980/Runtime/Messaging/Messages/RpcMessages.cs:137)
Unity.Netcode.NetworkMessageManager:ReceiveMessage<Unity.Netcode.ServerRpcMessage> (Unity.Netcode.FastBufferReader,Unity.Netcode.NetworkContext&,Unity.Netcode.NetworkMessageManager) (at ./Library/PackageCache/com.unity.netcode.gameobjects@0f12e689d980/Runtime/Messaging/NetworkMessageManager.cs:566)
Unity.Netcode.NetworkMessageManager:HandleMessage (Unity.Netcode.NetworkMessageHeader&,Unity.Netcode.FastBufferReader,ulong,single,int) (at ./Library/PackageCache/com.unity.netcode.gameobjects@0f12e689d980/Runtime/Messaging/NetworkMessageManager.cs:420)
Unity.Netcode.NetworkMessageManager:ProcessIncomingMessageQueue () (at ./Library/PackageCache/com.unity.netcode.gameobjects@0f12e689d980/Runtime/Messaging/NetworkMessageManager.cs:446)
Unity.Netcode.NetworkManager:NetworkUpdate (Unity.Netcode.NetworkUpdateStage) (at ./Library/PackageCache/com.unity.netcode.gameobjects@0f12e689d980/Runtime/Core/NetworkManager.cs:364)
Unity.Netcode.NetworkUpdateLoop:RunNetworkUpdateStage (Unity.Netcode.NetworkUpdateStage) (at ./Library/PackageCache/com.unity.netcode.gameobjects@0f12e689d980/Runtime/Core/NetworkUpdateLoop.cs:191)
Unity.Netcode.NetworkUpdateLoop/NetworkEarlyUpdate/<>c:<CreateLoopSystem>b__0_0 () (at ./Library/PackageCache/com.unity.netcode.gameobjects@0f12e689d980/Runtime/Core/NetworkUpdateLoop.cs:214)

(Filename: C:/build/output/unity/unity/Runtime/Export/Debug/Debug.bindings.cs Line: 128)

PHS_DROPPED_ITEM_DURABILITY_SYNC item=battery_pack durability=100 source=held_drop
UnityEngine.Debug:ExtractStackTraceNoAlloc (byte*,int,string)
UnityEngine.StackTraceUtility:ExtractStackTrace () (at C:/build/output/unity/unity/Runtime/Export/Scripting/StackTrace.cs:35)
UnityEngine.DebugLogHandler:Internal_Log (UnityEngine.LogType,UnityEngine.LogOption,string,UnityEngine.Object)
UnityEngine.DebugLogHandler:LogFormat (UnityEngine.LogType,UnityEngine.Object,string,object[]) (at C:/build/output/unity/unity/Runtime/Export/Logging/DebugLogHandler.cs:9)
UnityEngine.Logger:Log (UnityEngine.LogType,object,UnityEngine.Object) (at C:/build/output/unity/unity/Runtime/Export/Logging/Logger.cs:66)
UnityEngine.Debug:Log (object,UnityEngine.Object) (at C:/build/output/unity/unity/Runtime/Export/Debug/Debug.bindings.cs:128)
LastJumpCrew.ParkHanSol.Multiplayer.NetworkUtilityItemDurabilityState:OnNetworkSpawn () (at E:/UNITY/LastJumpCrew/Assets/02. ParkHanSol_TeamLeader_Build & Multi/02. Script/Multiplayer/Items/NetworkUtilityItemDurabilityState.cs:75)
Unity.Netcode.NetworkBehaviour:NetworkSpawn () (at ./Library/PackageCache/com.unity.netcode.gameobjects@0f12e689d980/Runtime/Core/NetworkBehaviour.cs:813)
Unity.Netcode.NetworkObject:InvokeBehaviourNetworkSpawn () (at ./Library/PackageCache/com.unity.netcode.gameobjects@0f12e689d980/Runtime/Core/NetworkObject.cs:2698)
Unity.Netcode.NetworkSpawnManager:SpawnNetworkObjectLocallyCommon (Unity.Netcode.NetworkObject,ulong,bool,bool,ulong,bool) (at ./Library/PackageCache/com.unity.netcode.gameobjects@0f12e689d980/Runtime/Spawning/NetworkSpawnManager.cs:1384)
Unity.Netcode.NetworkSpawnManager:AuthorityLocalSpawn (Unity.Netcode.NetworkObject,ulong,bool,bool,ulong,bool) (at ./Library/PackageCache/com.unity.netcode.gameobjects@0f12e689d980/Runtime/Spawning/NetworkSpawnManager.cs:1182)
Unity.Netcode.NetworkObject:Spawn (bool) (at ./Library/PackageCache/com.unity.netcode.gameobjects@0f12e689d980/Runtime/Core/NetworkObject.cs:2010)
LastJumpCrew.ParkHanSol.Multiplayer.NetworkPlayerItemLifecycle:TryCreateDroppedItemServer (string,int,UnityEngine.Vector3,UnityEngine.Quaternion,Unity.Netcode.NetworkObject&) (at E:/UNITY/LastJumpCrew/Assets/02. ParkHanSol_TeamLeader_Build & Multi/02. Script/Multiplayer/Items/NetworkPlayerItemLifecycle.cs:273)
LastJumpCrew.ParkHanSol.Multiplayer.NetworkPlayerItemLifecycle:TryPlaceHeldItemServer (ulong,UnityEngine.Vector3,UnityEngine.Quaternion) (at E:/UNITY/LastJumpCrew/Assets/02. ParkHanSol_TeamLeader_Build & Multi/02. Script/Multiplayer/Items/NetworkPlayerItemLifecycle.cs:700)
LastJumpCrew.ParkHanSol.Multiplayer.NetworkPlayerItemLifecycle:RequestPlaceHeldItemServerRpc (UnityEngine.Vector3,UnityEngine.Quaternion,Unity.Netcode.ServerRpcParams) (at E:/UNITY/LastJumpCrew/Assets/02. ParkHanSol_TeamLeader_Build & Multi/02. Script/Multiplayer/Items/NetworkPlayerItemLifecycle.cs:559)
LastJumpCrew.ParkHanSol.Multiplayer.NetworkPlayerItemLifecycle:__rpc_handler_2756753436 (Unity.Netcode.NetworkBehaviour,Unity.Netcode.FastBufferReader,Unity.Netcode.__RpcParams)
Unity.Netcode.RpcMessageHelpers:Handle (Unity.Netcode.NetworkContext&,Unity.Netcode.RpcMetadata&,Unity.Netcode.FastBufferReader&,Unity.Netcode.__RpcParams&) (at ./Library/PackageCache/com.unity.netcode.gameobjects@0f12e689d980/Runtime/Messaging/Messages/RpcMessages.cs:80)
Unity.Netcode.ServerRpcMessage:Handle (Unity.Netcode.NetworkContext&) (at ./Library/PackageCache/com.unity.netcode.gameobjects@0f12e689d980/Runtime/Messaging/Messages/RpcMessages.cs:137)
Unity.Netcode.NetworkMessageManager:ReceiveMessage<Unity.Netcode.ServerRpcMessage> (Unity.Netcode.FastBufferReader,Unity.Netcode.NetworkContext&,Unity.Netcode.NetworkMessageManager) (at ./Library/PackageCache/com.unity.netcode.gameobjects@0f12e689d980/Runtime/Messaging/NetworkMessageManager.cs:566)
Unity.Netcode.NetworkMessageManager:HandleMessage (Unity.Netcode.NetworkMessageHeader&,Unity.Netcode.FastBufferReader,ulong,single,int) (at ./Library/PackageCache/com.unity.netcode.gameobjects@0f12e689d980/Runtime/Messaging/NetworkMessageManager.cs:420)
Unity.Netcode.NetworkMessageManager:ProcessIncomingMessageQueue () (at ./Library/PackageCache/com.unity.netcode.gameobjects@0f12e689d980/Runtime/Messaging/NetworkMessageManager.cs:446)
Unity.Netcode.NetworkManager:NetworkUpdate (Unity.Netcode.NetworkUpdateStage) (at ./Library/PackageCache/com.unity.netcode.gameobjects@0f12e689d980/Runtime/Core/NetworkManager.cs:364)
Unity.Netcode.NetworkUpdateLoop:RunNetworkUpdateStage (Unity.Netcode.NetworkUpdateStage) (at ./Library/PackageCache/com.unity.netcode.gameobjects@0f12e689d980/Runtime/Core/NetworkUpdateLoop.cs:191)
Unity.Netcode.NetworkUpdateLoop/NetworkEarlyUpdate/<>c:<CreateLoopSystem>b__0_0 () (at ./Library/PackageCache/com.unity.netcode.gameobjects@0f12e689d980/Runtime/Core/NetworkUpdateLoop.cs:214)

(Filename: C:/build/output/unity/unity/Runtime/Export/Debug/Debug.bindings.cs Line: 128)

PHS_ITEM_RECORD_CONSUMED player=PHS_CuteWhiteGhost_Player(Clone) owner=1 item=battery_pack revision=6
UnityEngine.Debug:ExtractStackTraceNoAlloc (byte*,int,string)
UnityEngine.StackTraceUtility:ExtractStackTrace () (at C:/build/output/unity/unity/Runtime/Export/Scripting/StackTrace.cs:35)
UnityEngine.DebugLogHandler:Internal_Log (UnityEngine.LogType,UnityEngine.LogOption,string,UnityEngine.Object)
UnityEngine.DebugLogHandler:LogFormat (UnityEngine.LogType,UnityEngine.Object,string,object[]) (at C:/build/output/unity/unity/Runtime/Export/Logging/DebugLogHandler.cs:9)
UnityEngine.Logger:Log (UnityEngine.LogType,object,UnityEngine.Object) (at C:/build/output/unity/unity/Runtime/Export/Logging/Logger.cs:66)
UnityEngine.Debug:Log (object,UnityEngine.Object) (at C:/build/output/unity/unity/Runtime/Export/Debug/Debug.bindings.cs:128)
LastJumpCrew.ParkHanSol.Multiplayer.NetworkPlayerItemRecord:TryConsumeHeldItemServer (string,uint) (at E:/UNITY/LastJumpCrew/Assets/02. ParkHanSol_TeamLeader_Build & Multi/02. Script/Multiplayer/Items/NetworkPlayerItemRecord.cs:246)
LastJumpCrew.ParkHanSol.Multiplayer.NetworkPlayerItemLifecycle:TryPlaceHeldItemServer (ulong,UnityEngine.Vector3,UnityEngine.Quaternion) (at E:/UNITY/LastJumpCrew/Assets/02. ParkHanSol_TeamLeader_Build & Multi/02. Script/Multiplayer/Items/NetworkPlayerItemLifecycle.cs:721)
LastJumpCrew.ParkHanSol.Multiplayer.NetworkPlayerItemLifecycle:RequestPlaceHeldItemServerRpc (UnityEngine.Vector3,UnityEngine.Quaternion,Unity.Netcode.ServerRpcParams) (at E:/UNITY/LastJumpCrew/Assets/02. ParkHanSol_TeamLeader_Build & Multi/02. Script/Multiplayer/Items/NetworkPlayerItemLifecycle.cs:559)
LastJumpCrew.ParkHanSol.Multiplayer.NetworkPlayerItemLifecycle:__rpc_handler_2756753436 (Unity.Netcode.NetworkBehaviour,Unity.Netcode.FastBufferReader,Unity.Netcode.__RpcParams)
Unity.Netcode.RpcMessageHelpers:Handle (Unity.Netcode.NetworkContext&,Unity.Netcode.RpcMetadata&,Unity.Netcode.FastBufferReader&,Unity.Netcode.__RpcParams&) (at ./Library/PackageCache/com.unity.netcode.gameobjects@0f12e689d980/Runtime/Messaging/Messages/RpcMessages.cs:80)
Unity.Netcode.ServerRpcMessage:Handle (Unity.Netcode.NetworkContext&) (at ./Library/PackageCache/com.unity.netcode.gameobjects@0f12e689d980/Runtime/Messaging/Messages/RpcMessages.cs:137)
Unity.Netcode.NetworkMessageManager:ReceiveMessage<Unity.Netcode.ServerRpcMessage> (Unity.Netcode.FastBufferReader,Unity.Netcode.NetworkContext&,Unity.Netcode.NetworkMessageManager) (at ./Library/PackageCache/com.unity.netcode.gameobjects@0f12e689d980/Runtime/Messaging/NetworkMessageManager.cs:566)
Unity.Netcode.NetworkMessageManager:HandleMessage (Unity.Netcode.NetworkMessageHeader&,Unity.Netcode.FastBufferReader,ulong,single,int) (at ./Library/PackageCache/com.unity.netcode.gameobjects@0f12e689d980/Runtime/Messaging/NetworkMessageManager.cs:420)
Unity.Netcode.NetworkMessageManager:ProcessIncomingMessageQueue () (at ./Library/PackageCache/com.unity.netcode.gameobjects@0f12e689d980/Runtime/Messaging/NetworkMessageManager.cs:446)
Unity.Netcode.NetworkManager:NetworkUpdate (Unity.Netcode.NetworkUpdateStage) (at ./Library/PackageCache/com.unity.netcode.gameobjects@0f12e689d980/Runtime/Core/NetworkManager.cs:364)
Unity.Netcode.NetworkUpdateLoop:RunNetworkUpdateStage (Unity.Netcode.NetworkUpdateStage) (at ./Library/PackageCache/com.unity.netcode.gameobjects@0f12e689d980/Runtime/Core/NetworkUpdateLoop.cs:191)
Unity.Netcode.NetworkUpdateLoop/NetworkEarlyUpdate/<>c:<CreateLoopSystem>b__0_0 () (at ./Library/PackageCache/com.unity.netcode.gameobjects@0f12e689d980/Runtime/Core/NetworkUpdateLoop.cs:214)

(Filename: C:/build/output/unity/unity/Runtime/Export/Debug/Debug.bindings.cs Line: 128)

PHS_NETWORK_ITEM_PLACED player=PHS_CuteWhiteGhost_Player(Clone) owner=1 item=battery_pack networkObjectId=48 revision=6
UnityEngine.Debug:ExtractStackTraceNoAlloc (byte*,int,string)
UnityEngine.StackTraceUtility:ExtractStackTrace () (at C:/build/output/unity/unity/Runtime/Export/Scripting/StackTrace.cs:35)
UnityEngine.DebugLogHandler:Internal_Log (UnityEngine.LogType,UnityEngine.LogOption,string,UnityEngine.Object)
UnityEngine.DebugLogHandler:LogFormat (UnityEngine.LogType,UnityEngine.Object,string,object[]) (at C:/build/output/unity/unity/Runtime/Export/Logging/DebugLogHandler.cs:9)
UnityEngine.Logger:Log (UnityEngine.LogType,object,UnityEngine.Object) (at C:/build/output/unity/unity/Runtime/Export/Logging/Logger.cs:66)
UnityEngine.Debug:Log (object,UnityEngine.Object) (at C:/build/output/unity/unity/Runtime/Export/Debug/Debug.bindings.cs:128)
LastJumpCrew.ParkHanSol.Multiplayer.NetworkPlayerItemLifecycle:TryPlaceHeldItemServer (ulong,UnityEngine.Vector3,UnityEngine.Quaternion) (at E:/UNITY/LastJumpCrew/Assets/02. ParkHanSol_TeamLeader_Build & Multi/02. Script/Multiplayer/Items/NetworkPlayerItemLifecycle.cs:731)
LastJumpCrew.ParkHanSol.Multiplayer.NetworkPlayerItemLifecycle:RequestPlaceHeldItemServerRpc (UnityEngine.Vector3,UnityEngine.Quaternion,Unity.Netcode.ServerRpcParams) (at E:/UNITY/LastJumpCrew/Assets/02. ParkHanSol_TeamLeader_Build & Multi/02. Script/Multiplayer/Items/NetworkPlayerItemLifecycle.cs:559)
LastJumpCrew.ParkHanSol.Multiplayer.NetworkPlayerItemLifecycle:__rpc_handler_2756753436 (Unity.Netcode.NetworkBehaviour,Unity.Netcode.FastBufferReader,Unity.Netcode.__RpcParams)
Unity.Netcode.RpcMessageHelpers:Handle (Unity.Netcode.NetworkContext&,Unity.Netcode.RpcMetadata&,Unity.Netcode.FastBufferReader&,Unity.Netcode.__RpcParams&) (at ./Library/PackageCache/com.unity.netcode.gameobjects@0f12e689d980/Runtime/Messaging/Messages/RpcMessages.cs:80)
Unity.Netcode.ServerRpcMessage:Handle (Unity.Netcode.NetworkContext&) (at ./Library/PackageCache/com.unity.netcode.gameobjects@0f12e689d980/Runtime/Messaging/Messages/RpcMessages.cs:137)
Unity.Netcode.NetworkMessageManager:ReceiveMessage<Unity.Netcode.ServerRpcMessage> (Unity.Netcode.FastBufferReader,Unity.Netcode.NetworkContext&,Unity.Netcode.NetworkMessageManager) (at ./Library/PackageCache/com.unity.netcode.gameobjects@0f12e689d980/Runtime/Messaging/NetworkMessageManager.cs:566)
Unity.Netcode.NetworkMessageManager:HandleMessage (Unity.Netcode.NetworkMessageHeader&,Unity.Netcode.FastBufferReader,ulong,single,int) (at ./Library/PackageCache/com.unity.netcode.gameobjects@0f12e689d980/Runtime/Messaging/NetworkMessageManager.cs:420)
Unity.Netcode.NetworkMessageManager:ProcessIncomingMessageQueue () (at ./Library/PackageCache/com.unity.netcode.gameobjects@0f12e689d980/Runtime/Messaging/NetworkMessageManager.cs:446)
Unity.Netcode.NetworkManager:NetworkUpdate (Unity.Netcode.NetworkUpdateStage) (at ./Library/PackageCache/com.unity.netcode.gameobjects@0f12e689d980/Runtime/Core/NetworkManager.cs:364)
Unity.Netcode.NetworkUpdateLoop:RunNetworkUpdateStage (Unity.Netcode.NetworkUpdateStage) (at ./Library/PackageCache/com.unity.netcode.gameobjects@0f12e689d980/Runtime/Core/NetworkUpdateLoop.cs:191)
Unity.Netcode.NetworkUpdateLoop/NetworkEarlyUpdate/<>c:<CreateLoopSystem>b__0_0 () (at ./Library/PackageCache/com.unity.netcode.gameobjects@0f12e689d980/Runtime/Core/NetworkUpdateLoop.cs:214)

(Filename: C:/build/output/unity/unity/Runtime/Export/Debug/Debug.bindings.cs Line: 128)

PHS_ITEM_BATTERY_SAFE_USE_OK client=1 item=battery_pack durability=100 networkObjectId=48
UnityEngine.Debug:ExtractStackTraceNoAlloc (byte*,int,string)
UnityEngine.StackTraceUtility:ExtractStackTrace () (at C:/build/output/unity/unity/Runtime/Export/Scripting/StackTrace.cs:35)
UnityEngine.DebugLogHandler:Internal_Log (UnityEngine.LogType,UnityEngine.LogOption,string,UnityEngine.Object)
UnityEngine.DebugLogHandler:LogFormat (UnityEngine.LogType,UnityEngine.Object,string,object[]) (at C:/build/output/unity/unity/Runtime/Export/Logging/DebugLogHandler.cs:9)
UnityEngine.Logger:Log (UnityEngine.LogType,object,UnityEngine.Object) (at C:/build/output/unity/unity/Runtime/Export/Logging/Logger.cs:66)
UnityEngine.Debug:Log (object,UnityEngine.Object) (at C:/build/output/unity/unity/Runtime/Export/Debug/Debug.bindings.cs:128)
LastJumpCrew.ParkHanSol.Multiplayer.Validation.P0RuntimeValidationDriver/<RunRemoteOwnedThrownItemValidation>d__112:MoveNext () (at E:/UNITY/LastJumpCrew/Assets/02. ParkHanSol_TeamLeader_Build & Multi/02. Script/Multiplayer/Validation/P0RuntimeValidationDriver.cs:3987)
UnityEngine.SetupCoroutine:InvokeMoveNext (System.Collections.IEnumerator,intptr) (at C:/build/output/unity/unity/Runtime/Export/Scripting/Coroutines.cs:17)

(Filename: C:/build/output/unity/unity/Runtime/Export/Debug/Debug.bindings.cs Line: 128)

PHS_ITEM_REMOTE_POSITION client=1 server=(-404.30, 0.14, -14.54) owner=(-404.30, 0.15, -14.54) distance=0.005
UnityEngine.Debug:ExtractStackTraceNoAlloc (byte*,int,string)
UnityEngine.StackTraceUtility:ExtractStackTrace () (at C:/build/output/unity/unity/Runtime/Export/Scripting/StackTrace.cs:35)
UnityEngine.DebugLogHandler:Internal_Log (UnityEngine.LogType,UnityEngine.LogOption,string,UnityEngine.Object)
UnityEngine.DebugLogHandler:LogFormat (UnityEngine.LogType,UnityEngine.Object,string,object[]) (at C:/build/output/unity/unity/Runtime/Export/Logging/DebugLogHandler.cs:9)
UnityEngine.Logger:Log (UnityEngine.LogType,object,UnityEngine.Object) (at C:/build/output/unity/unity/Runtime/Export/Logging/Logger.cs:66)
UnityEngine.Debug:Log (object,UnityEngine.Object) (at C:/build/output/unity/unity/Runtime/Export/Debug/Debug.bindings.cs:128)
LastJumpCrew.ParkHanSol.Multiplayer.Validation.P0RuntimeValidationDriver/<RunRemoteOwnedThrownItemValidation>d__112:MoveNext () (at E:/UNITY/LastJumpCrew/Assets/02. ParkHanSol_TeamLeader_Build & Multi/02. Script/Multiplayer/Validation/P0RuntimeValidationDriver.cs:3839)
UnityEngine.SetupCoroutine:InvokeMoveNext (System.Collections.IEnumerator,intptr) (at C:/build/output/unity/unity/Runtime/Export/Scripting/Coroutines.cs:17)

(Filename: C:/build/output/unity/unity/Runtime/Export/Debug/Debug.bindings.cs Line: 128)

PHS_DROPPED_ITEM_DURABILITY_SYNC item=battery_pack durability=100 source=held_drop
UnityEngine.Debug:ExtractStackTraceNoAlloc (byte*,int,string)
UnityEngine.StackTraceUtility:ExtractStackTrace () (at C:/build/output/unity/unity/Runtime/Export/Scripting/StackTrace.cs:35)
UnityEngine.DebugLogHandler:Internal_Log (UnityEngine.LogType,UnityEngine.LogOption,string,UnityEngine.Object)
UnityEngine.DebugLogHandler:LogFormat (UnityEngine.LogType,UnityEngine.Object,string,object[]) (at C:/build/output/unity/unity/Runtime/Export/Logging/DebugLogHandler.cs:9)
UnityEngine.Logger:Log (UnityEngine.LogType,object,UnityEngine.Object) (at C:/build/output/unity/unity/Runtime/Export/Logging/Logger.cs:66)
UnityEngine.Debug:Log (object,UnityEngine.Object) (at C:/build/output/unity/unity/Runtime/Export/Debug/Debug.bindings.cs:128)
LastJumpCrew.ParkHanSol.Multiplayer.NetworkUtilityItemDurabilityState:OnNetworkSpawn () (at E:/UNITY/LastJumpCrew/Assets/02. ParkHanSol_TeamLeader_Build & Multi/02. Script/Multiplayer/Items/NetworkUtilityItemDurabilityState.cs:75)
Unity.Netcode.NetworkBehaviour:NetworkSpawn () (at ./Library/PackageCache/com.unity.netcode.gameobjects@0f12e689d980/Runtime/Core/NetworkBehaviour.cs:813)
Unity.Netcode.NetworkObject:InvokeBehaviourNetworkSpawn () (at ./Library/PackageCache/com.unity.netcode.gameobjects@0f12e689d980/Runtime/Core/NetworkObject.cs:2698)
Unity.Netcode.NetworkSpawnManager:SpawnNetworkObjectLocallyCommon (Unity.Netcode.NetworkObject,ulong,bool,bool,ulong,bool) (at ./Library/PackageCache/com.unity.netcode.gameobjects@0f12e689d980/Runtime/Spawning/NetworkSpawnManager.cs:1384)
Unity.Netcode.NetworkSpawnManager:AuthorityLocalSpawn (Unity.Netcode.NetworkObject,ulong,bool,bool,ulong,bool) (at ./Library/PackageCache/com.unity.netcode.gameobjects@0f12e689d980/Runtime/Spawning/NetworkSpawnManager.cs:1182)
Unity.Netcode.NetworkObject:Spawn (bool) (at ./Library/PackageCache/com.unity.netcode.gameobjects@0f12e689d980/Runtime/Core/NetworkObject.cs:2010)
LastJumpCrew.ParkHanSol.Multiplayer.NetworkPlayerItemLifecycle:TryCreateDroppedItemServer (string,int,UnityEngine.Vector3,UnityEngine.Quaternion,Unity.Netcode.NetworkObject&) (at E:/UNITY/LastJumpCrew/Assets/02. ParkHanSol_TeamLeader_Build & Multi/02. Script/Multiplayer/Items/NetworkPlayerItemLifecycle.cs:273)
LastJumpCrew.ParkHanSol.Multiplayer.NetworkPlayerItemLifecycle:TryCreateDroppedItemServer (string,UnityEngine.Vector3,UnityEngine.Quaternion,Unity.Netcode.NetworkObject&) (at E:/UNITY/LastJumpCrew/Assets/02. ParkHanSol_TeamLeader_Build & Multi/02. Script/Multiplayer/Items/NetworkPlayerItemLifecycle.cs:189)
LastJumpCrew.ParkHanSol.Multiplayer.Validation.P0RuntimeValidationDriver/<RunRemoteOwnedThrownItemValidation>d__112:MoveNext () (at E:/UNITY/LastJumpCrew/Assets/02. ParkHanSol_TeamLeader_Build & Multi/02. Script/Multiplayer/Validation/P0RuntimeValidationDriver.cs:3854)
UnityEngine.SetupCoroutine:InvokeMoveNext (System.Collections.IEnumerator,intptr) (at C:/build/output/unity/unity/Runtime/Export/Scripting/Coroutines.cs:17)

(Filename: C:/build/output/unity/unity/Runtime/Export/Debug/Debug.bindings.cs Line: 128)

PHS_NETWORK_ITEM_PRESENTED player=PHS_CuteWhiteGhost_Player(Clone) owner=1 item=battery_pack
UnityEngine.Debug:ExtractStackTraceNoAlloc (byte*,int,string)
UnityEngine.StackTraceUtility:ExtractStackTrace () (at C:/build/output/unity/unity/Runtime/Export/Scripting/StackTrace.cs:35)
UnityEngine.DebugLogHandler:Internal_Log (UnityEngine.LogType,UnityEngine.LogOption,string,UnityEngine.Object)
UnityEngine.DebugLogHandler:LogFormat (UnityEngine.LogType,UnityEngine.Object,string,object[]) (at C:/build/output/unity/unity/Runtime/Export/Logging/DebugLogHandler.cs:9)
UnityEngine.Logger:Log (UnityEngine.LogType,object) (at C:/build/output/unity/unity/Runtime/Export/Logging/Logger.cs:60)
UnityEngine.Debug:Log (object) (at C:/build/output/unity/unity/Runtime/Export/Debug/Debug.bindings.cs:123)
LastJumpCrew.ParkHanSol.Interaction.TempPlayerItemHolder:HandleNetworkHeldItemChanged (string) (at E:/UNITY/LastJumpCrew/Assets/02. ParkHanSol_TeamLeader_Build & Multi/02. Script/Interaction/TempPlayerItemHolder.cs:706)
LastJumpCrew.ParkHanSol.Multiplayer.NetworkPlayerItemRecord:HandleHeldItemChanged (Unity.Collections.FixedString64Bytes,Unity.Collections.FixedString64Bytes) (at E:/UNITY/LastJumpCrew/Assets/02. ParkHanSol_TeamLeader_Build & Multi/02. Script/Multiplayer/Items/NetworkPlayerItemRecord.cs:275)
Unity.Netcode.NetworkVariable`1<Unity.Collections.FixedString64Bytes>:set_Value (Unity.Collections.FixedString64Bytes) (at ./Library/PackageCache/com.unity.netcode.gameobjects@0f12e689d980/Runtime/NetworkVariable/NetworkVariable.cs:165)
LastJumpCrew.ParkHanSol.Multiplayer.NetworkPlayerItemRecord:ApplyServerRecord (string,int) (at E:/UNITY/LastJumpCrew/Assets/02. ParkHanSol_TeamLeader_Build & Multi/02. Script/Multiplayer/Items/NetworkPlayerItemRecord.cs:266)
LastJumpCrew.ParkHanSol.Multiplayer.NetworkPlayerItemRecord:TrySetHeldItemServer (string,int,uint) (at E:/UNITY/LastJumpCrew/Assets/02. ParkHanSol_TeamLeader_Build & Multi/02. Script/Multiplayer/Items/NetworkPlayerItemRecord.cs:112)
LastJumpCrew.ParkHanSol.Multiplayer.NetworkPlayerItemLifecycle:TryCommitHeldItemAssignmentServer (LastJumpCrew.ParkHanSol.Items.UtilityItemPrefabData,int,uint,LastJumpCrew.ParkHanSol.Multiplayer.NetworkPlayerItemLifecycle/HeldItemAssignmentTransaction&) (at E:/UNITY/LastJumpCrew/Assets/02. ParkHanSol_TeamLeader_Build & Multi/02. Script/Multiplayer/Items/NetworkPlayerItemLifecycle.cs:399)
LastJumpCrew.ParkHanSol.Multiplayer.NetworkPlayerItemLifecycle:TryPickupItemServer (ulong,ulong) (at E:/UNITY/LastJumpCrew/Assets/02. ParkHanSol_TeamLeader_Build & Multi/02. Script/Multiplayer/Items/NetworkPlayerItemLifecycle.cs:634)
LastJumpCrew.ParkHanSol.Multiplayer.NetworkPlayerItemLifecycle:RequestNetworkPickupServerRpc (ulong,Unity.Netcode.ServerRpcParams) (at E:/UNITY/LastJumpCrew/Assets/02. ParkHanSol_TeamLeader_Build & Multi/02. Script/Multiplayer/Items/NetworkPlayerItemLifecycle.cs:548)
LastJumpCrew.ParkHanSol.Multiplayer.NetworkPlayerItemLifecycle:__rpc_handler_866128810 (Unity.Netcode.NetworkBehaviour,Unity.Netcode.FastBufferReader,Unity.Netcode.__RpcParams)
Unity.Netcode.RpcMessageHelpers:Handle (Unity.Netcode.NetworkContext&,Unity.Netcode.RpcMetadata&,Unity.Netcode.FastBufferReader&,Unity.Netcode.__RpcParams&) (at ./Library/PackageCache/com.unity.netcode.gameobjects@0f12e689d980/Runtime/Messaging/Messages/RpcMessages.cs:80)
Unity.Netcode.ServerRpcMessage:Handle (Unity.Netcode.NetworkContext&) (at ./Library/PackageCache/com.unity.netcode.gameobjects@0f12e689d980/Runtime/Messaging/Messages/RpcMessages.cs:137)
Unity.Netcode.NetworkMessageManager:ReceiveMessage<Unity.Netcode.ServerRpcMessage> (Unity.Netcode.FastBufferReader,Unity.Netcode.NetworkContext&,Unity.Netcode.NetworkMessageManager) (at ./Library/PackageCache/com.unity.netcode.gameobjects@0f12e689d980/Runtime/Messaging/NetworkMessageManager.cs:566)
Unity.Netcode.NetworkMessageManager:HandleMessage (Unity.Netcode.NetworkMessageHeader&,Unity.Netcode.FastBufferReader,ulong,single,int) (at ./Library/PackageCache/com.unity.netcode.gameobjects@0f12e689d980/Runtime/Messaging/NetworkMessageManager.cs:420)
Unity.Netcode.NetworkMessageManager:ProcessIncomingMessageQueue () (at ./Library/PackageCache/com.unity.netcode.gameobjects@0f12e689d980/Runtime/Messaging/NetworkMessageManager.cs:446)
Unity.Netcode.NetworkManager:NetworkUpdate (Unity.Netcode.NetworkUpdateStage) (at ./Library/PackageCache/com.unity.netcode.gameobjects@0f12e689d980/Runtime/Core/NetworkManager.cs:364)
Unity.Netcode.NetworkUpdateLoop:RunNetworkUpdateStage (Unity.Netcode.NetworkUpdateStage) (at ./Library/PackageCache/com.unity.netcode.gameobjects@0f12e689d980/Runtime/Core/NetworkUpdateLoop.cs:191)
Unity.Netcode.NetworkUpdateLoop/NetworkEarlyUpdate/<>c:<CreateLoopSystem>b__0_0 () (at ./Library/PackageCache/com.unity.netcode.gameobjects@0f12e689d980/Runtime/Core/NetworkUpdateLoop.cs:214)

(Filename: C:/build/output/unity/unity/Runtime/Export/Debug/Debug.bindings.cs Line: 123)

PHS_ITEM_RECORD_SYNC player=PHS_CuteWhiteGhost_Player(Clone) owner=1 item=battery_pack durability=100 revision=7
UnityEngine.Debug:ExtractStackTraceNoAlloc (byte*,int,string)
UnityEngine.StackTraceUtility:ExtractStackTrace () (at C:/build/output/unity/unity/Runtime/Export/Scripting/StackTrace.cs:35)
UnityEngine.DebugLogHandler:Internal_Log (UnityEngine.LogType,UnityEngine.LogOption,string,UnityEngine.Object)
UnityEngine.DebugLogHandler:LogFormat (UnityEngine.LogType,UnityEngine.Object,string,object[]) (at C:/build/output/unity/unity/Runtime/Export/Logging/DebugLogHandler.cs:9)
UnityEngine.Logger:Log (UnityEngine.LogType,object) (at C:/build/output/unity/unity/Runtime/Export/Logging/Logger.cs:60)
UnityEngine.Debug:Log (object) (at C:/build/output/unity/unity/Runtime/Export/Debug/Debug.bindings.cs:123)
LastJumpCrew.ParkHanSol.Multiplayer.NetworkPlayerItemRecord:ApplyServerRecord (string,int) (at E:/UNITY/LastJumpCrew/Assets/02. ParkHanSol_TeamLeader_Build & Multi/02. Script/Multiplayer/Items/NetworkPlayerItemRecord.cs:269)
LastJumpCrew.ParkHanSol.Multiplayer.NetworkPlayerItemRecord:TrySetHeldItemServer (string,int,uint) (at E:/UNITY/LastJumpCrew/Assets/02. ParkHanSol_TeamLeader_Build & Multi/02. Script/Multiplayer/Items/NetworkPlayerItemRecord.cs:112)
LastJumpCrew.ParkHanSol.Multiplayer.NetworkPlayerItemLifecycle:TryCommitHeldItemAssignmentServer (LastJumpCrew.ParkHanSol.Items.UtilityItemPrefabData,int,uint,LastJumpCrew.ParkHanSol.Multiplayer.NetworkPlayerItemLifecycle/HeldItemAssignmentTransaction&) (at E:/UNITY/LastJumpCrew/Assets/02. ParkHanSol_TeamLeader_Build & Multi/02. Script/Multiplayer/Items/NetworkPlayerItemLifecycle.cs:399)
LastJumpCrew.ParkHanSol.Multiplayer.NetworkPlayerItemLifecycle:TryPickupItemServer (ulong,ulong) (at E:/UNITY/LastJumpCrew/Assets/02. ParkHanSol_TeamLeader_Build & Multi/02. Script/Multiplayer/Items/NetworkPlayerItemLifecycle.cs:634)
LastJumpCrew.ParkHanSol.Multiplayer.NetworkPlayerItemLifecycle:RequestNetworkPickupServerRpc (ulong,Unity.Netcode.ServerRpcParams) (at E:/UNITY/LastJumpCrew/Assets/02. ParkHanSol_TeamLeader_Build & Multi/02. Script/Multiplayer/Items/NetworkPlayerItemLifecycle.cs:548)
LastJumpCrew.ParkHanSol.Multiplayer.NetworkPlayerItemLifecycle:__rpc_handler_866128810 (Unity.Netcode.NetworkBehaviour,Unity.Netcode.FastBufferReader,Unity.Netcode.__RpcParams)
Unity.Netcode.RpcMessageHelpers:Handle (Unity.Netcode.NetworkContext&,Unity.Netcode.RpcMetadata&,Unity.Netcode.FastBufferReader&,Unity.Netcode.__RpcParams&) (at ./Library/PackageCache/com.unity.netcode.gameobjects@0f12e689d980/Runtime/Messaging/Messages/RpcMessages.cs:80)
Unity.Netcode.ServerRpcMessage:Handle (Unity.Netcode.NetworkContext&) (at ./Library/PackageCache/com.unity.netcode.gameobjects@0f12e689d980/Runtime/Messaging/Messages/RpcMessages.cs:137)
Unity.Netcode.NetworkMessageManager:ReceiveMessage<Unity.Netcode.ServerRpcMessage> (Unity.Netcode.FastBufferReader,Unity.Netcode.NetworkContext&,Unity.Netcode.NetworkMessageManager) (at ./Library/PackageCache/com.unity.netcode.gameobjects@0f12e689d980/Runtime/Messaging/NetworkMessageManager.cs:566)
Unity.Netcode.NetworkMessageManager:HandleMessage (Unity.Netcode.NetworkMessageHeader&,Unity.Netcode.FastBufferReader,ulong,single,int) (at ./Library/PackageCache/com.unity.netcode.gameobjects@0f12e689d980/Runtime/Messaging/NetworkMessageManager.cs:420)
Unity.Netcode.NetworkMessageManager:ProcessIncomingMessageQueue () (at ./Library/PackageCache/com.unity.netcode.gameobjects@0f12e689d980/Runtime/Messaging/NetworkMessageManager.cs:446)
Unity.Netcode.NetworkManager:NetworkUpdate (Unity.Netcode.NetworkUpdateStage) (at ./Library/PackageCache/com.unity.netcode.gameobjects@0f12e689d980/Runtime/Core/NetworkManager.cs:364)
Unity.Netcode.NetworkUpdateLoop:RunNetworkUpdateStage (Unity.Netcode.NetworkUpdateStage) (at ./Library/PackageCache/com.unity.netcode.gameobjects@0f12e689d980/Runtime/Core/NetworkUpdateLoop.cs:191)
Unity.Netcode.NetworkUpdateLoop/NetworkEarlyUpdate/<>c:<CreateLoopSystem>b__0_0 () (at ./Library/PackageCache/com.unity.netcode.gameobjects@0f12e689d980/Runtime/Core/NetworkUpdateLoop.cs:214)

(Filename: C:/build/output/unity/unity/Runtime/Export/Debug/Debug.bindings.cs Line: 123)

PHS_NETWORK_ITEM_PICKED_UP player=PHS_CuteWhiteGhost_Player(Clone) owner=1 item=battery_pack target=49 revision=7
UnityEngine.Debug:ExtractStackTraceNoAlloc (byte*,int,string)
UnityEngine.StackTraceUtility:ExtractStackTrace () (at C:/build/output/unity/unity/Runtime/Export/Scripting/StackTrace.cs:35)
UnityEngine.DebugLogHandler:Internal_Log (UnityEngine.LogType,UnityEngine.LogOption,string,UnityEngine.Object)
UnityEngine.DebugLogHandler:LogFormat (UnityEngine.LogType,UnityEngine.Object,string,object[]) (at C:/build/output/unity/unity/Runtime/Export/Logging/DebugLogHandler.cs:9)
UnityEngine.Logger:Log (UnityEngine.LogType,object,UnityEngine.Object) (at C:/build/output/unity/unity/Runtime/Export/Logging/Logger.cs:66)
UnityEngine.Debug:Log (object,UnityEngine.Object) (at C:/build/output/unity/unity/Runtime/Export/Debug/Debug.bindings.cs:128)
LastJumpCrew.ParkHanSol.Multiplayer.NetworkPlayerItemLifecycle:TryPickupItemServer (ulong,ulong) (at E:/UNITY/LastJumpCrew/Assets/02. ParkHanSol_TeamLeader_Build & Multi/02. Script/Multiplayer/Items/NetworkPlayerItemLifecycle.cs:668)
LastJumpCrew.ParkHanSol.Multiplayer.NetworkPlayerItemLifecycle:RequestNetworkPickupServerRpc (ulong,Unity.Netcode.ServerRpcParams) (at E:/UNITY/LastJumpCrew/Assets/02. ParkHanSol_TeamLeader_Build & Multi/02. Script/Multiplayer/Items/NetworkPlayerItemLifecycle.cs:548)
LastJumpCrew.ParkHanSol.Multiplayer.NetworkPlayerItemLifecycle:__rpc_handler_866128810 (Unity.Netcode.NetworkBehaviour,Unity.Netcode.FastBufferReader,Unity.Netcode.__RpcParams)
Unity.Netcode.RpcMessageHelpers:Handle (Unity.Netcode.NetworkContext&,Unity.Netcode.RpcMetadata&,Unity.Netcode.FastBufferReader&,Unity.Netcode.__RpcParams&) (at ./Library/PackageCache/com.unity.netcode.gameobjects@0f12e689d980/Runtime/Messaging/Messages/RpcMessages.cs:80)
Unity.Netcode.ServerRpcMessage:Handle (Unity.Netcode.NetworkContext&) (at ./Library/PackageCache/com.unity.netcode.gameobjects@0f12e689d980/Runtime/Messaging/Messages/RpcMessages.cs:137)
Unity.Netcode.NetworkMessageManager:ReceiveMessage<Unity.Netcode.ServerRpcMessage> (Unity.Netcode.FastBufferReader,Unity.Netcode.NetworkContext&,Unity.Netcode.NetworkMessageManager) (at ./Library/PackageCache/com.unity.netcode.gameobjects@0f12e689d980/Runtime/Messaging/NetworkMessageManager.cs:566)
Unity.Netcode.NetworkMessageManager:HandleMessage (Unity.Netcode.NetworkMessageHeader&,Unity.Netcode.FastBufferReader,ulong,single,int) (at ./Library/PackageCache/com.unity.netcode.gameobjects@0f12e689d980/Runtime/Messaging/NetworkMessageManager.cs:420)
Unity.Netcode.NetworkMessageManager:ProcessIncomingMessageQueue () (at ./Library/PackageCache/com.unity.netcode.gameobjects@0f12e689d980/Runtime/Messaging/NetworkMessageManager.cs:446)
Unity.Netcode.NetworkManager:NetworkUpdate (Unity.Netcode.NetworkUpdateStage) (at ./Library/PackageCache/com.unity.netcode.gameobjects@0f12e689d980/Runtime/Core/NetworkManager.cs:364)
Unity.Netcode.NetworkUpdateLoop:RunNetworkUpdateStage (Unity.Netcode.NetworkUpdateStage) (at ./Library/PackageCache/com.unity.netcode.gameobjects@0f12e689d980/Runtime/Core/NetworkUpdateLoop.cs:191)
Unity.Netcode.NetworkUpdateLoop/NetworkEarlyUpdate/<>c:<CreateLoopSystem>b__0_0 () (at ./Library/PackageCache/com.unity.netcode.gameobjects@0f12e689d980/Runtime/Core/NetworkUpdateLoop.cs:214)

(Filename: C:/build/output/unity/unity/Runtime/Export/Debug/Debug.bindings.cs Line: 128)

PHS_WARP_SAFE_ZONE_PLAYER zone=PHS_WarpSafeZone clientId=0 inside=True
UnityEngine.Debug:ExtractStackTraceNoAlloc (byte*,int,string)
UnityEngine.StackTraceUtility:ExtractStackTrace () (at C:/build/output/unity/unity/Runtime/Export/Scripting/StackTrace.cs:35)
UnityEngine.DebugLogHandler:Internal_Log (UnityEngine.LogType,UnityEngine.LogOption,string,UnityEngine.Object)
UnityEngine.DebugLogHandler:LogFormat (UnityEngine.LogType,UnityEngine.Object,string,object[]) (at C:/build/output/unity/unity/Runtime/Export/Logging/DebugLogHandler.cs:9)
UnityEngine.Logger:Log (UnityEngine.LogType,object) (at C:/build/output/unity/unity/Runtime/Export/Logging/Logger.cs:60)
UnityEngine.Debug:Log (object) (at C:/build/output/unity/unity/Runtime/Export/Debug/Debug.bindings.cs:123)
LastJumpCrew.ParkHanSol.Multiplayer.NetworkWarpSafeZone:SetPlayerSafeState (UnityEngine.Collider,bool) (at E:/UNITY/LastJumpCrew/Assets/02. ParkHanSol_TeamLeader_Build & Multi/02. Script/Multiplayer/RunFlow/NetworkWarpSafeZone.cs:105)
LastJumpCrew.ParkHanSol.Multiplayer.NetworkWarpSafeZone:OnTriggerEnter (UnityEngine.Collider) (at E:/UNITY/LastJumpCrew/Assets/02. ParkHanSol_TeamLeader_Build & Multi/02. Script/Multiplayer/RunFlow/NetworkWarpSafeZone.cs:65)

(Filename: C:/build/output/unity/unity/Runtime/Export/Debug/Debug.bindings.cs Line: 123)

PHS_DROPPED_ITEM_DURABILITY_SYNC item=battery_pack durability=0 source=held_drop
UnityEngine.Debug:ExtractStackTraceNoAlloc (byte*,int,string)
UnityEngine.StackTraceUtility:ExtractStackTrace () (at C:/build/output/unity/unity/Runtime/Export/Scripting/StackTrace.cs:35)
UnityEngine.DebugLogHandler:Internal_Log (UnityEngine.LogType,UnityEngine.LogOption,string,UnityEngine.Object)
UnityEngine.DebugLogHandler:LogFormat (UnityEngine.LogType,UnityEngine.Object,string,object[]) (at C:/build/output/unity/unity/Runtime/Export/Logging/DebugLogHandler.cs:9)
UnityEngine.Logger:Log (UnityEngine.LogType,object,UnityEngine.Object) (at C:/build/output/unity/unity/Runtime/Export/Logging/Logger.cs:66)
UnityEngine.Debug:Log (object,UnityEngine.Object) (at C:/build/output/unity/unity/Runtime/Export/Debug/Debug.bindings.cs:128)
LastJumpCrew.ParkHanSol.Multiplayer.NetworkUtilityItemDurabilityState:OnNetworkSpawn () (at E:/UNITY/LastJumpCrew/Assets/02. ParkHanSol_TeamLeader_Build & Multi/02. Script/Multiplayer/Items/NetworkUtilityItemDurabilityState.cs:75)
Unity.Netcode.NetworkBehaviour:NetworkSpawn () (at ./Library/PackageCache/com.unity.netcode.gameobjects@0f12e689d980/Runtime/Core/NetworkBehaviour.cs:813)
Unity.Netcode.NetworkObject:InvokeBehaviourNetworkSpawn () (at ./Library/PackageCache/com.unity.netcode.gameobjects@0f12e689d980/Runtime/Core/NetworkObject.cs:2698)
Unity.Netcode.NetworkSpawnManager:SpawnNetworkObjectLocallyCommon (Unity.Netcode.NetworkObject,ulong,bool,bool,ulong,bool) (at ./Library/PackageCache/com.unity.netcode.gameobjects@0f12e689d980/Runtime/Spawning/NetworkSpawnManager.cs:1384)
Unity.Netcode.NetworkSpawnManager:AuthorityLocalSpawn (Unity.Netcode.NetworkObject,ulong,bool,bool,ulong,bool) (at ./Library/PackageCache/com.unity.netcode.gameobjects@0f12e689d980/Runtime/Spawning/NetworkSpawnManager.cs:1182)
Unity.Netcode.NetworkObject:Spawn (bool) (at ./Library/PackageCache/com.unity.netcode.gameobjects@0f12e689d980/Runtime/Core/NetworkObject.cs:2010)
LastJumpCrew.ParkHanSol.Multiplayer.NetworkPlayerItemLifecycle:TryCreateDroppedItemServer (string,int,UnityEngine.Vector3,UnityEngine.Quaternion,Unity.Netcode.NetworkObject&) (at E:/UNITY/LastJumpCrew/Assets/02. ParkHanSol_TeamLeader_Build & Multi/02. Script/Multiplayer/Items/NetworkPlayerItemLifecycle.cs:273)
LastJumpCrew.ParkHanSol.Interaction.TempPlayerItemHolder:TryCreateThrownItem (UnityEngine.Vector3,UnityEngine.Quaternion,LastJumpCrew.ParkHanSol.Items.UtilityItemActionKind,UnityEngine.GameObject&,int&) (at E:/UNITY/LastJumpCrew/Assets/02. ParkHanSol_TeamLeader_Build & Multi/02. Script/Interaction/TempPlayerItemHolder.cs:931)
LastJumpCrew.ParkHanSol.Multiplayer.NetworkPlayerCombatController:PerformThrowHeldItem (UnityEngine.Vector3,UnityEngine.Vector3,single) (at E:/UNITY/LastJumpCrew/Assets/06. JoHanYong_PlayerSystem/02. Script/NetworkPlayerCombatController.cs:396)
LastJumpCrew.ParkHanSol.Multiplayer.NetworkPlayerCombatController:RequestThrowHeldItemServerRpc (UnityEngine.Vector3,UnityEngine.Vector3,single,Unity.Netcode.ServerRpcParams) (at E:/UNITY/LastJumpCrew/Assets/06. JoHanYong_PlayerSystem/02. Script/NetworkPlayerCombatController.cs:643)
LastJumpCrew.ParkHanSol.Multiplayer.NetworkPlayerCombatController:__rpc_handler_3001723434 (Unity.Netcode.NetworkBehaviour,Unity.Netcode.FastBufferReader,Unity.Netcode.__RpcParams)
Unity.Netcode.RpcMessageHelpers:Handle (Unity.Netcode.NetworkContext&,Unity.Netcode.RpcMetadata&,Unity.Netcode.FastBufferReader&,Unity.Netcode.__RpcParams&) (at ./Library/PackageCache/com.unity.netcode.gameobjects@0f12e689d980/Runtime/Messaging/Messages/RpcMessages.cs:80)
Unity.Netcode.ServerRpcMessage:Handle (Unity.Netcode.NetworkContext&) (at ./Library/PackageCache/com.unity.netcode.gameobjects@0f12e689d980/Runtime/Messaging/Messages/RpcMessages.cs:137)
Unity.Netcode.NetworkMessageManager:ReceiveMessage<Unity.Netcode.ServerRpcMessage> (Unity.Netcode.FastBufferReader,Unity.Netcode.NetworkContext&,Unity.Netcode.NetworkMessageManager) (at ./Library/PackageCache/com.unity.netcode.gameobjects@0f12e689d980/Runtime/Messaging/NetworkMessageManager.cs:566)
Unity.Netcode.NetworkMessageManager:HandleMessage (Unity.Netcode.NetworkMessageHeader&,Unity.Netcode.FastBufferReader,ulong,single,int) (at ./Library/PackageCache/com.unity.netcode.gameobjects@0f12e689d980/Runtime/Messaging/NetworkMessageManager.cs:420)
Unity.Netcode.NetworkMessageManager:ProcessIncomingMessageQueue () (at ./Library/PackageCache/com.unity.netcode.gameobjects@0f12e689d980/Runtime/Messaging/NetworkMessageManager.cs:446)
Unity.Netcode.NetworkManager:NetworkUpdate (Unity.Netcode.NetworkUpdateStage) (at ./Library/PackageCache/com.unity.netcode.gameobjects@0f12e689d980/Runtime/Core/NetworkManager.cs:364)
Unity.Netcode.NetworkUpdateLoop:RunNetworkUpdateStage (Unity.Netcode.NetworkUpdateStage) (at ./Library/PackageCache/com.unity.netcode.gameobjects@0f12e689d980/Runtime/Core/NetworkUpdateLoop.cs:191)
Unity.Netcode.NetworkUpdateLoop/NetworkEarlyUpdate/<>c:<CreateLoopSystem>b__0_0 () (at ./Library/PackageCache/com.unity.netcode.gameobjects@0f12e689d980/Runtime/Core/NetworkUpdateLoop.cs:214)

(Filename: C:/build/output/unity/unity/Runtime/Export/Debug/Debug.bindings.cs Line: 128)

PHS_ITEM_RECORD_CONSUMED player=PHS_CuteWhiteGhost_Player(Clone) owner=1 item=battery_pack revision=8
UnityEngine.Debug:ExtractStackTraceNoAlloc (byte*,int,string)
UnityEngine.StackTraceUtility:ExtractStackTrace () (at C:/build/output/unity/unity/Runtime/Export/Scripting/StackTrace.cs:35)
UnityEngine.DebugLogHandler:Internal_Log (UnityEngine.LogType,UnityEngine.LogOption,string,UnityEngine.Object)
UnityEngine.DebugLogHandler:LogFormat (UnityEngine.LogType,UnityEngine.Object,string,object[]) (at C:/build/output/unity/unity/Runtime/Export/Logging/DebugLogHandler.cs:9)
UnityEngine.Logger:Log (UnityEngine.LogType,object,UnityEngine.Object) (at C:/build/output/unity/unity/Runtime/Export/Logging/Logger.cs:66)
UnityEngine.Debug:Log (object,UnityEngine.Object) (at C:/build/output/unity/unity/Runtime/Export/Debug/Debug.bindings.cs:128)
LastJumpCrew.ParkHanSol.Multiplayer.NetworkPlayerItemRecord:TryConsumeHeldItemServer (string,uint) (at E:/UNITY/LastJumpCrew/Assets/02. ParkHanSol_TeamLeader_Build & Multi/02. Script/Multiplayer/Items/NetworkPlayerItemRecord.cs:246)
LastJumpCrew.ParkHanSol.Interaction.TempPlayerItemHolder:TryCreateThrownItem (UnityEngine.Vector3,UnityEngine.Quaternion,LastJumpCrew.ParkHanSol.Items.UtilityItemActionKind,UnityEngine.GameObject&,int&) (at E:/UNITY/LastJumpCrew/Assets/02. ParkHanSol_TeamLeader_Build & Multi/02. Script/Interaction/TempPlayerItemHolder.cs:942)
LastJumpCrew.ParkHanSol.Multiplayer.NetworkPlayerCombatController:PerformThrowHeldItem (UnityEngine.Vector3,UnityEngine.Vector3,single) (at E:/UNITY/LastJumpCrew/Assets/06. JoHanYong_PlayerSystem/02. Script/NetworkPlayerCombatController.cs:396)
LastJumpCrew.ParkHanSol.Multiplayer.NetworkPlayerCombatController:RequestThrowHeldItemServerRpc (UnityEngine.Vector3,UnityEngine.Vector3,single,Unity.Netcode.ServerRpcParams) (at E:/UNITY/LastJumpCrew/Assets/06. JoHanYong_PlayerSystem/02. Script/NetworkPlayerCombatController.cs:643)
LastJumpCrew.ParkHanSol.Multiplayer.NetworkPlayerCombatController:__rpc_handler_3001723434 (Unity.Netcode.NetworkBehaviour,Unity.Netcode.FastBufferReader,Unity.Netcode.__RpcParams)
Unity.Netcode.RpcMessageHelpers:Handle (Unity.Netcode.NetworkContext&,Unity.Netcode.RpcMetadata&,Unity.Netcode.FastBufferReader&,Unity.Netcode.__RpcParams&) (at ./Library/PackageCache/com.unity.netcode.gameobjects@0f12e689d980/Runtime/Messaging/Messages/RpcMessages.cs:80)
Unity.Netcode.ServerRpcMessage:Handle (Unity.Netcode.NetworkContext&) (at ./Library/PackageCache/com.unity.netcode.gameobjects@0f12e689d980/Runtime/Messaging/Messages/RpcMessages.cs:137)
Unity.Netcode.NetworkMessageManager:ReceiveMessage<Unity.Netcode.ServerRpcMessage> (Unity.Netcode.FastBufferReader,Unity.Netcode.NetworkContext&,Unity.Netcode.NetworkMessageManager) (at ./Library/PackageCache/com.unity.netcode.gameobjects@0f12e689d980/Runtime/Messaging/NetworkMessageManager.cs:566)
Unity.Netcode.NetworkMessageManager:HandleMessage (Unity.Netcode.NetworkMessageHeader&,Unity.Netcode.FastBufferReader,ulong,single,int) (at ./Library/PackageCache/com.unity.netcode.gameobjects@0f12e689d980/Runtime/Messaging/NetworkMessageManager.cs:420)
Unity.Netcode.NetworkMessageManager:ProcessIncomingMessageQueue () (at ./Library/PackageCache/com.unity.netcode.gameobjects@0f12e689d980/Runtime/Messaging/NetworkMessageManager.cs:446)
Unity.Netcode.NetworkManager:NetworkUpdate (Unity.Netcode.NetworkUpdateStage) (at ./Library/PackageCache/com.unity.netcode.gameobjects@0f12e689d980/Runtime/Core/NetworkManager.cs:364)
Unity.Netcode.NetworkUpdateLoop:RunNetworkUpdateStage (Unity.Netcode.NetworkUpdateStage) (at ./Library/PackageCache/com.unity.netcode.gameobjects@0f12e689d980/Runtime/Core/NetworkUpdateLoop.cs:191)
Unity.Netcode.NetworkUpdateLoop/NetworkEarlyUpdate/<>c:<CreateLoopSystem>b__0_0 () (at ./Library/PackageCache/com.unity.netcode.gameobjects@0f12e689d980/Runtime/Core/NetworkUpdateLoop.cs:214)

(Filename: C:/build/output/unity/unity/Runtime/Export/Debug/Debug.bindings.cs Line: 128)

PHS_TEMP_ITEM_THROW_CREATED player=PHS_CuteWhiteGhost_Player(Clone) item=battery_pack networkObjectId=50 position=(-403.67, 0.22, -12.92)
UnityEngine.Debug:ExtractStackTraceNoAlloc (byte*,int,string)
UnityEngine.StackTraceUtility:ExtractStackTrace () (at C:/build/output/unity/unity/Runtime/Export/Scripting/StackTrace.cs:35)
UnityEngine.DebugLogHandler:Internal_Log (UnityEngine.LogType,UnityEngine.LogOption,string,UnityEngine.Object)
UnityEngine.DebugLogHandler:LogFormat (UnityEngine.LogType,UnityEngine.Object,string,object[]) (at C:/build/output/unity/unity/Runtime/Export/Logging/DebugLogHandler.cs:9)
UnityEngine.Logger:Log (UnityEngine.LogType,object) (at C:/build/output/unity/unity/Runtime/Export/Logging/Logger.cs:60)
UnityEngine.Debug:Log (object) (at C:/build/output/unity/unity/Runtime/Export/Debug/Debug.bindings.cs:123)
LastJumpCrew.ParkHanSol.Interaction.TempPlayerItemHolder:TryCreateThrownItem (UnityEngine.Vector3,UnityEngine.Quaternion,LastJumpCrew.ParkHanSol.Items.UtilityItemActionKind,UnityEngine.GameObject&,int&) (at E:/UNITY/LastJumpCrew/Assets/02. ParkHanSol_TeamLeader_Build & Multi/02. Script/Interaction/TempPlayerItemHolder.cs:955)
LastJumpCrew.ParkHanSol.Multiplayer.NetworkPlayerCombatController:PerformThrowHeldItem (UnityEngine.Vector3,UnityEngine.Vector3,single) (at E:/UNITY/LastJumpCrew/Assets/06. JoHanYong_PlayerSystem/02. Script/NetworkPlayerCombatController.cs:396)
LastJumpCrew.ParkHanSol.Multiplayer.NetworkPlayerCombatController:RequestThrowHeldItemServerRpc (UnityEngine.Vector3,UnityEngine.Vector3,single,Unity.Netcode.ServerRpcParams) (at E:/UNITY/LastJumpCrew/Assets/06. JoHanYong_PlayerSystem/02. Script/NetworkPlayerCombatController.cs:643)
LastJumpCrew.ParkHanSol.Multiplayer.NetworkPlayerCombatController:__rpc_handler_3001723434 (Unity.Netcode.NetworkBehaviour,Unity.Netcode.FastBufferReader,Unity.Netcode.__RpcParams)
Unity.Netcode.RpcMessageHelpers:Handle (Unity.Netcode.NetworkContext&,Unity.Netcode.RpcMetadata&,Unity.Netcode.FastBufferReader&,Unity.Netcode.__RpcParams&) (at ./Library/PackageCache/com.unity.netcode.gameobjects@0f12e689d980/Runtime/Messaging/Messages/RpcMessages.cs:80)
Unity.Netcode.ServerRpcMessage:Handle (Unity.Netcode.NetworkContext&) (at ./Library/PackageCache/com.unity.netcode.gameobjects@0f12e689d980/Runtime/Messaging/Messages/RpcMessages.cs:137)
Unity.Netcode.NetworkMessageManager:ReceiveMessage<Unity.Netcode.ServerRpcMessage> (Unity.Netcode.FastBufferReader,Unity.Netcode.NetworkContext&,Unity.Netcode.NetworkMessageManager) (at ./Library/PackageCache/com.unity.netcode.gameobjects@0f12e689d980/Runtime/Messaging/NetworkMessageManager.cs:566)
Unity.Netcode.NetworkMessageManager:HandleMessage (Unity.Netcode.NetworkMessageHeader&,Unity.Netcode.FastBufferReader,ulong,single,int) (at ./Library/PackageCache/com.unity.netcode.gameobjects@0f12e689d980/Runtime/Messaging/NetworkMessageManager.cs:420)
Unity.Netcode.NetworkMessageManager:ProcessIncomingMessageQueue () (at ./Library/PackageCache/com.unity.netcode.gameobjects@0f12e689d980/Runtime/Messaging/NetworkMessageManager.cs:446)
Unity.Netcode.NetworkManager:NetworkUpdate (Unity.Netcode.NetworkUpdateStage) (at ./Library/PackageCache/com.unity.netcode.gameobjects@0f12e689d980/Runtime/Core/NetworkManager.cs:364)
Unity.Netcode.NetworkUpdateLoop:RunNetworkUpdateStage (Unity.Netcode.NetworkUpdateStage) (at ./Library/PackageCache/com.unity.netcode.gameobjects@0f12e689d980/Runtime/Core/NetworkUpdateLoop.cs:191)
Unity.Netcode.NetworkUpdateLoop/NetworkEarlyUpdate/<>c:<CreateLoopSystem>b__0_0 () (at ./Library/PackageCache/com.unity.netcode.gameobjects@0f12e689d980/Runtime/Core/NetworkUpdateLoop.cs:214)

(Filename: C:/build/output/unity/unity/Runtime/Export/Debug/Debug.bindings.cs Line: 123)

PHS_BATTERY_ATTACK_THROW_ARMED battery=ParkHanSol_BatteryPack_Dropped(Clone) attacker=PHS_CuteWhiteGhost_Player(Clone)
UnityEngine.Debug:ExtractStackTraceNoAlloc (byte*,int,string)
UnityEngine.StackTraceUtility:ExtractStackTrace () (at C:/build/output/unity/unity/Runtime/Export/Scripting/StackTrace.cs:35)
UnityEngine.DebugLogHandler:Internal_Log (UnityEngine.LogType,UnityEngine.LogOption,string,UnityEngine.Object)
UnityEngine.DebugLogHandler:LogFormat (UnityEngine.LogType,UnityEngine.Object,string,object[]) (at C:/build/output/unity/unity/Runtime/Export/Logging/DebugLogHandler.cs:9)
UnityEngine.Logger:Log (UnityEngine.LogType,object,UnityEngine.Object) (at C:/build/output/unity/unity/Runtime/Export/Logging/Logger.cs:66)
UnityEngine.Debug:Log (object,UnityEngine.Object) (at C:/build/output/unity/unity/Runtime/Export/Debug/Debug.bindings.cs:128)
LastJumpCrew.ParkHanSol.Items.BatteryThrownImpact:InitializeAttackThrow (UnityEngine.GameObject,int) (at E:/UNITY/LastJumpCrew/Assets/06. JoHanYong_PlayerSystem/02. Script/BatteryThrownImpact.cs:70)
LastJumpCrew.ParkHanSol.Multiplayer.NetworkPlayerCombatController:PerformThrowHeldItem (UnityEngine.Vector3,UnityEngine.Vector3,single) (at E:/UNITY/LastJumpCrew/Assets/06. JoHanYong_PlayerSystem/02. Script/NetworkPlayerCombatController.cs:435)
LastJumpCrew.ParkHanSol.Multiplayer.NetworkPlayerCombatController:RequestThrowHeldItemServerRpc (UnityEngine.Vector3,UnityEngine.Vector3,single,Unity.Netcode.ServerRpcParams) (at E:/UNITY/LastJumpCrew/Assets/06. JoHanYong_PlayerSystem/02. Script/NetworkPlayerCombatController.cs:643)
LastJumpCrew.ParkHanSol.Multiplayer.NetworkPlayerCombatController:__rpc_handler_3001723434 (Unity.Netcode.NetworkBehaviour,Unity.Netcode.FastBufferReader,Unity.Netcode.__RpcParams)
Unity.Netcode.RpcMessageHelpers:Handle (Unity.Netcode.NetworkContext&,Unity.Netcode.RpcMetadata&,Unity.Netcode.FastBufferReader&,Unity.Netcode.__RpcParams&) (at ./Library/PackageCache/com.unity.netcode.gameobjects@0f12e689d980/Runtime/Messaging/Messages/RpcMessages.cs:80)
Unity.Netcode.ServerRpcMessage:Handle (Unity.Netcode.NetworkContext&) (at ./Library/PackageCache/com.unity.netcode.gameobjects@0f12e689d980/Runtime/Messaging/Messages/RpcMessages.cs:137)
Unity.Netcode.NetworkMessageManager:ReceiveMessage<Unity.Netcode.ServerRpcMessage> (Unity.Netcode.FastBufferReader,Unity.Netcode.NetworkContext&,Unity.Netcode.NetworkMessageManager) (at ./Library/PackageCache/com.unity.netcode.gameobjects@0f12e689d980/Runtime/Messaging/NetworkMessageManager.cs:566)
Unity.Netcode.NetworkMessageManager:HandleMessage (Unity.Netcode.NetworkMessageHeader&,Unity.Netcode.FastBufferReader,ulong,single,int) (at ./Library/PackageCache/com.unity.netcode.gameobjects@0f12e689d980/Runtime/Messaging/NetworkMessageManager.cs:420)
Unity.Netcode.NetworkMessageManager:ProcessIncomingMessageQueue () (at ./Library/PackageCache/com.unity.netcode.gameobjects@0f12e689d980/Runtime/Messaging/NetworkMessageManager.cs:446)
Unity.Netcode.NetworkManager:NetworkUpdate (Unity.Netcode.NetworkUpdateStage) (at ./Library/PackageCache/com.unity.netcode.gameobjects@0f12e689d980/Runtime/Core/NetworkManager.cs:364)
Unity.Netcode.NetworkUpdateLoop:RunNetworkUpdateStage (Unity.Netcode.NetworkUpdateStage) (at ./Library/PackageCache/com.unity.netcode.gameobjects@0f12e689d980/Runtime/Core/NetworkUpdateLoop.cs:191)
Unity.Netcode.NetworkUpdateLoop/NetworkEarlyUpdate/<>c:<CreateLoopSystem>b__0_0 () (at ./Library/PackageCache/com.unity.netcode.gameobjects@0f12e689d980/Runtime/Core/NetworkUpdateLoop.cs:214)

(Filename: C:/build/output/unity/unity/Runtime/Export/Debug/Debug.bindings.cs Line: 128)

PHS_THROW_IMPACT_READY item=ParkHanSol_BatteryPack_Dropped(Clone)
UnityEngine.Debug:ExtractStackTraceNoAlloc (byte*,int,string)
UnityEngine.StackTraceUtility:ExtractStackTrace () (at C:/build/output/unity/unity/Runtime/Export/Scripting/StackTrace.cs:35)
UnityEngine.DebugLogHandler:Internal_Log (UnityEngine.LogType,UnityEngine.LogOption,string,UnityEngine.Object)
UnityEngine.DebugLogHandler:LogFormat (UnityEngine.LogType,UnityEngine.Object,string,object[]) (at C:/build/output/unity/unity/Runtime/Export/Logging/DebugLogHandler.cs:9)
UnityEngine.Logger:Log (UnityEngine.LogType,object) (at C:/build/output/unity/unity/Runtime/Export/Logging/Logger.cs:60)
UnityEngine.Debug:Log (object) (at C:/build/output/unity/unity/Runtime/Export/Debug/Debug.bindings.cs:123)
LastJumpCrew.ParkHanSol.Items.ThrownItemImpact:InitializeThrow (UnityEngine.GameObject) (at E:/UNITY/LastJumpCrew/Assets/06. JoHanYong_PlayerSystem/02. Script/ThrownItemImpact.cs:39)
LastJumpCrew.ParkHanSol.Multiplayer.NetworkPlayerCombatController:PerformThrowHeldItem (UnityEngine.Vector3,UnityEngine.Vector3,single) (at E:/UNITY/LastJumpCrew/Assets/06. JoHanYong_PlayerSystem/02. Script/NetworkPlayerCombatController.cs:444)
LastJumpCrew.ParkHanSol.Multiplayer.NetworkPlayerCombatController:RequestThrowHeldItemServerRpc (UnityEngine.Vector3,UnityEngine.Vector3,single,Unity.Netcode.ServerRpcParams) (at E:/UNITY/LastJumpCrew/Assets/06. JoHanYong_PlayerSystem/02. Script/NetworkPlayerCombatController.cs:643)
LastJumpCrew.ParkHanSol.Multiplayer.NetworkPlayerCombatController:__rpc_handler_3001723434 (Unity.Netcode.NetworkBehaviour,Unity.Netcode.FastBufferReader,Unity.Netcode.__RpcParams)
Unity.Netcode.RpcMessageHelpers:Handle (Unity.Netcode.NetworkContext&,Unity.Netcode.RpcMetadata&,Unity.Netcode.FastBufferReader&,Unity.Netcode.__RpcParams&) (at ./Library/PackageCache/com.unity.netcode.gameobjects@0f12e689d980/Runtime/Messaging/Messages/RpcMessages.cs:80)
Unity.Netcode.ServerRpcMessage:Handle (Unity.Netcode.NetworkContext&) (at ./Library/PackageCache/com.unity.netcode.gameobjects@0f12e689d980/Runtime/Messaging/Messages/RpcMessages.cs:137)
Unity.Netcode.NetworkMessageManager:ReceiveMessage<Unity.Netcode.ServerRpcMessage> (Unity.Netcode.FastBufferReader,Unity.Netcode.NetworkContext&,Unity.Netcode.NetworkMessageManager) (at ./Library/PackageCache/com.unity.netcode.gameobjects@0f12e689d980/Runtime/Messaging/NetworkMessageManager.cs:566)
Unity.Netcode.NetworkMessageManager:HandleMessage (Unity.Netcode.NetworkMessageHeader&,Unity.Netcode.FastBufferReader,ulong,single,int) (at ./Library/PackageCache/com.unity.netcode.gameobjects@0f12e689d980/Runtime/Messaging/NetworkMessageManager.cs:420)
Unity.Netcode.NetworkMessageManager:ProcessIncomingMessageQueue () (at ./Library/PackageCache/com.unity.netcode.gameobjects@0f12e689d980/Runtime/Messaging/NetworkMessageManager.cs:446)
Unity.Netcode.NetworkManager:NetworkUpdate (Unity.Netcode.NetworkUpdateStage) (at ./Library/PackageCache/com.unity.netcode.gameobjects@0f12e689d980/Runtime/Core/NetworkManager.cs:364)
Unity.Netcode.NetworkUpdateLoop:RunNetworkUpdateStage (Unity.Netcode.NetworkUpdateStage) (at ./Library/PackageCache/com.unity.netcode.gameobjects@0f12e689d980/Runtime/Core/NetworkUpdateLoop.cs:191)
Unity.Netcode.NetworkUpdateLoop/NetworkEarlyUpdate/<>c:<CreateLoopSystem>b__0_0 () (at ./Library/PackageCache/com.unity.netcode.gameobjects@0f12e689d980/Runtime/Core/NetworkUpdateLoop.cs:214)

(Filename: C:/build/output/unity/unity/Runtime/Export/Debug/Debug.bindings.cs Line: 123)

PHS_ITEM_THROW_EXECUTED player=PHS_CuteWhiteGhost_Player(Clone) item=ParkHanSol_BatteryPack_Dropped(Clone) force=6.60
UnityEngine.Debug:ExtractStackTraceNoAlloc (byte*,int,string)
UnityEngine.StackTraceUtility:ExtractStackTrace () (at C:/build/output/unity/unity/Runtime/Export/Scripting/StackTrace.cs:35)
UnityEngine.DebugLogHandler:Internal_Log (UnityEngine.LogType,UnityEngine.LogOption,string,UnityEngine.Object)
UnityEngine.DebugLogHandler:LogFormat (UnityEngine.LogType,UnityEngine.Object,string,object[]) (at C:/build/output/unity/unity/Runtime/Export/Logging/DebugLogHandler.cs:9)
UnityEngine.Logger:Log (UnityEngine.LogType,object) (at C:/build/output/unity/unity/Runtime/Export/Logging/Logger.cs:60)
UnityEngine.Debug:Log (object) (at C:/build/output/unity/unity/Runtime/Export/Debug/Debug.bindings.cs:123)
LastJumpCrew.ParkHanSol.Multiplayer.NetworkPlayerCombatController:PerformThrowHeldItem (UnityEngine.Vector3,UnityEngine.Vector3,single) (at E:/UNITY/LastJumpCrew/Assets/06. JoHanYong_PlayerSystem/02. Script/NetworkPlayerCombatController.cs:450)
LastJumpCrew.ParkHanSol.Multiplayer.NetworkPlayerCombatController:RequestThrowHeldItemServerRpc (UnityEngine.Vector3,UnityEngine.Vector3,single,Unity.Netcode.ServerRpcParams) (at E:/UNITY/LastJumpCrew/Assets/06. JoHanYong_PlayerSystem/02. Script/NetworkPlayerCombatController.cs:643)
LastJumpCrew.ParkHanSol.Multiplayer.NetworkPlayerCombatController:__rpc_handler_3001723434 (Unity.Netcode.NetworkBehaviour,Unity.Netcode.FastBufferReader,Unity.Netcode.__RpcParams)
Unity.Netcode.RpcMessageHelpers:Handle (Unity.Netcode.NetworkContext&,Unity.Netcode.RpcMetadata&,Unity.Netcode.FastBufferReader&,Unity.Netcode.__RpcParams&) (at ./Library/PackageCache/com.unity.netcode.gameobjects@0f12e689d980/Runtime/Messaging/Messages/RpcMessages.cs:80)
Unity.Netcode.ServerRpcMessage:Handle (Unity.Netcode.NetworkContext&) (at ./Library/PackageCache/com.unity.netcode.gameobjects@0f12e689d980/Runtime/Messaging/Messages/RpcMessages.cs:137)
Unity.Netcode.NetworkMessageManager:ReceiveMessage<Unity.Netcode.ServerRpcMessage> (Unity.Netcode.FastBufferReader,Unity.Netcode.NetworkContext&,Unity.Netcode.NetworkMessageManager) (at ./Library/PackageCache/com.unity.netcode.gameobjects@0f12e689d980/Runtime/Messaging/NetworkMessageManager.cs:566)
Unity.Netcode.NetworkMessageManager:HandleMessage (Unity.Netcode.NetworkMessageHeader&,Unity.Netcode.FastBufferReader,ulong,single,int) (at ./Library/PackageCache/com.unity.netcode.gameobjects@0f12e689d980/Runtime/Messaging/NetworkMessageManager.cs:420)
Unity.Netcode.NetworkMessageManager:ProcessIncomingMessageQueue () (at ./Library/PackageCache/com.unity.netcode.gameobjects@0f12e689d980/Runtime/Messaging/NetworkMessageManager.cs:446)
Unity.Netcode.NetworkManager:NetworkUpdate (Unity.Netcode.NetworkUpdateStage) (at ./Library/PackageCache/com.unity.netcode.gameobjects@0f12e689d980/Runtime/Core/NetworkManager.cs:364)
Unity.Netcode.NetworkUpdateLoop:RunNetworkUpdateStage (Unity.Netcode.NetworkUpdateStage) (at ./Library/PackageCache/com.unity.netcode.gameobjects@0f12e689d980/Runtime/Core/NetworkUpdateLoop.cs:191)
Unity.Netcode.NetworkUpdateLoop/NetworkEarlyUpdate/<>c:<CreateLoopSystem>b__0_0 () (at ./Library/PackageCache/com.unity.netcode.gameobjects@0f12e689d980/Runtime/Core/NetworkUpdateLoop.cs:214)

(Filename: C:/build/output/unity/unity/Runtime/Export/Debug/Debug.bindings.cs Line: 123)

PHS_BATTERY_FIRST_IMPACT battery=ParkHanSol_BatteryPack_Dropped(Clone) target=Cube position=(-403.83, 0.74, -12.79)
UnityEngine.Debug:ExtractStackTraceNoAlloc (byte*,int,string)
UnityEngine.StackTraceUtility:ExtractStackTrace () (at C:/build/output/unity/unity/Runtime/Export/Scripting/StackTrace.cs:35)
UnityEngine.DebugLogHandler:Internal_Log (UnityEngine.LogType,UnityEngine.LogOption,string,UnityEngine.Object)
UnityEngine.DebugLogHandler:LogFormat (UnityEngine.LogType,UnityEngine.Object,string,object[]) (at C:/build/output/unity/unity/Runtime/Export/Logging/DebugLogHandler.cs:9)
UnityEngine.Logger:Log (UnityEngine.LogType,object,UnityEngine.Object) (at C:/build/output/unity/unity/Runtime/Export/Logging/Logger.cs:66)
UnityEngine.Debug:Log (object,UnityEngine.Object) (at C:/build/output/unity/unity/Runtime/Export/Debug/Debug.bindings.cs:128)
LastJumpCrew.ParkHanSol.Items.BatteryThrownImpact:OnCollisionEnter (UnityEngine.Collision) (at E:/UNITY/LastJumpCrew/Assets/06. JoHanYong_PlayerSystem/02. Script/BatteryThrownImpact.cs:86)
UnityEngine.Physics:SendOnCollisionEnter (UnityEngine.Component,UnityEngine.Collision)
UnityEngine.Physics:ReportContacts (Unity.Collections.NativeArray`1/ReadOnly<UnityEngine.ContactPairHeader>) (at C:/build/output/unity/unity/Modules/Physics/ScriptBindings/PhysicsContact.bindings.cs:84)
UnityEngine.Physics:OnSceneContact (UnityEngine.PhysicsScene,intptr,int) (at C:/build/output/unity/unity/Modules/Physics/ScriptBindings/PhysicsContact.bindings.cs:45)

(Filename: C:/build/output/unity/unity/Runtime/Export/Debug/Debug.bindings.cs Line: 128)

PHS_BATTERY_IMPACT_EFFECT effect=lightning_ball center=(-403.83, 0.74, -12.79) lifetime=0.80
UnityEngine.Debug:ExtractStackTraceNoAlloc (byte*,int,string)
UnityEngine.StackTraceUtility:ExtractStackTrace () (at C:/build/output/unity/unity/Runtime/Export/Scripting/StackTrace.cs:35)
UnityEngine.DebugLogHandler:Internal_Log (UnityEngine.LogType,UnityEngine.LogOption,string,UnityEngine.Object)
UnityEngine.DebugLogHandler:LogFormat (UnityEngine.LogType,UnityEngine.Object,string,object[]) (at C:/build/output/unity/unity/Runtime/Export/Logging/DebugLogHandler.cs:9)
UnityEngine.Logger:Log (UnityEngine.LogType,object,UnityEngine.Object) (at C:/build/output/unity/unity/Runtime/Export/Logging/Logger.cs:66)
UnityEngine.Debug:Log (object,UnityEngine.Object) (at C:/build/output/unity/unity/Runtime/Export/Debug/Debug.bindings.cs:128)
LastJumpCrew.ParkHanSol.Items.BatteryThrownImpact:SpawnImpactEffect (UnityEngine.GameObject,UnityEngine.Vector3,single,string) (at E:/UNITY/LastJumpCrew/Assets/06. JoHanYong_PlayerSystem/02. Script/BatteryThrownImpact.cs:195)
LastJumpCrew.ParkHanSol.Items.BatteryThrownImpact:PlayImpactEffectClientRpc (UnityEngine.Vector3) (at E:/UNITY/LastJumpCrew/Assets/06. JoHanYong_PlayerSystem/02. Script/BatteryThrownImpact.cs:157)
LastJumpCrew.ParkHanSol.Items.BatteryThrownImpact:__rpc_handler_855497018 (Unity.Netcode.NetworkBehaviour,Unity.Netcode.FastBufferReader,Unity.Netcode.__RpcParams)
Unity.Netcode.RpcMessageHelpers:Handle (Unity.Netcode.NetworkContext&,Unity.Netcode.RpcMetadata&,Unity.Netcode.FastBufferReader&,Unity.Netcode.__RpcParams&) (at ./Library/PackageCache/com.unity.netcode.gameobjects@0f12e689d980/Runtime/Messaging/Messages/RpcMessages.cs:80)
Unity.Netcode.ClientRpcMessage:Handle (Unity.Netcode.NetworkContext&) (at ./Library/PackageCache/com.unity.netcode.gameobjects@0f12e689d980/Runtime/Messaging/Messages/RpcMessages.cs:174)
Unity.Netcode.NetworkBehaviour:__endSendClientRpc (Unity.Netcode.FastBufferWriter&,uint,Unity.Netcode.ClientRpcParams,Unity.Netcode.RpcDelivery) (at ./Library/PackageCache/com.unity.netcode.gameobjects@0f12e689d980/Runtime/Core/NetworkBehaviour.cs:268)
LastJumpCrew.ParkHanSol.Items.BatteryThrownImpact:PlayImpactEffectClientRpc (UnityEngine.Vector3) (at E:/UNITY/LastJumpCrew/Assets/06. JoHanYong_PlayerSystem/02. Script/BatteryThrownImpact.cs:157)
LastJumpCrew.ParkHanSol.Items.BatteryThrownImpact:Explode (UnityEngine.Vector3) (at E:/UNITY/LastJumpCrew/Assets/06. JoHanYong_PlayerSystem/02. Script/BatteryThrownImpact.cs:94)
LastJumpCrew.ParkHanSol.Items.BatteryThrownImpact:OnCollisionEnter (UnityEngine.Collision) (at E:/UNITY/LastJumpCrew/Assets/06. JoHanYong_PlayerSystem/02. Script/BatteryThrownImpact.cs:89)
UnityEngine.Physics:SendOnCollisionEnter (UnityEngine.Component,UnityEngine.Collision)
UnityEngine.Physics:ReportContacts (Unity.Collections.NativeArray`1/ReadOnly<UnityEngine.ContactPairHeader>) (at C:/build/output/unity/unity/Modules/Physics/ScriptBindings/PhysicsContact.bindings.cs:84)
UnityEngine.Physics:OnSceneContact (UnityEngine.PhysicsScene,intptr,int) (at C:/build/output/unity/unity/Modules/Physics/ScriptBindings/PhysicsContact.bindings.cs:45)

(Filename: C:/build/output/unity/unity/Runtime/Export/Debug/Debug.bindings.cs Line: 128)

PHS_BATTERY_IMPACT_EFFECT effect=lightning_ring center=(-403.83, 0.74, -12.79) lifetime=0.80
UnityEngine.Debug:ExtractStackTraceNoAlloc (byte*,int,string)
UnityEngine.StackTraceUtility:ExtractStackTrace () (at C:/build/output/unity/unity/Runtime/Export/Scripting/StackTrace.cs:35)
UnityEngine.DebugLogHandler:Internal_Log (UnityEngine.LogType,UnityEngine.LogOption,string,UnityEngine.Object)
UnityEngine.DebugLogHandler:LogFormat (UnityEngine.LogType,UnityEngine.Object,string,object[]) (at C:/build/output/unity/unity/Runtime/Export/Logging/DebugLogHandler.cs:9)
UnityEngine.Logger:Log (UnityEngine.LogType,object,UnityEngine.Object) (at C:/build/output/unity/unity/Runtime/Export/Logging/Logger.cs:66)
UnityEngine.Debug:Log (object,UnityEngine.Object) (at C:/build/output/unity/unity/Runtime/Export/Debug/Debug.bindings.cs:128)
LastJumpCrew.ParkHanSol.Items.BatteryThrownImpact:SpawnImpactEffect (UnityEngine.GameObject,UnityEngine.Vector3,single,string) (at E:/UNITY/LastJumpCrew/Assets/06. JoHanYong_PlayerSystem/02. Script/BatteryThrownImpact.cs:195)
LastJumpCrew.ParkHanSol.Items.BatteryThrownImpact:PlayImpactEffectClientRpc (UnityEngine.Vector3) (at E:/UNITY/LastJumpCrew/Assets/06. JoHanYong_PlayerSystem/02. Script/BatteryThrownImpact.cs:162)
LastJumpCrew.ParkHanSol.Items.BatteryThrownImpact:__rpc_handler_855497018 (Unity.Netcode.NetworkBehaviour,Unity.Netcode.FastBufferReader,Unity.Netcode.__RpcParams)
Unity.Netcode.RpcMessageHelpers:Handle (Unity.Netcode.NetworkContext&,Unity.Netcode.RpcMetadata&,Unity.Netcode.FastBufferReader&,Unity.Netcode.__RpcParams&) (at ./Library/PackageCache/com.unity.netcode.gameobjects@0f12e689d980/Runtime/Messaging/Messages/RpcMessages.cs:80)
Unity.Netcode.ClientRpcMessage:Handle (Unity.Netcode.NetworkContext&) (at ./Library/PackageCache/com.unity.netcode.gameobjects@0f12e689d980/Runtime/Messaging/Messages/RpcMessages.cs:174)
Unity.Netcode.NetworkBehaviour:__endSendClientRpc (Unity.Netcode.FastBufferWriter&,uint,Unity.Netcode.ClientRpcParams,Unity.Netcode.RpcDelivery) (at ./Library/PackageCache/com.unity.netcode.gameobjects@0f12e689d980/Runtime/Core/NetworkBehaviour.cs:268)
LastJumpCrew.ParkHanSol.Items.BatteryThrownImpact:PlayImpactEffectClientRpc (UnityEngine.Vector3) (at E:/UNITY/LastJumpCrew/Assets/06. JoHanYong_PlayerSystem/02. Script/BatteryThrownImpact.cs:157)
LastJumpCrew.ParkHanSol.Items.BatteryThrownImpact:Explode (UnityEngine.Vector3) (at E:/UNITY/LastJumpCrew/Assets/06. JoHanYong_PlayerSystem/02. Script/BatteryThrownImpact.cs:94)
LastJumpCrew.ParkHanSol.Items.BatteryThrownImpact:OnCollisionEnter (UnityEngine.Collision) (at E:/UNITY/LastJumpCrew/Assets/06. JoHanYong_PlayerSystem/02. Script/BatteryThrownImpact.cs:89)
UnityEngine.Physics:SendOnCollisionEnter (UnityEngine.Component,UnityEngine.Collision)
UnityEngine.Physics:ReportContacts (Unity.Collections.NativeArray`1/ReadOnly<UnityEngine.ContactPairHeader>) (at C:/build/output/unity/unity/Modules/Physics/ScriptBindings/PhysicsContact.bindings.cs:84)
UnityEngine.Physics:OnSceneContact (UnityEngine.PhysicsScene,intptr,int) (at C:/build/output/unity/unity/Modules/Physics/ScriptBindings/PhysicsContact.bindings.cs:45)

(Filename: C:/build/output/unity/unity/Runtime/Export/Debug/Debug.bindings.cs Line: 128)

PHS_STATUS_EFFECT_APPLIED target=PHS_CuteWhiteGhost_Player(Clone) effect=ElectricShok duration=2.00 source=PHS_CuteWhiteGhost_Player(Clone) refreshed=False
UnityEngine.Debug:ExtractStackTraceNoAlloc (byte*,int,string)
UnityEngine.StackTraceUtility:ExtractStackTrace () (at C:/build/output/unity/unity/Runtime/Export/Scripting/StackTrace.cs:35)
UnityEngine.DebugLogHandler:Internal_Log (UnityEngine.LogType,UnityEngine.LogOption,string,UnityEngine.Object)
UnityEngine.DebugLogHandler:LogFormat (UnityEngine.LogType,UnityEngine.Object,string,object[]) (at C:/build/output/unity/unity/Runtime/Export/Logging/DebugLogHandler.cs:9)
UnityEngine.Logger:Log (UnityEngine.LogType,object,UnityEngine.Object) (at C:/build/output/unity/unity/Runtime/Export/Logging/Logger.cs:66)
UnityEngine.Debug:Log (object,UnityEngine.Object) (at C:/build/output/unity/unity/Runtime/Export/Debug/Debug.bindings.cs:128)
LastJumpCrew.ParkHanSol.Multiplayer.StatusEffectController:ApplyStatusEffect (LastJumpCrew.Common.StatusEffectType,single,UnityEngine.GameObject) (at E:/UNITY/LastJumpCrew/Assets/06. JoHanYong_PlayerSystem/02. Script/StatusEffectController.cs:112)
LastJumpCrew.ParkHanSol.Items.BatteryThrownImpact:TryApplyBatteryEffect (UnityEngine.GameObject,UnityEngine.Vector3,string&) (at E:/UNITY/LastJumpCrew/Assets/06. JoHanYong_PlayerSystem/02. Script/BatteryThrownImpact.cs:254)
LastJumpCrew.ParkHanSol.Items.BatteryThrownImpact:Explode (UnityEngine.Vector3) (at E:/UNITY/LastJumpCrew/Assets/06. JoHanYong_PlayerSystem/02. Script/BatteryThrownImpact.cs:112)
LastJumpCrew.ParkHanSol.Items.BatteryThrownImpact:OnCollisionEnter (UnityEngine.Collision) (at E:/UNITY/LastJumpCrew/Assets/06. JoHanYong_PlayerSystem/02. Script/BatteryThrownImpact.cs:89)
UnityEngine.Physics:SendOnCollisionEnter (UnityEngine.Component,UnityEngine.Collision)
UnityEngine.Physics:ReportContacts (Unity.Collections.NativeArray`1/ReadOnly<UnityEngine.ContactPairHeader>) (at C:/build/output/unity/unity/Modules/Physics/ScriptBindings/PhysicsContact.bindings.cs:84)
UnityEngine.Physics:OnSceneContact (UnityEngine.PhysicsScene,intptr,int) (at C:/build/output/unity/unity/Modules/Physics/ScriptBindings/PhysicsContact.bindings.cs:45)

(Filename: C:/build/output/unity/unity/Runtime/Export/Debug/Debug.bindings.cs Line: 128)

PHS_PLAYER_KNOCKBACK_APPLIED player=PHS_CuteWhiteGhost_Player(Clone) force=4.00 direction=(-0.26, -0.11, -0.96) attacker=PHS_CuteWhiteGhost_Player(Clone)
UnityEngine.Debug:ExtractStackTraceNoAlloc (byte*,int,string)
UnityEngine.StackTraceUtility:ExtractStackTrace () (at C:/build/output/unity/unity/Runtime/Export/Scripting/StackTrace.cs:35)
UnityEngine.DebugLogHandler:Internal_Log (UnityEngine.LogType,UnityEngine.LogOption,string,UnityEngine.Object)
UnityEngine.DebugLogHandler:LogFormat (UnityEngine.LogType,UnityEngine.Object,string,object[]) (at C:/build/output/unity/unity/Runtime/Export/Logging/DebugLogHandler.cs:9)
UnityEngine.Logger:Log (UnityEngine.LogType,object,UnityEngine.Object) (at C:/build/output/unity/unity/Runtime/Export/Logging/Logger.cs:66)
UnityEngine.Debug:Log (object,UnityEngine.Object) (at C:/build/output/unity/unity/Runtime/Export/Debug/Debug.bindings.cs:128)
LastJumpCrew.ParkHanSol.Multiplayer.NetworkPlayerKnockbackReceiver:ApplyKnockback (UnityEngine.Vector3,single,UnityEngine.GameObject) (at E:/UNITY/LastJumpCrew/Assets/06. JoHanYong_PlayerSystem/02. Script/NetworkPlayerKnockbackReceiver.cs:52)
LastJumpCrew.ParkHanSol.Items.BatteryThrownImpact:TryApplyBatteryEffect (UnityEngine.GameObject,UnityEngine.Vector3,string&) (at E:/UNITY/LastJumpCrew/Assets/06. JoHanYong_PlayerSystem/02. Script/BatteryThrownImpact.cs:273)
LastJumpCrew.ParkHanSol.Items.BatteryThrownImpact:Explode (UnityEngine.Vector3) (at E:/UNITY/LastJumpCrew/Assets/06. JoHanYong_PlayerSystem/02. Script/BatteryThrownImpact.cs:112)
LastJumpCrew.ParkHanSol.Items.BatteryThrownImpact:OnCollisionEnter (UnityEngine.Collision) (at E:/UNITY/LastJumpCrew/Assets/06. JoHanYong_PlayerSystem/02. Script/BatteryThrownImpact.cs:89)
UnityEngine.Physics:SendOnCollisionEnter (UnityEngine.Component,UnityEngine.Collision)
UnityEngine.Physics:ReportContacts (Unity.Collections.NativeArray`1/ReadOnly<UnityEngine.ContactPairHeader>) (at C:/build/output/unity/unity/Modules/Physics/ScriptBindings/PhysicsContact.bindings.cs:84)
UnityEngine.Physics:OnSceneContact (UnityEngine.PhysicsScene,intptr,int) (at C:/build/output/unity/unity/Modules/Physics/ScriptBindings/PhysicsContact.bindings.cs:45)

(Filename: C:/build/output/unity/unity/Runtime/Export/Debug/Debug.bindings.cs Line: 128)

PHS_BATTERY_PLAYER_REACTED target=PHS_CuteWhiteGhost_Player(Clone) reaction=player_shock_and_knockback
UnityEngine.Debug:ExtractStackTraceNoAlloc (byte*,int,string)
UnityEngine.StackTraceUtility:ExtractStackTrace () (at C:/build/output/unity/unity/Runtime/Export/Scripting/StackTrace.cs:35)
UnityEngine.DebugLogHandler:Internal_Log (UnityEngine.LogType,UnityEngine.LogOption,string,UnityEngine.Object)
UnityEngine.DebugLogHandler:LogFormat (UnityEngine.LogType,UnityEngine.Object,string,object[]) (at C:/build/output/unity/unity/Runtime/Export/Logging/DebugLogHandler.cs:9)
UnityEngine.Logger:Log (UnityEngine.LogType,object,UnityEngine.Object) (at C:/build/output/unity/unity/Runtime/Export/Logging/Logger.cs:66)
UnityEngine.Debug:Log (object,UnityEngine.Object) (at C:/build/output/unity/unity/Runtime/Export/Debug/Debug.bindings.cs:128)
LastJumpCrew.ParkHanSol.Items.BatteryThrownImpact:TryApplyBatteryEffect (UnityEngine.GameObject,UnityEngine.Vector3,string&) (at E:/UNITY/LastJumpCrew/Assets/06. JoHanYong_PlayerSystem/02. Script/BatteryThrownImpact.cs:293)
LastJumpCrew.ParkHanSol.Items.BatteryThrownImpact:Explode (UnityEngine.Vector3) (at E:/UNITY/LastJumpCrew/Assets/06. JoHanYong_PlayerSystem/02. Script/BatteryThrownImpact.cs:112)
LastJumpCrew.ParkHanSol.Items.BatteryThrownImpact:OnCollisionEnter (UnityEngine.Collision) (at E:/UNITY/LastJumpCrew/Assets/06. JoHanYong_PlayerSystem/02. Script/BatteryThrownImpact.cs:89)
UnityEngine.Physics:SendOnCollisionEnter (UnityEngine.Component,UnityEngine.Collision)
UnityEngine.Physics:ReportContacts (Unity.Collections.NativeArray`1/ReadOnly<UnityEngine.ContactPairHeader>) (at C:/build/output/unity/unity/Modules/Physics/ScriptBindings/PhysicsContact.bindings.cs:84)
UnityEngine.Physics:OnSceneContact (UnityEngine.PhysicsScene,intptr,int) (at C:/build/output/unity/unity/Modules/Physics/ScriptBindings/PhysicsContact.bindings.cs:45)

(Filename: C:/build/output/unity/unity/Runtime/Export/Debug/Debug.bindings.cs Line: 128)

PHS_ITEM_TARGET_REACTION item=battery_pack target=PHS_CuteWhiteGhost_Player(Clone) reaction=player_shock_and_knockback result=accepted position=(-404.23, 0.73, -14.29)
UnityEngine.Debug:ExtractStackTraceNoAlloc (byte*,int,string)
UnityEngine.StackTraceUtility:ExtractStackTrace () (at C:/build/output/unity/unity/Runtime/Export/Scripting/StackTrace.cs:35)
UnityEngine.DebugLogHandler:Internal_Log (UnityEngine.LogType,UnityEngine.LogOption,string,UnityEngine.Object)
UnityEngine.DebugLogHandler:LogFormat (UnityEngine.LogType,UnityEngine.Object,string,object[]) (at C:/build/output/unity/unity/Runtime/Export/Logging/DebugLogHandler.cs:9)
UnityEngine.Logger:Log (UnityEngine.LogType,object,UnityEngine.Object) (at C:/build/output/unity/unity/Runtime/Export/Logging/Logger.cs:66)
UnityEngine.Debug:Log (object,UnityEngine.Object) (at C:/build/output/unity/unity/Runtime/Export/Debug/Debug.bindings.cs:128)
LastJumpCrew.ParkHanSol.Items.BatteryThrownImpact:Explode (UnityEngine.Vector3) (at E:/UNITY/LastJumpCrew/Assets/06. JoHanYong_PlayerSystem/02. Script/BatteryThrownImpact.cs:123)
LastJumpCrew.ParkHanSol.Items.BatteryThrownImpact:OnCollisionEnter (UnityEngine.Collision) (at E:/UNITY/LastJumpCrew/Assets/06. JoHanYong_PlayerSystem/02. Script/BatteryThrownImpact.cs:89)
UnityEngine.Physics:SendOnCollisionEnter (UnityEngine.Component,UnityEngine.Collision)
UnityEngine.Physics:ReportContacts (Unity.Collections.NativeArray`1/ReadOnly<UnityEngine.ContactPairHeader>) (at C:/build/output/unity/unity/Modules/Physics/ScriptBindings/PhysicsContact.bindings.cs:84)
UnityEngine.Physics:OnSceneContact (UnityEngine.PhysicsScene,intptr,int) (at C:/build/output/unity/unity/Modules/Physics/ScriptBindings/PhysicsContact.bindings.cs:45)

(Filename: C:/build/output/unity/unity/Runtime/Export/Debug/Debug.bindings.cs Line: 128)

PHS_STATUS_EFFECT_APPLIED target=PHS_CuteWhiteGhost_Player(Clone) effect=ElectricShok duration=2.00 source=PHS_CuteWhiteGhost_Player(Clone) refreshed=False
UnityEngine.Debug:ExtractStackTraceNoAlloc (byte*,int,string)
UnityEngine.StackTraceUtility:ExtractStackTrace () (at C:/build/output/unity/unity/Runtime/Export/Scripting/StackTrace.cs:35)
UnityEngine.DebugLogHandler:Internal_Log (UnityEngine.LogType,UnityEngine.LogOption,string,UnityEngine.Object)
UnityEngine.DebugLogHandler:LogFormat (UnityEngine.LogType,UnityEngine.Object,string,object[]) (at C:/build/output/unity/unity/Runtime/Export/Logging/DebugLogHandler.cs:9)
UnityEngine.Logger:Log (UnityEngine.LogType,object,UnityEngine.Object) (at C:/build/output/unity/unity/Runtime/Export/Logging/Logger.cs:66)
UnityEngine.Debug:Log (object,UnityEngine.Object) (at C:/build/output/unity/unity/Runtime/Export/Debug/Debug.bindings.cs:128)
LastJumpCrew.ParkHanSol.Multiplayer.StatusEffectController:ApplyStatusEffect (LastJumpCrew.Common.StatusEffectType,single,UnityEngine.GameObject) (at E:/UNITY/LastJumpCrew/Assets/06. JoHanYong_PlayerSystem/02. Script/StatusEffectController.cs:112)
LastJumpCrew.ParkHanSol.Items.BatteryThrownImpact:TryApplyBatteryEffect (UnityEngine.GameObject,UnityEngine.Vector3,string&) (at E:/UNITY/LastJumpCrew/Assets/06. JoHanYong_PlayerSystem/02. Script/BatteryThrownImpact.cs:254)
LastJumpCrew.ParkHanSol.Items.BatteryThrownImpact:Explode (UnityEngine.Vector3) (at E:/UNITY/LastJumpCrew/Assets/06. JoHanYong_PlayerSystem/02. Script/BatteryThrownImpact.cs:112)
LastJumpCrew.ParkHanSol.Items.BatteryThrownImpact:OnCollisionEnter (UnityEngine.Collision) (at E:/UNITY/LastJumpCrew/Assets/06. JoHanYong_PlayerSystem/02. Script/BatteryThrownImpact.cs:89)
UnityEngine.Physics:SendOnCollisionEnter (UnityEngine.Component,UnityEngine.Collision)
UnityEngine.Physics:ReportContacts (Unity.Collections.NativeArray`1/ReadOnly<UnityEngine.ContactPairHeader>) (at C:/build/output/unity/unity/Modules/Physics/ScriptBindings/PhysicsContact.bindings.cs:84)
UnityEngine.Physics:OnSceneContact (UnityEngine.PhysicsScene,intptr,int) (at C:/build/output/unity/unity/Modules/Physics/ScriptBindings/PhysicsContact.bindings.cs:45)

(Filename: C:/build/output/unity/unity/Runtime/Export/Debug/Debug.bindings.cs Line: 128)

PHS_PLAYER_KNOCKBACK_APPLIED player=PHS_CuteWhiteGhost_Player(Clone) force=4.00 direction=(-0.55, -0.46, -0.70) attacker=PHS_CuteWhiteGhost_Player(Clone)
UnityEngine.Debug:ExtractStackTraceNoAlloc (byte*,int,string)
UnityEngine.StackTraceUtility:ExtractStackTrace () (at C:/build/output/unity/unity/Runtime/Export/Scripting/StackTrace.cs:35)
UnityEngine.DebugLogHandler:Internal_Log (UnityEngine.LogType,UnityEngine.LogOption,string,UnityEngine.Object)
UnityEngine.DebugLogHandler:LogFormat (UnityEngine.LogType,UnityEngine.Object,string,object[]) (at C:/build/output/unity/unity/Runtime/Export/Logging/DebugLogHandler.cs:9)
UnityEngine.Logger:Log (UnityEngine.LogType,object,UnityEngine.Object) (at C:/build/output/unity/unity/Runtime/Export/Logging/Logger.cs:66)
UnityEngine.Debug:Log (object,UnityEngine.Object) (at C:/build/output/unity/unity/Runtime/Export/Debug/Debug.bindings.cs:128)
LastJumpCrew.ParkHanSol.Multiplayer.NetworkPlayerKnockbackReceiver:ApplyKnockback (UnityEngine.Vector3,single,UnityEngine.GameObject) (at E:/UNITY/LastJumpCrew/Assets/06. JoHanYong_PlayerSystem/02. Script/NetworkPlayerKnockbackReceiver.cs:52)
LastJumpCrew.ParkHanSol.Items.BatteryThrownImpact:TryApplyBatteryEffect (UnityEngine.GameObject,UnityEngine.Vector3,string&) (at E:/UNITY/LastJumpCrew/Assets/06. JoHanYong_PlayerSystem/02. Script/BatteryThrownImpact.cs:273)
LastJumpCrew.ParkHanSol.Items.BatteryThrownImpact:Explode (UnityEngine.Vector3) (at E:/UNITY/LastJumpCrew/Assets/06. JoHanYong_PlayerSystem/02. Script/BatteryThrownImpact.cs:112)
LastJumpCrew.ParkHanSol.Items.BatteryThrownImpact:OnCollisionEnter (UnityEngine.Collision) (at E:/UNITY/LastJumpCrew/Assets/06. JoHanYong_PlayerSystem/02. Script/BatteryThrownImpact.cs:89)
UnityEngine.Physics:SendOnCollisionEnter (UnityEngine.Component,UnityEngine.Collision)
UnityEngine.Physics:ReportContacts (Unity.Collections.NativeArray`1/ReadOnly<UnityEngine.ContactPairHeader>) (at C:/build/output/unity/unity/Modules/Physics/ScriptBindings/PhysicsContact.bindings.cs:84)
UnityEngine.Physics:OnSceneContact (UnityEngine.PhysicsScene,intptr,int) (at C:/build/output/unity/unity/Modules/Physics/ScriptBindings/PhysicsContact.bindings.cs:45)

(Filename: C:/build/output/unity/unity/Runtime/Export/Debug/Debug.bindings.cs Line: 128)

PHS_BATTERY_PLAYER_REACTED target=PHS_CuteWhiteGhost_Player(Clone) reaction=player_shock_and_knockback
UnityEngine.Debug:ExtractStackTraceNoAlloc (byte*,int,string)
UnityEngine.StackTraceUtility:ExtractStackTrace () (at C:/build/output/unity/unity/Runtime/Export/Scripting/StackTrace.cs:35)
UnityEngine.DebugLogHandler:Internal_Log (UnityEngine.LogType,UnityEngine.LogOption,string,UnityEngine.Object)
UnityEngine.DebugLogHandler:LogFormat (UnityEngine.LogType,UnityEngine.Object,string,object[]) (at C:/build/output/unity/unity/Runtime/Export/Logging/DebugLogHandler.cs:9)
UnityEngine.Logger:Log (UnityEngine.LogType,object,UnityEngine.Object) (at C:/build/output/unity/unity/Runtime/Export/Logging/Logger.cs:66)
UnityEngine.Debug:Log (object,UnityEngine.Object) (at C:/build/output/unity/unity/Runtime/Export/Debug/Debug.bindings.cs:128)
LastJumpCrew.ParkHanSol.Items.BatteryThrownImpact:TryApplyBatteryEffect (UnityEngine.GameObject,UnityEngine.Vector3,string&) (at E:/UNITY/LastJumpCrew/Assets/06. JoHanYong_PlayerSystem/02. Script/BatteryThrownImpact.cs:293)
LastJumpCrew.ParkHanSol.Items.BatteryThrownImpact:Explode (UnityEngine.Vector3) (at E:/UNITY/LastJumpCrew/Assets/06. JoHanYong_PlayerSystem/02. Script/BatteryThrownImpact.cs:112)
LastJumpCrew.ParkHanSol.Items.BatteryThrownImpact:OnCollisionEnter (UnityEngine.Collision) (at E:/UNITY/LastJumpCrew/Assets/06. JoHanYong_PlayerSystem/02. Script/BatteryThrownImpact.cs:89)
UnityEngine.Physics:SendOnCollisionEnter (UnityEngine.Component,UnityEngine.Collision)
UnityEngine.Physics:ReportContacts (Unity.Collections.NativeArray`1/ReadOnly<UnityEngine.ContactPairHeader>) (at C:/build/output/unity/unity/Modules/Physics/ScriptBindings/PhysicsContact.bindings.cs:84)
UnityEngine.Physics:OnSceneContact (UnityEngine.PhysicsScene,intptr,int) (at C:/build/output/unity/unity/Modules/Physics/ScriptBindings/PhysicsContact.bindings.cs:45)

(Filename: C:/build/output/unity/unity/Runtime/Export/Debug/Debug.bindings.cs Line: 128)

PHS_ITEM_TARGET_REACTION item=battery_pack target=PHS_CuteWhiteGhost_Player(Clone) reaction=player_shock_and_knockback result=accepted position=(-404.15, 0.73, -13.19)
UnityEngine.Debug:ExtractStackTraceNoAlloc (byte*,int,string)
UnityEngine.StackTraceUtility:ExtractStackTrace () (at C:/build/output/unity/unity/Runtime/Export/Scripting/StackTrace.cs:35)
UnityEngine.DebugLogHandler:Internal_Log (UnityEngine.LogType,UnityEngine.LogOption,string,UnityEngine.Object)
UnityEngine.DebugLogHandler:LogFormat (UnityEngine.LogType,UnityEngine.Object,string,object[]) (at C:/build/output/unity/unity/Runtime/Export/Logging/DebugLogHandler.cs:9)
UnityEngine.Logger:Log (UnityEngine.LogType,object,UnityEngine.Object) (at C:/build/output/unity/unity/Runtime/Export/Logging/Logger.cs:66)
UnityEngine.Debug:Log (object,UnityEngine.Object) (at C:/build/output/unity/unity/Runtime/Export/Debug/Debug.bindings.cs:128)
LastJumpCrew.ParkHanSol.Items.BatteryThrownImpact:Explode (UnityEngine.Vector3) (at E:/UNITY/LastJumpCrew/Assets/06. JoHanYong_PlayerSystem/02. Script/BatteryThrownImpact.cs:123)
LastJumpCrew.ParkHanSol.Items.BatteryThrownImpact:OnCollisionEnter (UnityEngine.Collision) (at E:/UNITY/LastJumpCrew/Assets/06. JoHanYong_PlayerSystem/02. Script/BatteryThrownImpact.cs:89)
UnityEngine.Physics:SendOnCollisionEnter (UnityEngine.Component,UnityEngine.Collision)
UnityEngine.Physics:ReportContacts (Unity.Collections.NativeArray`1/ReadOnly<UnityEngine.ContactPairHeader>) (at C:/build/output/unity/unity/Modules/Physics/ScriptBindings/PhysicsContact.bindings.cs:84)
UnityEngine.Physics:OnSceneContact (UnityEngine.PhysicsScene,intptr,int) (at C:/build/output/unity/unity/Modules/Physics/ScriptBindings/PhysicsContact.bindings.cs:45)

(Filename: C:/build/output/unity/unity/Runtime/Export/Debug/Debug.bindings.cs Line: 128)

PHS_ITEM_FEEDBACK_SHOWN kind=Battery shape=Sphere radius=3.00 distance=0.00 acceptedTargets=2
UnityEngine.Debug:ExtractStackTraceNoAlloc (byte*,int,string)
UnityEngine.StackTraceUtility:ExtractStackTrace () (at C:/build/output/unity/unity/Runtime/Export/Scripting/StackTrace.cs:35)
UnityEngine.DebugLogHandler:Internal_Log (UnityEngine.LogType,UnityEngine.LogOption,string,UnityEngine.Object)
UnityEngine.DebugLogHandler:LogFormat (UnityEngine.LogType,UnityEngine.Object,string,object[]) (at C:/build/output/unity/unity/Runtime/Export/Logging/DebugLogHandler.cs:9)
UnityEngine.Logger:Log (UnityEngine.LogType,object,UnityEngine.Object) (at C:/build/output/unity/unity/Runtime/Export/Logging/Logger.cs:66)
UnityEngine.Debug:Log (object,UnityEngine.Object) (at C:/build/output/unity/unity/Runtime/Export/Debug/Debug.bindings.cs:128)
LastJumpCrew.ParkHanSol.Items.PHSNetworkItemUseFeedbackController:ShowFeedbackLocal (LastJumpCrew.ParkHanSol.Items.PHSItemUseFeedbackKind,LastJumpCrew.ParkHanSol.Items.PHSItemUseFeedbackShape,UnityEngine.Vector3,UnityEngine.Vector3,single,single,UnityEngine.Vector3[]) (at E:/UNITY/LastJumpCrew/Assets/02. ParkHanSol_TeamLeader_Build & Multi/02. Script/Items/PHSNetworkItemUseFeedbackController.cs:331)
LastJumpCrew.ParkHanSol.Items.PHSNetworkItemUseFeedbackController:ShowFeedbackClientRpc (byte,byte,UnityEngine.Vector3,UnityEngine.Vector3,single,single,UnityEngine.Vector3[]) (at E:/UNITY/LastJumpCrew/Assets/02. ParkHanSol_TeamLeader_Build & Multi/02. Script/Items/PHSNetworkItemUseFeedbackController.cs:269)
LastJumpCrew.ParkHanSol.Items.PHSNetworkItemUseFeedbackController:__rpc_handler_3303230777 (Unity.Netcode.NetworkBehaviour,Unity.Netcode.FastBufferReader,Unity.Netcode.__RpcParams)
Unity.Netcode.RpcMessageHelpers:Handle (Unity.Netcode.NetworkContext&,Unity.Netcode.RpcMetadata&,Unity.Netcode.FastBufferReader&,Unity.Netcode.__RpcParams&) (at ./Library/PackageCache/com.unity.netcode.gameobjects@0f12e689d980/Runtime/Messaging/Messages/RpcMessages.cs:80)
Unity.Netcode.ClientRpcMessage:Handle (Unity.Netcode.NetworkContext&) (at ./Library/PackageCache/com.unity.netcode.gameobjects@0f12e689d980/Runtime/Messaging/Messages/RpcMessages.cs:174)
Unity.Netcode.NetworkBehaviour:__endSendClientRpc (Unity.Netcode.FastBufferWriter&,uint,Unity.Netcode.ClientRpcParams,Unity.Netcode.RpcDelivery) (at ./Library/PackageCache/com.unity.netcode.gameobjects@0f12e689d980/Runtime/Core/NetworkBehaviour.cs:268)
LastJumpCrew.ParkHanSol.Items.PHSNetworkItemUseFeedbackController:ShowFeedbackClientRpc (byte,byte,UnityEngine.Vector3,UnityEngine.Vector3,single,single,UnityEngine.Vector3[]) (at E:/UNITY/LastJumpCrew/Assets/02. ParkHanSol_TeamLeader_Build & Multi/02. Script/Items/PHSNetworkItemUseFeedbackController.cs:269)
LastJumpCrew.ParkHanSol.Items.PHSNetworkItemUseFeedbackController:PublishServerFeedback (LastJumpCrew.ParkHanSol.Items.PHSItemUseFeedbackKind,LastJumpCrew.ParkHanSol.Items.PHSItemUseFeedbackShape,UnityEngine.Vector3,UnityEngine.Vector3,single,single,UnityEngine.Vector3[]) (at E:/UNITY/LastJumpCrew/Assets/02. ParkHanSol_TeamLeader_Build & Multi/02. Script/Items/PHSNetworkItemUseFeedbackController.cs:88)
LastJumpCrew.ParkHanSol.Items.BatteryThrownImpact:Explode (UnityEngine.Vector3) (at E:/UNITY/LastJumpCrew/Assets/06. JoHanYong_PlayerSystem/02. Script/BatteryThrownImpact.cs:133)
LastJumpCrew.ParkHanSol.Items.BatteryThrownImpact:OnCollisionEnter (UnityEngine.Collision) (at E:/UNITY/LastJumpCrew/Assets/06. JoHanYong_PlayerSystem/02. Script/BatteryThrownImpact.cs:89)
UnityEngine.Physics:SendOnCollisionEnter (UnityEngine.Component,UnityEngine.Collision)
UnityEngine.Physics:ReportContacts (Unity.Collections.NativeArray`1/ReadOnly<UnityEngine.ContactPairHeader>) (at C:/build/output/unity/unity/Modules/Physics/ScriptBindings/PhysicsContact.bindings.cs:84)
UnityEngine.Physics:OnSceneContact (UnityEngine.PhysicsScene,intptr,int) (at C:/build/output/unity/unity/Modules/Physics/ScriptBindings/PhysicsContact.bindings.cs:45)

(Filename: C:/build/output/unity/unity/Runtime/Export/Debug/Debug.bindings.cs Line: 128)

PHS_BATTERY_EXPLODED battery=ParkHanSol_BatteryPack_Dropped(Clone) radius=3.00 candidates=2 acceptedTargets=2
UnityEngine.Debug:ExtractStackTraceNoAlloc (byte*,int,string)
UnityEngine.StackTraceUtility:ExtractStackTrace () (at C:/build/output/unity/unity/Runtime/Export/Scripting/StackTrace.cs:35)
UnityEngine.DebugLogHandler:Internal_Log (UnityEngine.LogType,UnityEngine.LogOption,string,UnityEngine.Object)
UnityEngine.DebugLogHandler:LogFormat (UnityEngine.LogType,UnityEngine.Object,string,object[]) (at C:/build/output/unity/unity/Runtime/Export/Logging/DebugLogHandler.cs:9)
UnityEngine.Logger:Log (UnityEngine.LogType,object,UnityEngine.Object) (at C:/build/output/unity/unity/Runtime/Export/Logging/Logger.cs:66)
UnityEngine.Debug:Log (object,UnityEngine.Object) (at C:/build/output/unity/unity/Runtime/Export/Debug/Debug.bindings.cs:128)
LastJumpCrew.ParkHanSol.Items.BatteryThrownImpact:Explode (UnityEngine.Vector3) (at E:/UNITY/LastJumpCrew/Assets/06. JoHanYong_PlayerSystem/02. Script/BatteryThrownImpact.cs:149)
LastJumpCrew.ParkHanSol.Items.BatteryThrownImpact:OnCollisionEnter (UnityEngine.Collision) (at E:/UNITY/LastJumpCrew/Assets/06. JoHanYong_PlayerSystem/02. Script/BatteryThrownImpact.cs:89)
UnityEngine.Physics:SendOnCollisionEnter (UnityEngine.Component,UnityEngine.Collision)
UnityEngine.Physics:ReportContacts (Unity.Collections.NativeArray`1/ReadOnly<UnityEngine.ContactPairHeader>) (at C:/build/output/unity/unity/Modules/Physics/ScriptBindings/PhysicsContact.bindings.cs:84)
UnityEngine.Physics:OnSceneContact (UnityEngine.PhysicsScene,intptr,int) (at C:/build/output/unity/unity/Modules/Physics/ScriptBindings/PhysicsContact.bindings.cs:45)

(Filename: C:/build/output/unity/unity/Runtime/Export/Debug/Debug.bindings.cs Line: 128)

PHS_P0_BATTERY_PLAYER_REACTION_OK target=PHS_CuteWhiteGhost_Player(Clone) shocked=True knockbacks=1
UnityEngine.Debug:ExtractStackTraceNoAlloc (byte*,int,string)
UnityEngine.StackTraceUtility:ExtractStackTrace () (at C:/build/output/unity/unity/Runtime/Export/Scripting/StackTrace.cs:35)
UnityEngine.DebugLogHandler:Internal_Log (UnityEngine.LogType,UnityEngine.LogOption,string,UnityEngine.Object)
UnityEngine.DebugLogHandler:LogFormat (UnityEngine.LogType,UnityEngine.Object,string,object[]) (at C:/build/output/unity/unity/Runtime/Export/Logging/DebugLogHandler.cs:9)
UnityEngine.Logger:Log (UnityEngine.LogType,object,UnityEngine.Object) (at C:/build/output/unity/unity/Runtime/Export/Logging/Logger.cs:66)
UnityEngine.Debug:Log (object,UnityEngine.Object) (at C:/build/output/unity/unity/Runtime/Export/Debug/Debug.bindings.cs:128)
LastJumpCrew.ParkHanSol.Multiplayer.Validation.P0RuntimeValidationDriver/<RunRemoteOwnedThrownItemValidation>d__112:MoveNext () (at E:/UNITY/LastJumpCrew/Assets/02. ParkHanSol_TeamLeader_Build & Multi/02. Script/Multiplayer/Validation/P0RuntimeValidationDriver.cs:4108)
UnityEngine.SetupCoroutine:InvokeMoveNext (System.Collections.IEnumerator,intptr) (at C:/build/output/unity/unity/Runtime/Export/Scripting/Coroutines.cs:17)

(Filename: C:/build/output/unity/unity/Runtime/Export/Debug/Debug.bindings.cs Line: 128)

PHS_WARP_SAFE_ZONE_PLAYER zone=PHS_WarpSafeZone clientId=0 inside=True
UnityEngine.Debug:ExtractStackTraceNoAlloc (byte*,int,string)
UnityEngine.StackTraceUtility:ExtractStackTrace () (at C:/build/output/unity/unity/Runtime/Export/Scripting/StackTrace.cs:35)
UnityEngine.DebugLogHandler:Internal_Log (UnityEngine.LogType,UnityEngine.LogOption,string,UnityEngine.Object)
UnityEngine.DebugLogHandler:LogFormat (UnityEngine.LogType,UnityEngine.Object,string,object[]) (at C:/build/output/unity/unity/Runtime/Export/Logging/DebugLogHandler.cs:9)
UnityEngine.Logger:Log (UnityEngine.LogType,object) (at C:/build/output/unity/unity/Runtime/Export/Logging/Logger.cs:60)
UnityEngine.Debug:Log (object) (at C:/build/output/unity/unity/Runtime/Export/Debug/Debug.bindings.cs:123)
LastJumpCrew.ParkHanSol.Multiplayer.NetworkWarpSafeZone:SetPlayerSafeState (UnityEngine.Collider,bool) (at E:/UNITY/LastJumpCrew/Assets/02. ParkHanSol_TeamLeader_Build & Multi/02. Script/Multiplayer/RunFlow/NetworkWarpSafeZone.cs:105)
LastJumpCrew.ParkHanSol.Multiplayer.NetworkWarpSafeZone:OnTriggerEnter (UnityEngine.Collider) (at E:/UNITY/LastJumpCrew/Assets/02. ParkHanSol_TeamLeader_Build & Multi/02. Script/Multiplayer/RunFlow/NetworkWarpSafeZone.cs:65)

(Filename: C:/build/output/unity/unity/Runtime/Export/Debug/Debug.bindings.cs Line: 123)

PHS_P0_REMOTE_ITEM_OWNERSHIP_OK client=1 item=battery_pack pickupNetworkObjectId=49 thrownNetworkObjectId=50 peers=2 heldVisualNetworkObjects=0 durability=0 recordRevision=8
UnityEngine.Debug:ExtractStackTraceNoAlloc (byte*,int,string)
UnityEngine.StackTraceUtility:ExtractStackTrace () (at C:/build/output/unity/unity/Runtime/Export/Scripting/StackTrace.cs:35)
UnityEngine.DebugLogHandler:Internal_Log (UnityEngine.LogType,UnityEngine.LogOption,string,UnityEngine.Object)
UnityEngine.DebugLogHandler:LogFormat (UnityEngine.LogType,UnityEngine.Object,string,object[]) (at C:/build/output/unity/unity/Runtime/Export/Logging/DebugLogHandler.cs:9)
UnityEngine.Logger:Log (UnityEngine.LogType,object,UnityEngine.Object) (at C:/build/output/unity/unity/Runtime/Export/Logging/Logger.cs:66)
UnityEngine.Debug:Log (object,UnityEngine.Object) (at C:/build/output/unity/unity/Runtime/Export/Debug/Debug.bindings.cs:128)
LastJumpCrew.ParkHanSol.Multiplayer.Validation.P0RuntimeValidationDriver/<RunRemoteOwnedThrownItemValidation>d__112:MoveNext () (at E:/UNITY/LastJumpCrew/Assets/02. ParkHanSol_TeamLeader_Build & Multi/02. Script/Multiplayer/Validation/P0RuntimeValidationDriver.cs:4143)
UnityEngine.SetupCoroutine:InvokeMoveNext (System.Collections.IEnumerator,intptr) (at C:/build/output/unity/unity/Runtime/Export/Scripting/Coroutines.cs:17)

(Filename: C:/build/output/unity/unity/Runtime/Export/Debug/Debug.bindings.cs Line: 128)

PHS_P0_RESULT PASS item_network_lifecycle peers=2 items=3
UnityEngine.Debug:ExtractStackTraceNoAlloc (byte*,int,string)
UnityEngine.StackTraceUtility:ExtractStackTrace () (at C:/build/output/unity/unity/Runtime/Export/Scripting/StackTrace.cs:35)
UnityEngine.DebugLogHandler:Internal_Log (UnityEngine.LogType,UnityEngine.LogOption,string,UnityEngine.Object)
UnityEngine.DebugLogHandler:LogFormat (UnityEngine.LogType,UnityEngine.Object,string,object[]) (at C:/build/output/unity/unity/Runtime/Export/Logging/DebugLogHandler.cs:9)
UnityEngine.Logger:Log (UnityEngine.LogType,object,UnityEngine.Object) (at C:/build/output/unity/unity/Runtime/Export/Logging/Logger.cs:66)
UnityEngine.Debug:Log (object,UnityEngine.Object) (at C:/build/output/unity/unity/Runtime/Export/Debug/Debug.bindings.cs:128)
LastJumpCrew.ParkHanSol.Multiplayer.Validation.P0RuntimeValidationDriver:Pass (string) (at E:/UNITY/LastJumpCrew/Assets/02. ParkHanSol_TeamLeader_Build & Multi/02. Script/Multiplayer/Validation/P0RuntimeValidationDriver.cs:6169)
LastJumpCrew.ParkHanSol.Multiplayer.Validation.P0RuntimeValidationDriver/<RunItemServerScenario>d__68:MoveNext () (at E:/UNITY/LastJumpCrew/Assets/02. ParkHanSol_TeamLeader_Build & Multi/02. Script/Multiplayer/Validation/P0RuntimeValidationDriver.cs:440)
UnityEngine.SetupCoroutine:InvokeMoveNext (System.Collections.IEnumerator,intptr) (at C:/build/output/unity/unity/Runtime/Export/Scripting/Coroutines.cs:17)

(Filename: C:/build/output/unity/unity/Runtime/Export/Debug/Debug.bindings.cs Line: 128)

PHS_STATUS_EFFECT_ENDED target=PHS_CuteWhiteGhost_Player(Clone) effect=ElectricShok
UnityEngine.Debug:ExtractStackTraceNoAlloc (byte*,int,string)
UnityEngine.StackTraceUtility:ExtractStackTrace () (at C:/build/output/unity/unity/Runtime/Export/Scripting/StackTrace.cs:35)
UnityEngine.DebugLogHandler:Internal_Log (UnityEngine.LogType,UnityEngine.LogOption,string,UnityEngine.Object)
UnityEngine.DebugLogHandler:LogFormat (UnityEngine.LogType,UnityEngine.Object,string,object[]) (at C:/build/output/unity/unity/Runtime/Export/Logging/DebugLogHandler.cs:9)
UnityEngine.Logger:Log (UnityEngine.LogType,object,UnityEngine.Object) (at C:/build/output/unity/unity/Runtime/Export/Logging/Logger.cs:66)
UnityEngine.Debug:Log (object,UnityEngine.Object) (at C:/build/output/unity/unity/Runtime/Export/Debug/Debug.bindings.cs:128)
LastJumpCrew.ParkHanSol.Multiplayer.StatusEffectController:FinishElectricShock () (at E:/UNITY/LastJumpCrew/Assets/06. JoHanYong_PlayerSystem/02. Script/StatusEffectController.cs:172)
LastJumpCrew.ParkHanSol.Multiplayer.StatusEffectController/<RemoveElectricShockAfter>d__20:MoveNext () (at E:/UNITY/LastJumpCrew/Assets/06. JoHanYong_PlayerSystem/02. Script/StatusEffectController.cs:147)
UnityEngine.SetupCoroutine:InvokeMoveNext (System.Collections.IEnumerator,intptr) (at C:/build/output/unity/unity/Runtime/Export/Scripting/Coroutines.cs:17)

(Filename: C:/build/output/unity/unity/Runtime/Export/Debug/Debug.bindings.cs Line: 128)

PHS_STATUS_EFFECT_ENDED target=PHS_CuteWhiteGhost_Player(Clone) effect=ElectricShok
UnityEngine.Debug:ExtractStackTraceNoAlloc (byte*,int,string)
UnityEngine.StackTraceUtility:ExtractStackTrace () (at C:/build/output/unity/unity/Runtime/Export/Scripting/StackTrace.cs:35)
UnityEngine.DebugLogHandler:Internal_Log (UnityEngine.LogType,UnityEngine.LogOption,string,UnityEngine.Object)
UnityEngine.DebugLogHandler:LogFormat (UnityEngine.LogType,UnityEngine.Object,string,object[]) (at C:/build/output/unity/unity/Runtime/Export/Logging/DebugLogHandler.cs:9)
UnityEngine.Logger:Log (UnityEngine.LogType,object,UnityEngine.Object) (at C:/build/output/unity/unity/Runtime/Export/Logging/Logger.cs:66)
UnityEngine.Debug:Log (object,UnityEngine.Object) (at C:/build/output/unity/unity/Runtime/Export/Debug/Debug.bindings.cs:128)
LastJumpCrew.ParkHanSol.Multiplayer.StatusEffectController:FinishElectricShock () (at E:/UNITY/LastJumpCrew/Assets/06. JoHanYong_PlayerSystem/02. Script/StatusEffectController.cs:172)
LastJumpCrew.ParkHanSol.Multiplayer.StatusEffectController/<RemoveElectricShockAfter>d__20:MoveNext () (at E:/UNITY/LastJumpCrew/Assets/06. JoHanYong_PlayerSystem/02. Script/StatusEffectController.cs:147)
UnityEngine.SetupCoroutine:InvokeMoveNext (System.Collections.IEnumerator,intptr) (at C:/build/output/unity/unity/Runtime/Export/Scripting/Coroutines.cs:17)

(Filename: C:/build/output/unity/unity/Runtime/Export/Debug/Debug.bindings.cs Line: 128)

[GameLoop] Phase=Play, Cleared=0, Time=300.0
UnityEngine.Debug:ExtractStackTraceNoAlloc (byte*,int,string)
UnityEngine.StackTraceUtility:ExtractStackTrace () (at C:/build/output/unity/unity/Runtime/Export/Scripting/StackTrace.cs:35)
UnityEngine.DebugLogHandler:Internal_Log (UnityEngine.LogType,UnityEngine.LogOption,string,UnityEngine.Object)
UnityEngine.DebugLogHandler:LogFormat (UnityEngine.LogType,UnityEngine.Object,string,object[]) (at C:/build/output/unity/unity/Runtime/Export/Logging/DebugLogHandler.cs:9)
UnityEngine.Logger:Log (UnityEngine.LogType,object) (at C:/build/output/unity/unity/Runtime/Export/Logging/Logger.cs:60)
UnityEngine.Debug:Log (object) (at C:/build/output/unity/unity/Runtime/Export/Debug/Debug.bindings.cs:123)
LastJumpCrew.SeoBoGyeong.GameLoopController:SetPhase (LastJumpCrew.SeoBoGyeong.GamePhase) (at E:/UNITY/LastJumpCrew/Assets/03. SeoBoGyeong_Game Economy/02. Script/GameRule/GameLoopController.cs:126)
LastJumpCrew.SeoBoGyeong.GameLoopController:OnZoneSelected (int) (at E:/UNITY/LastJumpCrew/Assets/03. SeoBoGyeong_Game Economy/02. Script/GameRule/GameLoopController.cs:52)
LastJumpCrew.SeoBoGyeong.LocalGameSession:SelectZone (int) (at E:/UNITY/LastJumpCrew/Assets/03. SeoBoGyeong_Game Economy/02. Script/Session/LocalGameSession.cs:81)
LastJumpCrew.ParkHanSol.Multiplayer.NetworkRunFlowCoordinator:TickRearm (single) (at E:/UNITY/LastJumpCrew/Assets/02. ParkHanSol_TeamLeader_Build & Multi/02. Script/Multiplayer/RunFlow/NetworkRunFlowCoordinator.cs:624)
LastJumpCrew.ParkHanSol.Multiplayer.NetworkRunFlowCoordinator:TickServerFlow (single) (at E:/UNITY/LastJumpCrew/Assets/02. ParkHanSol_TeamLeader_Build & Multi/02. Script/Multiplayer/RunFlow/NetworkRunFlowCoordinator.cs:533)
LastJumpCrew.ParkHanSol.Multiplayer.NetworkRunFlowCoordinator:Update () (at E:/UNITY/LastJumpCrew/Assets/02. ParkHanSol_TeamLeader_Build & Multi/02. Script/Multiplayer/RunFlow/NetworkRunFlowCoordinator.cs:298)

(Filename: C:/build/output/unity/unity/Runtime/Export/Debug/Debug.bindings.cs Line: 123)

PHS_STAGE_CLOCK_STARTED map=8001 sequence=1 duration=300 revision=1
UnityEngine.Debug:ExtractStackTraceNoAlloc (byte*,int,string)
UnityEngine.StackTraceUtility:ExtractStackTrace () (at C:/build/output/unity/unity/Runtime/Export/Scripting/StackTrace.cs:35)
UnityEngine.DebugLogHandler:Internal_Log (UnityEngine.LogType,UnityEngine.LogOption,string,UnityEngine.Object)
UnityEngine.DebugLogHandler:LogFormat (UnityEngine.LogType,UnityEngine.Object,string,object[]) (at C:/build/output/unity/unity/Runtime/Export/Logging/DebugLogHandler.cs:9)
UnityEngine.Logger:Log (UnityEngine.LogType,object,UnityEngine.Object) (at C:/build/output/unity/unity/Runtime/Export/Logging/Logger.cs:66)
UnityEngine.Debug:Log (object,UnityEngine.Object) (at C:/build/output/unity/unity/Runtime/Export/Debug/Debug.bindings.cs:128)
LastJumpCrew.ParkHanSol.Multiplayer.NetworkRunStageClock:TryStartServer (int,single,string&) (at E:/UNITY/LastJumpCrew/Assets/02. ParkHanSol_TeamLeader_Build & Multi/02. Script/Multiplayer/RunFlow/NetworkRunStageClock.cs:111)
LastJumpCrew.ParkHanSol.Multiplayer.NetworkRunFlowCoordinator:TickRearm (single) (at E:/UNITY/LastJumpCrew/Assets/02. ParkHanSol_TeamLeader_Build & Multi/02. Script/Multiplayer/RunFlow/NetworkRunFlowCoordinator.cs:637)
LastJumpCrew.ParkHanSol.Multiplayer.NetworkRunFlowCoordinator:TickServerFlow (single) (at E:/UNITY/LastJumpCrew/Assets/02. ParkHanSol_TeamLeader_Build & Multi/02. Script/Multiplayer/RunFlow/NetworkRunFlowCoordinator.cs:533)
LastJumpCrew.ParkHanSol.Multiplayer.NetworkRunFlowCoordinator:Update () (at E:/UNITY/LastJumpCrew/Assets/02. ParkHanSol_TeamLeader_Build & Multi/02. Script/Multiplayer/RunFlow/NetworkRunFlowCoordinator.cs:298)

(Filename: C:/build/output/unity/unity/Runtime/Export/Debug/Debug.bindings.cs Line: 128)

PHS_RUN_FLOW_ZONE_STARTED zone=8001 cleared=0 clock=Running sequence=1
UnityEngine.Debug:ExtractStackTraceNoAlloc (byte*,int,string)
UnityEngine.StackTraceUtility:ExtractStackTrace () (at C:/build/output/unity/unity/Runtime/Export/Scripting/StackTrace.cs:35)
UnityEngine.DebugLogHandler:Internal_Log (UnityEngine.LogType,UnityEngine.LogOption,string,UnityEngine.Object)
UnityEngine.DebugLogHandler:LogFormat (UnityEngine.LogType,UnityEngine.Object,string,object[]) (at C:/build/output/unity/unity/Runtime/Export/Logging/DebugLogHandler.cs:9)
UnityEngine.Logger:Log (UnityEngine.LogType,object) (at C:/build/output/unity/unity/Runtime/Export/Logging/Logger.cs:60)
UnityEngine.Debug:Log (object) (at C:/build/output/unity/unity/Runtime/Export/Debug/Debug.bindings.cs:123)
LastJumpCrew.ParkHanSol.Multiplayer.NetworkRunFlowCoordinator:TickRearm (single) (at E:/UNITY/LastJumpCrew/Assets/02. ParkHanSol_TeamLeader_Build & Multi/02. Script/Multiplayer/RunFlow/NetworkRunFlowCoordinator.cs:664)
LastJumpCrew.ParkHanSol.Multiplayer.NetworkRunFlowCoordinator:TickServerFlow (single) (at E:/UNITY/LastJumpCrew/Assets/02. ParkHanSol_TeamLeader_Build & Multi/02. Script/Multiplayer/RunFlow/NetworkRunFlowCoordinator.cs:533)
LastJumpCrew.ParkHanSol.Multiplayer.NetworkRunFlowCoordinator:Update () (at E:/UNITY/LastJumpCrew/Assets/02. ParkHanSol_TeamLeader_Build & Multi/02. Script/Multiplayer/RunFlow/NetworkRunFlowCoordinator.cs:298)

(Filename: C:/build/output/unity/unity/Runtime/Export/Debug/Debug.bindings.cs Line: 123)

PHS_RUN_INCIDENT_STAGE_BEGAN map=8001 stage=1 pressure=3 externalCap=1 internalCap=2 revision=2
UnityEngine.Debug:ExtractStackTraceNoAlloc (byte*,int,string)
UnityEngine.StackTraceUtility:ExtractStackTrace () (at C:/build/output/unity/unity/Runtime/Export/Scripting/StackTrace.cs:35)
UnityEngine.DebugLogHandler:Internal_Log (UnityEngine.LogType,UnityEngine.LogOption,string,UnityEngine.Object)
UnityEngine.DebugLogHandler:LogFormat (UnityEngine.LogType,UnityEngine.Object,string,object[]) (at C:/build/output/unity/unity/Runtime/Export/Logging/DebugLogHandler.cs:9)
UnityEngine.Logger:Log (UnityEngine.LogType,object,UnityEngine.Object) (at C:/build/output/unity/unity/Runtime/Export/Logging/Logger.cs:66)
UnityEngine.Debug:Log (object,UnityEngine.Object) (at C:/build/output/unity/unity/Runtime/Export/Debug/Debug.bindings.cs:128)
LastJumpCrew.ParkHanSol.Multiplayer.NetworkRunIncidentLedger:TryBeginStageServer (int,uint,uint16,byte,byte,string&) (at E:/UNITY/LastJumpCrew/Assets/02. ParkHanSol_TeamLeader_Build & Multi/02. Script/Multiplayer/Incidents/NetworkRunIncidentLedger.cs:218)
LastJumpCrew.ParkHanSol.Multiplayer.PHSNetworkIncidentDirector:TryConfigureServer (LastJumpCrew.ParkHanSol.Multiplayer.RunIncidentScheduleDefinition,string&) (at E:/UNITY/LastJumpCrew/Assets/02. ParkHanSol_TeamLeader_Build & Multi/02. Script/Multiplayer/Incidents/PHSNetworkIncidentDirector.cs:177)
LastJumpCrew.ParkHanSol.Multiplayer.Maps.PHSMapRuntimeContext:TryConfigureIncidentDirector (LastJumpCrew.ParkHanSol.Multiplayer.Maps.PHSMapProfileSO,LastJumpCrew.ParkHanSol.Multiplayer.NetworkRunSessionRoot,string&) (at E:/UNITY/LastJumpCrew/Assets/02. ParkHanSol_TeamLeader_Build & Multi/02. Script/Multiplayer/Maps/PHSMapRuntimeContext.cs:525)
LastJumpCrew.ParkHanSol.Multiplayer.Maps.PHSMapRuntimeContext:TryConfigurePendingIncidentSchedule () (at E:/UNITY/LastJumpCrew/Assets/02. ParkHanSol_TeamLeader_Build & Multi/02. Script/Multiplayer/Maps/PHSMapRuntimeContext.cs:600)
LastJumpCrew.ParkHanSol.Multiplayer.Maps.PHSMapRuntimeContext:Update () (at E:/UNITY/LastJumpCrew/Assets/02. ParkHanSol_TeamLeader_Build & Multi/02. Script/Multiplayer/Maps/PHSMapRuntimeContext.cs:109)

(Filename: C:/build/output/unity/unity/Runtime/Export/Debug/Debug.bindings.cs Line: 128)

PHS_INCIDENT_DIRECTOR_CONFIGURED map=8001 stage=1 pressure=3 externalCap=1 internalCap=2
UnityEngine.Debug:ExtractStackTraceNoAlloc (byte*,int,string)
UnityEngine.StackTraceUtility:ExtractStackTrace () (at C:/build/output/unity/unity/Runtime/Export/Scripting/StackTrace.cs:35)
UnityEngine.DebugLogHandler:Internal_Log (UnityEngine.LogType,UnityEngine.LogOption,string,UnityEngine.Object)
UnityEngine.DebugLogHandler:LogFormat (UnityEngine.LogType,UnityEngine.Object,string,object[]) (at C:/build/output/unity/unity/Runtime/Export/Logging/DebugLogHandler.cs:9)
UnityEngine.Logger:Log (UnityEngine.LogType,object,UnityEngine.Object) (at C:/build/output/unity/unity/Runtime/Export/Logging/Logger.cs:66)
UnityEngine.Debug:Log (object,UnityEngine.Object) (at C:/build/output/unity/unity/Runtime/Export/Debug/Debug.bindings.cs:128)
LastJumpCrew.ParkHanSol.Multiplayer.PHSNetworkIncidentDirector:TryConfigureServer (LastJumpCrew.ParkHanSol.Multiplayer.RunIncidentScheduleDefinition,string&) (at E:/UNITY/LastJumpCrew/Assets/02. ParkHanSol_TeamLeader_Build & Multi/02. Script/Multiplayer/Incidents/PHSNetworkIncidentDirector.cs:200)
LastJumpCrew.ParkHanSol.Multiplayer.Maps.PHSMapRuntimeContext:TryConfigureIncidentDirector (LastJumpCrew.ParkHanSol.Multiplayer.Maps.PHSMapProfileSO,LastJumpCrew.ParkHanSol.Multiplayer.NetworkRunSessionRoot,string&) (at E:/UNITY/LastJumpCrew/Assets/02. ParkHanSol_TeamLeader_Build & Multi/02. Script/Multiplayer/Maps/PHSMapRuntimeContext.cs:525)
LastJumpCrew.ParkHanSol.Multiplayer.Maps.PHSMapRuntimeContext:TryConfigurePendingIncidentSchedule () (at E:/UNITY/LastJumpCrew/Assets/02. ParkHanSol_TeamLeader_Build & Multi/02. Script/Multiplayer/Maps/PHSMapRuntimeContext.cs:600)
LastJumpCrew.ParkHanSol.Multiplayer.Maps.PHSMapRuntimeContext:Update () (at E:/UNITY/LastJumpCrew/Assets/02. ParkHanSol_TeamLeader_Build & Multi/02. Script/Multiplayer/Maps/PHSMapRuntimeContext.cs:109)

(Filename: C:/build/output/unity/unity/Runtime/Export/Debug/Debug.bindings.cs Line: 128)

PHS_MAP_INCIDENT_SCHEDULE_READY mapId=8001 sequence=1
UnityEngine.Debug:ExtractStackTraceNoAlloc (byte*,int,string)
UnityEngine.StackTraceUtility:ExtractStackTrace () (at C:/build/output/unity/unity/Runtime/Export/Scripting/StackTrace.cs:35)
UnityEngine.DebugLogHandler:Internal_Log (UnityEngine.LogType,UnityEngine.LogOption,string,UnityEngine.Object)
UnityEngine.DebugLogHandler:LogFormat (UnityEngine.LogType,UnityEngine.Object,string,object[]) (at C:/build/output/unity/unity/Runtime/Export/Logging/DebugLogHandler.cs:9)
UnityEngine.Logger:Log (UnityEngine.LogType,object,UnityEngine.Object) (at C:/build/output/unity/unity/Runtime/Export/Logging/Logger.cs:66)
UnityEngine.Debug:Log (object,UnityEngine.Object) (at C:/build/output/unity/unity/Runtime/Export/Debug/Debug.bindings.cs:128)
LastJumpCrew.ParkHanSol.Multiplayer.Maps.PHSMapRuntimeContext:TryConfigurePendingIncidentSchedule () (at E:/UNITY/LastJumpCrew/Assets/02. ParkHanSol_TeamLeader_Build & Multi/02. Script/Multiplayer/Maps/PHSMapRuntimeContext.cs:606)
LastJumpCrew.ParkHanSol.Multiplayer.Maps.PHSMapRuntimeContext:Update () (at E:/UNITY/LastJumpCrew/Assets/02. ParkHanSol_TeamLeader_Build & Multi/02. Script/Multiplayer/Maps/PHSMapRuntimeContext.cs:109)

(Filename: C:/build/output/unity/unity/Runtime/Export/Debug/Debug.bindings.cs Line: 128)

PHS_SHIP_ACCIDENT_MAINTENANCE_PAUSED paused=False
UnityEngine.Debug:ExtractStackTraceNoAlloc (byte*,int,string)
UnityEngine.StackTraceUtility:ExtractStackTrace () (at C:/build/output/unity/unity/Runtime/Export/Scripting/StackTrace.cs:35)
UnityEngine.DebugLogHandler:Internal_Log (UnityEngine.LogType,UnityEngine.LogOption,string,UnityEngine.Object)
UnityEngine.DebugLogHandler:LogFormat (UnityEngine.LogType,UnityEngine.Object,string,object[]) (at C:/build/output/unity/unity/Runtime/Export/Logging/DebugLogHandler.cs:9)
UnityEngine.Logger:Log (UnityEngine.LogType,object,UnityEngine.Object) (at C:/build/output/unity/unity/Runtime/Export/Logging/Logger.cs:66)
UnityEngine.Debug:Log (object,UnityEngine.Object) (at C:/build/output/unity/unity/Runtime/Export/Debug/Debug.bindings.cs:128)
LastJumpCrew.ParkHanSol.Multiplayer.ShipAccidents.PHSNetworkShipAccidentCoordinator:TrySetMaintenancePausedServer (bool,string&) (at E:/UNITY/LastJumpCrew/Assets/02. ParkHanSol_TeamLeader_Build & Multi/02. Script/Multiplayer/ShipAccidents/PHSNetworkShipAccidentCoordinator.cs:515)
LastJumpCrew.ParkHanSol.Multiplayer.Maps.PHSMapRuntimeContext:HandlePhaseChanged (LastJumpCrew.ParkHanSol.Multiplayer.NetworkRunPhase,LastJumpCrew.ParkHanSol.Multiplayer.NetworkRunPhase) (at E:/UNITY/LastJumpCrew/Assets/02. ParkHanSol_TeamLeader_Build & Multi/02. Script/Multiplayer/Maps/PHSMapRuntimeContext.cs:247)
LastJumpCrew.ParkHanSol.Multiplayer.NetworkRunFlowCoordinator:HandleSynchronizedPhaseChanged (LastJumpCrew.ParkHanSol.Multiplayer.NetworkRunPhase,LastJumpCrew.ParkHanSol.Multiplayer.NetworkRunPhase) (at E:/UNITY/LastJumpCrew/Assets/02. ParkHanSol_TeamLeader_Build & Multi/02. Script/Multiplayer/RunFlow/NetworkRunFlowCoordinator.cs:1260)
Unity.Netcode.NetworkVariable`1<LastJumpCrew.ParkHanSol.Multiplayer.NetworkRunPhase>:set_Value (LastJumpCrew.ParkHanSol.Multiplayer.NetworkRunPhase) (at ./Library/PackageCache/com.unity.netcode.gameobjects@0f12e689d980/Runtime/NetworkVariable/NetworkVariable.cs:165)
LastJumpCrew.ParkHanSol.Multiplayer.NetworkRunFlowCoordinator:SetPhase (LastJumpCrew.ParkHanSol.Multiplayer.NetworkRunPhase) (at E:/UNITY/LastJumpCrew/Assets/02. ParkHanSol_TeamLeader_Build & Multi/02. Script/Multiplayer/RunFlow/NetworkRunFlowCoordinator.cs:1429)
LastJumpCrew.ParkHanSol.Multiplayer.NetworkRunFlowCoordinator:TickWarpCharge (single) (at E:/UNITY/LastJumpCrew/Assets/02. ParkHanSol_TeamLeader_Build & Multi/02. Script/Multiplayer/RunFlow/NetworkRunFlowCoordinator.cs:673)
LastJumpCrew.ParkHanSol.Multiplayer.NetworkRunFlowCoordinator:TickServerFlow (single) (at E:/UNITY/LastJumpCrew/Assets/02. ParkHanSol_TeamLeader_Build & Multi/02. Script/Multiplayer/RunFlow/NetworkRunFlowCoordinator.cs:536)
LastJumpCrew.ParkHanSol.Multiplayer.NetworkRunFlowCoordinator:Update () (at E:/UNITY/LastJumpCrew/Assets/02. ParkHanSol_TeamLeader_Build & Multi/02. Script/Multiplayer/RunFlow/NetworkRunFlowCoordinator.cs:298)

(Filename: C:/build/output/unity/unity/Runtime/Export/Debug/Debug.bindings.cs Line: 128)

PHS_INCIDENT_DIRECTOR_SCHEDULING enabled=True map=8001 stage=1
UnityEngine.Debug:ExtractStackTraceNoAlloc (byte*,int,string)
UnityEngine.StackTraceUtility:ExtractStackTrace () (at C:/build/output/unity/unity/Runtime/Export/Scripting/StackTrace.cs:35)
UnityEngine.DebugLogHandler:Internal_Log (UnityEngine.LogType,UnityEngine.LogOption,string,UnityEngine.Object)
UnityEngine.DebugLogHandler:LogFormat (UnityEngine.LogType,UnityEngine.Object,string,object[]) (at C:/build/output/unity/unity/Runtime/Export/Logging/DebugLogHandler.cs:9)
UnityEngine.Logger:Log (UnityEngine.LogType,object,UnityEngine.Object) (at C:/build/output/unity/unity/Runtime/Export/Logging/Logger.cs:66)
UnityEngine.Debug:Log (object,UnityEngine.Object) (at C:/build/output/unity/unity/Runtime/Export/Debug/Debug.bindings.cs:128)
LastJumpCrew.ParkHanSol.Multiplayer.PHSNetworkIncidentDirector:TrySetSchedulingEnabledServer (bool,string&) (at E:/UNITY/LastJumpCrew/Assets/02. ParkHanSol_TeamLeader_Build & Multi/02. Script/Multiplayer/Incidents/PHSNetworkIncidentDirector.cs:237)
LastJumpCrew.ParkHanSol.Multiplayer.Maps.PHSMapRuntimeContext:TrySetIncidentSchedulingEnabled (bool,string&) (at E:/UNITY/LastJumpCrew/Assets/02. ParkHanSol_TeamLeader_Build & Multi/02. Script/Multiplayer/Maps/PHSMapRuntimeContext.cs:826)
LastJumpCrew.ParkHanSol.Multiplayer.Maps.PHSMapRuntimeContext:HandlePhaseChanged (LastJumpCrew.ParkHanSol.Multiplayer.NetworkRunPhase,LastJumpCrew.ParkHanSol.Multiplayer.NetworkRunPhase) (at E:/UNITY/LastJumpCrew/Assets/02. ParkHanSol_TeamLeader_Build & Multi/02. Script/Multiplayer/Maps/PHSMapRuntimeContext.cs:266)
LastJumpCrew.ParkHanSol.Multiplayer.NetworkRunFlowCoordinator:HandleSynchronizedPhaseChanged (LastJumpCrew.ParkHanSol.Multiplayer.NetworkRunPhase,LastJumpCrew.ParkHanSol.Multiplayer.NetworkRunPhase) (at E:/UNITY/LastJumpCrew/Assets/02. ParkHanSol_TeamLeader_Build & Multi/02. Script/Multiplayer/RunFlow/NetworkRunFlowCoordinator.cs:1260)
Unity.Netcode.NetworkVariable`1<LastJumpCrew.ParkHanSol.Multiplayer.NetworkRunPhase>:set_Value (LastJumpCrew.ParkHanSol.Multiplayer.NetworkRunPhase) (at ./Library/PackageCache/com.unity.netcode.gameobjects@0f12e689d980/Runtime/NetworkVariable/NetworkVariable.cs:165)
LastJumpCrew.ParkHanSol.Multiplayer.NetworkRunFlowCoordinator:SetPhase (LastJumpCrew.ParkHanSol.Multiplayer.NetworkRunPhase) (at E:/UNITY/LastJumpCrew/Assets/02. ParkHanSol_TeamLeader_Build & Multi/02. Script/Multiplayer/RunFlow/NetworkRunFlowCoordinator.cs:1429)
LastJumpCrew.ParkHanSol.Multiplayer.NetworkRunFlowCoordinator:TickWarpCharge (single) (at E:/UNITY/LastJumpCrew/Assets/02. ParkHanSol_TeamLeader_Build & Multi/02. Script/Multiplayer/RunFlow/NetworkRunFlowCoordinator.cs:673)
LastJumpCrew.ParkHanSol.Multiplayer.NetworkRunFlowCoordinator:TickServerFlow (single) (at E:/UNITY/LastJumpCrew/Assets/02. ParkHanSol_TeamLeader_Build & Multi/02. Script/Multiplayer/RunFlow/NetworkRunFlowCoordinator.cs:536)
LastJumpCrew.ParkHanSol.Multiplayer.NetworkRunFlowCoordinator:Update () (at E:/UNITY/LastJumpCrew/Assets/02. ParkHanSol_TeamLeader_Build & Multi/02. Script/Multiplayer/RunFlow/NetworkRunFlowCoordinator.cs:298)

(Filename: C:/build/output/unity/unity/Runtime/Export/Debug/Debug.bindings.cs Line: 128)

PHS_RUN_FLOW_PHASE phase=Charging zones=0 cycles=0
UnityEngine.Debug:ExtractStackTraceNoAlloc (byte*,int,string)
UnityEngine.StackTraceUtility:ExtractStackTrace () (at C:/build/output/unity/unity/Runtime/Export/Scripting/StackTrace.cs:35)
UnityEngine.DebugLogHandler:Internal_Log (UnityEngine.LogType,UnityEngine.LogOption,string,UnityEngine.Object)
UnityEngine.DebugLogHandler:LogFormat (UnityEngine.LogType,UnityEngine.Object,string,object[]) (at C:/build/output/unity/unity/Runtime/Export/Logging/DebugLogHandler.cs:9)
UnityEngine.Logger:Log (UnityEngine.LogType,object) (at C:/build/output/unity/unity/Runtime/Export/Logging/Logger.cs:60)
UnityEngine.Debug:Log (object) (at C:/build/output/unity/unity/Runtime/Export/Debug/Debug.bindings.cs:123)
LastJumpCrew.ParkHanSol.Multiplayer.NetworkRunFlowCoordinator:SetPhase (LastJumpCrew.ParkHanSol.Multiplayer.NetworkRunPhase) (at E:/UNITY/LastJumpCrew/Assets/02. ParkHanSol_TeamLeader_Build & Multi/02. Script/Multiplayer/RunFlow/NetworkRunFlowCoordinator.cs:1430)
LastJumpCrew.ParkHanSol.Multiplayer.NetworkRunFlowCoordinator:TickWarpCharge (single) (at E:/UNITY/LastJumpCrew/Assets/02. ParkHanSol_TeamLeader_Build & Multi/02. Script/Multiplayer/RunFlow/NetworkRunFlowCoordinator.cs:673)
LastJumpCrew.ParkHanSol.Multiplayer.NetworkRunFlowCoordinator:TickServerFlow (single) (at E:/UNITY/LastJumpCrew/Assets/02. ParkHanSol_TeamLeader_Build & Multi/02. Script/Multiplayer/RunFlow/NetworkRunFlowCoordinator.cs:536)
LastJumpCrew.ParkHanSol.Multiplayer.NetworkRunFlowCoordinator:Update () (at E:/UNITY/LastJumpCrew/Assets/02. ParkHanSol_TeamLeader_Build & Multi/02. Script/Multiplayer/RunFlow/NetworkRunFlowCoordinator.cs:298)

(Filename: C:/build/output/unity/unity/Runtime/Export/Debug/Debug.bindings.cs Line: 123)

