Mono path[0] = 'E:/UNITY/LastJumpCrew/Builds/PHS0717Validation/LastJumpCrew_Data/Managed'
Mono config path = 'E:/UNITY/LastJumpCrew/Builds/PHS0717Validation/MonoBleedingEdge/etc'
CodeReloadManager initialized
Found 1 interfaces on host : 0) 172.30.1.7
Player connection [35972]  Target information:

Player connection [35972]  * "[IP] 172.30.1.7 [Port] 55001 [Flags] 2 [Guid] 1041438327 [EditorId] 2512859468 [Version] 1048832 [Id] WindowsPlayer(2,hansolcom) [Debug] 0 [PackageName] WindowsPlayer [ProjectName] LastJumpCrew" 

Player connection [35972] Started UDP target info broadcast (1) on [225.0.0.222:54997].

Input System module state changed to: Initialized.
[Physics::Module] Initialized fallback backend.
[Physics::Module] Id: 0xdecafbad
Initialize engine version: 6000.5.2f1 (eb73d3b415a1)
[Subsystems] Discovering subsystems at path E:/UNITY/LastJumpCrew/Builds/PHS0717Validation/LastJumpCrew_Data/UnitySubsystems
[D3D12 Device Filter] Vendor Name: NVIDIA
[D3D12 Device Filter] Device Name: NVIDIA GeForce RTX 4080
[D3D12 Device Filter] Driver Version: 32.0.15.7283
[D3D12 Device Filter] Feature Level: 12.2
[D3D12 Device Filter] Graphics Memory: 16050 MB
[D3D12 Device Filter] Processor Count: 24
[D3D12 Device Filter] Device Type: Discrete
GfxDevice: creating device client; kGfxThreadingModeSplitJobs
d3d12: failed to query info queue interface (0x80004002).
Direct3D:
    Version:         Direct3D 12 [level 12.2]
    Renderer:        NVIDIA GeForce RTX 4080 (ID=0x2704)
    Vendor:          NVIDIA
    VRAM:            16050 MB
    App VRAM Budget: 15282 MB
    Driver:          32.0.15.7283
Begin MonoManager ReloadAssembly
- Finished resetting the current domain, in  0.053 seconds
[Physics::Module] Selected backend.
[Physics::Module] Name: PhysX
[Physics::Module] Id: 0xf2b8ea05
[Physics::Module] SDK Version: 4.1.2
[Physics::Module] Integration Version: 1.0.0
[Physics::Module] Threading Mode: Multi-Threaded
<RI> Initializing input.
Using Windows.Gaming.Input
UnloadTime: 1.489400 ms
PHS_DEBRIS_STREAM_READY stream=PHS_LobbyDebrisStream mode=local total=12 generated=2
UnityEngine.Debug:ExtractStackTraceNoAlloc (byte*,int,string)
UnityEngine.StackTraceUtility:ExtractStackTrace () (at C:/build/output/unity/unity/Runtime/Export/Scripting/StackTrace.cs:35)
UnityEngine.DebugLogHandler:Internal_Log (UnityEngine.LogType,UnityEngine.LogOption,string,UnityEngine.Object)
UnityEngine.DebugLogHandler:LogFormat (UnityEngine.LogType,UnityEngine.Object,string,object[]) (at C:/build/output/unity/unity/Runtime/Export/Logging/DebugLogHandler.cs:9)
UnityEngine.Logger:Log (UnityEngine.LogType,object,UnityEngine.Object) (at C:/build/output/unity/unity/Runtime/Export/Logging/Logger.cs:66)
UnityEngine.Debug:Log (object,UnityEngine.Object) (at C:/build/output/unity/unity/Runtime/Export/Debug/Debug.bindings.cs:128)
LastJumpCrew.ParkHanSol.Multiplayer.PHSRandomDebrisStream:InitializeSimulation () (at E:/UNITY/LastJumpCrew/Assets/02. ParkHanSol_TeamLeader_Build & Multi/02. Script/Multiplayer/PHSRandomDebrisStream.cs:158)
LastJumpCrew.ParkHanSol.Multiplayer.PHSRandomDebrisStream:Awake () (at E:/UNITY/LastJumpCrew/Assets/02. ParkHanSol_TeamLeader_Build & Multi/02. Script/Multiplayer/PHSRandomDebrisStream.cs:76)

(Filename: C:/build/output/unity/unity/Runtime/Export/Debug/Debug.bindings.cs Line: 128)

MultiplayerRoomBrowser missing Inspector references: roomService
UnityEngine.Debug:ExtractStackTraceNoAlloc (byte*,int,string)
UnityEngine.StackTraceUtility:ExtractStackTrace () (at C:/build/output/unity/unity/Runtime/Export/Scripting/StackTrace.cs:35)
UnityEngine.DebugLogHandler:Internal_Log (UnityEngine.LogType,UnityEngine.LogOption,string,UnityEngine.Object)
UnityEngine.DebugLogHandler:LogFormat (UnityEngine.LogType,UnityEngine.Object,string,object[]) (at C:/build/output/unity/unity/Runtime/Export/Logging/DebugLogHandler.cs:9)
UnityEngine.Logger:Log (UnityEngine.LogType,object,UnityEngine.Object) (at C:/build/output/unity/unity/Runtime/Export/Logging/Logger.cs:66)
UnityEngine.Debug:LogError (object,UnityEngine.Object) (at C:/build/output/unity/unity/Runtime/Export/Debug/Debug.bindings.cs:154)
LastJumpCrew.ParkHanSol.Multiplayer.MultiplayerRoomBrowser:ValidateReferences () (at E:/UNITY/LastJumpCrew/Assets/02. ParkHanSol_TeamLeader_Build & Multi/02. Script/Multiplayer/MultiplayerRoomBrowser.cs:163)
LastJumpCrew.ParkHanSol.Multiplayer.MultiplayerRoomBrowser:Awake () (at E:/UNITY/LastJumpCrew/Assets/02. ParkHanSol_TeamLeader_Build & Multi/02. Script/Multiplayer/MultiplayerRoomBrowser.cs:53)

(Filename: C:/build/output/unity/unity/Runtime/Export/Debug/Debug.bindings.cs Line: 154)

[DataManager] Init 완료 — Items 8 / Tools 8 / Zones 0
UnityEngine.Debug:ExtractStackTraceNoAlloc (byte*,int,string)
UnityEngine.StackTraceUtility:ExtractStackTrace () (at C:/build/output/unity/unity/Runtime/Export/Scripting/StackTrace.cs:35)
UnityEngine.DebugLogHandler:Internal_Log (UnityEngine.LogType,UnityEngine.LogOption,string,UnityEngine.Object)
UnityEngine.DebugLogHandler:LogFormat (UnityEngine.LogType,UnityEngine.Object,string,object[]) (at C:/build/output/unity/unity/Runtime/Export/Logging/DebugLogHandler.cs:9)
UnityEngine.Logger:Log (UnityEngine.LogType,object) (at C:/build/output/unity/unity/Runtime/Export/Logging/Logger.cs:60)
UnityEngine.Debug:Log (object) (at C:/build/output/unity/unity/Runtime/Export/Debug/Debug.bindings.cs:123)
LastJumpCrew.SeoBoGyeong.DataManager:Init () (at E:/UNITY/LastJumpCrew/Assets/03. SeoBoGyeong_Game Economy/02. Script/DataManager.cs:37)
LastJumpCrew.SeoBoGyeong.GameCore:Init () (at E:/UNITY/LastJumpCrew/Assets/03. SeoBoGyeong_Game Economy/02. Script/GameCore.cs:66)
LastJumpCrew.SeoBoGyeong.GameCore:Awake () (at E:/UNITY/LastJumpCrew/Assets/03. SeoBoGyeong_Game Economy/02. Script/GameCore.cs:47)

(Filename: C:/build/output/unity/unity/Runtime/Export/Debug/Debug.bindings.cs Line: 123)

Ran out of Graphics Ring Buffer space. Consider using the -gfx-ring-buffer-size command line option to increase the size.
PHS_AUTO_HOST_BEGIN
UnityEngine.Debug:ExtractStackTraceNoAlloc (byte*,int,string)
UnityEngine.StackTraceUtility:ExtractStackTrace () (at C:/build/output/unity/unity/Runtime/Export/Scripting/StackTrace.cs:35)
UnityEngine.DebugLogHandler:Internal_Log (UnityEngine.LogType,UnityEngine.LogOption,string,UnityEngine.Object)
UnityEngine.DebugLogHandler:LogFormat (UnityEngine.LogType,UnityEngine.Object,string,object[]) (at C:/build/output/unity/unity/Runtime/Export/Logging/DebugLogHandler.cs:9)
UnityEngine.Logger:Log (UnityEngine.LogType,object) (at C:/build/output/unity/unity/Runtime/Export/Logging/Logger.cs:60)
UnityEngine.Debug:Log (object) (at C:/build/output/unity/unity/Runtime/Export/Debug/Debug.bindings.cs:123)
LastJumpCrew.ParkHanSol.Multiplayer.ParkHanSolLobbyMenuController/<RunCommandLineAutomation>d__52:MoveNext () (at E:/UNITY/LastJumpCrew/Assets/02. ParkHanSol_TeamLeader_Build & Multi/02. Script/Multiplayer/ParkHanSolLobbyMenuController.cs:413)
UnityEngine.SetupCoroutine:InvokeMoveNext (System.Collections.IEnumerator,intptr) (at C:/build/output/unity/unity/Runtime/Export/Scripting/Coroutines.cs:17)

(Filename: C:/build/output/unity/unity/Runtime/Export/Debug/Debug.bindings.cs Line: 123)

PHS_ROOM_SERVICE_READY playerId=vfkLerNnlgDM8vt2K2HH1uljq4Yn
UnityEngine.Debug:ExtractStackTraceNoAlloc (byte*,int,string)
UnityEngine.StackTraceUtility:ExtractStackTrace () (at C:/build/output/unity/unity/Runtime/Export/Scripting/StackTrace.cs:35)
UnityEngine.DebugLogHandler:Internal_Log (UnityEngine.LogType,UnityEngine.LogOption,string,UnityEngine.Object)
UnityEngine.DebugLogHandler:LogFormat (UnityEngine.LogType,UnityEngine.Object,string,object[]) (at C:/build/output/unity/unity/Runtime/Export/Logging/DebugLogHandler.cs:9)
UnityEngine.Logger:Log (UnityEngine.LogType,object) (at C:/build/output/unity/unity/Runtime/Export/Logging/Logger.cs:60)
UnityEngine.Debug:Log (object) (at C:/build/output/unity/unity/Runtime/Export/Debug/Debug.bindings.cs:123)
LastJumpCrew.ParkHanSol.Multiplayer.MultiplayerRoomService/<InitializeServicesAsync>d__38:MoveNext () (at E:/UNITY/LastJumpCrew/Assets/02. ParkHanSol_TeamLeader_Build & Multi/02. Script/Multiplayer/MultiplayerRoomService.cs:325)
System.Runtime.CompilerServices.AsyncMethodBuilderCore/MoveNextRunner:InvokeMoveNext (object)
System.Threading.ExecutionContext:RunInternal (System.Threading.ExecutionContext,System.Threading.ContextCallback,object,bool)
System.Threading.ExecutionContext:Run (System.Threading.ExecutionContext,System.Threading.ContextCallback,object,bool)
System.Runtime.CompilerServices.AsyncMethodBuilderCore/MoveNextRunner:Run ()
System.Threading.Tasks.AwaitTaskContinuation:InvokeAction (object)
System.Threading.Tasks.AwaitTaskContinuation:RunCallback (System.Threading.ContextCallback,object,System.Threading.Tasks.Task&)
System.Threading.Tasks.SynchronizationContextAwaitTaskContinuation:Run (System.Threading.Tasks.Task,bool)
System.Threading.Tasks.Task:FinishContinuations ()
System.Threading.Tasks.Task:FinishStageThree ()
System.Threading.Tasks.Task`1<System.Threading.Tasks.VoidTaskResult>:TrySetResult (System.Threading.Tasks.VoidTaskResult)
System.Runtime.CompilerServices.AsyncTaskMethodBuilder`1<System.Threading.Tasks.VoidTaskResult>:SetResult (System.Threading.Tasks.VoidTaskResult)
System.Runtime.CompilerServices.AsyncTaskMethodBuilder`1<System.Threading.Tasks.VoidTaskResult>:SetResult (System.Threading.Tasks.Task`1<System.Threading.Tasks.VoidTaskResult>)
System.Runtime.CompilerServices.AsyncTaskMethodBuilder:SetResult ()
Unity.Services.Authentication.AuthenticationServiceInternal/<HandleSignInRequestAsync>d__195:MoveNext () (at ./Library/PackageCache/com.unity.services.authentication@9a8b7a204688/Runtime/AuthenticationServiceInternal.cs:340)
System.Runtime.CompilerServices.AsyncMethodBuilderCore/MoveNextRunner:InvokeMoveNext (object)
System.Threading.ExecutionContext:RunInternal (System.Threading.ExecutionContext,System.Threading.ContextCallback,object,bool)
System.Threading.ExecutionContext:Run (System.Threading.ExecutionContext,System.Threading.ContextCallback,object,bool)
System.Runtime.CompilerServices.AsyncMethodBuilderCore/MoveNextRunner:Run ()
System.Threading.Tasks.AwaitTaskContinuation:InvokeAction (object)
System.Threading.Tasks.AwaitTaskContinuation:RunCallback (System.Threading.ContextCallback,object,System.Threading.Tasks.Task&)
System.Threading.Tasks.SynchronizationContextAwaitTaskContinuation:Run (System.Threading.Tasks.Task,bool)
System.Threading.Tasks.Task:FinishContinuations ()
System.Threading.Tasks.Task:FinishStageThree ()
System.Threading.Tasks.Task`1<Unity.Services.Authentication.SignInResponse>:TrySetResult (Unity.Services.Authentication.SignInResponse)
System.Runtime.CompilerServices.AsyncTaskMethodBuilder`1<Unity.Services.Authentication.SignInResponse>:SetResult (Unity.Services.Authentication.SignInResponse)
Unity.Services.Authentication.WebRequest/<SendAsync>d__15`1<Unity.Services.Authentication.SignInResponse>:MoveNext () (at ./Library/PackageCache/com.unity.services.authentication@9a8b7a204688/Runtime/Network/WebRequest.cs:66)
System.Runtime.CompilerServices.AsyncMethodBuilderCore/MoveNextRunner:InvokeMoveNext (object)
System.Threading.ExecutionContext:RunInternal (System.Threading.ExecutionContext,System.Threading.ContextCallback,object,bool)
System.Threading.ExecutionContext:Run (System.Threading.ExecutionContext,System.Threading.ContextCallback,object,bool)
System.Runtime.CompilerServices.AsyncMethodBuilderCore/MoveNextRunner:Run ()
System.Threading.Tasks.AwaitTaskContinuation:InvokeAction (object)
System.Threading.Tasks.AwaitTaskContinuation:RunCallback (System.Threading.ContextCallback,object,System.Threading.Tasks.Task&)
System.Threading.Tasks.SynchronizationContextAwaitTaskContinuation:Run (System.Threading.Tasks.Task,bool)
System.Threading.Tasks.Task:FinishContinuations ()
System.Threading.Tasks.Task:FinishStageThree ()
System.Threading.Tasks.Task`1<string>:TrySetResult (string)
System.Threading.Tasks.TaskCompletionSource`1<string>:TrySetResult (string)
System.Threading.Tasks.TaskCompletionSource`1<string>:SetResult (string)
Unity.Services.Authentication.WebRequest:RequestCompleted (System.Threading.Tasks.TaskCompletionSource`1<string>,long,bool,bool,string,string,System.Collections.Generic.IDictionary`2<string, string>) (at ./Library/PackageCache/com.unity.services.authentication@9a8b7a204688/Runtime/Network/WebRequest.cs:198)
Unity.Services.Authentication.WebRequest/<>c__DisplayClass16_0:<SendAttemptAsync>b__0 (UnityEngine.AsyncOperation) (at ./Library/PackageCache/com.unity.services.authentication@9a8b7a204688/Runtime/Network/WebRequest.cs:76)
UnityEngine.AsyncOperation:InvokeCompletionEvent () (at C:/build/output/unity/unity/Runtime/Export/Scripting/AsyncOperation.cs:24)

(Filename: C:/build/output/unity/unity/Runtime/Export/Debug/Debug.bindings.cs Line: 123)

QosJob: executing job with 10000ms timeout
UnityEngine.Debug:ExtractStackTraceNoAlloc (byte*,int,string)
UnityEngine.StackTraceUtility:ExtractStackTrace () (at C:/build/output/unity/unity/Runtime/Export/Scripting/StackTrace.cs:35)
UnityEngine.DebugLogHandler:Internal_Log (UnityEngine.LogType,UnityEngine.LogOption,string,UnityEngine.Object)
UnityEngine.DebugLogHandler:LogFormat (UnityEngine.LogType,UnityEngine.Object,string,object[]) (at C:/build/output/unity/unity/Runtime/Export/Logging/DebugLogHandler.cs:9)
UnityEngine.Logger:Log (UnityEngine.LogType,object) (at C:/build/output/unity/unity/Runtime/Export/Logging/Logger.cs:60)
UnityEngine.Debug:Log (object) (at C:/build/output/unity/unity/Runtime/Export/Debug/Debug.bindings.cs:123)
Unity.Networking.QoS.QosJob:Execute () (at ./Library/PackageCache/com.unity.services.qos@03d4b52d4980/Runtime/Runner/QosJob.cs:127)
Unity.Jobs.IJobExtensions/JobStruct`1<Unity.Networking.QoS.QosJob>:Execute (Unity.Networking.QoS.QosJob&,intptr,intptr,Unity.Jobs.LowLevel.Unsafe.JobRanges&,int) (at C:/build/output/unity/unity/Runtime/Jobs/Managed/IJob.cs:61)

(Filename: C:/build/output/unity/unity/Runtime/Export/Debug/Debug.bindings.cs Line: 123)

QosJob: send to 34.124.138.42:7778 took 3ms
UnityEngine.Debug:ExtractStackTraceNoAlloc (byte*,int,string)
UnityEngine.StackTraceUtility:ExtractStackTrace () (at C:/build/output/unity/unity/Runtime/Export/Scripting/StackTrace.cs:35)
UnityEngine.DebugLogHandler:Internal_Log (UnityEngine.LogType,UnityEngine.LogOption,string,UnityEngine.Object)
UnityEngine.DebugLogHandler:LogFormat (UnityEngine.LogType,UnityEngine.Object,string,object[]) (at C:/build/output/unity/unity/Runtime/Export/Logging/DebugLogHandler.cs:9)
UnityEngine.Logger:Log (UnityEngine.LogType,object) (at C:/build/output/unity/unity/Runtime/Export/Logging/Logger.cs:60)
UnityEngine.Debug:Log (object) (at C:/build/output/unity/unity/Runtime/Export/Debug/Debug.bindings.cs:123)
Unity.Networking.QoS.QosJob:ProcessServer (Unity.Networking.QoS.QosJob/InternalQosServer,Unity.Baselib.LowLevel.Binding/Baselib_Socket_Handle) (at ./Library/PackageCache/com.unity.services.qos@03d4b52d4980/Runtime/Runner/QosJob.cs:225)
Unity.Networking.QoS.QosJob:ProcessServers (Unity.Baselib.LowLevel.Binding/Baselib_Socket_Handle) (at ./Library/PackageCache/com.unity.services.qos@03d4b52d4980/Runtime/Runner/QosJob.cs:165)
Unity.Networking.QoS.QosJob:Execute () (at ./Library/PackageCache/com.unity.services.qos@03d4b52d4980/Runtime/Runner/QosJob.cs:142)
Unity.Jobs.IJobExtensions/JobStruct`1<Unity.Networking.QoS.QosJob>:Execute (Unity.Networking.QoS.QosJob&,intptr,intptr,Unity.Jobs.LowLevel.Unsafe.JobRanges&,int) (at C:/build/output/unity/unity/Runtime/Jobs/Managed/IJob.cs:61)

(Filename: C:/build/output/unity/unity/Runtime/Export/Debug/Debug.bindings.cs Line: 123)

QosJob: send to 34.55.12.160:7778 took 2ms
UnityEngine.Debug:ExtractStackTraceNoAlloc (byte*,int,string)
UnityEngine.StackTraceUtility:ExtractStackTrace () (at C:/build/output/unity/unity/Runtime/Export/Scripting/StackTrace.cs:35)
UnityEngine.DebugLogHandler:Internal_Log (UnityEngine.LogType,UnityEngine.LogOption,string,UnityEngine.Object)
UnityEngine.DebugLogHandler:LogFormat (UnityEngine.LogType,UnityEngine.Object,string,object[]) (at C:/build/output/unity/unity/Runtime/Export/Logging/DebugLogHandler.cs:9)
UnityEngine.Logger:Log (UnityEngine.LogType,object) (at C:/build/output/unity/unity/Runtime/Export/Logging/Logger.cs:60)
UnityEngine.Debug:Log (object) (at C:/build/output/unity/unity/Runtime/Export/Debug/Debug.bindings.cs:123)
Unity.Networking.QoS.QosJob:ProcessServer (Unity.Networking.QoS.QosJob/InternalQosServer,Unity.Baselib.LowLevel.Binding/Baselib_Socket_Handle) (at ./Library/PackageCache/com.unity.services.qos@03d4b52d4980/Runtime/Runner/QosJob.cs:225)
Unity.Networking.QoS.QosJob:ProcessServers (Unity.Baselib.LowLevel.Binding/Baselib_Socket_Handle) (at ./Library/PackageCache/com.unity.services.qos@03d4b52d4980/Runtime/Runner/QosJob.cs:165)
Unity.Networking.QoS.QosJob:Execute () (at ./Library/PackageCache/com.unity.services.qos@03d4b52d4980/Runtime/Runner/QosJob.cs:142)
Unity.Jobs.IJobExtensions/JobStruct`1<Unity.Networking.QoS.QosJob>:Execute (Unity.Networking.QoS.QosJob&,intptr,intptr,Unity.Jobs.LowLevel.Unsafe.JobRanges&,int) (at C:/build/output/unity/unity/Runtime/Jobs/Managed/IJob.cs:61)

(Filename: C:/build/output/unity/unity/Runtime/Export/Debug/Debug.bindings.cs Line: 123)

QosJob: send to 34.88.79.163:7778 took 0ms
UnityEngine.Debug:ExtractStackTraceNoAlloc (byte*,int,string)
UnityEngine.StackTraceUtility:ExtractStackTrace () (at C:/build/output/unity/unity/Runtime/Export/Scripting/StackTrace.cs:35)
UnityEngine.DebugLogHandler:Internal_Log (UnityEngine.LogType,UnityEngine.LogOption,string,UnityEngine.Object)
UnityEngine.DebugLogHandler:LogFormat (UnityEngine.LogType,UnityEngine.Object,string,object[]) (at C:/build/output/unity/unity/Runtime/Export/Logging/DebugLogHandler.cs:9)
UnityEngine.Logger:Log (UnityEngine.LogType,object) (at C:/build/output/unity/unity/Runtime/Export/Logging/Logger.cs:60)
UnityEngine.Debug:Log (object) (at C:/build/output/unity/unity/Runtime/Export/Debug/Debug.bindings.cs:123)
Unity.Networking.QoS.QosJob:ProcessServer (Unity.Networking.QoS.QosJob/InternalQosServer,Unity.Baselib.LowLevel.Binding/Baselib_Socket_Handle) (at ./Library/PackageCache/com.unity.services.qos@03d4b52d4980/Runtime/Runner/QosJob.cs:225)
Unity.Networking.QoS.QosJob:ProcessServers (Unity.Baselib.LowLevel.Binding/Baselib_Socket_Handle) (at ./Library/PackageCache/com.unity.services.qos@03d4b52d4980/Runtime/Runner/QosJob.cs:165)
Unity.Networking.QoS.QosJob:Execute () (at ./Library/PackageCache/com.unity.services.qos@03d4b52d4980/Runtime/Runner/QosJob.cs:142)
Unity.Jobs.IJobExtensions/JobStruct`1<Unity.Networking.QoS.QosJob>:Execute (Unity.Networking.QoS.QosJob&,intptr,intptr,Unity.Jobs.LowLevel.Unsafe.JobRanges&,int) (at C:/build/output/unity/unity/Runtime/Jobs/Managed/IJob.cs:61)

(Filename: C:/build/output/unity/unity/Runtime/Export/Debug/Debug.bindings.cs Line: 123)

QosJob: send to 34.151.83.253:7778 took 2ms
UnityEngine.Debug:ExtractStackTraceNoAlloc (byte*,int,string)
UnityEngine.StackTraceUtility:ExtractStackTrace () (at C:/build/output/unity/unity/Runtime/Export/Scripting/StackTrace.cs:35)
UnityEngine.DebugLogHandler:Internal_Log (UnityEngine.LogType,UnityEngine.LogOption,string,UnityEngine.Object)
UnityEngine.DebugLogHandler:LogFormat (UnityEngine.LogType,UnityEngine.Object,string,object[]) (at C:/build/output/unity/unity/Runtime/Export/Logging/DebugLogHandler.cs:9)
UnityEngine.Logger:Log (UnityEngine.LogType,object) (at C:/build/output/unity/unity/Runtime/Export/Logging/Logger.cs:60)
UnityEngine.Debug:Log (object) (at C:/build/output/unity/unity/Runtime/Export/Debug/Debug.bindings.cs:123)
Unity.Networking.QoS.QosJob:ProcessServer (Unity.Networking.QoS.QosJob/InternalQosServer,Unity.Baselib.LowLevel.Binding/Baselib_Socket_Handle) (at ./Library/PackageCache/com.unity.services.qos@03d4b52d4980/Runtime/Runner/QosJob.cs:225)
Unity.Networking.QoS.QosJob:ProcessServers (Unity.Baselib.LowLevel.Binding/Baselib_Socket_Handle) (at ./Library/PackageCache/com.unity.services.qos@03d4b52d4980/Runtime/Runner/QosJob.cs:165)
Unity.Networking.QoS.QosJob:Execute () (at ./Library/PackageCache/com.unity.services.qos@03d4b52d4980/Runtime/Runner/QosJob.cs:142)
Unity.Jobs.IJobExtensions/JobStruct`1<Unity.Networking.QoS.QosJob>:Execute (Unity.Networking.QoS.QosJob&,intptr,intptr,Unity.Jobs.LowLevel.Unsafe.JobRanges&,int) (at C:/build/output/unity/unity/Runtime/Jobs/Managed/IJob.cs:61)

(Filename: C:/build/output/unity/unity/Runtime/Export/Debug/Debug.bindings.cs Line: 123)

QosJob: send to 35.204.68.24:7778 took 0ms
UnityEngine.Debug:ExtractStackTraceNoAlloc (byte*,int,string)
UnityEngine.StackTraceUtility:ExtractStackTrace () (at C:/build/output/unity/unity/Runtime/Export/Scripting/StackTrace.cs:35)
UnityEngine.DebugLogHandler:Internal_Log (UnityEngine.LogType,UnityEngine.LogOption,string,UnityEngine.Object)
UnityEngine.DebugLogHandler:LogFormat (UnityEngine.LogType,UnityEngine.Object,string,object[]) (at C:/build/output/unity/unity/Runtime/Export/Logging/DebugLogHandler.cs:9)
UnityEngine.Logger:Log (UnityEngine.LogType,object) (at C:/build/output/unity/unity/Runtime/Export/Logging/Logger.cs:60)
UnityEngine.Debug:Log (object) (at C:/build/output/unity/unity/Runtime/Export/Debug/Debug.bindings.cs:123)
Unity.Networking.QoS.QosJob:ProcessServer (Unity.Networking.QoS.QosJob/InternalQosServer,Unity.Baselib.LowLevel.Binding/Baselib_Socket_Handle) (at ./Library/PackageCache/com.unity.services.qos@03d4b52d4980/Runtime/Runner/QosJob.cs:225)
Unity.Networking.QoS.QosJob:ProcessServers (Unity.Baselib.LowLevel.Binding/Baselib_Socket_Handle) (at ./Library/PackageCache/com.unity.services.qos@03d4b52d4980/Runtime/Runner/QosJob.cs:165)
Unity.Networking.QoS.QosJob:Execute () (at ./Library/PackageCache/com.unity.services.qos@03d4b52d4980/Runtime/Runner/QosJob.cs:142)
Unity.Jobs.IJobExtensions/JobStruct`1<Unity.Networking.QoS.QosJob>:Execute (Unity.Networking.QoS.QosJob&,intptr,intptr,Unity.Jobs.LowLevel.Unsafe.JobRanges&,int) (at C:/build/output/unity/unity/Runtime/Jobs/Managed/IJob.cs:61)

(Filename: C:/build/output/unity/unity/Runtime/Export/Debug/Debug.bindings.cs Line: 123)

QosJob: send to 34.93.31.77:7778 took 2ms
UnityEngine.Debug:ExtractStackTraceNoAlloc (byte*,int,string)
UnityEngine.StackTraceUtility:ExtractStackTrace () (at C:/build/output/unity/unity/Runtime/Export/Scripting/StackTrace.cs:35)
UnityEngine.DebugLogHandler:Internal_Log (UnityEngine.LogType,UnityEngine.LogOption,string,UnityEngine.Object)
UnityEngine.DebugLogHandler:LogFormat (UnityEngine.LogType,UnityEngine.Object,string,object[]) (at C:/build/output/unity/unity/Runtime/Export/Logging/DebugLogHandler.cs:9)
UnityEngine.Logger:Log (UnityEngine.LogType,object) (at C:/build/output/unity/unity/Runtime/Export/Logging/Logger.cs:60)
UnityEngine.Debug:Log (object) (at C:/build/output/unity/unity/Runtime/Export/Debug/Debug.bindings.cs:123)
Unity.Networking.QoS.QosJob:ProcessServer (Unity.Networking.QoS.QosJob/InternalQosServer,Unity.Baselib.LowLevel.Binding/Baselib_Socket_Handle) (at ./Library/PackageCache/com.unity.services.qos@03d4b52d4980/Runtime/Runner/QosJob.cs:225)
Unity.Networking.QoS.QosJob:ProcessServers (Unity.Baselib.LowLevel.Binding/Baselib_Socket_Handle) (at ./Library/PackageCache/com.unity.services.qos@03d4b52d4980/Runtime/Runner/QosJob.cs:165)
Unity.Networking.QoS.QosJob:Execute () (at ./Library/PackageCache/com.unity.services.qos@03d4b52d4980/Runtime/Runner/QosJob.cs:142)
Unity.Jobs.IJobExtensions/JobStruct`1<Unity.Networking.QoS.QosJob>:Execute (Unity.Networking.QoS.QosJob&,intptr,intptr,Unity.Jobs.LowLevel.Unsafe.JobRanges&,int) (at C:/build/output/unity/unity/Runtime/Jobs/Managed/IJob.cs:61)

(Filename: C:/build/output/unity/unity/Runtime/Export/Debug/Debug.bindings.cs Line: 123)

QosJob: send to 34.116.181.88:7778 took 0ms
UnityEngine.Debug:ExtractStackTraceNoAlloc (byte*,int,string)
UnityEngine.StackTraceUtility:ExtractStackTrace () (at C:/build/output/unity/unity/Runtime/Export/Scripting/StackTrace.cs:35)
UnityEngine.DebugLogHandler:Internal_Log (UnityEngine.LogType,UnityEngine.LogOption,string,UnityEngine.Object)
UnityEngine.DebugLogHandler:LogFormat (UnityEngine.LogType,UnityEngine.Object,string,object[]) (at C:/build/output/unity/unity/Runtime/Export/Logging/DebugLogHandler.cs:9)
UnityEngine.Logger:Log (UnityEngine.LogType,object) (at C:/build/output/unity/unity/Runtime/Export/Logging/Logger.cs:60)
UnityEngine.Debug:Log (object) (at C:/build/output/unity/unity/Runtime/Export/Debug/Debug.bindings.cs:123)
Unity.Networking.QoS.QosJob:ProcessServer (Unity.Networking.QoS.QosJob/InternalQosServer,Unity.Baselib.LowLevel.Binding/Baselib_Socket_Handle) (at ./Library/PackageCache/com.unity.services.qos@03d4b52d4980/Runtime/Runner/QosJob.cs:225)
Unity.Networking.QoS.QosJob:ProcessServers (Unity.Baselib.LowLevel.Binding/Baselib_Socket_Handle) (at ./Library/PackageCache/com.unity.services.qos@03d4b52d4980/Runtime/Runner/QosJob.cs:165)
Unity.Networking.QoS.QosJob:Execute () (at ./Library/PackageCache/com.unity.services.qos@03d4b52d4980/Runtime/Runner/QosJob.cs:142)
Unity.Jobs.IJobExtensions/JobStruct`1<Unity.Networking.QoS.QosJob>:Execute (Unity.Networking.QoS.QosJob&,intptr,intptr,Unity.Jobs.LowLevel.Unsafe.JobRanges&,int) (at C:/build/output/unity/unity/Runtime/Jobs/Managed/IJob.cs:61)

(Filename: C:/build/output/unity/unity/Runtime/Export/Debug/Debug.bindings.cs Line: 123)

QosJob: send to 35.200.5.172:7778 took 1ms
UnityEngine.Debug:ExtractStackTraceNoAlloc (byte*,int,string)
UnityEngine.StackTraceUtility:ExtractStackTrace () (at C:/build/output/unity/unity/Runtime/Export/Scripting/StackTrace.cs:35)
UnityEngine.DebugLogHandler:Internal_Log (UnityEngine.LogType,UnityEngine.LogOption,string,UnityEngine.Object)
UnityEngine.DebugLogHandler:LogFormat (UnityEngine.LogType,UnityEngine.Object,string,object[]) (at C:/build/output/unity/unity/Runtime/Export/Logging/DebugLogHandler.cs:9)
UnityEngine.Logger:Log (UnityEngine.LogType,object) (at C:/build/output/unity/unity/Runtime/Export/Logging/Logger.cs:60)
UnityEngine.Debug:Log (object) (at C:/build/output/unity/unity/Runtime/Export/Debug/Debug.bindings.cs:123)
Unity.Networking.QoS.QosJob:ProcessServer (Unity.Networking.QoS.QosJob/InternalQosServer,Unity.Baselib.LowLevel.Binding/Baselib_Socket_Handle) (at ./Library/PackageCache/com.unity.services.qos@03d4b52d4980/Runtime/Runner/QosJob.cs:225)
Unity.Networking.QoS.QosJob:ProcessServers (Unity.Baselib.LowLevel.Binding/Baselib_Socket_Handle) (at ./Library/PackageCache/com.unity.services.qos@03d4b52d4980/Runtime/Runner/QosJob.cs:165)
Unity.Networking.QoS.QosJob:Execute () (at ./Library/PackageCache/com.unity.services.qos@03d4b52d4980/Runtime/Runner/QosJob.cs:142)
Unity.Jobs.IJobExtensions/JobStruct`1<Unity.Networking.QoS.QosJob>:Execute (Unity.Networking.QoS.QosJob&,intptr,intptr,Unity.Jobs.LowLevel.Unsafe.JobRanges&,int) (at C:/build/output/unity/unity/Runtime/Jobs/Managed/IJob.cs:61)

(Filename: C:/build/output/unity/unity/Runtime/Export/Debug/Debug.bindings.cs Line: 123)

QosJob: send to 34.95.231.177:7778 took 0ms
UnityEngine.Debug:ExtractStackTraceNoAlloc (byte*,int,string)
UnityEngine.StackTraceUtility:ExtractStackTrace () (at C:/build/output/unity/unity/Runtime/Export/Scripting/StackTrace.cs:35)
UnityEngine.DebugLogHandler:Internal_Log (UnityEngine.LogType,UnityEngine.LogOption,string,UnityEngine.Object)
UnityEngine.DebugLogHandler:LogFormat (UnityEngine.LogType,UnityEngine.Object,string,object[]) (at C:/build/output/unity/unity/Runtime/Export/Logging/DebugLogHandler.cs:9)
UnityEngine.Logger:Log (UnityEngine.LogType,object) (at C:/build/output/unity/unity/Runtime/Export/Logging/Logger.cs:60)
UnityEngine.Debug:Log (object) (at C:/build/output/unity/unity/Runtime/Export/Debug/Debug.bindings.cs:123)
Unity.Networking.QoS.QosJob:ProcessServer (Unity.Networking.QoS.QosJob/InternalQosServer,Unity.Baselib.LowLevel.Binding/Baselib_Socket_Handle) (at ./Library/PackageCache/com.unity.services.qos@03d4b52d4980/Runtime/Runner/QosJob.cs:225)
Unity.Networking.QoS.QosJob:ProcessServers (Unity.Baselib.LowLevel.Binding/Baselib_Socket_Handle) (at ./Library/PackageCache/com.unity.services.qos@03d4b52d4980/Runtime/Runner/QosJob.cs:165)
Unity.Networking.QoS.QosJob:Execute () (at ./Library/PackageCache/com.unity.services.qos@03d4b52d4980/Runtime/Runner/QosJob.cs:142)
Unity.Jobs.IJobExtensions/JobStruct`1<Unity.Networking.QoS.QosJob>:Execute (Unity.Networking.QoS.QosJob&,intptr,intptr,Unity.Jobs.LowLevel.Unsafe.JobRanges&,int) (at C:/build/output/unity/unity/Runtime/Jobs/Managed/IJob.cs:61)

(Filename: C:/build/output/unity/unity/Runtime/Export/Debug/Debug.bindings.cs Line: 123)

QosJob: send to 34.75.250.9:7778 took 1ms
UnityEngine.Debug:ExtractStackTraceNoAlloc (byte*,int,string)
UnityEngine.StackTraceUtility:ExtractStackTrace () (at C:/build/output/unity/unity/Runtime/Export/Scripting/StackTrace.cs:35)
UnityEngine.DebugLogHandler:Internal_Log (UnityEngine.LogType,UnityEngine.LogOption,string,UnityEngine.Object)
UnityEngine.DebugLogHandler:LogFormat (UnityEngine.LogType,UnityEngine.Object,string,object[]) (at C:/build/output/unity/unity/Runtime/Export/Logging/DebugLogHandler.cs:9)
UnityEngine.Logger:Log (UnityEngine.LogType,object) (at C:/build/output/unity/unity/Runtime/Export/Logging/Logger.cs:60)
UnityEngine.Debug:Log (object) (at C:/build/output/unity/unity/Runtime/Export/Debug/Debug.bindings.cs:123)
Unity.Networking.QoS.QosJob:ProcessServer (Unity.Networking.QoS.QosJob/InternalQosServer,Unity.Baselib.LowLevel.Binding/Baselib_Socket_Handle) (at ./Library/PackageCache/com.unity.services.qos@03d4b52d4980/Runtime/Runner/QosJob.cs:225)
Unity.Networking.QoS.QosJob:ProcessServers (Unity.Baselib.LowLevel.Binding/Baselib_Socket_Handle) (at ./Library/PackageCache/com.unity.services.qos@03d4b52d4980/Runtime/Runner/QosJob.cs:165)
Unity.Networking.QoS.QosJob:Execute () (at ./Library/PackageCache/com.unity.services.qos@03d4b52d4980/Runtime/Runner/QosJob.cs:142)
Unity.Jobs.IJobExtensions/JobStruct`1<Unity.Networking.QoS.QosJob>:Execute (Unity.Networking.QoS.QosJob&,intptr,intptr,Unity.Jobs.LowLevel.Unsafe.JobRanges&,int) (at C:/build/output/unity/unity/Runtime/Jobs/Managed/IJob.cs:61)

(Filename: C:/build/output/unity/unity/Runtime/Export/Debug/Debug.bindings.cs Line: 123)

QosJob: send to 34.82.227.179:7778 took 1ms
UnityEngine.Debug:ExtractStackTraceNoAlloc (byte*,int,string)
UnityEngine.StackTraceUtility:ExtractStackTrace () (at C:/build/output/unity/unity/Runtime/Export/Scripting/StackTrace.cs:35)
UnityEngine.DebugLogHandler:Internal_Log (UnityEngine.LogType,UnityEngine.LogOption,string,UnityEngine.Object)
UnityEngine.DebugLogHandler:LogFormat (UnityEngine.LogType,UnityEngine.Object,string,object[]) (at C:/build/output/unity/unity/Runtime/Export/Logging/DebugLogHandler.cs:9)
UnityEngine.Logger:Log (UnityEngine.LogType,object) (at C:/build/output/unity/unity/Runtime/Export/Logging/Logger.cs:60)
UnityEngine.Debug:Log (object) (at C:/build/output/unity/unity/Runtime/Export/Debug/Debug.bindings.cs:123)
Unity.Networking.QoS.QosJob:ProcessServer (Unity.Networking.QoS.QosJob/InternalQosServer,Unity.Baselib.LowLevel.Binding/Baselib_Socket_Handle) (at ./Library/PackageCache/com.unity.services.qos@03d4b52d4980/Runtime/Runner/QosJob.cs:225)
Unity.Networking.QoS.QosJob:ProcessServers (Unity.Baselib.LowLevel.Binding/Baselib_Socket_Handle) (at ./Library/PackageCache/com.unity.services.qos@03d4b52d4980/Runtime/Runner/QosJob.cs:165)
Unity.Networking.QoS.QosJob:Execute () (at ./Library/PackageCache/com.unity.services.qos@03d4b52d4980/Runtime/Runner/QosJob.cs:142)
Unity.Jobs.IJobExtensions/JobStruct`1<Unity.Networking.QoS.QosJob>:Execute (Unity.Networking.QoS.QosJob&,intptr,intptr,Unity.Jobs.LowLevel.Unsafe.JobRanges&,int) (at C:/build/output/unity/unity/Runtime/Jobs/Managed/IJob.cs:61)

(Filename: C:/build/output/unity/unity/Runtime/Export/Debug/Debug.bindings.cs Line: 123)

QosJob: received 55 responses of 55/55 in 287ms waiting avg 5ms per response
UnityEngine.Debug:ExtractStackTraceNoAlloc (byte*,int,string)
UnityEngine.StackTraceUtility:ExtractStackTrace () (at C:/build/output/unity/unity/Runtime/Export/Scripting/StackTrace.cs:35)
UnityEngine.DebugLogHandler:Internal_Log (UnityEngine.LogType,UnityEngine.LogOption,string,UnityEngine.Object)
UnityEngine.DebugLogHandler:LogFormat (UnityEngine.LogType,UnityEngine.Object,string,object[]) (at C:/build/output/unity/unity/Runtime/Export/Logging/DebugLogHandler.cs:9)
UnityEngine.Logger:Log (UnityEngine.LogType,object) (at C:/build/output/unity/unity/Runtime/Export/Logging/Logger.cs:60)
UnityEngine.Debug:Log (object) (at C:/build/output/unity/unity/Runtime/Export/Debug/Debug.bindings.cs:123)
Unity.Networking.QoS.QosJob:RecvQosResponsesTimed (Unity.Networking.QoS.NetworkEndPoint,System.DateTime,Unity.Baselib.LowLevel.Binding/Baselib_Socket_Handle,bool) (at ./Library/PackageCache/com.unity.services.qos@03d4b52d4980/Runtime/Runner/QosJob.cs:331)
Unity.Networking.QoS.QosJob:ProcessServers (Unity.Baselib.LowLevel.Binding/Baselib_Socket_Handle) (at ./Library/PackageCache/com.unity.services.qos@03d4b52d4980/Runtime/Runner/QosJob.cs:184)
Unity.Networking.QoS.QosJob:Execute () (at ./Library/PackageCache/com.unity.services.qos@03d4b52d4980/Runtime/Runner/QosJob.cs:142)
Unity.Jobs.IJobExtensions/JobStruct`1<Unity.Networking.QoS.QosJob>:Execute (Unity.Networking.QoS.QosJob&,intptr,intptr,Unity.Jobs.LowLevel.Unsafe.JobRanges&,int) (at C:/build/output/unity/unity/Runtime/Jobs/Managed/IJob.cs:61)

(Filename: C:/build/output/unity/unity/Runtime/Export/Debug/Debug.bindings.cs Line: 123)

QosJob: took 305ms to process 11 servers
UnityEngine.Debug:ExtractStackTraceNoAlloc (byte*,int,string)
UnityEngine.StackTraceUtility:ExtractStackTrace () (at C:/build/output/unity/unity/Runtime/Export/Scripting/StackTrace.cs:35)
UnityEngine.DebugLogHandler:Internal_Log (UnityEngine.LogType,UnityEngine.LogOption,string,UnityEngine.Object)
UnityEngine.DebugLogHandler:LogFormat (UnityEngine.LogType,UnityEngine.Object,string,object[]) (at C:/build/output/unity/unity/Runtime/Export/Logging/DebugLogHandler.cs:9)
UnityEngine.Logger:Log (UnityEngine.LogType,object) (at C:/build/output/unity/unity/Runtime/Export/Logging/Logger.cs:60)
UnityEngine.Debug:Log (object) (at C:/build/output/unity/unity/Runtime/Export/Debug/Debug.bindings.cs:123)
Unity.Networking.QoS.QosJob:Execute () (at ./Library/PackageCache/com.unity.services.qos@03d4b52d4980/Runtime/Runner/QosJob.cs:146)
Unity.Jobs.IJobExtensions/JobStruct`1<Unity.Networking.QoS.QosJob>:Execute (Unity.Networking.QoS.QosJob&,intptr,intptr,Unity.Jobs.LowLevel.Unsafe.JobRanges&,int) (at C:/build/output/unity/unity/Runtime/Jobs/Managed/IJob.cs:61)

(Filename: C:/build/output/unity/unity/Runtime/Export/Debug/Debug.bindings.cs Line: 123)

PHS_EXTINGUISHER_EFFECT_CACHED player=PHS_CuteWhiteGhost_Player(Clone) firstPersonParticles=2 worldParticles=2
UnityEngine.Debug:ExtractStackTraceNoAlloc (byte*,int,string)
UnityEngine.StackTraceUtility:ExtractStackTrace () (at C:/build/output/unity/unity/Runtime/Export/Scripting/StackTrace.cs:35)
UnityEngine.DebugLogHandler:Internal_Log (UnityEngine.LogType,UnityEngine.LogOption,string,UnityEngine.Object)
UnityEngine.DebugLogHandler:LogFormat (UnityEngine.LogType,UnityEngine.Object,string,object[]) (at C:/build/output/unity/unity/Runtime/Export/Logging/DebugLogHandler.cs:9)
UnityEngine.Logger:Log (UnityEngine.LogType,object) (at C:/build/output/unity/unity/Runtime/Export/Logging/Logger.cs:60)
UnityEngine.Debug:Log (object) (at C:/build/output/unity/unity/Runtime/Export/Debug/Debug.bindings.cs:123)
LastJumpCrew.ParkHanSol.Multiplayer.NetworkPlayerCombatController:CacheExtinguisherEffects () (at E:/UNITY/LastJumpCrew/Assets/06. JoHanYong_PlayerSystem/02. Script/NetworkPlayerCombatController.cs:149)
LastJumpCrew.ParkHanSol.Multiplayer.NetworkPlayerCombatController:Awake () (at E:/UNITY/LastJumpCrew/Assets/06. JoHanYong_PlayerSystem/02. Script/NetworkPlayerCombatController.cs:128)
UnityEngine.Object:Internal_CloneSingle (UnityEngine.Object)
UnityEngine.Object:Instantiate<UnityEngine.GameObject> (UnityEngine.GameObject) (at C:/build/output/unity/unity/Runtime/Export/Scripting/UnityEngineObject.bindings.cs:671)
Unity.Netcode.NetworkSpawnManager:InstantiateNetworkPrefab (UnityEngine.GameObject,uint,System.Nullable`1<UnityEngine.Vector3>,System.Nullable`1<UnityEngine.Quaternion>) (at ./Library/PackageCache/com.unity.netcode.gameobjects@0f12e689d980/Runtime/Spawning/NetworkSpawnManager.cs:938)
Unity.Netcode.NetworkSpawnManager:GetNetworkObjectToSpawn (uint,ulong,System.Nullable`1<UnityEngine.Vector3>,System.Nullable`1<UnityEngine.Quaternion>,bool,byte[]) (at ./Library/PackageCache/com.unity.netcode.gameobjects@0f12e689d980/Runtime/Spawning/NetworkSpawnManager.cs:918)
Unity.Netcode.NetworkConnectionManager:HandleConnectionApproval (ulong,bool,System.Nullable`1<uint>,System.Nullable`1<UnityEngine.Vector3>,System.Nullable`1<UnityEngine.Quaternion>) (at ./Library/PackageCache/com.unity.netcode.gameobjects@0f12e689d980/Runtime/Connection/NetworkConnectionManager.cs:1015)
Unity.Netcode.NetworkManager:HostServerInitialize () (at ./Library/PackageCache/com.unity.netcode.gameobjects@0f12e689d980/Runtime/Core/NetworkManager.cs:1516)
Unity.Netcode.NetworkManager:StartHost () (at ./Library/PackageCache/com.unity.netcode.gameobjects@0f12e689d980/Runtime/Core/NetworkManager.cs:1483)
Unity.Services.Multiplayer.NetworkManagerSession:SetupNetworkManagerLifecycleMonitoring (System.Threading.CancellationToken) (at ./Library/PackageCache/com.unity.services.multiplayer@a6d6ce688d71/Runtime/Multiplayer/Modules/Network/Handlers/NetworkHandler/NetworkManagerSession.cs:328)
Unity.Services.Multiplayer.NetworkManagerSession/<StartAsync>d__28:MoveNext () (at ./Library/PackageCache/com.unity.services.multiplayer@a6d6ce688d71/Runtime/Multiplayer/Modules/Network/Handlers/NetworkHandler/NetworkManagerSession.cs:165)
System.Runtime.CompilerServices.AsyncTaskMethodBuilder:Start<Unity.Services.Multiplayer.NetworkManagerSession/<StartAsync>d__28> (Unity.Services.Multiplayer.NetworkManagerSession/<StartAsync>d__28&)
Unity.Services.Multiplayer.NetworkManagerSession:StartAsync (System.Threading.CancellationToken)
Unity.Services.Multiplayer.GameObjectsNetcodeNetworkHandler/<StartAsync>d__4:MoveNext () (at ./Library/PackageCache/com.unity.services.multiplayer@a6d6ce688d71/Runtime/Multiplayer/Modules/Network/Handlers/NetworkHandler/GameObjectsNetcodeNetworkHandler.cs:77)
System.Runtime.CompilerServices.AsyncTaskMethodBuilder:Start<Unity.Services.Multiplayer.GameObjectsNetcodeNetworkHandler/<StartAsync>d__4> (Unity.Services.Multiplayer.GameObjectsNetcodeNetworkHandler/<StartAsync>d__4&)
Unity.Services.Multiplayer.GameObjectsNetcodeNetworkHandler:StartAsync (Unity.Services.Multiplayer.NetworkConfiguration)
Unity.Services.Multiplayer.NetworkModule:StartNetworkHandlerAsync (Unity.Services.Multiplayer.NetworkConfiguration) (at ./Library/PackageCache/com.unity.services.multiplayer@a6d6ce688d71/Runtime/Multiplayer/Modules/Network/NetworkModule.cs:554)
Unity.Services.Multiplayer.NetworkModule/<StartNetworkWithOptionsAsync>d__64:MoveNext () (at ./Library/PackageCache/com.unity.services.multiplayer@a6d6ce688d71/Runtime/Multiplayer/Modules/Network/NetworkModule.cs:303)
System.Runtime.CompilerServices.AsyncMethodBuilderCore/MoveNextRunner:InvokeMoveNext (object)
System.Threading.ExecutionContext:RunInternal (System.Threading.ExecutionContext,System.Threading.ContextCallback,object,bool)
System.Threading.ExecutionContext:Run (System.Threading.ExecutionContext,System.Threading.ContextCallback,object,bool)
System.Runtime.CompilerServices.AsyncMethodBuilderCore/MoveNextRunner:Run ()
System.Threading.Tasks.AwaitTaskContinuation:InvokeAction (object)
System.Threading.Tasks.AwaitTaskContinuation:RunCallback (System.Threading.ContextCallback,object,System.Threading.Tasks.Task&)
System.Threading.Tasks.SynchronizationContextAwaitTaskContinuation:Run (System.Threading.Tasks.Task,bool)
System.Threading.Tasks.Task:FinishContinuations ()
System.Threading.Tasks.Task:FinishStageThree ()
System.Threading.Tasks.Task`1<System.Threading.Tasks.VoidTaskResult>:TrySetResult (System.Threading.Tasks.VoidTaskResult)
System.Runtime.CompilerServices.AsyncTaskMethodBuilder`1<System.Threading.Tasks.VoidTaskResult>:SetResult (System.Threading.Tasks.VoidTaskResult)
System.Runtime.CompilerServices.AsyncTaskMethodBuilder`1<System.Threading.Tasks.VoidTaskResult>:SetResult (System.Threading.Tasks.Task`1<System.Threading.Tasks.VoidTaskResult>)
System.Runtime.CompilerServices.AsyncTaskMethodBuilder:SetResult ()
Unity.Services.Multiplayer.RelayHandler/<FetchJoinCodeAsync>d__22:MoveNext () (at ./Library/PackageCache/com.unity.services.multiplayer@a6d6ce688d71/Runtime/Multiplayer/Modules/Network/Handlers/Relay/RelayHandler.cs:109)
System.Runtime.CompilerServices.AsyncMethodBuilderCore/MoveNextRunner:InvokeMoveNext (object)
System.Threading.ExecutionContext:RunInternal (System.Threading.ExecutionContext,System.Threading.ContextCallback,object,bool)
System.Threading.ExecutionContext:Run (System.Threading.ExecutionContext,System.Threading.ContextCallback,object,bool)
System.Runtime.CompilerServices.AsyncMethodBuilderCore/MoveNextRunner:Run ()
System.Threading.Tasks.AwaitTaskContinuation:InvokeAction (object)
System.Threading.Tasks.AwaitTaskContinuation:RunCallback (System.Threading.ContextCallback,object,System.Threading.Tasks.Task&)
System.Threading.Tasks.SynchronizationContextAwaitTaskContinuation:Run (System.Threading.Tasks.Task,bool)
System.Threading.Tasks.Task:FinishContinuations ()
System.Threading.Tasks.Task:FinishStageThree ()
System.Threading.Tasks.Task`1<string>:TrySetResult (string)
System.Runtime.CompilerServices.AsyncTaskMethodBuilder`1<string>:SetResult (string)
Unity.Services.Relay.WrappedRelayService/<GetJoinCodeAsync>d__11:MoveNext () (at ./Library/PackageCache/com.unity.services.multiplayer@a6d6ce688d71/Runtime/Relay/SDK/WrappedRelayService.cs:134)
System.Runtime.CompilerServices.AsyncMethodBuilderCore/MoveNextRunner:InvokeMoveNext (object)
System.Threading.ExecutionContext:RunInternal (System.Threading.ExecutionContext,System.Threading.ContextCallback,object,bool)
System.Threading.ExecutionContext:Run (System.Threading.ExecutionContext,System.Threading.ContextCallback,object,bool)
System.Runtime.CompilerServices.AsyncMethodBuilderCore/MoveNextRunner:Run ()
System.Threading.Tasks.AwaitTaskContinuation:InvokeAction (object)
System.Threading.Tasks.AwaitTaskContinuation:RunCallback (System.Threading.ContextCallback,object,System.Threading.Tasks.Task&)
System.Threading.Tasks.SynchronizationContextAwaitTaskContinuation:Run (System.Threading.Tasks.Task,bool)
System.Threading.Tasks.Task:FinishContinuations ()
System.Threading.Tasks.Task:FinishStageThree ()
System.Threading.Tasks.Task`1<Unity.Services.Relay.Response`1<Unity.Services.Relay.Models.JoinCodeResponseBody>>:TrySetResult (Unity.Services.Relay.Response`1<Unity.Services.Relay.Models.JoinCodeResponseBody>)
System.Runtime.CompilerServices.AsyncTaskMethodBuilder`1<Unity.Services.Relay.Response`1<Unity.Services.Relay.Models.JoinCodeResponseBody>>:SetResult (Unity.Services.Relay.Response`1<Unity.Services.Relay.Models.JoinCodeResponseBody>)
Unity.Services.Relay.Apis.RelayAllocations.RelayAllocationsApiClient/<CreateJoincodeAsync>d__8:MoveNext () (at ./Library/PackageCache/com.unity.services.multiplayer@a6d6ce688d71/Runtime/Relay/Apis/RelayAllocationsApi.cs:160)
System.Runtime.CompilerServices.AsyncMethodBuilderCore/MoveNextRunner:InvokeMoveNext (object)
System.Threading.ExecutionContext:RunInternal (System.Threading.ExecutionContext,System.Threading.ContextCallback,object,bool)
System.Threading.ExecutionContext:Run (System.Threading.ExecutionContext,System.Threading.ContextCallback,object,bool)
System.Runtime.CompilerServices.AsyncMethodBuilderCore/MoveNextRunner:Run ()
System.Threading.Tasks.AwaitTaskContinuation:InvokeAction (object)
System.Threading.Tasks.AwaitTaskContinuation:RunCallback (System.Threading.ContextCallback,object,System.Threading.Tasks.Task&)
System.Threading.Tasks.SynchronizationContextAwaitTaskContinuation:Run (System.Threading.Tasks.Task,bool)
System.Threading.Tasks.Task:FinishContinuations ()
System.Threading.Tasks.Task:FinishStageThree ()
System.Threading.Tasks.Task`1<Unity.Services.Relay.Http.HttpClientResponse>:TrySetResult (Unity.Services.Relay.Http.HttpClientResponse)
System.Runtime.CompilerServices.AsyncTaskMethodBuilder`1<Unity.Services.Relay.Http.HttpClientResponse>:SetResult (Unity.Services.Relay.Http.HttpClientResponse)
Unity.Services.Relay.Http.HttpClient/<MakeRequestAsync>d__1:MoveNext () (at ./Library/PackageCache/com.unity.services.multiplayer@a6d6ce688d71/Runtime/Relay/Http/HttpClient.cs:41)
System.Runtime.CompilerServices.AsyncMethodBuilderCore/MoveNextRunner:InvokeMoveNext (object)
System.Threading.ExecutionContext:RunInternal (System.Threading.ExecutionContext,System.Threading.ContextCallback,object,bool)
System.Threading.ExecutionContext:Run (System.Threading.ExecutionContext,System.Threading.ContextCallback,object,bool)
System.Runtime.CompilerServices.AsyncMethodBuilderCore/MoveNextRunner:Run ()
System.Threading.Tasks.AwaitTaskContinuation:InvokeAction (object)
System.Threading.Tasks.AwaitTaskContinuation:RunCallback (System.Threading.ContextCallback,object,System.Threading.Tasks.Task&)
System.Threading.Tasks.SynchronizationContextAwaitTaskContinuation:Run (System.Threading.Tasks.Task,bool)
System.Threading.Tasks.Task:FinishContinuations ()
System.Threading.Tasks.Task:FinishStageThree ()
System.Threading.Tasks.Task`1<Unity.Services.Relay.Http.HttpClientResponse>:TrySetResult (Unity.Services.Relay.Http.HttpClientResponse)
System.Runtime.CompilerServices.AsyncTaskMethodBuilder`1<Unity.Services.Relay.Http.HttpClientResponse>:SetResult (Unity.Services.Relay.Http.HttpClientResponse)
Unity.Services.Relay.Http.HttpClient/<CreateWebRequestAsync>d__3:MoveNext () (at ./Library/PackageCache/com.unity.services.multiplayer@a6d6ce688d71/Runtime/Relay/Http/HttpClient.cs:56)
System.Runtime.CompilerServices.AsyncMethodBuilderCore/MoveNextRunner:InvokeMoveNext (object)
System.Threading.ExecutionContext:RunInternal (System.Threading.ExecutionContext,System.Threading.ContextCallback,object,bool)
System.Threading.ExecutionContext:Run (System.Threading.ExecutionContext,System.Threading.ContextCallback,object,bool)
System.Runtime.CompilerServices.AsyncMethodBuilderCore/MoveNextRunner:Run ()
System.Threading.Tasks.AwaitTaskContinuation:InvokeAction (object)
System.Threading.Tasks.AwaitTaskContinuation:RunCallback (System.Threading.ContextCallback,object,System.Threading.Tasks.Task&)
System.Threading.Tasks.SynchronizationContextAwaitTaskContinuation:Run (System.Threading.Tasks.Task,bool)
System.Threading.Tasks.Task:FinishContinuations ()
System.Threading.Tasks.Task:FinishStageThree ()
System.Threading.Tasks.Task`1<Unity.Services.Relay.Http.HttpClientResponse>:TrySetResult (Unity.Services.Relay.Http.HttpClientResponse)
System.Runtime.CompilerServices.AsyncTaskMethodBuilder`1<Unity.Services.Relay.Http.HttpClientResponse>:SetResult (Unity.Services.Relay.Http.HttpClientResponse)
Unity.Services.Relay.Http.HttpClient/<CreateHttpClientResponse>d__4:MoveNext () (at ./Library/PackageCache/com.unity.services.multiplayer@a6d6ce688d71/Runtime/Relay/Http/HttpClient.cs:84)
System.Runtime.CompilerServices.AsyncMethodBuilderCore/MoveNextRunner:InvokeMoveNext (object)
System.Threading.ExecutionContext:RunInternal (System.Threading.ExecutionContext,System.Threading.ContextCallback,object,bool)
System.Threading.ExecutionContext:Run (System.Threading.ExecutionContext,System.Threading.ContextCallback,object,bool)
System.Runtime.CompilerServices.AsyncMethodBuilderCore/MoveNextRunner:Run ()
System.Threading.Tasks.AwaitTaskContinuation:InvokeAction (object)
System.Threading.Tasks.AwaitTaskContinuation:RunCallback (System.Threading.ContextCallback,object,System.Threading.Tasks.Task&)
System.Threading.Tasks.SynchronizationContextAwaitTaskContinuation:Run (System.Threading.Tasks.Task,bool)
System.Threading.Tasks.Task:FinishContinuations ()
System.Threading.Tasks.Task:FinishStageThree ()
System.Threading.Tasks.Task`1<Unity.Services.Relay.Http.HttpClientResponse>:TrySetResult (Unity.Services.Relay.Http.HttpClientResponse)
System.Runtime.CompilerServices.AsyncTaskMethodBuilder`1<Unity.Services.Relay.Http.HttpClientResponse>:SetResult (Unity.Services.Relay.Http.HttpClientResponse)
Unity.Services.Relay.Http.HttpClient/<>c__DisplayClass4_0/<<CreateHttpClientResponse>b__0>d:MoveNext () (at ./Library/PackageCache/com.unity.services.multiplayer@a6d6ce688d71/Runtime/Relay/Http/HttpClient.cs:81)
System.Runtime.CompilerServices.AsyncMethodBuilderCore/MoveNextRunner:InvokeMoveNext (object)
System.Threading.ExecutionContext:RunInternal (System.Threading.ExecutionContext,System.Threading.ContextCallback,object,bool)
System.Threading.ExecutionContext:Run (System.Threading.ExecutionContext,System.Threading.ContextCallback,object,bool)
System.Runtime.CompilerServices.AsyncMethodBuilderCore/MoveNextRunner:Run ()
System.Threading.Tasks.AwaitTaskContinuation:InvokeAction (object)
System.Threading.Tasks.AwaitTaskContinuation:RunCallback (System.Threading.ContextCallback,object,System.Threading.Tasks.Task&)
System.Threading.Tasks.SynchronizationContextAwaitTaskContinuation:Run (System.Threading.Tasks.Task,bool)
System.Threading.Tasks.Task:FinishContinuations ()
System.Threading.Tasks.Task:FinishStageThree ()
System.Threading.Tasks.Task`1<Unity.Services.Relay.Http.HttpClientResponse>:TrySetResult (Unity.Services.Relay.Http.HttpClientResponse)
System.Threading.Tasks.TaskCompletionSource`1<Unity.Services.Relay.Http.HttpClientResponse>:TrySetResult (Unity.Services.Relay.Http.HttpClientResponse)
System.Threading.Tasks.TaskCompletionSource`1<Unity.Services.Relay.Http.HttpClientResponse>:SetResult (Unity.Services.Relay.Http.HttpClientResponse)
Unity.Services.Relay.Http.UnityWebRequestHelpers/<>c__DisplayClass0_0:<GetAwaiter>b__0 (UnityEngine.AsyncOperation) (at ./Library/PackageCache/com.unity.services.multiplayer@a6d6ce688d71/Runtime/Relay/Http/UnityWebRequestHelpers.cs:34)
UnityEngine.AsyncOperation:InvokeCompletionEvent () (at C:/build/output/unity/unity/Runtime/Export/Scripting/AsyncOperation.cs:24)

(Filename: C:/build/output/unity/unity/Runtime/Export/Debug/Debug.bindings.cs Line: 123)

PHS_PLAYER_SCENE_STATE scene=ParkHanSol_LobbyScene owner=True input=False
UnityEngine.Debug:ExtractStackTraceNoAlloc (byte*,int,string)
UnityEngine.StackTraceUtility:ExtractStackTrace () (at C:/build/output/unity/unity/Runtime/Export/Scripting/StackTrace.cs:35)
UnityEngine.DebugLogHandler:Internal_Log (UnityEngine.LogType,UnityEngine.LogOption,string,UnityEngine.Object)
UnityEngine.DebugLogHandler:LogFormat (UnityEngine.LogType,UnityEngine.Object,string,object[]) (at C:/build/output/unity/unity/Runtime/Export/Logging/DebugLogHandler.cs:9)
UnityEngine.Logger:Log (UnityEngine.LogType,object) (at C:/build/output/unity/unity/Runtime/Export/Logging/Logger.cs:60)
UnityEngine.Debug:Log (object) (at C:/build/output/unity/unity/Runtime/Export/Debug/Debug.bindings.cs:123)
LastJumpCrew.ParkHanSol.Multiplayer.NetworkPlayerController:RefreshForActiveScene () (at E:/UNITY/LastJumpCrew/Assets/02. ParkHanSol_TeamLeader_Build & Multi/02. Script/Multiplayer/NetworkPlayerController.cs:733)
LastJumpCrew.ParkHanSol.Multiplayer.NetworkPlayerController:OnNetworkSpawn () (at E:/UNITY/LastJumpCrew/Assets/02. ParkHanSol_TeamLeader_Build & Multi/02. Script/Multiplayer/NetworkPlayerController.cs:505)
Unity.Netcode.NetworkBehaviour:NetworkSpawn () (at ./Library/PackageCache/com.unity.netcode.gameobjects@0f12e689d980/Runtime/Core/NetworkBehaviour.cs:813)
Unity.Netcode.NetworkObject:InvokeBehaviourNetworkSpawn () (at ./Library/PackageCache/com.unity.netcode.gameobjects@0f12e689d980/Runtime/Core/NetworkObject.cs:2698)
Unity.Netcode.NetworkSpawnManager:SpawnNetworkObjectLocallyCommon (Unity.Netcode.NetworkObject,ulong,bool,bool,ulong,bool) (at ./Library/PackageCache/com.unity.netcode.gameobjects@0f12e689d980/Runtime/Spawning/NetworkSpawnManager.cs:1384)
Unity.Netcode.NetworkSpawnManager:AuthorityLocalSpawn (Unity.Netcode.NetworkObject,ulong,bool,bool,ulong,bool) (at ./Library/PackageCache/com.unity.netcode.gameobjects@0f12e689d980/Runtime/Spawning/NetworkSpawnManager.cs:1182)
Unity.Netcode.NetworkConnectionManager:HandleConnectionApproval (ulong,bool,System.Nullable`1<uint>,System.Nullable`1<UnityEngine.Vector3>,System.Nullable`1<UnityEngine.Quaternion>) (at ./Library/PackageCache/com.unity.netcode.gameobjects@0f12e689d980/Runtime/Connection/NetworkConnectionManager.cs:1027)
Unity.Netcode.NetworkManager:HostServerInitialize () (at ./Library/PackageCache/com.unity.netcode.gameobjects@0f12e689d980/Runtime/Core/NetworkManager.cs:1516)
Unity.Netcode.NetworkManager:StartHost () (at ./Library/PackageCache/com.unity.netcode.gameobjects@0f12e689d980/Runtime/Core/NetworkManager.cs:1483)
Unity.Services.Multiplayer.NetworkManagerSession:SetupNetworkManagerLifecycleMonitoring (System.Threading.CancellationToken) (at ./Library/PackageCache/com.unity.services.multiplayer@a6d6ce688d71/Runtime/Multiplayer/Modules/Network/Handlers/NetworkHandler/NetworkManagerSession.cs:328)
Unity.Services.Multiplayer.NetworkManagerSession/<StartAsync>d__28:MoveNext () (at ./Library/PackageCache/com.unity.services.multiplayer@a6d6ce688d71/Runtime/Multiplayer/Modules/Network/Handlers/NetworkHandler/NetworkManagerSession.cs:165)
System.Runtime.CompilerServices.AsyncTaskMethodBuilder:Start<Unity.Services.Multiplayer.NetworkManagerSession/<StartAsync>d__28> (Unity.Services.Multiplayer.NetworkManagerSession/<StartAsync>d__28&)
Unity.Services.Multiplayer.NetworkManagerSession:StartAsync (System.Threading.CancellationToken)
Unity.Services.Multiplayer.GameObjectsNetcodeNetworkHandler/<StartAsync>d__4:MoveNext () (at ./Library/PackageCache/com.unity.services.multiplayer@a6d6ce688d71/Runtime/Multiplayer/Modules/Network/Handlers/NetworkHandler/GameObjectsNetcodeNetworkHandler.cs:77)
System.Runtime.CompilerServices.AsyncTaskMethodBuilder:Start<Unity.Services.Multiplayer.GameObjectsNetcodeNetworkHandler/<StartAsync>d__4> (Unity.Services.Multiplayer.GameObjectsNetcodeNetworkHandler/<StartAsync>d__4&)
Unity.Services.Multiplayer.GameObjectsNetcodeNetworkHandler:StartAsync (Unity.Services.Multiplayer.NetworkConfiguration)
Unity.Services.Multiplayer.NetworkModule:StartNetworkHandlerAsync (Unity.Services.Multiplayer.NetworkConfiguration) (at ./Library/PackageCache/com.unity.services.multiplayer@a6d6ce688d71/Runtime/Multiplayer/Modules/Network/NetworkModule.cs:554)
Unity.Services.Multiplayer.NetworkModule/<StartNetworkWithOptionsAsync>d__64:MoveNext () (at ./Library/PackageCache/com.unity.services.multiplayer@a6d6ce688d71/Runtime/Multiplayer/Modules/Network/NetworkModule.cs:303)
System.Runtime.CompilerServices.AsyncMethodBuilderCore/MoveNextRunner:InvokeMoveNext (object)
System.Threading.ExecutionContext:RunInternal (System.Threading.ExecutionContext,System.Threading.ContextCallback,object,bool)
System.Threading.ExecutionContext:Run (System.Threading.ExecutionContext,System.Threading.ContextCallback,object,bool)
System.Runtime.CompilerServices.AsyncMethodBuilderCore/MoveNextRunner:Run ()
System.Threading.Tasks.AwaitTaskContinuation:InvokeAction (object)
System.Threading.Tasks.AwaitTaskContinuation:RunCallback (System.Threading.ContextCallback,object,System.Threading.Tasks.Task&)
System.Threading.Tasks.SynchronizationContextAwaitTaskContinuation:Run (System.Threading.Tasks.Task,bool)
System.Threading.Tasks.Task:FinishContinuations ()
System.Threading.Tasks.Task:FinishStageThree ()
System.Threading.Tasks.Task`1<System.Threading.Tasks.VoidTaskResult>:TrySetResult (System.Threading.Tasks.VoidTaskResult)
System.Runtime.CompilerServices.AsyncTaskMethodBuilder`1<System.Threading.Tasks.VoidTaskResult>:SetResult (System.Threading.Tasks.VoidTaskResult)
System.Runtime.CompilerServices.AsyncTaskMethodBuilder`1<System.Threading.Tasks.VoidTaskResult>:SetResult (System.Threading.Tasks.Task`1<System.Threading.Tasks.VoidTaskResult>)
System.Runtime.CompilerServices.AsyncTaskMethodBuilder:SetResult ()
Unity.Services.Multiplayer.RelayHandler/<FetchJoinCodeAsync>d__22:MoveNext () (at ./Library/PackageCache/com.unity.services.multiplayer@a6d6ce688d71/Runtime/Multiplayer/Modules/Network/Handlers/Relay/RelayHandler.cs:109)
System.Runtime.CompilerServices.AsyncMethodBuilderCore/MoveNextRunner:InvokeMoveNext (object)
System.Threading.ExecutionContext:RunInternal (System.Threading.ExecutionContext,System.Threading.ContextCallback,object,bool)
System.Threading.ExecutionContext:Run (System.Threading.ExecutionContext,System.Threading.ContextCallback,object,bool)
System.Runtime.CompilerServices.AsyncMethodBuilderCore/MoveNextRunner:Run ()
System.Threading.Tasks.AwaitTaskContinuation:InvokeAction (object)
System.Threading.Tasks.AwaitTaskContinuation:RunCallback (System.Threading.ContextCallback,object,System.Threading.Tasks.Task&)
System.Threading.Tasks.SynchronizationContextAwaitTaskContinuation:Run (System.Threading.Tasks.Task,bool)
System.Threading.Tasks.Task:FinishContinuations ()
System.Threading.Tasks.Task:FinishStageThree ()
System.Threading.Tasks.Task`1<string>:TrySetResult (string)
System.Runtime.CompilerServices.AsyncTaskMethodBuilder`1<string>:SetResult (string)
Unity.Services.Relay.WrappedRelayService/<GetJoinCodeAsync>d__11:MoveNext () (at ./Library/PackageCache/com.unity.services.multiplayer@a6d6ce688d71/Runtime/Relay/SDK/WrappedRelayService.cs:134)
System.Runtime.CompilerServices.AsyncMethodBuilderCore/MoveNextRunner:InvokeMoveNext (object)
System.Threading.ExecutionContext:RunInternal (System.Threading.ExecutionContext,System.Threading.ContextCallback,object,bool)
System.Threading.ExecutionContext:Run (System.Threading.ExecutionContext,System.Threading.ContextCallback,object,bool)
System.Runtime.CompilerServices.AsyncMethodBuilderCore/MoveNextRunner:Run ()
System.Threading.Tasks.AwaitTaskContinuation:InvokeAction (object)
System.Threading.Tasks.AwaitTaskContinuation:RunCallback (System.Threading.ContextCallback,object,System.Threading.Tasks.Task&)
System.Threading.Tasks.SynchronizationContextAwaitTaskContinuation:Run (System.Threading.Tasks.Task,bool)
System.Threading.Tasks.Task:FinishContinuations ()
System.Threading.Tasks.Task:FinishStageThree ()
System.Threading.Tasks.Task`1<Unity.Services.Relay.Response`1<Unity.Services.Relay.Models.JoinCodeResponseBody>>:TrySetResult (Unity.Services.Relay.Response`1<Unity.Services.Relay.Models.JoinCodeResponseBody>)
System.Runtime.CompilerServices.AsyncTaskMethodBuilder`1<Unity.Services.Relay.Response`1<Unity.Services.Relay.Models.JoinCodeResponseBody>>:SetResult (Unity.Services.Relay.Response`1<Unity.Services.Relay.Models.JoinCodeResponseBody>)
Unity.Services.Relay.Apis.RelayAllocations.RelayAllocationsApiClient/<CreateJoincodeAsync>d__8:MoveNext () (at ./Library/PackageCache/com.unity.services.multiplayer@a6d6ce688d71/Runtime/Relay/Apis/RelayAllocationsApi.cs:160)
System.Runtime.CompilerServices.AsyncMethodBuilderCore/MoveNextRunner:InvokeMoveNext (object)
System.Threading.ExecutionContext:RunInternal (System.Threading.ExecutionContext,System.Threading.ContextCallback,object,bool)
System.Threading.ExecutionContext:Run (System.Threading.ExecutionContext,System.Threading.ContextCallback,object,bool)
System.Runtime.CompilerServices.AsyncMethodBuilderCore/MoveNextRunner:Run ()
System.Threading.Tasks.AwaitTaskContinuation:InvokeAction (object)
System.Threading.Tasks.AwaitTaskContinuation:RunCallback (System.Threading.ContextCallback,object,System.Threading.Tasks.Task&)
System.Threading.Tasks.SynchronizationContextAwaitTaskContinuation:Run (System.Threading.Tasks.Task,bool)
System.Threading.Tasks.Task:FinishContinuations ()
System.Threading.Tasks.Task:FinishStageThree ()
System.Threading.Tasks.Task`1<Unity.Services.Relay.Http.HttpClientResponse>:TrySetResult (Unity.Services.Relay.Http.HttpClientResponse)
System.Runtime.CompilerServices.AsyncTaskMethodBuilder`1<Unity.Services.Relay.Http.HttpClientResponse>:SetResult (Unity.Services.Relay.Http.HttpClientResponse)
Unity.Services.Relay.Http.HttpClient/<MakeRequestAsync>d__1:MoveNext () (at ./Library/PackageCache/com.unity.services.multiplayer@a6d6ce688d71/Runtime/Relay/Http/HttpClient.cs:41)
System.Runtime.CompilerServices.AsyncMethodBuilderCore/MoveNextRunner:InvokeMoveNext (object)
System.Threading.ExecutionContext:RunInternal (System.Threading.ExecutionContext,System.Threading.ContextCallback,object,bool)
System.Threading.ExecutionContext:Run (System.Threading.ExecutionContext,System.Threading.ContextCallback,object,bool)
System.Runtime.CompilerServices.AsyncMethodBuilderCore/MoveNextRunner:Run ()
System.Threading.Tasks.AwaitTaskContinuation:InvokeAction (object)
System.Threading.Tasks.AwaitTaskContinuation:RunCallback (System.Threading.ContextCallback,object,System.Threading.Tasks.Task&)
System.Threading.Tasks.SynchronizationContextAwaitTaskContinuation:Run (System.Threading.Tasks.Task,bool)
System.Threading.Tasks.Task:FinishContinuations ()
System.Threading.Tasks.Task:FinishStageThree ()
System.Threading.Tasks.Task`1<Unity.Services.Relay.Http.HttpClientResponse>:TrySetResult (Unity.Services.Relay.Http.HttpClientResponse)
System.Runtime.CompilerServices.AsyncTaskMethodBuilder`1<Unity.Services.Relay.Http.HttpClientResponse>:SetResult (Unity.Services.Relay.Http.HttpClientResponse)
Unity.Services.Relay.Http.HttpClient/<CreateWebRequestAsync>d__3:MoveNext () (at ./Library/PackageCache/com.unity.services.multiplayer@a6d6ce688d71/Runtime/Relay/Http/HttpClient.cs:56)
System.Runtime.CompilerServices.AsyncMethodBuilderCore/MoveNextRunner:InvokeMoveNext (object)
System.Threading.ExecutionContext:RunInternal (System.Threading.ExecutionContext,System.Threading.ContextCallback,object,bool)
System.Threading.ExecutionContext:Run (System.Threading.ExecutionContext,System.Threading.ContextCallback,object,bool)
System.Runtime.CompilerServices.AsyncMethodBuilderCore/MoveNextRunner:Run ()
System.Threading.Tasks.AwaitTaskContinuation:InvokeAction (object)
System.Threading.Tasks.AwaitTaskContinuation:RunCallback (System.Threading.ContextCallback,object,System.Threading.Tasks.Task&)
System.Threading.Tasks.SynchronizationContextAwaitTaskContinuation:Run (System.Threading.Tasks.Task,bool)
System.Threading.Tasks.Task:FinishContinuations ()
System.Threading.Tasks.Task:FinishStageThree ()
System.Threading.Tasks.Task`1<Unity.Services.Relay.Http.HttpClientResponse>:TrySetResult (Unity.Services.Relay.Http.HttpClientResponse)
System.Runtime.CompilerServices.AsyncTaskMethodBuilder`1<Unity.Services.Relay.Http.HttpClientResponse>:SetResult (Unity.Services.Relay.Http.HttpClientResponse)
Unity.Services.Relay.Http.HttpClient/<CreateHttpClientResponse>d__4:MoveNext () (at ./Library/PackageCache/com.unity.services.multiplayer@a6d6ce688d71/Runtime/Relay/Http/HttpClient.cs:84)
System.Runtime.CompilerServices.AsyncMethodBuilderCore/MoveNextRunner:InvokeMoveNext (object)
System.Threading.ExecutionContext:RunInternal (System.Threading.ExecutionContext,System.Threading.ContextCallback,object,bool)
System.Threading.ExecutionContext:Run (System.Threading.ExecutionContext,System.Threading.ContextCallback,object,bool)
System.Runtime.CompilerServices.AsyncMethodBuilderCore/MoveNextRunner:Run ()
System.Threading.Tasks.AwaitTaskContinuation:InvokeAction (object)
System.Threading.Tasks.AwaitTaskContinuation:RunCallback (System.Threading.ContextCallback,object,System.Threading.Tasks.Task&)
System.Threading.Tasks.SynchronizationContextAwaitTaskContinuation:Run (System.Threading.Tasks.Task,bool)
System.Threading.Tasks.Task:FinishContinuations ()
System.Threading.Tasks.Task:FinishStageThree ()
System.Threading.Tasks.Task`1<Unity.Services.Relay.Http.HttpClientResponse>:TrySetResult (Unity.Services.Relay.Http.HttpClientResponse)
System.Runtime.CompilerServices.AsyncTaskMethodBuilder`1<Unity.Services.Relay.Http.HttpClientResponse>:SetResult (Unity.Services.Relay.Http.HttpClientResponse)
Unity.Services.Relay.Http.HttpClient/<>c__DisplayClass4_0/<<CreateHttpClientResponse>b__0>d:MoveNext () (at ./Library/PackageCache/com.unity.services.multiplayer@a6d6ce688d71/Runtime/Relay/Http/HttpClient.cs:81)
System.Runtime.CompilerServices.AsyncMethodBuilderCore/MoveNextRunner:InvokeMoveNext (object)
System.Threading.ExecutionContext:RunInternal (System.Threading.ExecutionContext,System.Threading.ContextCallback,object,bool)
System.Threading.ExecutionContext:Run (System.Threading.ExecutionContext,System.Threading.ContextCallback,object,bool)
System.Runtime.CompilerServices.AsyncMethodBuilderCore/MoveNextRunner:Run ()
System.Threading.Tasks.AwaitTaskContinuation:InvokeAction (object)
System.Threading.Tasks.AwaitTaskContinuation:RunCallback (System.Threading.ContextCallback,object,System.Threading.Tasks.Task&)
System.Threading.Tasks.SynchronizationContextAwaitTaskContinuation:Run (System.Threading.Tasks.Task,bool)
System.Threading.Tasks.Task:FinishContinuations ()
System.Threading.Tasks.Task:FinishStageThree ()
System.Threading.Tasks.Task`1<Unity.Services.Relay.Http.HttpClientResponse>:TrySetResult (Unity.Services.Relay.Http.HttpClientResponse)
System.Threading.Tasks.TaskCompletionSource`1<Unity.Services.Relay.Http.HttpClientResponse>:TrySetResult (Unity.Services.Relay.Http.HttpClientResponse)
System.Threading.Tasks.TaskCompletionSource`1<Unity.Services.Relay.Http.HttpClientResponse>:SetResult (Unity.Services.Relay.Http.HttpClientResponse)
Unity.Services.Relay.Http.UnityWebRequestHelpers/<>c__DisplayClass0_0:<GetAwaiter>b__0 (UnityEngine.AsyncOperation) (at ./Library/PackageCache/com.unity.services.multiplayer@a6d6ce688d71/Runtime/Relay/Http/UnityWebRequestHelpers.cs:34)
UnityEngine.AsyncOperation:InvokeCompletionEvent () (at C:/build/output/unity/unity/Runtime/Export/Scripting/AsyncOperation.cs:24)

(Filename: C:/build/output/unity/unity/Runtime/Export/Debug/Debug.bindings.cs Line: 123)

PHS_P0_BEGIN expectedClients=2
UnityEngine.Debug:ExtractStackTraceNoAlloc (byte*,int,string)
UnityEngine.StackTraceUtility:ExtractStackTrace () (at C:/build/output/unity/unity/Runtime/Export/Scripting/StackTrace.cs:35)
UnityEngine.DebugLogHandler:Internal_Log (UnityEngine.LogType,UnityEngine.LogOption,string,UnityEngine.Object)
UnityEngine.DebugLogHandler:LogFormat (UnityEngine.LogType,UnityEngine.Object,string,object[]) (at C:/build/output/unity/unity/Runtime/Export/Logging/DebugLogHandler.cs:9)
UnityEngine.Logger:Log (UnityEngine.LogType,object,UnityEngine.Object) (at C:/build/output/unity/unity/Runtime/Export/Logging/Logger.cs:66)
UnityEngine.Debug:Log (object,UnityEngine.Object) (at C:/build/output/unity/unity/Runtime/Export/Debug/Debug.bindings.cs:128)
LastJumpCrew.ParkHanSol.Multiplayer.Validation.P0RuntimeValidationDriver/<RunServerScenario>d__70:MoveNext () (at E:/UNITY/LastJumpCrew/Assets/02. ParkHanSol_TeamLeader_Build & Multi/02. Script/Multiplayer/Validation/P0RuntimeValidationDriver.cs:453)
UnityEngine.SetupCoroutine:InvokeMoveNext (System.Collections.IEnumerator,intptr) (at C:/build/output/unity/unity/Runtime/Export/Scripting/Coroutines.cs:17)
UnityEngine.MonoBehaviour:StartCoroutineManaged2 (System.Collections.IEnumerator)
UnityEngine.MonoBehaviour:StartCoroutine (System.Collections.IEnumerator) (at C:/build/output/unity/unity/Runtime/Export/Scripting/MonoBehaviour.bindings.cs:114)
LastJumpCrew.ParkHanSol.Multiplayer.Validation.P0RuntimeValidationDriver:OnNetworkSpawn () (at E:/UNITY/LastJumpCrew/Assets/02. ParkHanSol_TeamLeader_Build & Multi/02. Script/Multiplayer/Validation/P0RuntimeValidationDriver.cs:380)
Unity.Netcode.NetworkBehaviour:NetworkSpawn () (at ./Library/PackageCache/com.unity.netcode.gameobjects@0f12e689d980/Runtime/Core/NetworkBehaviour.cs:813)
Unity.Netcode.NetworkObject:InvokeBehaviourNetworkSpawn () (at ./Library/PackageCache/com.unity.netcode.gameobjects@0f12e689d980/Runtime/Core/NetworkObject.cs:2698)
Unity.Netcode.NetworkSpawnManager:SpawnNetworkObjectLocallyCommon (Unity.Netcode.NetworkObject,ulong,bool,bool,ulong,bool) (at ./Library/PackageCache/com.unity.netcode.gameobjects@0f12e689d980/Runtime/Spawning/NetworkSpawnManager.cs:1384)
Unity.Netcode.NetworkSpawnManager:AuthorityLocalSpawn (Unity.Netcode.NetworkObject,ulong,bool,bool,ulong,bool) (at ./Library/PackageCache/com.unity.netcode.gameobjects@0f12e689d980/Runtime/Spawning/NetworkSpawnManager.cs:1182)
Unity.Netcode.NetworkConnectionManager:HandleConnectionApproval (ulong,bool,System.Nullable`1<uint>,System.Nullable`1<UnityEngine.Vector3>,System.Nullable`1<UnityEngine.Quaternion>) (at ./Library/PackageCache/com.unity.netcode.gameobjects@0f12e689d980/Runtime/Connection/NetworkConnectionManager.cs:1027)
Unity.Netcode.NetworkManager:HostServerInitialize () (at ./Library/PackageCache/com.unity.netcode.gameobjects@0f12e689d980/Runtime/Core/NetworkManager.cs:1516)
Unity.Netcode.NetworkManager:StartHost () (at ./Library/PackageCache/com.unity.netcode.gameobjects@0f12e689d980/Runtime/Core/NetworkManager.cs:1483)
Unity.Services.Multiplayer.NetworkManagerSession:SetupNetworkManagerLifecycleMonitoring (System.Threading.CancellationToken) (at ./Library/PackageCache/com.unity.services.multiplayer@a6d6ce688d71/Runtime/Multiplayer/Modules/Network/Handlers/NetworkHandler/NetworkManagerSession.cs:328)
Unity.Services.Multiplayer.NetworkManagerSession/<StartAsync>d__28:MoveNext () (at ./Library/PackageCache/com.unity.services.multiplayer@a6d6ce688d71/Runtime/Multiplayer/Modules/Network/Handlers/NetworkHandler/NetworkManagerSession.cs:165)
System.Runtime.CompilerServices.AsyncTaskMethodBuilder:Start<Unity.Services.Multiplayer.NetworkManagerSession/<StartAsync>d__28> (Unity.Services.Multiplayer.NetworkManagerSession/<StartAsync>d__28&)
Unity.Services.Multiplayer.NetworkManagerSession:StartAsync (System.Threading.CancellationToken)
Unity.Services.Multiplayer.GameObjectsNetcodeNetworkHandler/<StartAsync>d__4:MoveNext () (at ./Library/PackageCache/com.unity.services.multiplayer@a6d6ce688d71/Runtime/Multiplayer/Modules/Network/Handlers/NetworkHandler/GameObjectsNetcodeNetworkHandler.cs:77)
System.Runtime.CompilerServices.AsyncTaskMethodBuilder:Start<Unity.Services.Multiplayer.GameObjectsNetcodeNetworkHandler/<StartAsync>d__4> (Unity.Services.Multiplayer.GameObjectsNetcodeNetworkHandler/<StartAsync>d__4&)
Unity.Services.Multiplayer.GameObjectsNetcodeNetworkHandler:StartAsync (Unity.Services.Multiplayer.NetworkConfiguration)
Unity.Services.Multiplayer.NetworkModule:StartNetworkHandlerAsync (Unity.Services.Multiplayer.NetworkConfiguration) (at ./Library/PackageCache/com.unity.services.multiplayer@a6d6ce688d71/Runtime/Multiplayer/Modules/Network/NetworkModule.cs:554)
Unity.Services.Multiplayer.NetworkModule/<StartNetworkWithOptionsAsync>d__64:MoveNext () (at ./Library/PackageCache/com.unity.services.multiplayer@a6d6ce688d71/Runtime/Multiplayer/Modules/Network/NetworkModule.cs:303)
System.Runtime.CompilerServices.AsyncMethodBuilderCore/MoveNextRunner:InvokeMoveNext (object)
System.Threading.ExecutionContext:RunInternal (System.Threading.ExecutionContext,System.Threading.ContextCallback,object,bool)
System.Threading.ExecutionContext:Run (System.Threading.ExecutionContext,System.Threading.ContextCallback,object,bool)
System.Runtime.CompilerServices.AsyncMethodBuilderCore/MoveNextRunner:Run ()
System.Threading.Tasks.AwaitTaskContinuation:InvokeAction (object)
System.Threading.Tasks.AwaitTaskContinuation:RunCallback (System.Threading.ContextCallback,object,System.Threading.Tasks.Task&)
System.Threading.Tasks.SynchronizationContextAwaitTaskContinuation:Run (System.Threading.Tasks.Task,bool)
System.Threading.Tasks.Task:FinishContinuations ()
System.Threading.Tasks.Task:FinishStageThree ()
System.Threading.Tasks.Task`1<System.Threading.Tasks.VoidTaskResult>:TrySetResult (System.Threading.Tasks.VoidTaskResult)
System.Runtime.CompilerServices.AsyncTaskMethodBuilder`1<System.Threading.Tasks.VoidTaskResult>:SetResult (System.Threading.Tasks.VoidTaskResult)
System.Runtime.CompilerServices.AsyncTaskMethodBuilder`1<System.Threading.Tasks.VoidTaskResult>:SetResult (System.Threading.Tasks.Task`1<System.Threading.Tasks.VoidTaskResult>)
System.Runtime.CompilerServices.AsyncTaskMethodBuilder:SetResult ()
Unity.Services.Multiplayer.RelayHandler/<FetchJoinCodeAsync>d__22:MoveNext () (at ./Library/PackageCache/com.unity.services.multiplayer@a6d6ce688d71/Runtime/Multiplayer/Modules/Network/Handlers/Relay/RelayHandler.cs:109)
System.Runtime.CompilerServices.AsyncMethodBuilderCore/MoveNextRunner:InvokeMoveNext (object)
System.Threading.ExecutionContext:RunInternal (System.Threading.ExecutionContext,System.Threading.ContextCallback,object,bool)
System.Threading.ExecutionContext:Run (System.Threading.ExecutionContext,System.Threading.ContextCallback,object,bool)
System.Runtime.CompilerServices.AsyncMethodBuilderCore/MoveNextRunner:Run ()
System.Threading.Tasks.AwaitTaskContinuation:InvokeAction (object)
System.Threading.Tasks.AwaitTaskContinuation:RunCallback (System.Threading.ContextCallback,object,System.Threading.Tasks.Task&)
System.Threading.Tasks.SynchronizationContextAwaitTaskContinuation:Run (System.Threading.Tasks.Task,bool)
System.Threading.Tasks.Task:FinishContinuations ()
System.Threading.Tasks.Task:FinishStageThree ()
System.Threading.Tasks.Task`1<string>:TrySetResult (string)
System.Runtime.CompilerServices.AsyncTaskMethodBuilder`1<string>:SetResult (string)
Unity.Services.Relay.WrappedRelayService/<GetJoinCodeAsync>d__11:MoveNext () (at ./Library/PackageCache/com.unity.services.multiplayer@a6d6ce688d71/Runtime/Relay/SDK/WrappedRelayService.cs:134)
System.Runtime.CompilerServices.AsyncMethodBuilderCore/MoveNextRunner:InvokeMoveNext (object)
System.Threading.ExecutionContext:RunInternal (System.Threading.ExecutionContext,System.Threading.ContextCallback,object,bool)
System.Threading.ExecutionContext:Run (System.Threading.ExecutionContext,System.Threading.ContextCallback,object,bool)
System.Runtime.CompilerServices.AsyncMethodBuilderCore/MoveNextRunner:Run ()
System.Threading.Tasks.AwaitTaskContinuation:InvokeAction (object)
System.Threading.Tasks.AwaitTaskContinuation:RunCallback (System.Threading.ContextCallback,object,System.Threading.Tasks.Task&)
System.Threading.Tasks.SynchronizationContextAwaitTaskContinuation:Run (System.Threading.Tasks.Task,bool)
System.Threading.Tasks.Task:FinishContinuations ()
System.Threading.Tasks.Task:FinishStageThree ()
System.Threading.Tasks.Task`1<Unity.Services.Relay.Response`1<Unity.Services.Relay.Models.JoinCodeResponseBody>>:TrySetResult (Unity.Services.Relay.Response`1<Unity.Services.Relay.Models.JoinCodeResponseBody>)
System.Runtime.CompilerServices.AsyncTaskMethodBuilder`1<Unity.Services.Relay.Response`1<Unity.Services.Relay.Models.JoinCodeResponseBody>>:SetResult (Unity.Services.Relay.Response`1<Unity.Services.Relay.Models.JoinCodeResponseBody>)
Unity.Services.Relay.Apis.RelayAllocations.RelayAllocationsApiClient/<CreateJoincodeAsync>d__8:MoveNext () (at ./Library/PackageCache/com.unity.services.multiplayer@a6d6ce688d71/Runtime/Relay/Apis/RelayAllocationsApi.cs:160)
System.Runtime.CompilerServices.AsyncMethodBuilderCore/MoveNextRunner:InvokeMoveNext (object)
System.Threading.ExecutionContext:RunInternal (System.Threading.ExecutionContext,System.Threading.ContextCallback,object,bool)
System.Threading.ExecutionContext:Run (System.Threading.ExecutionContext,System.Threading.ContextCallback,object,bool)
System.Runtime.CompilerServices.AsyncMethodBuilderCore/MoveNextRunner:Run ()
System.Threading.Tasks.AwaitTaskContinuation:InvokeAction (object)
System.Threading.Tasks.AwaitTaskContinuation:RunCallback (System.Threading.ContextCallback,object,System.Threading.Tasks.Task&)
System.Threading.Tasks.SynchronizationContextAwaitTaskContinuation:Run (System.Threading.Tasks.Task,bool)
System.Threading.Tasks.Task:FinishContinuations ()
System.Threading.Tasks.Task:FinishStageThree ()
System.Threading.Tasks.Task`1<Unity.Services.Relay.Http.HttpClientResponse>:TrySetResult (Unity.Services.Relay.Http.HttpClientResponse)
System.Runtime.CompilerServices.AsyncTaskMethodBuilder`1<Unity.Services.Relay.Http.HttpClientResponse>:SetResult (Unity.Services.Relay.Http.HttpClientResponse)
Unity.Services.Relay.Http.HttpClient/<MakeRequestAsync>d__1:MoveNext () (at ./Library/PackageCache/com.unity.services.multiplayer@a6d6ce688d71/Runtime/Relay/Http/HttpClient.cs:41)
System.Runtime.CompilerServices.AsyncMethodBuilderCore/MoveNextRunner:InvokeMoveNext (object)
System.Threading.ExecutionContext:RunInternal (System.Threading.ExecutionContext,System.Threading.ContextCallback,object,bool)
System.Threading.ExecutionContext:Run (System.Threading.ExecutionContext,System.Threading.ContextCallback,object,bool)
System.Runtime.CompilerServices.AsyncMethodBuilderCore/MoveNextRunner:Run ()
System.Threading.Tasks.AwaitTaskContinuation:InvokeAction (object)
System.Threading.Tasks.AwaitTaskContinuation:RunCallback (System.Threading.ContextCallback,object,System.Threading.Tasks.Task&)
System.Threading.Tasks.SynchronizationContextAwaitTaskContinuation:Run (System.Threading.Tasks.Task,bool)
System.Threading.Tasks.Task:FinishContinuations ()
System.Threading.Tasks.Task:FinishStageThree ()
System.Threading.Tasks.Task`1<Unity.Services.Relay.Http.HttpClientResponse>:TrySetResult (Unity.Services.Relay.Http.HttpClientResponse)
System.Runtime.CompilerServices.AsyncTaskMethodBuilder`1<Unity.Services.Relay.Http.HttpClientResponse>:SetResult (Unity.Services.Relay.Http.HttpClientResponse)
Unity.Services.Relay.Http.HttpClient/<CreateWebRequestAsync>d__3:MoveNext () (at ./Library/PackageCache/com.unity.services.multiplayer@a6d6ce688d71/Runtime/Relay/Http/HttpClient.cs:56)
System.Runtime.CompilerServices.AsyncMethodBuilderCore/MoveNextRunner:InvokeMoveNext (object)
System.Threading.ExecutionContext:RunInternal (System.Threading.ExecutionContext,System.Threading.ContextCallback,object,bool)
System.Threading.ExecutionContext:Run (System.Threading.ExecutionContext,System.Threading.ContextCallback,object,bool)
System.Runtime.CompilerServices.AsyncMethodBuilderCore/MoveNextRunner:Run ()
System.Threading.Tasks.AwaitTaskContinuation:InvokeAction (object)
System.Threading.Tasks.AwaitTaskContinuation:RunCallback (System.Threading.ContextCallback,object,System.Threading.Tasks.Task&)
System.Threading.Tasks.SynchronizationContextAwaitTaskContinuation:Run (System.Threading.Tasks.Task,bool)
System.Threading.Tasks.Task:FinishContinuations ()
System.Threading.Tasks.Task:FinishStageThree ()
System.Threading.Tasks.Task`1<Unity.Services.Relay.Http.HttpClientResponse>:TrySetResult (Unity.Services.Relay.Http.HttpClientResponse)
System.Runtime.CompilerServices.AsyncTaskMethodBuilder`1<Unity.Services.Relay.Http.HttpClientResponse>:SetResult (Unity.Services.Relay.Http.HttpClientResponse)
Unity.Services.Relay.Http.HttpClient/<CreateHttpClientResponse>d__4:MoveNext () (at ./Library/PackageCache/com.unity.services.multiplayer@a6d6ce688d71/Runtime/Relay/Http/HttpClient.cs:84)
System.Runtime.CompilerServices.AsyncMethodBuilderCore/MoveNextRunner:InvokeMoveNext (object)
System.Threading.ExecutionContext:RunInternal (System.Threading.ExecutionContext,System.Threading.ContextCallback,object,bool)
System.Threading.ExecutionContext:Run (System.Threading.ExecutionContext,System.Threading.ContextCallback,object,bool)
System.Runtime.CompilerServices.AsyncMethodBuilderCore/MoveNextRunner:Run ()
System.Threading.Tasks.AwaitTaskContinuation:InvokeAction (object)
System.Threading.Tasks.AwaitTaskContinuation:RunCallback (System.Threading.ContextCallback,object,System.Threading.Tasks.Task&)
System.Threading.Tasks.SynchronizationContextAwaitTaskContinuation:Run (System.Threading.Tasks.Task,bool)
System.Threading.Tasks.Task:FinishContinuations ()
System.Threading.Tasks.Task:FinishStageThree ()
System.Threading.Tasks.Task`1<Unity.Services.Relay.Http.HttpClientResponse>:TrySetResult (Unity.Services.Relay.Http.HttpClientResponse)
System.Runtime.CompilerServices.AsyncTaskMethodBuilder`1<Unity.Services.Relay.Http.HttpClientResponse>:SetResult (Unity.Services.Relay.Http.HttpClientResponse)
Unity.Services.Relay.Http.HttpClient/<>c__DisplayClass4_0/<<CreateHttpClientResponse>b__0>d:MoveNext () (at ./Library/PackageCache/com.unity.services.multiplayer@a6d6ce688d71/Runtime/Relay/Http/HttpClient.cs:81)
System.Runtime.CompilerServices.AsyncMethodBuilderCore/MoveNextRunner:InvokeMoveNext (object)
System.Threading.ExecutionContext:RunInternal (System.Threading.ExecutionContext,System.Threading.ContextCallback,object,bool)
System.Threading.ExecutionContext:Run (System.Threading.ExecutionContext,System.Threading.ContextCallback,object,bool)
System.Runtime.CompilerServices.AsyncMethodBuilderCore/MoveNextRunner:Run ()
System.Threading.Tasks.AwaitTaskContinuation:InvokeAction (object)
System.Threading.Tasks.AwaitTaskContinuation:RunCallback (System.Threading.ContextCallback,object,System.Threading.Tasks.Task&)
System.Threading.Tasks.SynchronizationContextAwaitTaskContinuation:Run (System.Threading.Tasks.Task,bool)
System.Threading.Tasks.Task:FinishContinuations ()
System.Threading.Tasks.Task:FinishStageThree ()
System.Threading.Tasks.Task`1<Unity.Services.Relay.Http.HttpClientResponse>:TrySetResult (Unity.Services.Relay.Http.HttpClientResponse)
System.Threading.Tasks.TaskCompletionSource`1<Unity.Services.Relay.Http.HttpClientResponse>:TrySetResult (Unity.Services.Relay.Http.HttpClientResponse)
System.Threading.Tasks.TaskCompletionSource`1<Unity.Services.Relay.Http.HttpClientResponse>:SetResult (Unity.Services.Relay.Http.HttpClientResponse)
Unity.Services.Relay.Http.UnityWebRequestHelpers/<>c__DisplayClass0_0:<GetAwaiter>b__0 (UnityEngine.AsyncOperation) (at ./Library/PackageCache/com.unity.services.multiplayer@a6d6ce688d71/Runtime/Relay/Http/UnityWebRequestHelpers.cs:34)
UnityEngine.AsyncOperation:InvokeCompletionEvent () (at C:/build/output/unity/unity/Runtime/Export/Scripting/AsyncOperation.cs:24)

(Filename: C:/build/output/unity/unity/Runtime/Export/Debug/Debug.bindings.cs Line: 128)

PHS_RUN_FLOW_BOUND coordinator=PHS_NetworkRunSessionRoot(Clone) phase=ZoneSelect
UnityEngine.Debug:ExtractStackTraceNoAlloc (byte*,int,string)
UnityEngine.StackTraceUtility:ExtractStackTrace () (at C:/build/output/unity/unity/Runtime/Export/Scripting/StackTrace.cs:35)
UnityEngine.DebugLogHandler:Internal_Log (UnityEngine.LogType,UnityEngine.LogOption,string,UnityEngine.Object)
UnityEngine.DebugLogHandler:LogFormat (UnityEngine.LogType,UnityEngine.Object,string,object[]) (at C:/build/output/unity/unity/Runtime/Export/Logging/DebugLogHandler.cs:9)
UnityEngine.Logger:Log (UnityEngine.LogType,object) (at C:/build/output/unity/unity/Runtime/Export/Logging/Logger.cs:60)
UnityEngine.Debug:Log (object) (at C:/build/output/unity/unity/Runtime/Export/Debug/Debug.bindings.cs:123)
LastJumpCrew.ParkHanSol.Multiplayer.NetworkRunFlowCoordinator:TryBindGameFlow () (at E:/UNITY/LastJumpCrew/Assets/02. ParkHanSol_TeamLeader_Build & Multi/02. Script/Multiplayer/RunFlow/NetworkRunFlowCoordinator.cs:512)
LastJumpCrew.ParkHanSol.Multiplayer.NetworkRunFlowCoordinator:OnNetworkSpawn () (at E:/UNITY/LastJumpCrew/Assets/02. ParkHanSol_TeamLeader_Build & Multi/02. Script/Multiplayer/RunFlow/NetworkRunFlowCoordinator.cs:241)
Unity.Netcode.NetworkBehaviour:NetworkSpawn () (at ./Library/PackageCache/com.unity.netcode.gameobjects@0f12e689d980/Runtime/Core/NetworkBehaviour.cs:813)
Unity.Netcode.NetworkObject:InvokeBehaviourNetworkSpawn () (at ./Library/PackageCache/com.unity.netcode.gameobjects@0f12e689d980/Runtime/Core/NetworkObject.cs:2698)
Unity.Netcode.NetworkSpawnManager:SpawnNetworkObjectLocallyCommon (Unity.Netcode.NetworkObject,ulong,bool,bool,ulong,bool) (at ./Library/PackageCache/com.unity.netcode.gameobjects@0f12e689d980/Runtime/Spawning/NetworkSpawnManager.cs:1384)
Unity.Netcode.NetworkSpawnManager:AuthorityLocalSpawn (Unity.Netcode.NetworkObject,ulong,bool,bool,ulong,bool) (at ./Library/PackageCache/com.unity.netcode.gameobjects@0f12e689d980/Runtime/Spawning/NetworkSpawnManager.cs:1182)
Unity.Netcode.NetworkObject:SpawnWithOwnership (ulong,bool) (at ./Library/PackageCache/com.unity.netcode.gameobjects@0f12e689d980/Runtime/Core/NetworkObject.cs:2026)
Unity.Netcode.NetworkSpawnManager:InstantiateAndSpawnNoParameterChecks (Unity.Netcode.NetworkObject,Unity.Netcode.NetworkManager,ulong,bool,bool,bool,UnityEngine.Vector3,UnityEngine.Quaternion) (at ./Library/PackageCache/com.unity.netcode.gameobjects@0f12e689d980/Runtime/Spawning/NetworkSpawnManager.cs:853)
Unity.Netcode.NetworkSpawnManager:InstantiateAndSpawn (Unity.Netcode.NetworkObject,ulong,bool,bool,bool,UnityEngine.Vector3,UnityEngine.Quaternion) (at ./Library/PackageCache/com.unity.netcode.gameobjects@0f12e689d980/Runtime/Spawning/NetworkSpawnManager.cs:811)
LastJumpCrew.ParkHanSol.Multiplayer.NetworkRunSessionRootBootstrap:TrySpawnServerRoot () (at E:/UNITY/LastJumpCrew/Assets/02. ParkHanSol_TeamLeader_Build & Multi/02. Script/Multiplayer/RunFlow/NetworkRunSessionRootBootstrap.cs:86)
LastJumpCrew.ParkHanSol.Multiplayer.NetworkRunSessionRootBootstrap:HandleServerStarted () (at E:/UNITY/LastJumpCrew/Assets/02. ParkHanSol_TeamLeader_Build & Multi/02. Script/Multiplayer/RunFlow/NetworkRunSessionRootBootstrap.cs:61)
Unity.Netcode.NetworkManager:HostServerInitialize () (at ./Library/PackageCache/com.unity.netcode.gameobjects@0f12e689d980/Runtime/Core/NetworkManager.cs:1530)
Unity.Netcode.NetworkManager:StartHost () (at ./Library/PackageCache/com.unity.netcode.gameobjects@0f12e689d980/Runtime/Core/NetworkManager.cs:1483)
Unity.Services.Multiplayer.NetworkManagerSession:SetupNetworkManagerLifecycleMonitoring (System.Threading.CancellationToken) (at ./Library/PackageCache/com.unity.services.multiplayer@a6d6ce688d71/Runtime/Multiplayer/Modules/Network/Handlers/NetworkHandler/NetworkManagerSession.cs:328)
Unity.Services.Multiplayer.NetworkManagerSession/<StartAsync>d__28:MoveNext () (at ./Library/PackageCache/com.unity.services.multiplayer@a6d6ce688d71/Runtime/Multiplayer/Modules/Network/Handlers/NetworkHandler/NetworkManagerSession.cs:165)
System.Runtime.CompilerServices.AsyncTaskMethodBuilder:Start<Unity.Services.Multiplayer.NetworkManagerSession/<StartAsync>d__28> (Unity.Services.Multiplayer.NetworkManagerSession/<StartAsync>d__28&)
Unity.Services.Multiplayer.NetworkManagerSession:StartAsync (System.Threading.CancellationToken)
Unity.Services.Multiplayer.GameObjectsNetcodeNetworkHandler/<StartAsync>d__4:MoveNext () (at ./Library/PackageCache/com.unity.services.multiplayer@a6d6ce688d71/Runtime/Multiplayer/Modules/Network/Handlers/NetworkHandler/GameObjectsNetcodeNetworkHandler.cs:77)
System.Runtime.CompilerServices.AsyncTaskMethodBuilder:Start<Unity.Services.Multiplayer.GameObjectsNetcodeNetworkHandler/<StartAsync>d__4> (Unity.Services.Multiplayer.GameObjectsNetcodeNetworkHandler/<StartAsync>d__4&)
Unity.Services.Multiplayer.GameObjectsNetcodeNetworkHandler:StartAsync (Unity.Services.Multiplayer.NetworkConfiguration)
Unity.Services.Multiplayer.NetworkModule:StartNetworkHandlerAsync (Unity.Services.Multiplayer.NetworkConfiguration) (at ./Library/PackageCache/com.unity.services.multiplayer@a6d6ce688d71/Runtime/Multiplayer/Modules/Network/NetworkModule.cs:554)
Unity.Services.Multiplayer.NetworkModule/<StartNetworkWithOptionsAsync>d__64:MoveNext () (at ./Library/PackageCache/com.unity.services.multiplayer@a6d6ce688d71/Runtime/Multiplayer/Modules/Network/NetworkModule.cs:303)
System.Runtime.CompilerServices.AsyncMethodBuilderCore/MoveNextRunner:InvokeMoveNext (object)
System.Threading.ExecutionContext:RunInternal (System.Threading.ExecutionContext,System.Threading.ContextCallback,object,bool)
System.Threading.ExecutionContext:Run (System.Threading.ExecutionContext,System.Threading.ContextCallback,object,bool)
System.Runtime.CompilerServices.AsyncMethodBuilderCore/MoveNextRunner:Run ()
System.Threading.Tasks.AwaitTaskContinuation:InvokeAction (object)
System.Threading.Tasks.AwaitTaskContinuation:RunCallback (System.Threading.ContextCallback,object,System.Threading.Tasks.Task&)
System.Threading.Tasks.SynchronizationContextAwaitTaskContinuation:Run (System.Threading.Tasks.Task,bool)
System.Threading.Tasks.Task:FinishContinuations ()
System.Threading.Tasks.Task:FinishStageThree ()
System.Threading.Tasks.Task`1<System.Threading.Tasks.VoidTaskResult>:TrySetResult (System.Threading.Tasks.VoidTaskResult)
System.Runtime.CompilerServices.AsyncTaskMethodBuilder`1<System.Threading.Tasks.VoidTaskResult>:SetResult (System.Threading.Tasks.VoidTaskResult)
System.Runtime.CompilerServices.AsyncTaskMethodBuilder`1<System.Threading.Tasks.VoidTaskResult>:SetResult (System.Threading.Tasks.Task`1<System.Threading.Tasks.VoidTaskResult>)
System.Runtime.CompilerServices.AsyncTaskMethodBuilder:SetResult ()
Unity.Services.Multiplayer.RelayHandler/<FetchJoinCodeAsync>d__22:MoveNext () (at ./Library/PackageCache/com.unity.services.multiplayer@a6d6ce688d71/Runtime/Multiplayer/Modules/Network/Handlers/Relay/RelayHandler.cs:109)
System.Runtime.CompilerServices.AsyncMethodBuilderCore/MoveNextRunner:InvokeMoveNext (object)
System.Threading.ExecutionContext:RunInternal (System.Threading.ExecutionContext,System.Threading.ContextCallback,object,bool)
System.Threading.ExecutionContext:Run (System.Threading.ExecutionContext,System.Threading.ContextCallback,object,bool)
System.Runtime.CompilerServices.AsyncMethodBuilderCore/MoveNextRunner:Run ()
System.Threading.Tasks.AwaitTaskContinuation:InvokeAction (object)
System.Threading.Tasks.AwaitTaskContinuation:RunCallback (System.Threading.ContextCallback,object,System.Threading.Tasks.Task&)
System.Threading.Tasks.SynchronizationContextAwaitTaskContinuation:Run (System.Threading.Tasks.Task,bool)
System.Threading.Tasks.Task:FinishContinuations ()
System.Threading.Tasks.Task:FinishStageThree ()
System.Threading.Tasks.Task`1<string>:TrySetResult (string)
System.Runtime.CompilerServices.AsyncTaskMethodBuilder`1<string>:SetResult (string)
Unity.Services.Relay.WrappedRelayService/<GetJoinCodeAsync>d__11:MoveNext () (at ./Library/PackageCache/com.unity.services.multiplayer@a6d6ce688d71/Runtime/Relay/SDK/WrappedRelayService.cs:134)
System.Runtime.CompilerServices.AsyncMethodBuilderCore/MoveNextRunner:InvokeMoveNext (object)
System.Threading.ExecutionContext:RunInternal (System.Threading.ExecutionContext,System.Threading.ContextCallback,object,bool)
System.Threading.ExecutionContext:Run (System.Threading.ExecutionContext,System.Threading.ContextCallback,object,bool)
System.Runtime.CompilerServices.AsyncMethodBuilderCore/MoveNextRunner:Run ()
System.Threading.Tasks.AwaitTaskContinuation:InvokeAction (object)
System.Threading.Tasks.AwaitTaskContinuation:RunCallback (System.Threading.ContextCallback,object,System.Threading.Tasks.Task&)
System.Threading.Tasks.SynchronizationContextAwaitTaskContinuation:Run (System.Threading.Tasks.Task,bool)
System.Threading.Tasks.Task:FinishContinuations ()
System.Threading.Tasks.Task:FinishStageThree ()
System.Threading.Tasks.Task`1<Unity.Services.Relay.Response`1<Unity.Services.Relay.Models.JoinCodeResponseBody>>:TrySetResult (Unity.Services.Relay.Response`1<Unity.Services.Relay.Models.JoinCodeResponseBody>)
System.Runtime.CompilerServices.AsyncTaskMethodBuilder`1<Unity.Services.Relay.Response`1<Unity.Services.Relay.Models.JoinCodeResponseBody>>:SetResult (Unity.Services.Relay.Response`1<Unity.Services.Relay.Models.JoinCodeResponseBody>)
Unity.Services.Relay.Apis.RelayAllocations.RelayAllocationsApiClient/<CreateJoincodeAsync>d__8:MoveNext () (at ./Library/PackageCache/com.unity.services.multiplayer@a6d6ce688d71/Runtime/Relay/Apis/RelayAllocationsApi.cs:160)
System.Runtime.CompilerServices.AsyncMethodBuilderCore/MoveNextRunner:InvokeMoveNext (object)
System.Threading.ExecutionContext:RunInternal (System.Threading.ExecutionContext,System.Threading.ContextCallback,object,bool)
System.Threading.ExecutionContext:Run (System.Threading.ExecutionContext,System.Threading.ContextCallback,object,bool)
System.Runtime.CompilerServices.AsyncMethodBuilderCore/MoveNextRunner:Run ()
System.Threading.Tasks.AwaitTaskContinuation:InvokeAction (object)
System.Threading.Tasks.AwaitTaskContinuation:RunCallback (System.Threading.ContextCallback,object,System.Threading.Tasks.Task&)
System.Threading.Tasks.SynchronizationContextAwaitTaskContinuation:Run (System.Threading.Tasks.Task,bool)
System.Threading.Tasks.Task:FinishContinuations ()
System.Threading.Tasks.Task:FinishStageThree ()
System.Threading.Tasks.Task`1<Unity.Services.Relay.Http.HttpClientResponse>:TrySetResult (Unity.Services.Relay.Http.HttpClientResponse)
System.Runtime.CompilerServices.AsyncTaskMethodBuilder`1<Unity.Services.Relay.Http.HttpClientResponse>:SetResult (Unity.Services.Relay.Http.HttpClientResponse)
Unity.Services.Relay.Http.HttpClient/<MakeRequestAsync>d__1:MoveNext () (at ./Library/PackageCache/com.unity.services.multiplayer@a6d6ce688d71/Runtime/Relay/Http/HttpClient.cs:41)
System.Runtime.CompilerServices.AsyncMethodBuilderCore/MoveNextRunner:InvokeMoveNext (object)
System.Threading.ExecutionContext:RunInternal (System.Threading.ExecutionContext,System.Threading.ContextCallback,object,bool)
System.Threading.ExecutionContext:Run (System.Threading.ExecutionContext,System.Threading.ContextCallback,object,bool)
System.Runtime.CompilerServices.AsyncMethodBuilderCore/MoveNextRunner:Run ()
System.Threading.Tasks.AwaitTaskContinuation:InvokeAction (object)
System.Threading.Tasks.AwaitTaskContinuation:RunCallback (System.Threading.ContextCallback,object,System.Threading.Tasks.Task&)
System.Threading.Tasks.SynchronizationContextAwaitTaskContinuation:Run (System.Threading.Tasks.Task,bool)
System.Threading.Tasks.Task:FinishContinuations ()
System.Threading.Tasks.Task:FinishStageThree ()
System.Threading.Tasks.Task`1<Unity.Services.Relay.Http.HttpClientResponse>:TrySetResult (Unity.Services.Relay.Http.HttpClientResponse)
System.Runtime.CompilerServices.AsyncTaskMethodBuilder`1<Unity.Services.Relay.Http.HttpClientResponse>:SetResult (Unity.Services.Relay.Http.HttpClientResponse)
Unity.Services.Relay.Http.HttpClient/<CreateWebRequestAsync>d__3:MoveNext () (at ./Library/PackageCache/com.unity.services.multiplayer@a6d6ce688d71/Runtime/Relay/Http/HttpClient.cs:56)
System.Runtime.CompilerServices.AsyncMethodBuilderCore/MoveNextRunner:InvokeMoveNext (object)
System.Threading.ExecutionContext:RunInternal (System.Threading.ExecutionContext,System.Threading.ContextCallback,object,bool)
System.Threading.ExecutionContext:Run (System.Threading.ExecutionContext,System.Threading.ContextCallback,object,bool)
System.Runtime.CompilerServices.AsyncMethodBuilderCore/MoveNextRunner:Run ()
System.Threading.Tasks.AwaitTaskContinuation:InvokeAction (object)
System.Threading.Tasks.AwaitTaskContinuation:RunCallback (System.Threading.ContextCallback,object,System.Threading.Tasks.Task&)
System.Threading.Tasks.SynchronizationContextAwaitTaskContinuation:Run (System.Threading.Tasks.Task,bool)
System.Threading.Tasks.Task:FinishContinuations ()
System.Threading.Tasks.Task:FinishStageThree ()
System.Threading.Tasks.Task`1<Unity.Services.Relay.Http.HttpClientResponse>:TrySetResult (Unity.Services.Relay.Http.HttpClientResponse)
System.Runtime.CompilerServices.AsyncTaskMethodBuilder`1<Unity.Services.Relay.Http.HttpClientResponse>:SetResult (Unity.Services.Relay.Http.HttpClientResponse)
Unity.Services.Relay.Http.HttpClient/<CreateHttpClientResponse>d__4:MoveNext () (at ./Library/PackageCache/com.unity.services.multiplayer@a6d6ce688d71/Runtime/Relay/Http/HttpClient.cs:84)
System.Runtime.CompilerServices.AsyncMethodBuilderCore/MoveNextRunner:InvokeMoveNext (object)
System.Threading.ExecutionContext:RunInternal (System.Threading.ExecutionContext,System.Threading.ContextCallback,object,bool)
System.Threading.ExecutionContext:Run (System.Threading.ExecutionContext,System.Threading.ContextCallback,object,bool)
System.Runtime.CompilerServices.AsyncMethodBuilderCore/MoveNextRunner:Run ()
System.Threading.Tasks.AwaitTaskContinuation:InvokeAction (object)
System.Threading.Tasks.AwaitTaskContinuation:RunCallback (System.Threading.ContextCallback,object,System.Threading.Tasks.Task&)
System.Threading.Tasks.SynchronizationContextAwaitTaskContinuation:Run (System.Threading.Tasks.Task,bool)
System.Threading.Tasks.Task:FinishContinuations ()
System.Threading.Tasks.Task:FinishStageThree ()
System.Threading.Tasks.Task`1<Unity.Services.Relay.Http.HttpClientResponse>:TrySetResult (Unity.Services.Relay.Http.HttpClientResponse)
System.Runtime.CompilerServices.AsyncTaskMethodBuilder`1<Unity.Services.Relay.Http.HttpClientResponse>:SetResult (Unity.Services.Relay.Http.HttpClientResponse)
Unity.Services.Relay.Http.HttpClient/<>c__DisplayClass4_0/<<CreateHttpClientResponse>b__0>d:MoveNext () (at ./Library/PackageCache/com.unity.services.multiplayer@a6d6ce688d71/Runtime/Relay/Http/HttpClient.cs:81)
System.Runtime.CompilerServices.AsyncMethodBuilderCore/MoveNextRunner:InvokeMoveNext (object)
System.Threading.ExecutionContext:RunInternal (System.Threading.ExecutionContext,System.Threading.ContextCallback,object,bool)
System.Threading.ExecutionContext:Run (System.Threading.ExecutionContext,System.Threading.ContextCallback,object,bool)
System.Runtime.CompilerServices.AsyncMethodBuilderCore/MoveNextRunner:Run ()
System.Threading.Tasks.AwaitTaskContinuation:InvokeAction (object)
System.Threading.Tasks.AwaitTaskContinuation:RunCallback (System.Threading.ContextCallback,object,System.Threading.Tasks.Task&)
System.Threading.Tasks.SynchronizationContextAwaitTaskContinuation:Run (System.Threading.Tasks.Task,bool)
System.Threading.Tasks.Task:FinishContinuations ()
System.Threading.Tasks.Task:FinishStageThree ()
System.Threading.Tasks.Task`1<Unity.Services.Relay.Http.HttpClientResponse>:TrySetResult (Unity.Services.Relay.Http.HttpClientResponse)
System.Threading.Tasks.TaskCompletionSource`1<Unity.Services.Relay.Http.HttpClientResponse>:TrySetResult (Unity.Services.Relay.Http.HttpClientResponse)
System.Threading.Tasks.TaskCompletionSource`1<Unity.Services.Relay.Http.HttpClientResponse>:SetResult (Unity.Services.Relay.Http.HttpClientResponse)
Unity.Services.Relay.Http.UnityWebRequestHelpers/<>c__DisplayClass0_0:<GetAwaiter>b__0 (UnityEngine.AsyncOperation) (at ./Library/PackageCache/com.unity.services.multiplayer@a6d6ce688d71/Runtime/Relay/Http/UnityWebRequestHelpers.cs:34)
UnityEngine.AsyncOperation:InvokeCompletionEvent () (at C:/build/output/unity/unity/Runtime/Export/Scripting/AsyncOperation.cs:24)

(Filename: C:/build/output/unity/unity/Runtime/Export/Debug/Debug.bindings.cs Line: 123)

PHS_SHIP_SYSTEMS_SNAPSHOT reason=module_Clear hp=100/100 power=True gravity=True battery=False damageCause=none revision=0
UnityEngine.Debug:ExtractStackTraceNoAlloc (byte*,int,string)
UnityEngine.StackTraceUtility:ExtractStackTrace () (at C:/build/output/unity/unity/Runtime/Export/Scripting/StackTrace.cs:35)
UnityEngine.DebugLogHandler:Internal_Log (UnityEngine.LogType,UnityEngine.LogOption,string,UnityEngine.Object)
UnityEngine.DebugLogHandler:LogFormat (UnityEngine.LogType,UnityEngine.Object,string,object[]) (at C:/build/output/unity/unity/Runtime/Export/Logging/DebugLogHandler.cs:9)
UnityEngine.Logger:Log (UnityEngine.LogType,object,UnityEngine.Object) (at C:/build/output/unity/unity/Runtime/Export/Logging/Logger.cs:66)
UnityEngine.Debug:Log (object,UnityEngine.Object) (at C:/build/output/unity/unity/Runtime/Export/Debug/Debug.bindings.cs:128)
LastJumpCrew.ParkHanSol.Multiplayer.NetworkShipSystemsState:PublishStateChanged (string) (at E:/UNITY/LastJumpCrew/Assets/02. ParkHanSol_TeamLeader_Build & Multi/02. Script/Multiplayer/NetworkShipSystemsState.cs:811)
LastJumpCrew.ParkHanSol.Multiplayer.NetworkShipSystemsState:HandleModulesChanged (Unity.Netcode.NetworkListEvent`1<LastJumpCrew.ParkHanSol.Multiplayer.NetworkShipModuleSnapshot>) (at E:/UNITY/LastJumpCrew/Assets/02. ParkHanSol_TeamLeader_Build & Multi/02. Script/Multiplayer/NetworkShipSystemsState.cs:805)
Unity.Netcode.NetworkList`1<LastJumpCrew.ParkHanSol.Multiplayer.NetworkShipModuleSnapshot>:HandleAddListEvent (Unity.Netcode.NetworkListEvent`1<LastJumpCrew.ParkHanSol.Multiplayer.NetworkShipModuleSnapshot>) (at ./Library/PackageCache/com.unity.netcode.gameobjects@0f12e689d980/Runtime/NetworkVariable/Collections/NetworkList.cs:680)
Unity.Netcode.NetworkList`1<LastJumpCrew.ParkHanSol.Multiplayer.NetworkShipModuleSnapshot>:Clear () (at ./Library/PackageCache/com.unity.netcode.gameobjects@0f12e689d980/Runtime/NetworkVariable/Collections/NetworkList.cs:473)
LastJumpCrew.ParkHanSol.Multiplayer.NetworkShipSystemsState:InitializeServerState () (at E:/UNITY/LastJumpCrew/Assets/02. ParkHanSol_TeamLeader_Build & Multi/02. Script/Multiplayer/NetworkShipSystemsState.cs:539)
LastJumpCrew.ParkHanSol.Multiplayer.NetworkShipSystemsState:OnNetworkSpawn () (at E:/UNITY/LastJumpCrew/Assets/02. ParkHanSol_TeamLeader_Build & Multi/02. Script/Multiplayer/NetworkShipSystemsState.cs:103)
Unity.Netcode.NetworkBehaviour:NetworkSpawn () (at ./Library/PackageCache/com.unity.netcode.gameobjects@0f12e689d980/Runtime/Core/NetworkBehaviour.cs:813)
Unity.Netcode.NetworkObject:InvokeBehaviourNetworkSpawn () (at ./Library/PackageCache/com.unity.netcode.gameobjects@0f12e689d980/Runtime/Core/NetworkObject.cs:2698)
Unity.Netcode.NetworkSpawnManager:SpawnNetworkObjectLocallyCommon (Unity.Netcode.NetworkObject,ulong,bool,bool,ulong,bool) (at ./Library/PackageCache/com.unity.netcode.gameobjects@0f12e689d980/Runtime/Spawning/NetworkSpawnManager.cs:1384)
Unity.Netcode.NetworkSpawnManager:AuthorityLocalSpawn (Unity.Netcode.NetworkObject,ulong,bool,bool,ulong,bool) (at ./Library/PackageCache/com.unity.netcode.gameobjects@0f12e689d980/Runtime/Spawning/NetworkSpawnManager.cs:1182)
Unity.Netcode.NetworkObject:SpawnWithOwnership (ulong,bool) (at ./Library/PackageCache/com.unity.netcode.gameobjects@0f12e689d980/Runtime/Core/NetworkObject.cs:2026)
Unity.Netcode.NetworkSpawnManager:InstantiateAndSpawnNoParameterChecks (Unity.Netcode.NetworkObject,Unity.Netcode.NetworkManager,ulong,bool,bool,bool,UnityEngine.Vector3,UnityEngine.Quaternion) (at ./Library/PackageCache/com.unity.netcode.gameobjects@0f12e689d980/Runtime/Spawning/NetworkSpawnManager.cs:853)
Unity.Netcode.NetworkSpawnManager:InstantiateAndSpawn (Unity.Netcode.NetworkObject,ulong,bool,bool,bool,UnityEngine.Vector3,UnityEngine.Quaternion) (at ./Library/PackageCache/com.unity.netcode.gameobjects@0f12e689d980/Runtime/Spawning/NetworkSpawnManager.cs:811)
LastJumpCrew.ParkHanSol.Multiplayer.NetworkRunSessionRootBootstrap:TrySpawnServerRoot () (at E:/UNITY/LastJumpCrew/Assets/02. ParkHanSol_TeamLeader_Build & Multi/02. Script/Multiplayer/RunFlow/NetworkRunSessionRootBootstrap.cs:86)
LastJumpCrew.ParkHanSol.Multiplayer.NetworkRunSessionRootBootstrap:HandleServerStarted () (at E:/UNITY/LastJumpCrew/Assets/02. ParkHanSol_TeamLeader_Build & Multi/02. Script/Multiplayer/RunFlow/NetworkRunSessionRootBootstrap.cs:61)
Unity.Netcode.NetworkManager:HostServerInitialize () (at ./Library/PackageCache/com.unity.netcode.gameobjects@0f12e689d980/Runtime/Core/NetworkManager.cs:1530)
Unity.Netcode.NetworkManager:StartHost () (at ./Library/PackageCache/com.unity.netcode.gameobjects@0f12e689d980/Runtime/Core/NetworkManager.cs:1483)
Unity.Services.Multiplayer.NetworkManagerSession:SetupNetworkManagerLifecycleMonitoring (System.Threading.CancellationToken) (at ./Library/PackageCache/com.unity.services.multiplayer@a6d6ce688d71/Runtime/Multiplayer/Modules/Network/Handlers/NetworkHandler/NetworkManagerSession.cs:328)
Unity.Services.Multiplayer.NetworkManagerSession/<StartAsync>d__28:MoveNext () (at ./Library/PackageCache/com.unity.services.multiplayer@a6d6ce688d71/Runtime/Multiplayer/Modules/Network/Handlers/NetworkHandler/NetworkManagerSession.cs:165)
System.Runtime.CompilerServices.AsyncTaskMethodBuilder:Start<Unity.Services.Multiplayer.NetworkManagerSession/<StartAsync>d__28> (Unity.Services.Multiplayer.NetworkManagerSession/<StartAsync>d__28&)
Unity.Services.Multiplayer.NetworkManagerSession:StartAsync (System.Threading.CancellationToken)
Unity.Services.Multiplayer.GameObjectsNetcodeNetworkHandler/<StartAsync>d__4:MoveNext () (at ./Library/PackageCache/com.unity.services.multiplayer@a6d6ce688d71/Runtime/Multiplayer/Modules/Network/Handlers/NetworkHandler/GameObjectsNetcodeNetworkHandler.cs:77)
System.Runtime.CompilerServices.AsyncTaskMethodBuilder:Start<Unity.Services.Multiplayer.GameObjectsNetcodeNetworkHandler/<StartAsync>d__4> (Unity.Services.Multiplayer.GameObjectsNetcodeNetworkHandler/<StartAsync>d__4&)
Unity.Services.Multiplayer.GameObjectsNetcodeNetworkHandler:StartAsync (Unity.Services.Multiplayer.NetworkConfiguration)
Unity.Services.Multiplayer.NetworkModule:StartNetworkHandlerAsync (Unity.Services.Multiplayer.NetworkConfiguration) (at ./Library/PackageCache/com.unity.services.multiplayer@a6d6ce688d71/Runtime/Multiplayer/Modules/Network/NetworkModule.cs:554)
Unity.Services.Multiplayer.NetworkModule/<StartNetworkWithOptionsAsync>d__64:MoveNext () (at ./Library/PackageCache/com.unity.services.multiplayer@a6d6ce688d71/Runtime/Multiplayer/Modules/Network/NetworkModule.cs:303)
System.Runtime.CompilerServices.AsyncMethodBuilderCore/MoveNextRunner:InvokeMoveNext (object)
System.Threading.ExecutionContext:RunInternal (System.Threading.ExecutionContext,System.Threading.ContextCallback,object,bool)
System.Threading.ExecutionContext:Run (System.Threading.ExecutionContext,System.Threading.ContextCallback,object,bool)
System.Runtime.CompilerServices.AsyncMethodBuilderCore/MoveNextRunner:Run ()
System.Threading.Tasks.AwaitTaskContinuation:InvokeAction (object)
System.Threading.Tasks.AwaitTaskContinuation:RunCallback (System.Threading.ContextCallback,object,System.Threading.Tasks.Task&)
System.Threading.Tasks.SynchronizationContextAwaitTaskContinuation:Run (System.Threading.Tasks.Task,bool)
System.Threading.Tasks.Task:FinishContinuations ()
System.Threading.Tasks.Task:FinishStageThree ()
System.Threading.Tasks.Task`1<System.Threading.Tasks.VoidTaskResult>:TrySetResult (System.Threading.Tasks.VoidTaskResult)
System.Runtime.CompilerServices.AsyncTaskMethodBuilder`1<System.Threading.Tasks.VoidTaskResult>:SetResult (System.Threading.Tasks.VoidTaskResult)
System.Runtime.CompilerServices.AsyncTaskMethodBuilder`1<System.Threading.Tasks.VoidTaskResult>:SetResult (System.Threading.Tasks.Task`1<System.Threading.Tasks.VoidTaskResult>)
System.Runtime.CompilerServices.AsyncTaskMethodBuilder:SetResult ()
Unity.Services.Multiplayer.RelayHandler/<FetchJoinCodeAsync>d__22:MoveNext () (at ./Library/PackageCache/com.unity.services.multiplayer@a6d6ce688d71/Runtime/Multiplayer/Modules/Network/Handlers/Relay/RelayHandler.cs:109)
System.Runtime.CompilerServices.AsyncMethodBuilderCore/MoveNextRunner:InvokeMoveNext (object)
System.Threading.ExecutionContext:RunInternal (System.Threading.ExecutionContext,System.Threading.ContextCallback,object,bool)
System.Threading.ExecutionContext:Run (System.Threading.ExecutionContext,System.Threading.ContextCallback,object,bool)
System.Runtime.CompilerServices.AsyncMethodBuilderCore/MoveNextRunner:Run ()
System.Threading.Tasks.AwaitTaskContinuation:InvokeAction (object)
System.Threading.Tasks.AwaitTaskContinuation:RunCallback (System.Threading.ContextCallback,object,System.Threading.Tasks.Task&)
System.Threading.Tasks.SynchronizationContextAwaitTaskContinuation:Run (System.Threading.Tasks.Task,bool)
System.Threading.Tasks.Task:FinishContinuations ()
System.Threading.Tasks.Task:FinishStageThree ()
System.Threading.Tasks.Task`1<string>:TrySetResult (string)
System.Runtime.CompilerServices.AsyncTaskMethodBuilder`1<string>:SetResult (string)
Unity.Services.Relay.WrappedRelayService/<GetJoinCodeAsync>d__11:MoveNext () (at ./Library/PackageCache/com.unity.services.multiplayer@a6d6ce688d71/Runtime/Relay/SDK/WrappedRelayService.cs:134)
System.Runtime.CompilerServices.AsyncMethodBuilderCore/MoveNextRunner:InvokeMoveNext (object)
System.Threading.ExecutionContext:RunInternal (System.Threading.ExecutionContext,System.Threading.ContextCallback,object,bool)
System.Threading.ExecutionContext:Run (System.Threading.ExecutionContext,System.Threading.ContextCallback,object,bool)
System.Runtime.CompilerServices.AsyncMethodBuilderCore/MoveNextRunner:Run ()
System.Threading.Tasks.AwaitTaskContinuation:InvokeAction (object)
System.Threading.Tasks.AwaitTaskContinuation:RunCallback (System.Threading.ContextCallback,object,System.Threading.Tasks.Task&)
System.Threading.Tasks.SynchronizationContextAwaitTaskContinuation:Run (System.Threading.Tasks.Task,bool)
System.Threading.Tasks.Task:FinishContinuations ()
System.Threading.Tasks.Task:FinishStageThree ()
System.Threading.Tasks.Task`1<Unity.Services.Relay.Response`1<Unity.Services.Relay.Models.JoinCodeResponseBody>>:TrySetResult (Unity.Services.Relay.Response`1<Unity.Services.Relay.Models.JoinCodeResponseBody>)
System.Runtime.CompilerServices.AsyncTaskMethodBuilder`1<Unity.Services.Relay.Response`1<Unity.Services.Relay.Models.JoinCodeResponseBody>>:SetResult (Unity.Services.Relay.Response`1<Unity.Services.Relay.Models.JoinCodeResponseBody>)
Unity.Services.Relay.Apis.RelayAllocations.RelayAllocationsApiClient/<CreateJoincodeAsync>d__8:MoveNext () (at ./Library/PackageCache/com.unity.services.multiplayer@a6d6ce688d71/Runtime/Relay/Apis/RelayAllocationsApi.cs:160)
System.Runtime.CompilerServices.AsyncMethodBuilderCore/MoveNextRunner:InvokeMoveNext (object)
System.Threading.ExecutionContext:RunInternal (System.Threading.ExecutionContext,System.Threading.ContextCallback,object,bool)
System.Threading.ExecutionContext:Run (System.Threading.ExecutionContext,System.Threading.ContextCallback,object,bool)
System.Runtime.CompilerServices.AsyncMethodBuilderCore/MoveNextRunner:Run ()
System.Threading.Tasks.AwaitTaskContinuation:InvokeAction (object)
System.Threading.Tasks.AwaitTaskContinuation:RunCallback (System.Threading.ContextCallback,object,System.Threading.Tasks.Task&)
System.Threading.Tasks.SynchronizationContextAwaitTaskContinuation:Run (System.Threading.Tasks.Task,bool)
System.Threading.Tasks.Task:FinishContinuations ()
System.Threading.Tasks.Task:FinishStageThree ()
System.Threading.Tasks.Task`1<Unity.Services.Relay.Http.HttpClientResponse>:TrySetResult (Unity.Services.Relay.Http.HttpClientResponse)
System.Runtime.CompilerServices.AsyncTaskMethodBuilder`1<Unity.Services.Relay.Http.HttpClientResponse>:SetResult (Unity.Services.Relay.Http.HttpClientResponse)
Unity.Services.Relay.Http.HttpClient/<MakeRequestAsync>d__1:MoveNext () (at ./Library/PackageCache/com.unity.services.multiplayer@a6d6ce688d71/Runtime/Relay/Http/HttpClient.cs:41)
System.Runtime.CompilerServices.AsyncMethodBuilderCore/MoveNextRunner:InvokeMoveNext (object)
System.Threading.ExecutionContext:RunInternal (System.Threading.ExecutionContext,System.Threading.ContextCallback,object,bool)
System.Threading.ExecutionContext:Run (System.Threading.ExecutionContext,System.Threading.ContextCallback,object,bool)
System.Runtime.CompilerServices.AsyncMethodBuilderCore/MoveNextRunner:Run ()
System.Threading.Tasks.AwaitTaskContinuation:InvokeAction (object)
System.Threading.Tasks.AwaitTaskContinuation:RunCallback (System.Threading.ContextCallback,object,System.Threading.Tasks.Task&)
System.Threading.Tasks.SynchronizationContextAwaitTaskContinuation:Run (System.Threading.Tasks.Task,bool)
System.Threading.Tasks.Task:FinishContinuations ()
System.Threading.Tasks.Task:FinishStageThree ()
System.Threading.Tasks.Task`1<Unity.Services.Relay.Http.HttpClientResponse>:TrySetResult (Unity.Services.Relay.Http.HttpClientResponse)
System.Runtime.CompilerServices.AsyncTaskMethodBuilder`1<Unity.Services.Relay.Http.HttpClientResponse>:SetResult (Unity.Services.Relay.Http.HttpClientResponse)
Unity.Services.Relay.Http.HttpClient/<CreateWebRequestAsync>d__3:MoveNext () (at ./Library/PackageCache/com.unity.services.multiplayer@a6d6ce688d71/Runtime/Relay/Http/HttpClient.cs:56)
System.Runtime.CompilerServices.AsyncMethodBuilderCore/MoveNextRunner:InvokeMoveNext (object)
System.Threading.ExecutionContext:RunInternal (System.Threading.ExecutionContext,System.Threading.ContextCallback,object,bool)
System.Threading.ExecutionContext:Run (System.Threading.ExecutionContext,System.Threading.ContextCallback,object,bool)
System.Runtime.CompilerServices.AsyncMethodBuilderCore/MoveNextRunner:Run ()
System.Threading.Tasks.AwaitTaskContinuation:InvokeAction (object)
System.Threading.Tasks.AwaitTaskContinuation:RunCallback (System.Threading.ContextCallback,object,System.Threading.Tasks.Task&)
System.Threading.Tasks.SynchronizationContextAwaitTaskContinuation:Run (System.Threading.Tasks.Task,bool)
System.Threading.Tasks.Task:FinishContinuations ()
System.Threading.Tasks.Task:FinishStageThree ()
System.Threading.Tasks.Task`1<Unity.Services.Relay.Http.HttpClientResponse>:TrySetResult (Unity.Services.Relay.Http.HttpClientResponse)
System.Runtime.CompilerServices.AsyncTaskMethodBuilder`1<Unity.Services.Relay.Http.HttpClientResponse>:SetResult (Unity.Services.Relay.Http.HttpClientResponse)
Unity.Services.Relay.Http.HttpClient/<CreateHttpClientResponse>d__4:MoveNext () (at ./Library/PackageCache/com.unity.services.multiplayer@a6d6ce688d71/Runtime/Relay/Http/HttpClient.cs:84)
System.Runtime.CompilerServices.AsyncMethodBuilderCore/MoveNextRunner:InvokeMoveNext (object)
System.Threading.ExecutionContext:RunInternal (System.Threading.ExecutionContext,System.Threading.ContextCallback,object,bool)
System.Threading.ExecutionContext:Run (System.Threading.ExecutionContext,System.Threading.ContextCallback,object,bool)
System.Runtime.CompilerServices.AsyncMethodBuilderCore/MoveNextRunner:Run ()
System.Threading.Tasks.AwaitTaskContinuation:InvokeAction (object)
System.Threading.Tasks.AwaitTaskContinuation:RunCallback (System.Threading.ContextCallback,object,System.Threading.Tasks.Task&)
System.Threading.Tasks.SynchronizationContextAwaitTaskContinuation:Run (System.Threading.Tasks.Task,bool)
System.Threading.Tasks.Task:FinishContinuations ()
System.Threading.Tasks.Task:FinishStageThree ()
System.Threading.Tasks.Task`1<Unity.Services.Relay.Http.HttpClientResponse>:TrySetResult (Unity.Services.Relay.Http.HttpClientResponse)
System.Runtime.CompilerServices.AsyncTaskMethodBuilder`1<Unity.Services.Relay.Http.HttpClientResponse>:SetResult (Unity.Services.Relay.Http.HttpClientResponse)
Unity.Services.Relay.Http.HttpClient/<>c__DisplayClass4_0/<<CreateHttpClientResponse>b__0>d:MoveNext () (at ./Library/PackageCache/com.unity.services.multiplayer@a6d6ce688d71/Runtime/Relay/Http/HttpClient.cs:81)
System.Runtime.CompilerServices.AsyncMethodBuilderCore/MoveNextRunner:InvokeMoveNext (object)
System.Threading.ExecutionContext:RunInternal (System.Threading.ExecutionContext,System.Threading.ContextCallback,object,bool)
System.Threading.ExecutionContext:Run (System.Threading.ExecutionContext,System.Threading.ContextCallback,object,bool)
System.Runtime.CompilerServices.AsyncMethodBuilderCore/MoveNextRunner:Run ()
System.Threading.Tasks.AwaitTaskContinuation:InvokeAction (object)
System.Threading.Tasks.AwaitTaskContinuation:RunCallback (System.Thre

(Filename: C:/build/output/unity/unity/Runtime/Export/Debug/Debug.bindings.cs Line: 128)

PHS_SHIP_SYSTEMS_SNAPSHOT reason=module_Add hp=100/100 power=True gravity=True battery=False damageCause=none revision=0
UnityEngine.Debug:ExtractStackTraceNoAlloc (byte*,int,string)
UnityEngine.StackTraceUtility:ExtractStackTrace () (at C:/build/output/unity/unity/Runtime/Export/Scripting/StackTrace.cs:35)
UnityEngine.DebugLogHandler:Internal_Log (UnityEngine.LogType,UnityEngine.LogOption,string,UnityEngine.Object)
UnityEngine.DebugLogHandler:LogFormat (UnityEngine.LogType,UnityEngine.Object,string,object[]) (at C:/build/output/unity/unity/Runtime/Export/Logging/DebugLogHandler.cs:9)
UnityEngine.Logger:Log (UnityEngine.LogType,object,UnityEngine.Object) (at C:/build/output/unity/unity/Runtime/Export/Logging/Logger.cs:66)
UnityEngine.Debug:Log (object,UnityEngine.Object) (at C:/build/output/unity/unity/Runtime/Export/Debug/Debug.bindings.cs:128)
LastJumpCrew.ParkHanSol.Multiplayer.NetworkShipSystemsState:PublishStateChanged (string) (at E:/UNITY/LastJumpCrew/Assets/02. ParkHanSol_TeamLeader_Build & Multi/02. Script/Multiplayer/NetworkShipSystemsState.cs:811)
LastJumpCrew.ParkHanSol.Multiplayer.NetworkShipSystemsState:HandleModulesChanged (Unity.Netcode.NetworkListEvent`1<LastJumpCrew.ParkHanSol.Multiplayer.NetworkShipModuleSnapshot>) (at E:/UNITY/LastJumpCrew/Assets/02. ParkHanSol_TeamLeader_Build & Multi/02. Script/Multiplayer/NetworkShipSystemsState.cs:805)
Unity.Netcode.NetworkList`1<LastJumpCrew.ParkHanSol.Multiplayer.NetworkShipModuleSnapshot>:HandleAddListEvent (Unity.Netcode.NetworkListEvent`1<LastJumpCrew.ParkHanSol.Multiplayer.NetworkShipModuleSnapshot>) (at ./Library/PackageCache/com.unity.netcode.gameobjects@0f12e689d980/Runtime/NetworkVariable/Collections/NetworkList.cs:680)
Unity.Netcode.NetworkList`1<LastJumpCrew.ParkHanSol.Multiplayer.NetworkShipModuleSnapshot>:Add (LastJumpCrew.ParkHanSol.Multiplayer.NetworkShipModuleSnapshot) (at ./Library/PackageCache/com.unity.netcode.gameobjects@0f12e689d980/Runtime/NetworkVariable/Collections/NetworkList.cs:448)
LastJumpCrew.ParkHanSol.Multiplayer.NetworkShipSystemsState:AddInitialModule (LastJumpCrew.ParkHanSol.Multiplayer.NetworkShipModuleId) (at E:/UNITY/LastJumpCrew/Assets/02. ParkHanSol_TeamLeader_Build & Multi/02. Script/Multiplayer/NetworkShipSystemsState.cs:549)
LastJumpCrew.ParkHanSol.Multiplayer.NetworkShipSystemsState:InitializeServerState () (at E:/UNITY/LastJumpCrew/Assets/02. ParkHanSol_TeamLeader_Build & Multi/02. Script/Multiplayer/NetworkShipSystemsState.cs:540)
LastJumpCrew.ParkHanSol.Multiplayer.NetworkShipSystemsState:OnNetworkSpawn () (at E:/UNITY/LastJumpCrew/Assets/02. ParkHanSol_TeamLeader_Build & Multi/02. Script/Multiplayer/NetworkShipSystemsState.cs:103)
Unity.Netcode.NetworkBehaviour:NetworkSpawn () (at ./Library/PackageCache/com.unity.netcode.gameobjects@0f12e689d980/Runtime/Core/NetworkBehaviour.cs:813)
Unity.Netcode.NetworkObject:InvokeBehaviourNetworkSpawn () (at ./Library/PackageCache/com.unity.netcode.gameobjects@0f12e689d980/Runtime/Core/NetworkObject.cs:2698)
Unity.Netcode.NetworkSpawnManager:SpawnNetworkObjectLocallyCommon (Unity.Netcode.NetworkObject,ulong,bool,bool,ulong,bool) (at ./Library/PackageCache/com.unity.netcode.gameobjects@0f12e689d980/Runtime/Spawning/NetworkSpawnManager.cs:1384)
Unity.Netcode.NetworkSpawnManager:AuthorityLocalSpawn (Unity.Netcode.NetworkObject,ulong,bool,bool,ulong,bool) (at ./Library/PackageCache/com.unity.netcode.gameobjects@0f12e689d980/Runtime/Spawning/NetworkSpawnManager.cs:1182)
Unity.Netcode.NetworkObject:SpawnWithOwnership (ulong,bool) (at ./Library/PackageCache/com.unity.netcode.gameobjects@0f12e689d980/Runtime/Core/NetworkObject.cs:2026)
Unity.Netcode.NetworkSpawnManager:InstantiateAndSpawnNoParameterChecks (Unity.Netcode.NetworkObject,Unity.Netcode.NetworkManager,ulong,bool,bool,bool,UnityEngine.Vector3,UnityEngine.Quaternion) (at ./Library/PackageCache/com.unity.netcode.gameobjects@0f12e689d980/Runtime/Spawning/NetworkSpawnManager.cs:853)
Unity.Netcode.NetworkSpawnManager:InstantiateAndSpawn (Unity.Netcode.NetworkObject,ulong,bool,bool,bool,UnityEngine.Vector3,UnityEngine.Quaternion) (at ./Library/PackageCache/com.unity.netcode.gameobjects@0f12e689d980/Runtime/Spawning/NetworkSpawnManager.cs:811)
LastJumpCrew.ParkHanSol.Multiplayer.NetworkRunSessionRootBootstrap:TrySpawnServerRoot () (at E:/UNITY/LastJumpCrew/Assets/02. ParkHanSol_TeamLeader_Build & Multi/02. Script/Multiplayer/RunFlow/NetworkRunSessionRootBootstrap.cs:86)
LastJumpCrew.ParkHanSol.Multiplayer.NetworkRunSessionRootBootstrap:HandleServerStarted () (at E:/UNITY/LastJumpCrew/Assets/02. ParkHanSol_TeamLeader_Build & Multi/02. Script/Multiplayer/RunFlow/NetworkRunSessionRootBootstrap.cs:61)
Unity.Netcode.NetworkManager:HostServerInitialize () (at ./Library/PackageCache/com.unity.netcode.gameobjects@0f12e689d980/Runtime/Core/NetworkManager.cs:1530)
Unity.Netcode.NetworkManager:StartHost () (at ./Library/PackageCache/com.unity.netcode.gameobjects@0f12e689d980/Runtime/Core/NetworkManager.cs:1483)
Unity.Services.Multiplayer.NetworkManagerSession:SetupNetworkManagerLifecycleMonitoring (System.Threading.CancellationToken) (at ./Library/PackageCache/com.unity.services.multiplayer@a6d6ce688d71/Runtime/Multiplayer/Modules/Network/Handlers/NetworkHandler/NetworkManagerSession.cs:328)
Unity.Services.Multiplayer.NetworkManagerSession/<StartAsync>d__28:MoveNext () (at ./Library/PackageCache/com.unity.services.multiplayer@a6d6ce688d71/Runtime/Multiplayer/Modules/Network/Handlers/NetworkHandler/NetworkManagerSession.cs:165)
System.Runtime.CompilerServices.AsyncTaskMethodBuilder:Start<Unity.Services.Multiplayer.NetworkManagerSession/<StartAsync>d__28> (Unity.Services.Multiplayer.NetworkManagerSession/<StartAsync>d__28&)
Unity.Services.Multiplayer.NetworkManagerSession:StartAsync (System.Threading.CancellationToken)
Unity.Services.Multiplayer.GameObjectsNetcodeNetworkHandler/<StartAsync>d__4:MoveNext () (at ./Library/PackageCache/com.unity.services.multiplayer@a6d6ce688d71/Runtime/Multiplayer/Modules/Network/Handlers/NetworkHandler/GameObjectsNetcodeNetworkHandler.cs:77)
System.Runtime.CompilerServices.AsyncTaskMethodBuilder:Start<Unity.Services.Multiplayer.GameObjectsNetcodeNetworkHandler/<StartAsync>d__4> (Unity.Services.Multiplayer.GameObjectsNetcodeNetworkHandler/<StartAsync>d__4&)
Unity.Services.Multiplayer.GameObjectsNetcodeNetworkHandler:StartAsync (Unity.Services.Multiplayer.NetworkConfiguration)
Unity.Services.Multiplayer.NetworkModule:StartNetworkHandlerAsync (Unity.Services.Multiplayer.NetworkConfiguration) (at ./Library/PackageCache/com.unity.services.multiplayer@a6d6ce688d71/Runtime/Multiplayer/Modules/Network/NetworkModule.cs:554)
Unity.Services.Multiplayer.NetworkModule/<StartNetworkWithOptionsAsync>d__64:MoveNext () (at ./Library/PackageCache/com.unity.services.multiplayer@a6d6ce688d71/Runtime/Multiplayer/Modules/Network/NetworkModule.cs:303)
System.Runtime.CompilerServices.AsyncMethodBuilderCore/MoveNextRunner:InvokeMoveNext (object)
System.Threading.ExecutionContext:RunInternal (System.Threading.ExecutionContext,System.Threading.ContextCallback,object,bool)
System.Threading.ExecutionContext:Run (System.Threading.ExecutionContext,System.Threading.ContextCallback,object,bool)
System.Runtime.CompilerServices.AsyncMethodBuilderCore/MoveNextRunner:Run ()
System.Threading.Tasks.AwaitTaskContinuation:InvokeAction (object)
System.Threading.Tasks.AwaitTaskContinuation:RunCallback (System.Threading.ContextCallback,object,System.Threading.Tasks.Task&)
System.Threading.Tasks.SynchronizationContextAwaitTaskContinuation:Run (System.Threading.Tasks.Task,bool)
System.Threading.Tasks.Task:FinishContinuations ()
System.Threading.Tasks.Task:FinishStageThree ()
System.Threading.Tasks.Task`1<System.Threading.Tasks.VoidTaskResult>:TrySetResult (System.Threading.Tasks.VoidTaskResult)
System.Runtime.CompilerServices.AsyncTaskMethodBuilder`1<System.Threading.Tasks.VoidTaskResult>:SetResult (System.Threading.Tasks.VoidTaskResult)
System.Runtime.CompilerServices.AsyncTaskMethodBuilder`1<System.Threading.Tasks.VoidTaskResult>:SetResult (System.Threading.Tasks.Task`1<System.Threading.Tasks.VoidTaskResult>)
System.Runtime.CompilerServices.AsyncTaskMethodBuilder:SetResult ()
Unity.Services.Multiplayer.RelayHandler/<FetchJoinCodeAsync>d__22:MoveNext () (at ./Library/PackageCache/com.unity.services.multiplayer@a6d6ce688d71/Runtime/Multiplayer/Modules/Network/Handlers/Relay/RelayHandler.cs:109)
System.Runtime.CompilerServices.AsyncMethodBuilderCore/MoveNextRunner:InvokeMoveNext (object)
System.Threading.ExecutionContext:RunInternal (System.Threading.ExecutionContext,System.Threading.ContextCallback,object,bool)
System.Threading.ExecutionContext:Run (System.Threading.ExecutionContext,System.Threading.ContextCallback,object,bool)
System.Runtime.CompilerServices.AsyncMethodBuilderCore/MoveNextRunner:Run ()
System.Threading.Tasks.AwaitTaskContinuation:InvokeAction (object)
System.Threading.Tasks.AwaitTaskContinuation:RunCallback (System.Threading.ContextCallback,object,System.Threading.Tasks.Task&)
System.Threading.Tasks.SynchronizationContextAwaitTaskContinuation:Run (System.Threading.Tasks.Task,bool)
System.Threading.Tasks.Task:FinishContinuations ()
System.Threading.Tasks.Task:FinishStageThree ()
System.Threading.Tasks.Task`1<string>:TrySetResult (string)
System.Runtime.CompilerServices.AsyncTaskMethodBuilder`1<string>:SetResult (string)
Unity.Services.Relay.WrappedRelayService/<GetJoinCodeAsync>d__11:MoveNext () (at ./Library/PackageCache/com.unity.services.multiplayer@a6d6ce688d71/Runtime/Relay/SDK/WrappedRelayService.cs:134)
System.Runtime.CompilerServices.AsyncMethodBuilderCore/MoveNextRunner:InvokeMoveNext (object)
System.Threading.ExecutionContext:RunInternal (System.Threading.ExecutionContext,System.Threading.ContextCallback,object,bool)
System.Threading.ExecutionContext:Run (System.Threading.ExecutionContext,System.Threading.ContextCallback,object,bool)
System.Runtime.CompilerServices.AsyncMethodBuilderCore/MoveNextRunner:Run ()
System.Threading.Tasks.AwaitTaskContinuation:InvokeAction (object)
System.Threading.Tasks.AwaitTaskContinuation:RunCallback (System.Threading.ContextCallback,object,System.Threading.Tasks.Task&)
System.Threading.Tasks.SynchronizationContextAwaitTaskContinuation:Run (System.Threading.Tasks.Task,bool)
System.Threading.Tasks.Task:FinishContinuations ()
System.Threading.Tasks.Task:FinishStageThree ()
System.Threading.Tasks.Task`1<Unity.Services.Relay.Response`1<Unity.Services.Relay.Models.JoinCodeResponseBody>>:TrySetResult (Unity.Services.Relay.Response`1<Unity.Services.Relay.Models.JoinCodeResponseBody>)
System.Runtime.CompilerServices.AsyncTaskMethodBuilder`1<Unity.Services.Relay.Response`1<Unity.Services.Relay.Models.JoinCodeResponseBody>>:SetResult (Unity.Services.Relay.Response`1<Unity.Services.Relay.Models.JoinCodeResponseBody>)
Unity.Services.Relay.Apis.RelayAllocations.RelayAllocationsApiClient/<CreateJoincodeAsync>d__8:MoveNext () (at ./Library/PackageCache/com.unity.services.multiplayer@a6d6ce688d71/Runtime/Relay/Apis/RelayAllocationsApi.cs:160)
System.Runtime.CompilerServices.AsyncMethodBuilderCore/MoveNextRunner:InvokeMoveNext (object)
System.Threading.ExecutionContext:RunInternal (System.Threading.ExecutionContext,System.Threading.ContextCallback,object,bool)
System.Threading.ExecutionContext:Run (System.Threading.ExecutionContext,System.Threading.ContextCallback,object,bool)
System.Runtime.CompilerServices.AsyncMethodBuilderCore/MoveNextRunner:Run ()
System.Threading.Tasks.AwaitTaskContinuation:InvokeAction (object)
System.Threading.Tasks.AwaitTaskContinuation:RunCallback (System.Threading.ContextCallback,object,System.Threading.Tasks.Task&)
System.Threading.Tasks.SynchronizationContextAwaitTaskContinuation:Run (System.Threading.Tasks.Task,bool)
System.Threading.Tasks.Task:FinishContinuations ()
System.Threading.Tasks.Task:FinishStageThree ()
System.Threading.Tasks.Task`1<Unity.Services.Relay.Http.HttpClientResponse>:TrySetResult (Unity.Services.Relay.Http.HttpClientResponse)
System.Runtime.CompilerServices.AsyncTaskMethodBuilder`1<Unity.Services.Relay.Http.HttpClientResponse>:SetResult (Unity.Services.Relay.Http.HttpClientResponse)
Unity.Services.Relay.Http.HttpClient/<MakeRequestAsync>d__1:MoveNext () (at ./Library/PackageCache/com.unity.services.multiplayer@a6d6ce688d71/Runtime/Relay/Http/HttpClient.cs:41)
System.Runtime.CompilerServices.AsyncMethodBuilderCore/MoveNextRunner:InvokeMoveNext (object)
System.Threading.ExecutionContext:RunInternal (System.Threading.ExecutionContext,System.Threading.ContextCallback,object,bool)
System.Threading.ExecutionContext:Run (System.Threading.ExecutionContext,System.Threading.ContextCallback,object,bool)
System.Runtime.CompilerServices.AsyncMethodBuilderCore/MoveNextRunner:Run ()
System.Threading.Tasks.AwaitTaskContinuation:InvokeAction (object)
System.Threading.Tasks.AwaitTaskContinuation:RunCallback (System.Threading.ContextCallback,object,System.Threading.Tasks.Task&)
System.Threading.Tasks.SynchronizationContextAwaitTaskContinuation:Run (System.Threading.Tasks.Task,bool)
System.Threading.Tasks.Task:FinishContinuations ()
System.Threading.Tasks.Task:FinishStageThree ()
System.Threading.Tasks.Task`1<Unity.Services.Relay.Http.HttpClientResponse>:TrySetResult (Unity.Services.Relay.Http.HttpClientResponse)
System.Runtime.CompilerServices.AsyncTaskMethodBuilder`1<Unity.Services.Relay.Http.HttpClientResponse>:SetResult (Unity.Services.Relay.Http.HttpClientResponse)
Unity.Services.Relay.Http.HttpClient/<CreateWebRequestAsync>d__3:MoveNext () (at ./Library/PackageCache/com.unity.services.multiplayer@a6d6ce688d71/Runtime/Relay/Http/HttpClient.cs:56)
System.Runtime.CompilerServices.AsyncMethodBuilderCore/MoveNextRunner:InvokeMoveNext (object)
System.Threading.ExecutionContext:RunInternal (System.Threading.ExecutionContext,System.Threading.ContextCallback,object,bool)
System.Threading.ExecutionContext:Run (System.Threading.ExecutionContext,System.Threading.ContextCallback,object,bool)
System.Runtime.CompilerServices.AsyncMethodBuilderCore/MoveNextRunner:Run ()
System.Threading.Tasks.AwaitTaskContinuation:InvokeAction (object)
System.Threading.Tasks.AwaitTaskContinuation:RunCallback (System.Threading.ContextCallback,object,System.Threading.Tasks.Task&)
System.Threading.Tasks.SynchronizationContextAwaitTaskContinuation:Run (System.Threading.Tasks.Task,bool)
System.Threading.Tasks.Task:FinishContinuations ()
System.Threading.Tasks.Task:FinishStageThree ()
System.Threading.Tasks.Task`1<Unity.Services.Relay.Http.HttpClientResponse>:TrySetResult (Unity.Services.Relay.Http.HttpClientResponse)
System.Runtime.CompilerServices.AsyncTaskMethodBuilder`1<Unity.Services.Relay.Http.HttpClientResponse>:SetResult (Unity.Services.Relay.Http.HttpClientResponse)
Unity.Services.Relay.Http.HttpClient/<CreateHttpClientResponse>d__4:MoveNext () (at ./Library/PackageCache/com.unity.services.multiplayer@a6d6ce688d71/Runtime/Relay/Http/HttpClient.cs:84)
System.Runtime.CompilerServices.AsyncMethodBuilderCore/MoveNextRunner:InvokeMoveNext (object)
System.Threading.ExecutionContext:RunInternal (System.Threading.ExecutionContext,System.Threading.ContextCallback,object,bool)
System.Threading.ExecutionContext:Run (System.Threading.ExecutionContext,System.Threading.ContextCallback,object,bool)
System.Runtime.CompilerServices.AsyncMethodBuilderCore/MoveNextRunner:Run ()
System.Threading.Tasks.AwaitTaskContinuation:InvokeAction (object)
System.Threading.Tasks.AwaitTaskContinuation:RunCallback (System.Threading.ContextCallback,object,System.Threading.Tasks.Task&)
System.Threading.Tasks.SynchronizationContextAwaitTaskContinuation:Run (System.Threading.Tasks.Task,bool)
System.Threading.Tasks.Task:FinishContinuations ()
System.Threading.Tasks.Task:FinishStageThree ()
System.Threading.Tasks.Task`1<Unity.Services.Relay.Http.HttpClientResponse>:TrySetResult (Unity.Services.Relay.Http.HttpClientResponse)
System.Runtime.CompilerServices.AsyncTaskMethodBuilder`1<Unity.Services.Relay.Http.HttpClientResponse>:SetResult (Unity.Services.Relay.Http.HttpClientResponse)
Unity.Services.Relay.Http.HttpClient/<>c__DisplayClass4_0/<<CreateHttpClientResponse>b__0>d:MoveNext () (at ./Library/PackageCache/com.unity.services.multiplayer@a6d6ce688d71/Runtime/Relay/Http/HttpClient.cs:81)
System.Runtime.CompilerServices.AsyncMethodBuilderCore/MoveNextRunner:InvokeMoveNext (object)
System.Threading.ExecutionContext:RunInternal (System.Threading.ExecutionContext,System.Threading.ContextCallback,object,bool)
System.Thr

(Filename: C:/build/output/unity/unity/Runtime/Export/Debug/Debug.bindings.cs Line: 128)

PHS_SHIP_SYSTEMS_SNAPSHOT reason=module_Add hp=100/100 power=True gravity=True battery=False damageCause=none revision=0
UnityEngine.Debug:ExtractStackTraceNoAlloc (byte*,int,string)
UnityEngine.StackTraceUtility:ExtractStackTrace () (at C:/build/output/unity/unity/Runtime/Export/Scripting/StackTrace.cs:35)
UnityEngine.DebugLogHandler:Internal_Log (UnityEngine.LogType,UnityEngine.LogOption,string,UnityEngine.Object)
UnityEngine.DebugLogHandler:LogFormat (UnityEngine.LogType,UnityEngine.Object,string,object[]) (at C:/build/output/unity/unity/Runtime/Export/Logging/DebugLogHandler.cs:9)
UnityEngine.Logger:Log (UnityEngine.LogType,object,UnityEngine.Object) (at C:/build/output/unity/unity/Runtime/Export/Logging/Logger.cs:66)
UnityEngine.Debug:Log (object,UnityEngine.Object) (at C:/build/output/unity/unity/Runtime/Export/Debug/Debug.bindings.cs:128)
LastJumpCrew.ParkHanSol.Multiplayer.NetworkShipSystemsState:PublishStateChanged (string) (at E:/UNITY/LastJumpCrew/Assets/02. ParkHanSol_TeamLeader_Build & Multi/02. Script/Multiplayer/NetworkShipSystemsState.cs:811)
LastJumpCrew.ParkHanSol.Multiplayer.NetworkShipSystemsState:HandleModulesChanged (Unity.Netcode.NetworkListEvent`1<LastJumpCrew.ParkHanSol.Multiplayer.NetworkShipModuleSnapshot>) (at E:/UNITY/LastJumpCrew/Assets/02. ParkHanSol_TeamLeader_Build & Multi/02. Script/Multiplayer/NetworkShipSystemsState.cs:805)
Unity.Netcode.NetworkList`1<LastJumpCrew.ParkHanSol.Multiplayer.NetworkShipModuleSnapshot>:HandleAddListEvent (Unity.Netcode.NetworkListEvent`1<LastJumpCrew.ParkHanSol.Multiplayer.NetworkShipModuleSnapshot>) (at ./Library/PackageCache/com.unity.netcode.gameobjects@0f12e689d980/Runtime/NetworkVariable/Collections/NetworkList.cs:680)
Unity.Netcode.NetworkList`1<LastJumpCrew.ParkHanSol.Multiplayer.NetworkShipModuleSnapshot>:Add (LastJumpCrew.ParkHanSol.Multiplayer.NetworkShipModuleSnapshot) (at ./Library/PackageCache/com.unity.netcode.gameobjects@0f12e689d980/Runtime/NetworkVariable/Collections/NetworkList.cs:448)
LastJumpCrew.ParkHanSol.Multiplayer.NetworkShipSystemsState:AddInitialModule (LastJumpCrew.ParkHanSol.Multiplayer.NetworkShipModuleId) (at E:/UNITY/LastJumpCrew/Assets/02. ParkHanSol_TeamLeader_Build & Multi/02. Script/Multiplayer/NetworkShipSystemsState.cs:549)
LastJumpCrew.ParkHanSol.Multiplayer.NetworkShipSystemsState:InitializeServerState () (at E:/UNITY/LastJumpCrew/Assets/02. ParkHanSol_TeamLeader_Build & Multi/02. Script/Multiplayer/NetworkShipSystemsState.cs:541)
LastJumpCrew.ParkHanSol.Multiplayer.NetworkShipSystemsState:OnNetworkSpawn () (at E:/UNITY/LastJumpCrew/Assets/02. ParkHanSol_TeamLeader_Build & Multi/02. Script/Multiplayer/NetworkShipSystemsState.cs:103)
Unity.Netcode.NetworkBehaviour:NetworkSpawn () (at ./Library/PackageCache/com.unity.netcode.gameobjects@0f12e689d980/Runtime/Core/NetworkBehaviour.cs:813)
Unity.Netcode.NetworkObject:InvokeBehaviourNetworkSpawn () (at ./Library/PackageCache/com.unity.netcode.gameobjects@0f12e689d980/Runtime/Core/NetworkObject.cs:2698)
Unity.Netcode.NetworkSpawnManager:SpawnNetworkObjectLocallyCommon (Unity.Netcode.NetworkObject,ulong,bool,bool,ulong,bool) (at ./Library/PackageCache/com.unity.netcode.gameobjects@0f12e689d980/Runtime/Spawning/NetworkSpawnManager.cs:1384)
Unity.Netcode.NetworkSpawnManager:AuthorityLocalSpawn (Unity.Netcode.NetworkObject,ulong,bool,bool,ulong,bool) (at ./Library/PackageCache/com.unity.netcode.gameobjects@0f12e689d980/Runtime/Spawning/NetworkSpawnManager.cs:1182)
Unity.Netcode.NetworkObject:SpawnWithOwnership (ulong,bool) (at ./Library/PackageCache/com.unity.netcode.gameobjects@0f12e689d980/Runtime/Core/NetworkObject.cs:2026)
Unity.Netcode.NetworkSpawnManager:InstantiateAndSpawnNoParameterChecks (Unity.Netcode.NetworkObject,Unity.Netcode.NetworkManager,ulong,bool,bool,bool,UnityEngine.Vector3,UnityEngine.Quaternion) (at ./Library/PackageCache/com.unity.netcode.gameobjects@0f12e689d980/Runtime/Spawning/NetworkSpawnManager.cs:853)
Unity.Netcode.NetworkSpawnManager:InstantiateAndSpawn (Unity.Netcode.NetworkObject,ulong,bool,bool,bool,UnityEngine.Vector3,UnityEngine.Quaternion) (at ./Library/PackageCache/com.unity.netcode.gameobjects@0f12e689d980/Runtime/Spawning/NetworkSpawnManager.cs:811)
LastJumpCrew.ParkHanSol.Multiplayer.NetworkRunSessionRootBootstrap:TrySpawnServerRoot () (at E:/UNITY/LastJumpCrew/Assets/02. ParkHanSol_TeamLeader_Build & Multi/02. Script/Multiplayer/RunFlow/NetworkRunSessionRootBootstrap.cs:86)
LastJumpCrew.ParkHanSol.Multiplayer.NetworkRunSessionRootBootstrap:HandleServerStarted () (at E:/UNITY/LastJumpCrew/Assets/02. ParkHanSol_TeamLeader_Build & Multi/02. Script/Multiplayer/RunFlow/NetworkRunSessionRootBootstrap.cs:61)
Unity.Netcode.NetworkManager:HostServerInitialize () (at ./Library/PackageCache/com.unity.netcode.gameobjects@0f12e689d980/Runtime/Core/NetworkManager.cs:1530)
Unity.Netcode.NetworkManager:StartHost () (at ./Library/PackageCache/com.unity.netcode.gameobjects@0f12e689d980/Runtime/Core/NetworkManager.cs:1483)
Unity.Services.Multiplayer.NetworkManagerSession:SetupNetworkManagerLifecycleMonitoring (System.Threading.CancellationToken) (at ./Library/PackageCache/com.unity.services.multiplayer@a6d6ce688d71/Runtime/Multiplayer/Modules/Network/Handlers/NetworkHandler/NetworkManagerSession.cs:328)
Unity.Services.Multiplayer.NetworkManagerSession/<StartAsync>d__28:MoveNext () (at ./Library/PackageCache/com.unity.services.multiplayer@a6d6ce688d71/Runtime/Multiplayer/Modules/Network/Handlers/NetworkHandler/NetworkManagerSession.cs:165)
System.Runtime.CompilerServices.AsyncTaskMethodBuilder:Start<Unity.Services.Multiplayer.NetworkManagerSession/<StartAsync>d__28> (Unity.Services.Multiplayer.NetworkManagerSession/<StartAsync>d__28&)
Unity.Services.Multiplayer.NetworkManagerSession:StartAsync (System.Threading.CancellationToken)
Unity.Services.Multiplayer.GameObjectsNetcodeNetworkHandler/<StartAsync>d__4:MoveNext () (at ./Library/PackageCache/com.unity.services.multiplayer@a6d6ce688d71/Runtime/Multiplayer/Modules/Network/Handlers/NetworkHandler/GameObjectsNetcodeNetworkHandler.cs:77)
System.Runtime.CompilerServices.AsyncTaskMethodBuilder:Start<Unity.Services.Multiplayer.GameObjectsNetcodeNetworkHandler/<StartAsync>d__4> (Unity.Services.Multiplayer.GameObjectsNetcodeNetworkHandler/<StartAsync>d__4&)
Unity.Services.Multiplayer.GameObjectsNetcodeNetworkHandler:StartAsync (Unity.Services.Multiplayer.NetworkConfiguration)
Unity.Services.Multiplayer.NetworkModule:StartNetworkHandlerAsync (Unity.Services.Multiplayer.NetworkConfiguration) (at ./Library/PackageCache/com.unity.services.multiplayer@a6d6ce688d71/Runtime/Multiplayer/Modules/Network/NetworkModule.cs:554)
Unity.Services.Multiplayer.NetworkModule/<StartNetworkWithOptionsAsync>d__64:MoveNext () (at ./Library/PackageCache/com.unity.services.multiplayer@a6d6ce688d71/Runtime/Multiplayer/Modules/Network/NetworkModule.cs:303)
System.Runtime.CompilerServices.AsyncMethodBuilderCore/MoveNextRunner:InvokeMoveNext (object)
System.Threading.ExecutionContext:RunInternal (System.Threading.ExecutionContext,System.Threading.ContextCallback,object,bool)
System.Threading.ExecutionContext:Run (System.Threading.ExecutionContext,System.Threading.ContextCallback,object,bool)
System.Runtime.CompilerServices.AsyncMethodBuilderCore/MoveNextRunner:Run ()
System.Threading.Tasks.AwaitTaskContinuation:InvokeAction (object)
System.Threading.Tasks.AwaitTaskContinuation:RunCallback (System.Threading.ContextCallback,object,System.Threading.Tasks.Task&)
System.Threading.Tasks.SynchronizationContextAwaitTaskContinuation:Run (System.Threading.Tasks.Task,bool)
System.Threading.Tasks.Task:FinishContinuations ()
System.Threading.Tasks.Task:FinishStageThree ()
System.Threading.Tasks.Task`1<System.Threading.Tasks.VoidTaskResult>:TrySetResult (System.Threading.Tasks.VoidTaskResult)
System.Runtime.CompilerServices.AsyncTaskMethodBuilder`1<System.Threading.Tasks.VoidTaskResult>:SetResult (System.Threading.Tasks.VoidTaskResult)
System.Runtime.CompilerServices.AsyncTaskMethodBuilder`1<System.Threading.Tasks.VoidTaskResult>:SetResult (System.Threading.Tasks.Task`1<System.Threading.Tasks.VoidTaskResult>)
System.Runtime.CompilerServices.AsyncTaskMethodBuilder:SetResult ()
Unity.Services.Multiplayer.RelayHandler/<FetchJoinCodeAsync>d__22:MoveNext () (at ./Library/PackageCache/com.unity.services.multiplayer@a6d6ce688d71/Runtime/Multiplayer/Modules/Network/Handlers/Relay/RelayHandler.cs:109)
System.Runtime.CompilerServices.AsyncMethodBuilderCore/MoveNextRunner:InvokeMoveNext (object)
System.Threading.ExecutionContext:RunInternal (System.Threading.ExecutionContext,System.Threading.ContextCallback,object,bool)
System.Threading.ExecutionContext:Run (System.Threading.ExecutionContext,System.Threading.ContextCallback,object,bool)
System.Runtime.CompilerServices.AsyncMethodBuilderCore/MoveNextRunner:Run ()
System.Threading.Tasks.AwaitTaskContinuation:InvokeAction (object)
System.Threading.Tasks.AwaitTaskContinuation:RunCallback (System.Threading.ContextCallback,object,System.Threading.Tasks.Task&)
System.Threading.Tasks.SynchronizationContextAwaitTaskContinuation:Run (System.Threading.Tasks.Task,bool)
System.Threading.Tasks.Task:FinishContinuations ()
System.Threading.Tasks.Task:FinishStageThree ()
System.Threading.Tasks.Task`1<string>:TrySetResult (string)
System.Runtime.CompilerServices.AsyncTaskMethodBuilder`1<string>:SetResult (string)
Unity.Services.Relay.WrappedRelayService/<GetJoinCodeAsync>d__11:MoveNext () (at ./Library/PackageCache/com.unity.services.multiplayer@a6d6ce688d71/Runtime/Relay/SDK/WrappedRelayService.cs:134)
System.Runtime.CompilerServices.AsyncMethodBuilderCore/MoveNextRunner:InvokeMoveNext (object)
System.Threading.ExecutionContext:RunInternal (System.Threading.ExecutionContext,System.Threading.ContextCallback,object,bool)
System.Threading.ExecutionContext:Run (System.Threading.ExecutionContext,System.Threading.ContextCallback,object,bool)
System.Runtime.CompilerServices.AsyncMethodBuilderCore/MoveNextRunner:Run ()
System.Threading.Tasks.AwaitTaskContinuation:InvokeAction (object)
System.Threading.Tasks.AwaitTaskContinuation:RunCallback (System.Threading.ContextCallback,object,System.Threading.Tasks.Task&)
System.Threading.Tasks.SynchronizationContextAwaitTaskContinuation:Run (System.Threading.Tasks.Task,bool)
System.Threading.Tasks.Task:FinishContinuations ()
System.Threading.Tasks.Task:FinishStageThree ()
System.Threading.Tasks.Task`1<Unity.Services.Relay.Response`1<Unity.Services.Relay.Models.JoinCodeResponseBody>>:TrySetResult (Unity.Services.Relay.Response`1<Unity.Services.Relay.Models.JoinCodeResponseBody>)
System.Runtime.CompilerServices.AsyncTaskMethodBuilder`1<Unity.Services.Relay.Response`1<Unity.Services.Relay.Models.JoinCodeResponseBody>>:SetResult (Unity.Services.Relay.Response`1<Unity.Services.Relay.Models.JoinCodeResponseBody>)
Unity.Services.Relay.Apis.RelayAllocations.RelayAllocationsApiClient/<CreateJoincodeAsync>d__8:MoveNext () (at ./Library/PackageCache/com.unity.services.multiplayer@a6d6ce688d71/Runtime/Relay/Apis/RelayAllocationsApi.cs:160)
System.Runtime.CompilerServices.AsyncMethodBuilderCore/MoveNextRunner:InvokeMoveNext (object)
System.Threading.ExecutionContext:RunInternal (System.Threading.ExecutionContext,System.Threading.ContextCallback,object,bool)
System.Threading.ExecutionContext:Run (System.Threading.ExecutionContext,System.Threading.ContextCallback,object,bool)
System.Runtime.CompilerServices.AsyncMethodBuilderCore/MoveNextRunner:Run ()
System.Threading.Tasks.AwaitTaskContinuation:InvokeAction (object)
System.Threading.Tasks.AwaitTaskContinuation:RunCallback (System.Threading.ContextCallback,object,System.Threading.Tasks.Task&)
System.Threading.Tasks.SynchronizationContextAwaitTaskContinuation:Run (System.Threading.Tasks.Task,bool)
System.Threading.Tasks.Task:FinishContinuations ()
System.Threading.Tasks.Task:FinishStageThree ()
System.Threading.Tasks.Task`1<Unity.Services.Relay.Http.HttpClientResponse>:TrySetResult (Unity.Services.Relay.Http.HttpClientResponse)
System.Runtime.CompilerServices.AsyncTaskMethodBuilder`1<Unity.Services.Relay.Http.HttpClientResponse>:SetResult (Unity.Services.Relay.Http.HttpClientResponse)
Unity.Services.Relay.Http.HttpClient/<MakeRequestAsync>d__1:MoveNext () (at ./Library/PackageCache/com.unity.services.multiplayer@a6d6ce688d71/Runtime/Relay/Http/HttpClient.cs:41)
System.Runtime.CompilerServices.AsyncMethodBuilderCore/MoveNextRunner:InvokeMoveNext (object)
System.Threading.ExecutionContext:RunInternal (System.Threading.ExecutionContext,System.Threading.ContextCallback,object,bool)
System.Threading.ExecutionContext:Run (System.Threading.ExecutionContext,System.Threading.ContextCallback,object,bool)
System.Runtime.CompilerServices.AsyncMethodBuilderCore/MoveNextRunner:Run ()
System.Threading.Tasks.AwaitTaskContinuation:InvokeAction (object)
System.Threading.Tasks.AwaitTaskContinuation:RunCallback (System.Threading.ContextCallback,object,System.Threading.Tasks.Task&)
System.Threading.Tasks.SynchronizationContextAwaitTaskContinuation:Run (System.Threading.Tasks.Task,bool)
System.Threading.Tasks.Task:FinishContinuations ()
System.Threading.Tasks.Task:FinishStageThree ()
System.Threading.Tasks.Task`1<Unity.Services.Relay.Http.HttpClientResponse>:TrySetResult (Unity.Services.Relay.Http.HttpClientResponse)
System.Runtime.CompilerServices.AsyncTaskMethodBuilder`1<Unity.Services.Relay.Http.HttpClientResponse>:SetResult (Unity.Services.Relay.Http.HttpClientResponse)
Unity.Services.Relay.Http.HttpClient/<CreateWebRequestAsync>d__3:MoveNext () (at ./Library/PackageCache/com.unity.services.multiplayer@a6d6ce688d71/Runtime/Relay/Http/HttpClient.cs:56)
System.Runtime.CompilerServices.AsyncMethodBuilderCore/MoveNextRunner:InvokeMoveNext (object)
System.Threading.ExecutionContext:RunInternal (System.Threading.ExecutionContext,System.Threading.ContextCallback,object,bool)
System.Threading.ExecutionContext:Run (System.Threading.ExecutionContext,System.Threading.ContextCallback,object,bool)
System.Runtime.CompilerServices.AsyncMethodBuilderCore/MoveNextRunner:Run ()
System.Threading.Tasks.AwaitTaskContinuation:InvokeAction (object)
System.Threading.Tasks.AwaitTaskContinuation:RunCallback (System.Threading.ContextCallback,object,System.Threading.Tasks.Task&)
System.Threading.Tasks.SynchronizationContextAwaitTaskContinuation:Run (System.Threading.Tasks.Task,bool)
System.Threading.Tasks.Task:FinishContinuations ()
System.Threading.Tasks.Task:FinishStageThree ()
System.Threading.Tasks.Task`1<Unity.Services.Relay.Http.HttpClientResponse>:TrySetResult (Unity.Services.Relay.Http.HttpClientResponse)
System.Runtime.CompilerServices.AsyncTaskMethodBuilder`1<Unity.Services.Relay.Http.HttpClientResponse>:SetResult (Unity.Services.Relay.Http.HttpClientResponse)
Unity.Services.Relay.Http.HttpClient/<CreateHttpClientResponse>d__4:MoveNext () (at ./Library/PackageCache/com.unity.services.multiplayer@a6d6ce688d71/Runtime/Relay/Http/HttpClient.cs:84)
System.Runtime.CompilerServices.AsyncMethodBuilderCore/MoveNextRunner:InvokeMoveNext (object)
System.Threading.ExecutionContext:RunInternal (System.Threading.ExecutionContext,System.Threading.ContextCallback,object,bool)
System.Threading.ExecutionContext:Run (System.Threading.ExecutionContext,System.Threading.ContextCallback,object,bool)
System.Runtime.CompilerServices.AsyncMethodBuilderCore/MoveNextRunner:Run ()
System.Threading.Tasks.AwaitTaskContinuation:InvokeAction (object)
System.Threading.Tasks.AwaitTaskContinuation:RunCallback (System.Threading.ContextCallback,object,System.Threading.Tasks.Task&)
System.Threading.Tasks.SynchronizationContextAwaitTaskContinuation:Run (System.Threading.Tasks.Task,bool)
System.Threading.Tasks.Task:FinishContinuations ()
System.Threading.Tasks.Task:FinishStageThree ()
System.Threading.Tasks.Task`1<Unity.Services.Relay.Http.HttpClientResponse>:TrySetResult (Unity.Services.Relay.Http.HttpClientResponse)
System.Runtime.CompilerServices.AsyncTaskMethodBuilder`1<Unity.Services.Relay.Http.HttpClientResponse>:SetResult (Unity.Services.Relay.Http.HttpClientResponse)
Unity.Services.Relay.Http.HttpClient/<>c__DisplayClass4_0/<<CreateHttpClientResponse>b__0>d:MoveNext () (at ./Library/PackageCache/com.unity.services.multiplayer@a6d6ce688d71/Runtime/Relay/Http/HttpClient.cs:81)
System.Runtime.CompilerServices.AsyncMethodBuilderCore/MoveNextRunner:InvokeMoveNext (object)
System.Threading.ExecutionContext:RunInternal (System.Threading.ExecutionContext,System.Threading.ContextCallback,object,bool)
System.Thr

(Filename: C:/build/output/unity/unity/Runtime/Export/Debug/Debug.bindings.cs Line: 128)

PHS_SHIP_SYSTEMS_SNAPSHOT reason=module_Add hp=100/100 power=True gravity=True battery=False damageCause=none revision=0
UnityEngine.Debug:ExtractStackTraceNoAlloc (byte*,int,string)
UnityEngine.StackTraceUtility:ExtractStackTrace () (at C:/build/output/unity/unity/Runtime/Export/Scripting/StackTrace.cs:35)
UnityEngine.DebugLogHandler:Internal_Log (UnityEngine.LogType,UnityEngine.LogOption,string,UnityEngine.Object)
UnityEngine.DebugLogHandler:LogFormat (UnityEngine.LogType,UnityEngine.Object,string,object[]) (at C:/build/output/unity/unity/Runtime/Export/Logging/DebugLogHandler.cs:9)
UnityEngine.Logger:Log (UnityEngine.LogType,object,UnityEngine.Object) (at C:/build/output/unity/unity/Runtime/Export/Logging/Logger.cs:66)
UnityEngine.Debug:Log (object,UnityEngine.Object) (at C:/build/output/unity/unity/Runtime/Export/Debug/Debug.bindings.cs:128)
LastJumpCrew.ParkHanSol.Multiplayer.NetworkShipSystemsState:PublishStateChanged (string) (at E:/UNITY/LastJumpCrew/Assets/02. ParkHanSol_TeamLeader_Build & Multi/02. Script/Multiplayer/NetworkShipSystemsState.cs:811)
LastJumpCrew.ParkHanSol.Multiplayer.NetworkShipSystemsState:HandleModulesChanged (Unity.Netcode.NetworkListEvent`1<LastJumpCrew.ParkHanSol.Multiplayer.NetworkShipModuleSnapshot>) (at E:/UNITY/LastJumpCrew/Assets/02. ParkHanSol_TeamLeader_Build & Multi/02. Script/Multiplayer/NetworkShipSystemsState.cs:805)
Unity.Netcode.NetworkList`1<LastJumpCrew.ParkHanSol.Multiplayer.NetworkShipModuleSnapshot>:HandleAddListEvent (Unity.Netcode.NetworkListEvent`1<LastJumpCrew.ParkHanSol.Multiplayer.NetworkShipModuleSnapshot>) (at ./Library/PackageCache/com.unity.netcode.gameobjects@0f12e689d980/Runtime/NetworkVariable/Collections/NetworkList.cs:680)
Unity.Netcode.NetworkList`1<LastJumpCrew.ParkHanSol.Multiplayer.NetworkShipModuleSnapshot>:Add (LastJumpCrew.ParkHanSol.Multiplayer.NetworkShipModuleSnapshot) (at ./Library/PackageCache/com.unity.netcode.gameobjects@0f12e689d980/Runtime/NetworkVariable/Collections/NetworkList.cs:448)
LastJumpCrew.ParkHanSol.Multiplayer.NetworkShipSystemsState:AddInitialModule (LastJumpCrew.ParkHanSol.Multiplayer.NetworkShipModuleId) (at E:/UNITY/LastJumpCrew/Assets/02. ParkHanSol_TeamLeader_Build & Multi/02. Script/Multiplayer/NetworkShipSystemsState.cs:549)
LastJumpCrew.ParkHanSol.Multiplayer.NetworkShipSystemsState:InitializeServerState () (at E:/UNITY/LastJumpCrew/Assets/02. ParkHanSol_TeamLeader_Build & Multi/02. Script/Multiplayer/NetworkShipSystemsState.cs:542)
LastJumpCrew.ParkHanSol.Multiplayer.NetworkShipSystemsState:OnNetworkSpawn () (at E:/UNITY/LastJumpCrew/Assets/02. ParkHanSol_TeamLeader_Build & Multi/02. Script/Multiplayer/NetworkShipSystemsState.cs:103)
Unity.Netcode.NetworkBehaviour:NetworkSpawn () (at ./Library/PackageCache/com.unity.netcode.gameobjects@0f12e689d980/Runtime/Core/NetworkBehaviour.cs:813)
Unity.Netcode.NetworkObject:InvokeBehaviourNetworkSpawn () (at ./Library/PackageCache/com.unity.netcode.gameobjects@0f12e689d980/Runtime/Core/NetworkObject.cs:2698)
Unity.Netcode.NetworkSpawnManager:SpawnNetworkObjectLocallyCommon (Unity.Netcode.NetworkObject,ulong,bool,bool,ulong,bool) (at ./Library/PackageCache/com.unity.netcode.gameobjects@0f12e689d980/Runtime/Spawning/NetworkSpawnManager.cs:1384)
Unity.Netcode.NetworkSpawnManager:AuthorityLocalSpawn (Unity.Netcode.NetworkObject,ulong,bool,bool,ulong,bool) (at ./Library/PackageCache/com.unity.netcode.gameobjects@0f12e689d980/Runtime/Spawning/NetworkSpawnManager.cs:1182)
Unity.Netcode.NetworkObject:SpawnWithOwnership (ulong,bool) (at ./Library/PackageCache/com.unity.netcode.gameobjects@0f12e689d980/Runtime/Core/NetworkObject.cs:2026)
Unity.Netcode.NetworkSpawnManager:InstantiateAndSpawnNoParameterChecks (Unity.Netcode.NetworkObject,Unity.Netcode.NetworkManager,ulong,bool,bool,bool,UnityEngine.Vector3,UnityEngine.Quaternion) (at ./Library/PackageCache/com.unity.netcode.gameobjects@0f12e689d980/Runtime/Spawning/NetworkSpawnManager.cs:853)
Unity.Netcode.NetworkSpawnManager:InstantiateAndSpawn (Unity.Netcode.NetworkObject,ulong,bool,bool,bool,UnityEngine.Vector3,UnityEngine.Quaternion) (at ./Library/PackageCache/com.unity.netcode.gameobjects@0f12e689d980/Runtime/Spawning/NetworkSpawnManager.cs:811)
LastJumpCrew.ParkHanSol.Multiplayer.NetworkRunSessionRootBootstrap:TrySpawnServerRoot () (at E:/UNITY/LastJumpCrew/Assets/02. ParkHanSol_TeamLeader_Build & Multi/02. Script/Multiplayer/RunFlow/NetworkRunSessionRootBootstrap.cs:86)
LastJumpCrew.ParkHanSol.Multiplayer.NetworkRunSessionRootBootstrap:HandleServerStarted () (at E:/UNITY/LastJumpCrew/Assets/02. ParkHanSol_TeamLeader_Build & Multi/02. Script/Multiplayer/RunFlow/NetworkRunSessionRootBootstrap.cs:61)
Unity.Netcode.NetworkManager:HostServerInitialize () (at ./Library/PackageCache/com.unity.netcode.gameobjects@0f12e689d980/Runtime/Core/NetworkManager.cs:1530)
Unity.Netcode.NetworkManager:StartHost () (at ./Library/PackageCache/com.unity.netcode.gameobjects@0f12e689d980/Runtime/Core/NetworkManager.cs:1483)
Unity.Services.Multiplayer.NetworkManagerSession:SetupNetworkManagerLifecycleMonitoring (System.Threading.CancellationToken) (at ./Library/PackageCache/com.unity.services.multiplayer@a6d6ce688d71/Runtime/Multiplayer/Modules/Network/Handlers/NetworkHandler/NetworkManagerSession.cs:328)
Unity.Services.Multiplayer.NetworkManagerSession/<StartAsync>d__28:MoveNext () (at ./Library/PackageCache/com.unity.services.multiplayer@a6d6ce688d71/Runtime/Multiplayer/Modules/Network/Handlers/NetworkHandler/NetworkManagerSession.cs:165)
System.Runtime.CompilerServices.AsyncTaskMethodBuilder:Start<Unity.Services.Multiplayer.NetworkManagerSession/<StartAsync>d__28> (Unity.Services.Multiplayer.NetworkManagerSession/<StartAsync>d__28&)
Unity.Services.Multiplayer.NetworkManagerSession:StartAsync (System.Threading.CancellationToken)
Unity.Services.Multiplayer.GameObjectsNetcodeNetworkHandler/<StartAsync>d__4:MoveNext () (at ./Library/PackageCache/com.unity.services.multiplayer@a6d6ce688d71/Runtime/Multiplayer/Modules/Network/Handlers/NetworkHandler/GameObjectsNetcodeNetworkHandler.cs:77)
System.Runtime.CompilerServices.AsyncTaskMethodBuilder:Start<Unity.Services.Multiplayer.GameObjectsNetcodeNetworkHandler/<StartAsync>d__4> (Unity.Services.Multiplayer.GameObjectsNetcodeNetworkHandler/<StartAsync>d__4&)
Unity.Services.Multiplayer.GameObjectsNetcodeNetworkHandler:StartAsync (Unity.Services.Multiplayer.NetworkConfiguration)
Unity.Services.Multiplayer.NetworkModule:StartNetworkHandlerAsync (Unity.Services.Multiplayer.NetworkConfiguration) (at ./Library/PackageCache/com.unity.services.multiplayer@a6d6ce688d71/Runtime/Multiplayer/Modules/Network/NetworkModule.cs:554)
Unity.Services.Multiplayer.NetworkModule/<StartNetworkWithOptionsAsync>d__64:MoveNext () (at ./Library/PackageCache/com.unity.services.multiplayer@a6d6ce688d71/Runtime/Multiplayer/Modules/Network/NetworkModule.cs:303)
System.Runtime.CompilerServices.AsyncMethodBuilderCore/MoveNextRunner:InvokeMoveNext (object)
System.Threading.ExecutionContext:RunInternal (System.Threading.ExecutionContext,System.Threading.ContextCallback,object,bool)
System.Threading.ExecutionContext:Run (System.Threading.ExecutionContext,System.Threading.ContextCallback,object,bool)
System.Runtime.CompilerServices.AsyncMethodBuilderCore/MoveNextRunner:Run ()
System.Threading.Tasks.AwaitTaskContinuation:InvokeAction (object)
System.Threading.Tasks.AwaitTaskContinuation:RunCallback (System.Threading.ContextCallback,object,System.Threading.Tasks.Task&)
System.Threading.Tasks.SynchronizationContextAwaitTaskContinuation:Run (System.Threading.Tasks.Task,bool)
System.Threading.Tasks.Task:FinishContinuations ()
System.Threading.Tasks.Task:FinishStageThree ()
System.Threading.Tasks.Task`1<System.Threading.Tasks.VoidTaskResult>:TrySetResult (System.Threading.Tasks.VoidTaskResult)
System.Runtime.CompilerServices.AsyncTaskMethodBuilder`1<System.Threading.Tasks.VoidTaskResult>:SetResult (System.Threading.Tasks.VoidTaskResult)
System.Runtime.CompilerServices.AsyncTaskMethodBuilder`1<System.Threading.Tasks.VoidTaskResult>:SetResult (System.Threading.Tasks.Task`1<System.Threading.Tasks.VoidTaskResult>)
System.Runtime.CompilerServices.AsyncTaskMethodBuilder:SetResult ()
Unity.Services.Multiplayer.RelayHandler/<FetchJoinCodeAsync>d__22:MoveNext () (at ./Library/PackageCache/com.unity.services.multiplayer@a6d6ce688d71/Runtime/Multiplayer/Modules/Network/Handlers/Relay/RelayHandler.cs:109)
System.Runtime.CompilerServices.AsyncMethodBuilderCore/MoveNextRunner:InvokeMoveNext (object)
System.Threading.ExecutionContext:RunInternal (System.Threading.ExecutionContext,System.Threading.ContextCallback,object,bool)
System.Threading.ExecutionContext:Run (System.Threading.ExecutionContext,System.Threading.ContextCallback,object,bool)
System.Runtime.CompilerServices.AsyncMethodBuilderCore/MoveNextRunner:Run ()
System.Threading.Tasks.AwaitTaskContinuation:InvokeAction (object)
System.Threading.Tasks.AwaitTaskContinuation:RunCallback (System.Threading.ContextCallback,object,System.Threading.Tasks.Task&)
System.Threading.Tasks.SynchronizationContextAwaitTaskContinuation:Run (System.Threading.Tasks.Task,bool)
System.Threading.Tasks.Task:FinishContinuations ()
System.Threading.Tasks.Task:FinishStageThree ()
System.Threading.Tasks.Task`1<string>:TrySetResult (string)
System.Runtime.CompilerServices.AsyncTaskMethodBuilder`1<string>:SetResult (string)
Unity.Services.Relay.WrappedRelayService/<GetJoinCodeAsync>d__11:MoveNext () (at ./Library/PackageCache/com.unity.services.multiplayer@a6d6ce688d71/Runtime/Relay/SDK/WrappedRelayService.cs:134)
System.Runtime.CompilerServices.AsyncMethodBuilderCore/MoveNextRunner:InvokeMoveNext (object)
System.Threading.ExecutionContext:RunInternal (System.Threading.ExecutionContext,System.Threading.ContextCallback,object,bool)
System.Threading.ExecutionContext:Run (System.Threading.ExecutionContext,System.Threading.ContextCallback,object,bool)
System.Runtime.CompilerServices.AsyncMethodBuilderCore/MoveNextRunner:Run ()
System.Threading.Tasks.AwaitTaskContinuation:InvokeAction (object)
System.Threading.Tasks.AwaitTaskContinuation:RunCallback (System.Threading.ContextCallback,object,System.Threading.Tasks.Task&)
System.Threading.Tasks.SynchronizationContextAwaitTaskContinuation:Run (System.Threading.Tasks.Task,bool)
System.Threading.Tasks.Task:FinishContinuations ()
System.Threading.Tasks.Task:FinishStageThree ()
System.Threading.Tasks.Task`1<Unity.Services.Relay.Response`1<Unity.Services.Relay.Models.JoinCodeResponseBody>>:TrySetResult (Unity.Services.Relay.Response`1<Unity.Services.Relay.Models.JoinCodeResponseBody>)
System.Runtime.CompilerServices.AsyncTaskMethodBuilder`1<Unity.Services.Relay.Response`1<Unity.Services.Relay.Models.JoinCodeResponseBody>>:SetResult (Unity.Services.Relay.Response`1<Unity.Services.Relay.Models.JoinCodeResponseBody>)
Unity.Services.Relay.Apis.RelayAllocations.RelayAllocationsApiClient/<CreateJoincodeAsync>d__8:MoveNext () (at ./Library/PackageCache/com.unity.services.multiplayer@a6d6ce688d71/Runtime/Relay/Apis/RelayAllocationsApi.cs:160)
System.Runtime.CompilerServices.AsyncMethodBuilderCore/MoveNextRunner:InvokeMoveNext (object)
System.Threading.ExecutionContext:RunInternal (System.Threading.ExecutionContext,System.Threading.ContextCallback,object,bool)
System.Threading.ExecutionContext:Run (System.Threading.ExecutionContext,System.Threading.ContextCallback,object,bool)
System.Runtime.CompilerServices.AsyncMethodBuilderCore/MoveNextRunner:Run ()
System.Threading.Tasks.AwaitTaskContinuation:InvokeAction (object)
System.Threading.Tasks.AwaitTaskContinuation:RunCallback (System.Threading.ContextCallback,object,System.Threading.Tasks.Task&)
System.Threading.Tasks.SynchronizationContextAwaitTaskContinuation:Run (System.Threading.Tasks.Task,bool)
System.Threading.Tasks.Task:FinishContinuations ()
System.Threading.Tasks.Task:FinishStageThree ()
System.Threading.Tasks.Task`1<Unity.Services.Relay.Http.HttpClientResponse>:TrySetResult (Unity.Services.Relay.Http.HttpClientResponse)
System.Runtime.CompilerServices.AsyncTaskMethodBuilder`1<Unity.Services.Relay.Http.HttpClientResponse>:SetResult (Unity.Services.Relay.Http.HttpClientResponse)
Unity.Services.Relay.Http.HttpClient/<MakeRequestAsync>d__1:MoveNext () (at ./Library/PackageCache/com.unity.services.multiplayer@a6d6ce688d71/Runtime/Relay/Http/HttpClient.cs:41)
System.Runtime.CompilerServices.AsyncMethodBuilderCore/MoveNextRunner:InvokeMoveNext (object)
System.Threading.ExecutionContext:RunInternal (System.Threading.ExecutionContext,System.Threading.ContextCallback,object,bool)
System.Threading.ExecutionContext:Run (System.Threading.ExecutionContext,System.Threading.ContextCallback,object,bool)
System.Runtime.CompilerServices.AsyncMethodBuilderCore/MoveNextRunner:Run ()
System.Threading.Tasks.AwaitTaskContinuation:InvokeAction (object)
System.Threading.Tasks.AwaitTaskContinuation:RunCallback (System.Threading.ContextCallback,object,System.Threading.Tasks.Task&)
System.Threading.Tasks.SynchronizationContextAwaitTaskContinuation:Run (System.Threading.Tasks.Task,bool)
System.Threading.Tasks.Task:FinishContinuations ()
System.Threading.Tasks.Task:FinishStageThree ()
System.Threading.Tasks.Task`1<Unity.Services.Relay.Http.HttpClientResponse>:TrySetResult (Unity.Services.Relay.Http.HttpClientResponse)
System.Runtime.CompilerServices.AsyncTaskMethodBuilder`1<Unity.Services.Relay.Http.HttpClientResponse>:SetResult (Unity.Services.Relay.Http.HttpClientResponse)
Unity.Services.Relay.Http.HttpClient/<CreateWebRequestAsync>d__3:MoveNext () (at ./Library/PackageCache/com.unity.services.multiplayer@a6d6ce688d71/Runtime/Relay/Http/HttpClient.cs:56)
System.Runtime.CompilerServices.AsyncMethodBuilderCore/MoveNextRunner:InvokeMoveNext (object)
System.Threading.ExecutionContext:RunInternal (System.Threading.ExecutionContext,System.Threading.ContextCallback,object,bool)
System.Threading.ExecutionContext:Run (System.Threading.ExecutionContext,System.Threading.ContextCallback,object,bool)
System.Runtime.CompilerServices.AsyncMethodBuilderCore/MoveNextRunner:Run ()
System.Threading.Tasks.AwaitTaskContinuation:InvokeAction (object)
System.Threading.Tasks.AwaitTaskContinuation:RunCallback (System.Threading.ContextCallback,object,System.Threading.Tasks.Task&)
System.Threading.Tasks.SynchronizationContextAwaitTaskContinuation:Run (System.Threading.Tasks.Task,bool)
System.Threading.Tasks.Task:FinishContinuations ()
System.Threading.Tasks.Task:FinishStageThree ()
System.Threading.Tasks.Task`1<Unity.Services.Relay.Http.HttpClientResponse>:TrySetResult (Unity.Services.Relay.Http.HttpClientResponse)
System.Runtime.CompilerServices.AsyncTaskMethodBuilder`1<Unity.Services.Relay.Http.HttpClientResponse>:SetResult (Unity.Services.Relay.Http.HttpClientResponse)
Unity.Services.Relay.Http.HttpClient/<CreateHttpClientResponse>d__4:MoveNext () (at ./Library/PackageCache/com.unity.services.multiplayer@a6d6ce688d71/Runtime/Relay/Http/HttpClient.cs:84)
System.Runtime.CompilerServices.AsyncMethodBuilderCore/MoveNextRunner:InvokeMoveNext (object)
System.Threading.ExecutionContext:RunInternal (System.Threading.ExecutionContext,System.Threading.ContextCallback,object,bool)
System.Threading.ExecutionContext:Run (System.Threading.ExecutionContext,System.Threading.ContextCallback,object,bool)
System.Runtime.CompilerServices.AsyncMethodBuilderCore/MoveNextRunner:Run ()
System.Threading.Tasks.AwaitTaskContinuation:InvokeAction (object)
System.Threading.Tasks.AwaitTaskContinuation:RunCallback (System.Threading.ContextCallback,object,System.Threading.Tasks.Task&)
System.Threading.Tasks.SynchronizationContextAwaitTaskContinuation:Run (System.Threading.Tasks.Task,bool)
System.Threading.Tasks.Task:FinishContinuations ()
System.Threading.Tasks.Task:FinishStageThree ()
System.Threading.Tasks.Task`1<Unity.Services.Relay.Http.HttpClientResponse>:TrySetResult (Unity.Services.Relay.Http.HttpClientResponse)
System.Runtime.CompilerServices.AsyncTaskMethodBuilder`1<Unity.Services.Relay.Http.HttpClientResponse>:SetResult (Unity.Services.Relay.Http.HttpClientResponse)
Unity.Services.Relay.Http.HttpClient/<>c__DisplayClass4_0/<<CreateHttpClientResponse>b__0>d:MoveNext () (at ./Library/PackageCache/com.unity.services.multiplayer@a6d6ce688d71/Runtime/Relay/Http/HttpClient.cs:81)
System.Runtime.CompilerServices.AsyncMethodBuilderCore/MoveNextRunner:InvokeMoveNext (object)
System.Threading.ExecutionContext:RunInternal (System.Threading.ExecutionContext,System.Threading.ContextCallback,object,bool)
System.Thr

(Filename: C:/build/output/unity/unity/Runtime/Export/Debug/Debug.bindings.cs Line: 128)

PHS_SHIP_SYSTEMS_SNAPSHOT reason=module_Add hp=100/100 power=True gravity=True battery=False damageCause=none revision=0
UnityEngine.Debug:ExtractStackTraceNoAlloc (byte*,int,string)
UnityEngine.StackTraceUtility:ExtractStackTrace () (at C:/build/output/unity/unity/Runtime/Export/Scripting/StackTrace.cs:35)
UnityEngine.DebugLogHandler:Internal_Log (UnityEngine.LogType,UnityEngine.LogOption,string,UnityEngine.Object)
UnityEngine.DebugLogHandler:LogFormat (UnityEngine.LogType,UnityEngine.Object,string,object[]) (at C:/build/output/unity/unity/Runtime/Export/Logging/DebugLogHandler.cs:9)
UnityEngine.Logger:Log (UnityEngine.LogType,object,UnityEngine.Object) (at C:/build/output/unity/unity/Runtime/Export/Logging/Logger.cs:66)
UnityEngine.Debug:Log (object,UnityEngine.Object) (at C:/build/output/unity/unity/Runtime/Export/Debug/Debug.bindings.cs:128)
LastJumpCrew.ParkHanSol.Multiplayer.NetworkShipSystemsState:PublishStateChanged (string) (at E:/UNITY/LastJumpCrew/Assets/02. ParkHanSol_TeamLeader_Build & Multi/02. Script/Multiplayer/NetworkShipSystemsState.cs:811)
LastJumpCrew.ParkHanSol.Multiplayer.NetworkShipSystemsState:HandleModulesChanged (Unity.Netcode.NetworkListEvent`1<LastJumpCrew.ParkHanSol.Multiplayer.NetworkShipModuleSnapshot>) (at E:/UNITY/LastJumpCrew/Assets/02. ParkHanSol_TeamLeader_Build & Multi/02. Script/Multiplayer/NetworkShipSystemsState.cs:805)
Unity.Netcode.NetworkList`1<LastJumpCrew.ParkHanSol.Multiplayer.NetworkShipModuleSnapshot>:HandleAddListEvent (Unity.Netcode.NetworkListEvent`1<LastJumpCrew.ParkHanSol.Multiplayer.NetworkShipModuleSnapshot>) (at ./Library/PackageCache/com.unity.netcode.gameobjects@0f12e689d980/Runtime/NetworkVariable/Collections/NetworkList.cs:680)
Unity.Netcode.NetworkList`1<LastJumpCrew.ParkHanSol.Multiplayer.NetworkShipModuleSnapshot>:Add (LastJumpCrew.ParkHanSol.Multiplayer.NetworkShipModuleSnapshot) (at ./Library/PackageCache/com.unity.netcode.gameobjects@0f12e689d980/Runtime/NetworkVariable/Collections/NetworkList.cs:448)
LastJumpCrew.ParkHanSol.Multiplayer.NetworkShipSystemsState:AddInitialModule (LastJumpCrew.ParkHanSol.Multiplayer.NetworkShipModuleId) (at E:/UNITY/LastJumpCrew/Assets/02. ParkHanSol_TeamLeader_Build & Multi/02. Script/Multiplayer/NetworkShipSystemsState.cs:549)
LastJumpCrew.ParkHanSol.Multiplayer.NetworkShipSystemsState:InitializeServerState () (at E:/UNITY/LastJumpCrew/Assets/02. ParkHanSol_TeamLeader_Build & Multi/02. Script/Multiplayer/NetworkShipSystemsState.cs:543)
LastJumpCrew.ParkHanSol.Multiplayer.NetworkShipSystemsState:OnNetworkSpawn () (at E:/UNITY/LastJumpCrew/Assets/02. ParkHanSol_TeamLeader_Build & Multi/02. Script/Multiplayer/NetworkShipSystemsState.cs:103)
Unity.Netcode.NetworkBehaviour:NetworkSpawn () (at ./Library/PackageCache/com.unity.netcode.gameobjects@0f12e689d980/Runtime/Core/NetworkBehaviour.cs:813)
Unity.Netcode.NetworkObject:InvokeBehaviourNetworkSpawn () (at ./Library/PackageCache/com.unity.netcode.gameobjects@0f12e689d980/Runtime/Core/NetworkObject.cs:2698)
Unity.Netcode.NetworkSpawnManager:SpawnNetworkObjectLocallyCommon (Unity.Netcode.NetworkObject,ulong,bool,bool,ulong,bool) (at ./Library/PackageCache/com.unity.netcode.gameobjects@0f12e689d980/Runtime/Spawning/NetworkSpawnManager.cs:1384)
Unity.Netcode.NetworkSpawnManager:AuthorityLocalSpawn (Unity.Netcode.NetworkObject,ulong,bool,bool,ulong,bool) (at ./Library/PackageCache/com.unity.netcode.gameobjects@0f12e689d980/Runtime/Spawning/NetworkSpawnManager.cs:1182)
Unity.Netcode.NetworkObject:SpawnWithOwnership (ulong,bool) (at ./Library/PackageCache/com.unity.netcode.gameobjects@0f12e689d980/Runtime/Core/NetworkObject.cs:2026)
Unity.Netcode.NetworkSpawnManager:InstantiateAndSpawnNoParameterChecks (Unity.Netcode.NetworkObject,Unity.Netcode.NetworkManager,ulong,bool,bool,bool,UnityEngine.Vector3,UnityEngine.Quaternion) (at ./Library/PackageCache/com.unity.netcode.gameobjects@0f12e689d980/Runtime/Spawning/NetworkSpawnManager.cs:853)
Unity.Netcode.NetworkSpawnManager:InstantiateAndSpawn (Unity.Netcode.NetworkObject,ulong,bool,bool,bool,UnityEngine.Vector3,UnityEngine.Quaternion) (at ./Library/PackageCache/com.unity.netcode.gameobjects@0f12e689d980/Runtime/Spawning/NetworkSpawnManager.cs:811)
LastJumpCrew.ParkHanSol.Multiplayer.NetworkRunSessionRootBootstrap:TrySpawnServerRoot () (at E:/UNITY/LastJumpCrew/Assets/02. ParkHanSol_TeamLeader_Build & Multi/02. Script/Multiplayer/RunFlow/NetworkRunSessionRootBootstrap.cs:86)
LastJumpCrew.ParkHanSol.Multiplayer.NetworkRunSessionRootBootstrap:HandleServerStarted () (at E:/UNITY/LastJumpCrew/Assets/02. ParkHanSol_TeamLeader_Build & Multi/02. Script/Multiplayer/RunFlow/NetworkRunSessionRootBootstrap.cs:61)
Unity.Netcode.NetworkManager:HostServerInitialize () (at ./Library/PackageCache/com.unity.netcode.gameobjects@0f12e689d980/Runtime/Core/NetworkManager.cs:1530)
Unity.Netcode.NetworkManager:StartHost () (at ./Library/PackageCache/com.unity.netcode.gameobjects@0f12e689d980/Runtime/Core/NetworkManager.cs:1483)
Unity.Services.Multiplayer.NetworkManagerSession:SetupNetworkManagerLifecycleMonitoring (System.Threading.CancellationToken) (at ./Library/PackageCache/com.unity.services.multiplayer@a6d6ce688d71/Runtime/Multiplayer/Modules/Network/Handlers/NetworkHandler/NetworkManagerSession.cs:328)
Unity.Services.Multiplayer.NetworkManagerSession/<StartAsync>d__28:MoveNext () (at ./Library/PackageCache/com.unity.services.multiplayer@a6d6ce688d71/Runtime/Multiplayer/Modules/Network/Handlers/NetworkHandler/NetworkManagerSession.cs:165)
System.Runtime.CompilerServices.AsyncTaskMethodBuilder:Start<Unity.Services.Multiplayer.NetworkManagerSession/<StartAsync>d__28> (Unity.Services.Multiplayer.NetworkManagerSession/<StartAsync>d__28&)
Unity.Services.Multiplayer.NetworkManagerSession:StartAsync (System.Threading.CancellationToken)
Unity.Services.Multiplayer.GameObjectsNetcodeNetworkHandler/<StartAsync>d__4:MoveNext () (at ./Library/PackageCache/com.unity.services.multiplayer@a6d6ce688d71/Runtime/Multiplayer/Modules/Network/Handlers/NetworkHandler/GameObjectsNetcodeNetworkHandler.cs:77)
System.Runtime.CompilerServices.AsyncTaskMethodBuilder:Start<Unity.Services.Multiplayer.GameObjectsNetcodeNetworkHandler/<StartAsync>d__4> (Unity.Services.Multiplayer.GameObjectsNetcodeNetworkHandler/<StartAsync>d__4&)
Unity.Services.Multiplayer.GameObjectsNetcodeNetworkHandler:StartAsync (Unity.Services.Multiplayer.NetworkConfiguration)
Unity.Services.Multiplayer.NetworkModule:StartNetworkHandlerAsync (Unity.Services.Multiplayer.NetworkConfiguration) (at ./Library/PackageCache/com.unity.services.multiplayer@a6d6ce688d71/Runtime/Multiplayer/Modules/Network/NetworkModule.cs:554)
Unity.Services.Multiplayer.NetworkModule/<StartNetworkWithOptionsAsync>d__64:MoveNext () (at ./Library/PackageCache/com.unity.services.multiplayer@a6d6ce688d71/Runtime/Multiplayer/Modules/Network/NetworkModule.cs:303)
System.Runtime.CompilerServices.AsyncMethodBuilderCore/MoveNextRunner:InvokeMoveNext (object)
System.Threading.ExecutionContext:RunInternal (System.Threading.ExecutionContext,System.Threading.ContextCallback,object,bool)
System.Threading.ExecutionContext:Run (System.Threading.ExecutionContext,System.Threading.ContextCallback,object,bool)
System.Runtime.CompilerServices.AsyncMethodBuilderCore/MoveNextRunner:Run ()
System.Threading.Tasks.AwaitTaskContinuation:InvokeAction (object)
System.Threading.Tasks.AwaitTaskContinuation:RunCallback (System.Threading.ContextCallback,object,System.Threading.Tasks.Task&)
System.Threading.Tasks.SynchronizationContextAwaitTaskContinuation:Run (System.Threading.Tasks.Task,bool)
System.Threading.Tasks.Task:FinishContinuations ()
System.Threading.Tasks.Task:FinishStageThree ()
System.Threading.Tasks.Task`1<System.Threading.Tasks.VoidTaskResult>:TrySetResult (System.Threading.Tasks.VoidTaskResult)
System.Runtime.CompilerServices.AsyncTaskMethodBuilder`1<System.Threading.Tasks.VoidTaskResult>:SetResult (System.Threading.Tasks.VoidTaskResult)
System.Runtime.CompilerServices.AsyncTaskMethodBuilder`1<System.Threading.Tasks.VoidTaskResult>:SetResult (System.Threading.Tasks.Task`1<System.Threading.Tasks.VoidTaskResult>)
System.Runtime.CompilerServices.AsyncTaskMethodBuilder:SetResult ()
Unity.Services.Multiplayer.RelayHandler/<FetchJoinCodeAsync>d__22:MoveNext () (at ./Library/PackageCache/com.unity.services.multiplayer@a6d6ce688d71/Runtime/Multiplayer/Modules/Network/Handlers/Relay/RelayHandler.cs:109)
System.Runtime.CompilerServices.AsyncMethodBuilderCore/MoveNextRunner:InvokeMoveNext (object)
System.Threading.ExecutionContext:RunInternal (System.Threading.ExecutionContext,System.Threading.ContextCallback,object,bool)
System.Threading.ExecutionContext:Run (System.Threading.ExecutionContext,System.Threading.ContextCallback,object,bool)
System.Runtime.CompilerServices.AsyncMethodBuilderCore/MoveNextRunner:Run ()
System.Threading.Tasks.AwaitTaskContinuation:InvokeAction (object)
System.Threading.Tasks.AwaitTaskContinuation:RunCallback (System.Threading.ContextCallback,object,System.Threading.Tasks.Task&)
System.Threading.Tasks.SynchronizationContextAwaitTaskContinuation:Run (System.Threading.Tasks.Task,bool)
System.Threading.Tasks.Task:FinishContinuations ()
System.Threading.Tasks.Task:FinishStageThree ()
System.Threading.Tasks.Task`1<string>:TrySetResult (string)
System.Runtime.CompilerServices.AsyncTaskMethodBuilder`1<string>:SetResult (string)
Unity.Services.Relay.WrappedRelayService/<GetJoinCodeAsync>d__11:MoveNext () (at ./Library/PackageCache/com.unity.services.multiplayer@a6d6ce688d71/Runtime/Relay/SDK/WrappedRelayService.cs:134)
System.Runtime.CompilerServices.AsyncMethodBuilderCore/MoveNextRunner:InvokeMoveNext (object)
System.Threading.ExecutionContext:RunInternal (System.Threading.ExecutionContext,System.Threading.ContextCallback,object,bool)
System.Threading.ExecutionContext:Run (System.Threading.ExecutionContext,System.Threading.ContextCallback,object,bool)
System.Runtime.CompilerServices.AsyncMethodBuilderCore/MoveNextRunner:Run ()
System.Threading.Tasks.AwaitTaskContinuation:InvokeAction (object)
System.Threading.Tasks.AwaitTaskContinuation:RunCallback (System.Threading.ContextCallback,object,System.Threading.Tasks.Task&)
System.Threading.Tasks.SynchronizationContextAwaitTaskContinuation:Run (System.Threading.Tasks.Task,bool)
System.Threading.Tasks.Task:FinishContinuations ()
System.Threading.Tasks.Task:FinishStageThree ()
System.Threading.Tasks.Task`1<Unity.Services.Relay.Response`1<Unity.Services.Relay.Models.JoinCodeResponseBody>>:TrySetResult (Unity.Services.Relay.Response`1<Unity.Services.Relay.Models.JoinCodeResponseBody>)
System.Runtime.CompilerServices.AsyncTaskMethodBuilder`1<Unity.Services.Relay.Response`1<Unity.Services.Relay.Models.JoinCodeResponseBody>>:SetResult (Unity.Services.Relay.Response`1<Unity.Services.Relay.Models.JoinCodeResponseBody>)
Unity.Services.Relay.Apis.RelayAllocations.RelayAllocationsApiClient/<CreateJoincodeAsync>d__8:MoveNext () (at ./Library/PackageCache/com.unity.services.multiplayer@a6d6ce688d71/Runtime/Relay/Apis/RelayAllocationsApi.cs:160)
System.Runtime.CompilerServices.AsyncMethodBuilderCore/MoveNextRunner:InvokeMoveNext (object)
System.Threading.ExecutionContext:RunInternal (System.Threading.ExecutionContext,System.Threading.ContextCallback,object,bool)
System.Threading.ExecutionContext:Run (System.Threading.ExecutionContext,System.Threading.ContextCallback,object,bool)
System.Runtime.CompilerServices.AsyncMethodBuilderCore/MoveNextRunner:Run ()
System.Threading.Tasks.AwaitTaskContinuation:InvokeAction (object)
System.Threading.Tasks.AwaitTaskContinuation:RunCallback (System.Threading.ContextCallback,object,System.Threading.Tasks.Task&)
System.Threading.Tasks.SynchronizationContextAwaitTaskContinuation:Run (System.Threading.Tasks.Task,bool)
System.Threading.Tasks.Task:FinishContinuations ()
System.Threading.Tasks.Task:FinishStageThree ()
System.Threading.Tasks.Task`1<Unity.Services.Relay.Http.HttpClientResponse>:TrySetResult (Unity.Services.Relay.Http.HttpClientResponse)
System.Runtime.CompilerServices.AsyncTaskMethodBuilder`1<Unity.Services.Relay.Http.HttpClientResponse>:SetResult (Unity.Services.Relay.Http.HttpClientResponse)
Unity.Services.Relay.Http.HttpClient/<MakeRequestAsync>d__1:MoveNext () (at ./Library/PackageCache/com.unity.services.multiplayer@a6d6ce688d71/Runtime/Relay/Http/HttpClient.cs:41)
System.Runtime.CompilerServices.AsyncMethodBuilderCore/MoveNextRunner:InvokeMoveNext (object)
System.Threading.ExecutionContext:RunInternal (System.Threading.ExecutionContext,System.Threading.ContextCallback,object,bool)
System.Threading.ExecutionContext:Run (System.Threading.ExecutionContext,System.Threading.ContextCallback,object,bool)
System.Runtime.CompilerServices.AsyncMethodBuilderCore/MoveNextRunner:Run ()
System.Threading.Tasks.AwaitTaskContinuation:InvokeAction (object)
System.Threading.Tasks.AwaitTaskContinuation:RunCallback (System.Threading.ContextCallback,object,System.Threading.Tasks.Task&)
System.Threading.Tasks.SynchronizationContextAwaitTaskContinuation:Run (System.Threading.Tasks.Task,bool)
System.Threading.Tasks.Task:FinishContinuations ()
System.Threading.Tasks.Task:FinishStageThree ()
System.Threading.Tasks.Task`1<Unity.Services.Relay.Http.HttpClientResponse>:TrySetResult (Unity.Services.Relay.Http.HttpClientResponse)
System.Runtime.CompilerServices.AsyncTaskMethodBuilder`1<Unity.Services.Relay.Http.HttpClientResponse>:SetResult (Unity.Services.Relay.Http.HttpClientResponse)
Unity.Services.Relay.Http.HttpClient/<CreateWebRequestAsync>d__3:MoveNext () (at ./Library/PackageCache/com.unity.services.multiplayer@a6d6ce688d71/Runtime/Relay/Http/HttpClient.cs:56)
System.Runtime.CompilerServices.AsyncMethodBuilderCore/MoveNextRunner:InvokeMoveNext (object)
System.Threading.ExecutionContext:RunInternal (System.Threading.ExecutionContext,System.Threading.ContextCallback,object,bool)
System.Threading.ExecutionContext:Run (System.Threading.ExecutionContext,System.Threading.ContextCallback,object,bool)
System.Runtime.CompilerServices.AsyncMethodBuilderCore/MoveNextRunner:Run ()
System.Threading.Tasks.AwaitTaskContinuation:InvokeAction (object)
System.Threading.Tasks.AwaitTaskContinuation:RunCallback (System.Threading.ContextCallback,object,System.Threading.Tasks.Task&)
System.Threading.Tasks.SynchronizationContextAwaitTaskContinuation:Run (System.Threading.Tasks.Task,bool)
System.Threading.Tasks.Task:FinishContinuations ()
System.Threading.Tasks.Task:FinishStageThree ()
System.Threading.Tasks.Task`1<Unity.Services.Relay.Http.HttpClientResponse>:TrySetResult (Unity.Services.Relay.Http.HttpClientResponse)
System.Runtime.CompilerServices.AsyncTaskMethodBuilder`1<Unity.Services.Relay.Http.HttpClientResponse>:SetResult (Unity.Services.Relay.Http.HttpClientResponse)
Unity.Services.Relay.Http.HttpClient/<CreateHttpClientResponse>d__4:MoveNext () (at ./Library/PackageCache/com.unity.services.multiplayer@a6d6ce688d71/Runtime/Relay/Http/HttpClient.cs:84)
System.Runtime.CompilerServices.AsyncMethodBuilderCore/MoveNextRunner:InvokeMoveNext (object)
System.Threading.ExecutionContext:RunInternal (System.Threading.ExecutionContext,System.Threading.ContextCallback,object,bool)
System.Threading.ExecutionContext:Run (System.Threading.ExecutionContext,System.Threading.ContextCallback,object,bool)
System.Runtime.CompilerServices.AsyncMethodBuilderCore/MoveNextRunner:Run ()
System.Threading.Tasks.AwaitTaskContinuation:InvokeAction (object)
System.Threading.Tasks.AwaitTaskContinuation:RunCallback (System.Threading.ContextCallback,object,System.Threading.Tasks.Task&)
System.Threading.Tasks.SynchronizationContextAwaitTaskContinuation:Run (System.Threading.Tasks.Task,bool)
System.Threading.Tasks.Task:FinishContinuations ()
System.Threading.Tasks.Task:FinishStageThree ()
System.Threading.Tasks.Task`1<Unity.Services.Relay.Http.HttpClientResponse>:TrySetResult (Unity.Services.Relay.Http.HttpClientResponse)
System.Runtime.CompilerServices.AsyncTaskMethodBuilder`1<Unity.Services.Relay.Http.HttpClientResponse>:SetResult (Unity.Services.Relay.Http.HttpClientResponse)
Unity.Services.Relay.Http.HttpClient/<>c__DisplayClass4_0/<<CreateHttpClientResponse>b__0>d:MoveNext () (at ./Library/PackageCache/com.unity.services.multiplayer@a6d6ce688d71/Runtime/Relay/Http/HttpClient.cs:81)
System.Runtime.CompilerServices.AsyncMethodBuilderCore/MoveNextRunner:InvokeMoveNext (object)
System.Threading.ExecutionContext:RunInternal (System.Threading.ExecutionContext,System.Threading.ContextCallback,object,bool)
System.Thr

(Filename: C:/build/output/unity/unity/Runtime/Export/Debug/Debug.bindings.cs Line: 128)

PHS_SHIP_SYSTEMS_SNAPSHOT reason=revision hp=100/100 power=True gravity=True battery=False damageCause=none revision=1
UnityEngine.Debug:ExtractStackTraceNoAlloc (byte*,int,string)
UnityEngine.StackTraceUtility:ExtractStackTrace () (at C:/build/output/unity/unity/Runtime/Export/Scripting/StackTrace.cs:35)
UnityEngine.DebugLogHandler:Internal_Log (UnityEngine.LogType,UnityEngine.LogOption,string,UnityEngine.Object)
UnityEngine.DebugLogHandler:LogFormat (UnityEngine.LogType,UnityEngine.Object,string,object[]) (at C:/build/output/unity/unity/Runtime/Export/Logging/DebugLogHandler.cs:9)
UnityEngine.Logger:Log (UnityEngine.LogType,object,UnityEngine.Object) (at C:/build/output/unity/unity/Runtime/Export/Logging/Logger.cs:66)
UnityEngine.Debug:Log (object,UnityEngine.Object) (at C:/build/output/unity/unity/Runtime/Export/Debug/Debug.bindings.cs:128)
LastJumpCrew.ParkHanSol.Multiplayer.NetworkShipSystemsState:PublishStateChanged (string) (at E:/UNITY/LastJumpCrew/Assets/02. ParkHanSol_TeamLeader_Build & Multi/02. Script/Multiplayer/NetworkShipSystemsState.cs:811)
LastJumpCrew.ParkHanSol.Multiplayer.NetworkShipSystemsState:HandleRevisionChanged (uint,uint) (at E:/UNITY/LastJumpCrew/Assets/02. ParkHanSol_TeamLeader_Build & Multi/02. Script/Multiplayer/NetworkShipSystemsState.cs:792)
Unity.Netcode.NetworkVariable`1<uint>:set_Value (uint) (at ./Library/PackageCache/com.unity.netcode.gameobjects@0f12e689d980/Runtime/NetworkVariable/NetworkVariable.cs:165)
LastJumpCrew.ParkHanSol.Multiplayer.NetworkShipSystemsState:InitializeServerState () (at E:/UNITY/LastJumpCrew/Assets/02. ParkHanSol_TeamLeader_Build & Multi/02. Script/Multiplayer/NetworkShipSystemsState.cs:544)
LastJumpCrew.ParkHanSol.Multiplayer.NetworkShipSystemsState:OnNetworkSpawn () (at E:/UNITY/LastJumpCrew/Assets/02. ParkHanSol_TeamLeader_Build & Multi/02. Script/Multiplayer/NetworkShipSystemsState.cs:103)
Unity.Netcode.NetworkBehaviour:NetworkSpawn () (at ./Library/PackageCache/com.unity.netcode.gameobjects@0f12e689d980/Runtime/Core/NetworkBehaviour.cs:813)
Unity.Netcode.NetworkObject:InvokeBehaviourNetworkSpawn () (at ./Library/PackageCache/com.unity.netcode.gameobjects@0f12e689d980/Runtime/Core/NetworkObject.cs:2698)
Unity.Netcode.NetworkSpawnManager:SpawnNetworkObjectLocallyCommon (Unity.Netcode.NetworkObject,ulong,bool,bool,ulong,bool) (at ./Library/PackageCache/com.unity.netcode.gameobjects@0f12e689d980/Runtime/Spawning/NetworkSpawnManager.cs:1384)
Unity.Netcode.NetworkSpawnManager:AuthorityLocalSpawn (Unity.Netcode.NetworkObject,ulong,bool,bool,ulong,bool) (at ./Library/PackageCache/com.unity.netcode.gameobjects@0f12e689d980/Runtime/Spawning/NetworkSpawnManager.cs:1182)
Unity.Netcode.NetworkObject:SpawnWithOwnership (ulong,bool) (at ./Library/PackageCache/com.unity.netcode.gameobjects@0f12e689d980/Runtime/Core/NetworkObject.cs:2026)
Unity.Netcode.NetworkSpawnManager:InstantiateAndSpawnNoParameterChecks (Unity.Netcode.NetworkObject,Unity.Netcode.NetworkManager,ulong,bool,bool,bool,UnityEngine.Vector3,UnityEngine.Quaternion) (at ./Library/PackageCache/com.unity.netcode.gameobjects@0f12e689d980/Runtime/Spawning/NetworkSpawnManager.cs:853)
Unity.Netcode.NetworkSpawnManager:InstantiateAndSpawn (Unity.Netcode.NetworkObject,ulong,bool,bool,bool,UnityEngine.Vector3,UnityEngine.Quaternion) (at ./Library/PackageCache/com.unity.netcode.gameobjects@0f12e689d980/Runtime/Spawning/NetworkSpawnManager.cs:811)
LastJumpCrew.ParkHanSol.Multiplayer.NetworkRunSessionRootBootstrap:TrySpawnServerRoot () (at E:/UNITY/LastJumpCrew/Assets/02. ParkHanSol_TeamLeader_Build & Multi/02. Script/Multiplayer/RunFlow/NetworkRunSessionRootBootstrap.cs:86)
LastJumpCrew.ParkHanSol.Multiplayer.NetworkRunSessionRootBootstrap:HandleServerStarted () (at E:/UNITY/LastJumpCrew/Assets/02. ParkHanSol_TeamLeader_Build & Multi/02. Script/Multiplayer/RunFlow/NetworkRunSessionRootBootstrap.cs:61)
Unity.Netcode.NetworkManager:HostServerInitialize () (at ./Library/PackageCache/com.unity.netcode.gameobjects@0f12e689d980/Runtime/Core/NetworkManager.cs:1530)
Unity.Netcode.NetworkManager:StartHost () (at ./Library/PackageCache/com.unity.netcode.gameobjects@0f12e689d980/Runtime/Core/NetworkManager.cs:1483)
Unity.Services.Multiplayer.NetworkManagerSession:SetupNetworkManagerLifecycleMonitoring (System.Threading.CancellationToken) (at ./Library/PackageCache/com.unity.services.multiplayer@a6d6ce688d71/Runtime/Multiplayer/Modules/Network/Handlers/NetworkHandler/NetworkManagerSession.cs:328)
Unity.Services.Multiplayer.NetworkManagerSession/<StartAsync>d__28:MoveNext () (at ./Library/PackageCache/com.unity.services.multiplayer@a6d6ce688d71/Runtime/Multiplayer/Modules/Network/Handlers/NetworkHandler/NetworkManagerSession.cs:165)
System.Runtime.CompilerServices.AsyncTaskMethodBuilder:Start<Unity.Services.Multiplayer.NetworkManagerSession/<StartAsync>d__28> (Unity.Services.Multiplayer.NetworkManagerSession/<StartAsync>d__28&)
Unity.Services.Multiplayer.NetworkManagerSession:StartAsync (System.Threading.CancellationToken)
Unity.Services.Multiplayer.GameObjectsNetcodeNetworkHandler/<StartAsync>d__4:MoveNext () (at ./Library/PackageCache/com.unity.services.multiplayer@a6d6ce688d71/Runtime/Multiplayer/Modules/Network/Handlers/NetworkHandler/GameObjectsNetcodeNetworkHandler.cs:77)
System.Runtime.CompilerServices.AsyncTaskMethodBuilder:Start<Unity.Services.Multiplayer.GameObjectsNetcodeNetworkHandler/<StartAsync>d__4> (Unity.Services.Multiplayer.GameObjectsNetcodeNetworkHandler/<StartAsync>d__4&)
Unity.Services.Multiplayer.GameObjectsNetcodeNetworkHandler:StartAsync (Unity.Services.Multiplayer.NetworkConfiguration)
Unity.Services.Multiplayer.NetworkModule:StartNetworkHandlerAsync (Unity.Services.Multiplayer.NetworkConfiguration) (at ./Library/PackageCache/com.unity.services.multiplayer@a6d6ce688d71/Runtime/Multiplayer/Modules/Network/NetworkModule.cs:554)
Unity.Services.Multiplayer.NetworkModule/<StartNetworkWithOptionsAsync>d__64:MoveNext () (at ./Library/PackageCache/com.unity.services.multiplayer@a6d6ce688d71/Runtime/Multiplayer/Modules/Network/NetworkModule.cs:303)
System.Runtime.CompilerServices.AsyncMethodBuilderCore/MoveNextRunner:InvokeMoveNext (object)
System.Threading.ExecutionContext:RunInternal (System.Threading.ExecutionContext,System.Threading.ContextCallback,object,bool)
System.Threading.ExecutionContext:Run (System.Threading.ExecutionContext,System.Threading.ContextCallback,object,bool)
System.Runtime.CompilerServices.AsyncMethodBuilderCore/MoveNextRunner:Run ()
System.Threading.Tasks.AwaitTaskContinuation:InvokeAction (object)
System.Threading.Tasks.AwaitTaskContinuation:RunCallback (System.Threading.ContextCallback,object,System.Threading.Tasks.Task&)
System.Threading.Tasks.SynchronizationContextAwaitTaskContinuation:Run (System.Threading.Tasks.Task,bool)
System.Threading.Tasks.Task:FinishContinuations ()
System.Threading.Tasks.Task:FinishStageThree ()
System.Threading.Tasks.Task`1<System.Threading.Tasks.VoidTaskResult>:TrySetResult (System.Threading.Tasks.VoidTaskResult)
System.Runtime.CompilerServices.AsyncTaskMethodBuilder`1<System.Threading.Tasks.VoidTaskResult>:SetResult (System.Threading.Tasks.VoidTaskResult)
System.Runtime.CompilerServices.AsyncTaskMethodBuilder`1<System.Threading.Tasks.VoidTaskResult>:SetResult (System.Threading.Tasks.Task`1<System.Threading.Tasks.VoidTaskResult>)
System.Runtime.CompilerServices.AsyncTaskMethodBuilder:SetResult ()
Unity.Services.Multiplayer.RelayHandler/<FetchJoinCodeAsync>d__22:MoveNext () (at ./Library/PackageCache/com.unity.services.multiplayer@a6d6ce688d71/Runtime/Multiplayer/Modules/Network/Handlers/Relay/RelayHandler.cs:109)
System.Runtime.CompilerServices.AsyncMethodBuilderCore/MoveNextRunner:InvokeMoveNext (object)
System.Threading.ExecutionContext:RunInternal (System.Threading.ExecutionContext,System.Threading.ContextCallback,object,bool)
System.Threading.ExecutionContext:Run (System.Threading.ExecutionContext,System.Threading.ContextCallback,object,bool)
System.Runtime.CompilerServices.AsyncMethodBuilderCore/MoveNextRunner:Run ()
System.Threading.Tasks.AwaitTaskContinuation:InvokeAction (object)
System.Threading.Tasks.AwaitTaskContinuation:RunCallback (System.Threading.ContextCallback,object,System.Threading.Tasks.Task&)
System.Threading.Tasks.SynchronizationContextAwaitTaskContinuation:Run (System.Threading.Tasks.Task,bool)
System.Threading.Tasks.Task:FinishContinuations ()
System.Threading.Tasks.Task:FinishStageThree ()
System.Threading.Tasks.Task`1<string>:TrySetResult (string)
System.Runtime.CompilerServices.AsyncTaskMethodBuilder`1<string>:SetResult (string)
Unity.Services.Relay.WrappedRelayService/<GetJoinCodeAsync>d__11:MoveNext () (at ./Library/PackageCache/com.unity.services.multiplayer@a6d6ce688d71/Runtime/Relay/SDK/WrappedRelayService.cs:134)
System.Runtime.CompilerServices.AsyncMethodBuilderCore/MoveNextRunner:InvokeMoveNext (object)
System.Threading.ExecutionContext:RunInternal (System.Threading.ExecutionContext,System.Threading.ContextCallback,object,bool)
System.Threading.ExecutionContext:Run (System.Threading.ExecutionContext,System.Threading.ContextCallback,object,bool)
System.Runtime.CompilerServices.AsyncMethodBuilderCore/MoveNextRunner:Run ()
System.Threading.Tasks.AwaitTaskContinuation:InvokeAction (object)
System.Threading.Tasks.AwaitTaskContinuation:RunCallback (System.Threading.ContextCallback,object,System.Threading.Tasks.Task&)
System.Threading.Tasks.SynchronizationContextAwaitTaskContinuation:Run (System.Threading.Tasks.Task,bool)
System.Threading.Tasks.Task:FinishContinuations ()
System.Threading.Tasks.Task:FinishStageThree ()
System.Threading.Tasks.Task`1<Unity.Services.Relay.Response`1<Unity.Services.Relay.Models.JoinCodeResponseBody>>:TrySetResult (Unity.Services.Relay.Response`1<Unity.Services.Relay.Models.JoinCodeResponseBody>)
System.Runtime.CompilerServices.AsyncTaskMethodBuilder`1<Unity.Services.Relay.Response`1<Unity.Services.Relay.Models.JoinCodeResponseBody>>:SetResult (Unity.Services.Relay.Response`1<Unity.Services.Relay.Models.JoinCodeResponseBody>)
Unity.Services.Relay.Apis.RelayAllocations.RelayAllocationsApiClient/<CreateJoincodeAsync>d__8:MoveNext () (at ./Library/PackageCache/com.unity.services.multiplayer@a6d6ce688d71/Runtime/Relay/Apis/RelayAllocationsApi.cs:160)
System.Runtime.CompilerServices.AsyncMethodBuilderCore/MoveNextRunner:InvokeMoveNext (object)
System.Threading.ExecutionContext:RunInternal (System.Threading.ExecutionContext,System.Threading.ContextCallback,object,bool)
System.Threading.ExecutionContext:Run (System.Threading.ExecutionContext,System.Threading.ContextCallback,object,bool)
System.Runtime.CompilerServices.AsyncMethodBuilderCore/MoveNextRunner:Run ()
System.Threading.Tasks.AwaitTaskContinuation:InvokeAction (object)
System.Threading.Tasks.AwaitTaskContinuation:RunCallback (System.Threading.ContextCallback,object,System.Threading.Tasks.Task&)
System.Threading.Tasks.SynchronizationContextAwaitTaskContinuation:Run (System.Threading.Tasks.Task,bool)
System.Threading.Tasks.Task:FinishContinuations ()
System.Threading.Tasks.Task:FinishStageThree ()
System.Threading.Tasks.Task`1<Unity.Services.Relay.Http.HttpClientResponse>:TrySetResult (Unity.Services.Relay.Http.HttpClientResponse)
System.Runtime.CompilerServices.AsyncTaskMethodBuilder`1<Unity.Services.Relay.Http.HttpClientResponse>:SetResult (Unity.Services.Relay.Http.HttpClientResponse)
Unity.Services.Relay.Http.HttpClient/<MakeRequestAsync>d__1:MoveNext () (at ./Library/PackageCache/com.unity.services.multiplayer@a6d6ce688d71/Runtime/Relay/Http/HttpClient.cs:41)
System.Runtime.CompilerServices.AsyncMethodBuilderCore/MoveNextRunner:InvokeMoveNext (object)
System.Threading.ExecutionContext:RunInternal (System.Threading.ExecutionContext,System.Threading.ContextCallback,object,bool)
System.Threading.ExecutionContext:Run (System.Threading.ExecutionContext,System.Threading.ContextCallback,object,bool)
System.Runtime.CompilerServices.AsyncMethodBuilderCore/MoveNextRunner:Run ()
System.Threading.Tasks.AwaitTaskContinuation:InvokeAction (object)
System.Threading.Tasks.AwaitTaskContinuation:RunCallback (System.Threading.ContextCallback,object,System.Threading.Tasks.Task&)
System.Threading.Tasks.SynchronizationContextAwaitTaskContinuation:Run (System.Threading.Tasks.Task,bool)
System.Threading.Tasks.Task:FinishContinuations ()
System.Threading.Tasks.Task:FinishStageThree ()
System.Threading.Tasks.Task`1<Unity.Services.Relay.Http.HttpClientResponse>:TrySetResult (Unity.Services.Relay.Http.HttpClientResponse)
System.Runtime.CompilerServices.AsyncTaskMethodBuilder`1<Unity.Services.Relay.Http.HttpClientResponse>:SetResult (Unity.Services.Relay.Http.HttpClientResponse)
Unity.Services.Relay.Http.HttpClient/<CreateWebRequestAsync>d__3:MoveNext () (at ./Library/PackageCache/com.unity.services.multiplayer@a6d6ce688d71/Runtime/Relay/Http/HttpClient.cs:56)
System.Runtime.CompilerServices.AsyncMethodBuilderCore/MoveNextRunner:InvokeMoveNext (object)
System.Threading.ExecutionContext:RunInternal (System.Threading.ExecutionContext,System.Threading.ContextCallback,object,bool)
System.Threading.ExecutionContext:Run (System.Threading.ExecutionContext,System.Threading.ContextCallback,object,bool)
System.Runtime.CompilerServices.AsyncMethodBuilderCore/MoveNextRunner:Run ()
System.Threading.Tasks.AwaitTaskContinuation:InvokeAction (object)
System.Threading.Tasks.AwaitTaskContinuation:RunCallback (System.Threading.ContextCallback,object,System.Threading.Tasks.Task&)
System.Threading.Tasks.SynchronizationContextAwaitTaskContinuation:Run (System.Threading.Tasks.Task,bool)
System.Threading.Tasks.Task:FinishContinuations ()
System.Threading.Tasks.Task:FinishStageThree ()
System.Threading.Tasks.Task`1<Unity.Services.Relay.Http.HttpClientResponse>:TrySetResult (Unity.Services.Relay.Http.HttpClientResponse)
System.Runtime.CompilerServices.AsyncTaskMethodBuilder`1<Unity.Services.Relay.Http.HttpClientResponse>:SetResult (Unity.Services.Relay.Http.HttpClientResponse)
Unity.Services.Relay.Http.HttpClient/<CreateHttpClientResponse>d__4:MoveNext () (at ./Library/PackageCache/com.unity.services.multiplayer@a6d6ce688d71/Runtime/Relay/Http/HttpClient.cs:84)
System.Runtime.CompilerServices.AsyncMethodBuilderCore/MoveNextRunner:InvokeMoveNext (object)
System.Threading.ExecutionContext:RunInternal (System.Threading.ExecutionContext,System.Threading.ContextCallback,object,bool)
System.Threading.ExecutionContext:Run (System.Threading.ExecutionContext,System.Threading.ContextCallback,object,bool)
System.Runtime.CompilerServices.AsyncMethodBuilderCore/MoveNextRunner:Run ()
System.Threading.Tasks.AwaitTaskContinuation:InvokeAction (object)
System.Threading.Tasks.AwaitTaskContinuation:RunCallback (System.Threading.ContextCallback,object,System.Threading.Tasks.Task&)
System.Threading.Tasks.SynchronizationContextAwaitTaskContinuation:Run (System.Threading.Tasks.Task,bool)
System.Threading.Tasks.Task:FinishContinuations ()
System.Threading.Tasks.Task:FinishStageThree ()
System.Threading.Tasks.Task`1<Unity.Services.Relay.Http.HttpClientResponse>:TrySetResult (Unity.Services.Relay.Http.HttpClientResponse)
System.Runtime.CompilerServices.AsyncTaskMethodBuilder`1<Unity.Services.Relay.Http.HttpClientResponse>:SetResult (Unity.Services.Relay.Http.HttpClientResponse)
Unity.Services.Relay.Http.HttpClient/<>c__DisplayClass4_0/<<CreateHttpClientResponse>b__0>d:MoveNext () (at ./Library/PackageCache/com.unity.services.multiplayer@a6d6ce688d71/Runtime/Relay/Http/HttpClient.cs:81)
System.Runtime.CompilerServices.AsyncMethodBuilderCore/MoveNextRunner:InvokeMoveNext (object)
System.Threading.ExecutionContext:RunInternal (System.Threading.ExecutionContext,System.Threading.ContextCallback,object,bool)
System.Threading.ExecutionContext:Run (System.Threading.ExecutionContext,System.Threading.ContextCallback,object,bool)
System.Runtime.CompilerServices.AsyncMethodBuilderCore/MoveNextRunner:Run ()
System.Threading.Tasks.AwaitTaskContinuation:InvokeAction (object)
System.Threading.Tasks.AwaitTaskContinuation:RunCallback (System.Threading.ContextCallback,object,System.Threading.Tasks.Task&)
System.Threading.Tasks.SynchronizationContextAwaitTaskContinuation:Run (System.Threading.Tasks.Task,bool)
System.Threading.Tasks.Task:FinishContinuations ()
System.Threading.Tasks.Task:FinishStageThree ()
System.Threading.Tasks.Task`1<Unity.Services.Relay.Http.HttpClientResponse>:TrySetResult (Unity.Services.Relay.Http.HttpClientResponse)
System.Threading.Tasks.TaskCompletionSource`1<Unity.Services.Relay.Http.

(Filename: C:/build/output/unity/unity/Runtime/Export/Debug/Debug.bindings.cs Line: 128)

PHS_SHIP_STATUS_CONNECTED provider=NetworkShipSystemsState server=True
UnityEngine.Debug:ExtractStackTraceNoAlloc (byte*,int,string)
UnityEngine.StackTraceUtility:ExtractStackTrace () (at C:/build/output/unity/unity/Runtime/Export/Scripting/StackTrace.cs:35)
UnityEngine.DebugLogHandler:Internal_Log (UnityEngine.LogType,UnityEngine.LogOption,string,UnityEngine.Object)
UnityEngine.DebugLogHandler:LogFormat (UnityEngine.LogType,UnityEngine.Object,string,object[]) (at C:/build/output/unity/unity/Runtime/Export/Logging/DebugLogHandler.cs:9)
UnityEngine.Logger:Log (UnityEngine.LogType,object,UnityEngine.Object) (at C:/build/output/unity/unity/Runtime/Export/Logging/Logger.cs:66)
UnityEngine.Debug:Log (object,UnityEngine.Object) (at C:/build/output/unity/unity/Runtime/Export/Debug/Debug.bindings.cs:128)
LastJumpCrew.ParkHanSol.Multiplayer.NetworkShipSystemsState:TryRegisterWithGameCore () (at E:/UNITY/LastJumpCrew/Assets/02. ParkHanSol_TeamLeader_Build & Multi/02. Script/Multiplayer/NetworkShipSystemsState.cs:718)
LastJumpCrew.ParkHanSol.Multiplayer.NetworkShipSystemsState:OnNetworkSpawn () (at E:/UNITY/LastJumpCrew/Assets/02. ParkHanSol_TeamLeader_Build & Multi/02. Script/Multiplayer/NetworkShipSystemsState.cs:106)
Unity.Netcode.NetworkBehaviour:NetworkSpawn () (at ./Library/PackageCache/com.unity.netcode.gameobjects@0f12e689d980/Runtime/Core/NetworkBehaviour.cs:813)
Unity.Netcode.NetworkObject:InvokeBehaviourNetworkSpawn () (at ./Library/PackageCache/com.unity.netcode.gameobjects@0f12e689d980/Runtime/Core/NetworkObject.cs:2698)
Unity.Netcode.NetworkSpawnManager:SpawnNetworkObjectLocallyCommon (Unity.Netcode.NetworkObject,ulong,bool,bool,ulong,bool) (at ./Library/PackageCache/com.unity.netcode.gameobjects@0f12e689d980/Runtime/Spawning/NetworkSpawnManager.cs:1384)
Unity.Netcode.NetworkSpawnManager:AuthorityLocalSpawn (Unity.Netcode.NetworkObject,ulong,bool,bool,ulong,bool) (at ./Library/PackageCache/com.unity.netcode.gameobjects@0f12e689d980/Runtime/Spawning/NetworkSpawnManager.cs:1182)
Unity.Netcode.NetworkObject:SpawnWithOwnership (ulong,bool) (at ./Library/PackageCache/com.unity.netcode.gameobjects@0f12e689d980/Runtime/Core/NetworkObject.cs:2026)
Unity.Netcode.NetworkSpawnManager:InstantiateAndSpawnNoParameterChecks (Unity.Netcode.NetworkObject,Unity.Netcode.NetworkManager,ulong,bool,bool,bool,UnityEngine.Vector3,UnityEngine.Quaternion) (at ./Library/PackageCache/com.unity.netcode.gameobjects@0f12e689d980/Runtime/Spawning/NetworkSpawnManager.cs:853)
Unity.Netcode.NetworkSpawnManager:InstantiateAndSpawn (Unity.Netcode.NetworkObject,ulong,bool,bool,bool,UnityEngine.Vector3,UnityEngine.Quaternion) (at ./Library/PackageCache/com.unity.netcode.gameobjects@0f12e689d980/Runtime/Spawning/NetworkSpawnManager.cs:811)
LastJumpCrew.ParkHanSol.Multiplayer.NetworkRunSessionRootBootstrap:TrySpawnServerRoot () (at E:/UNITY/LastJumpCrew/Assets/02. ParkHanSol_TeamLeader_Build & Multi/02. Script/Multiplayer/RunFlow/NetworkRunSessionRootBootstrap.cs:86)
LastJumpCrew.ParkHanSol.Multiplayer.NetworkRunSessionRootBootstrap:HandleServerStarted () (at E:/UNITY/LastJumpCrew/Assets/02. ParkHanSol_TeamLeader_Build & Multi/02. Script/Multiplayer/RunFlow/NetworkRunSessionRootBootstrap.cs:61)
Unity.Netcode.NetworkManager:HostServerInitialize () (at ./Library/PackageCache/com.unity.netcode.gameobjects@0f12e689d980/Runtime/Core/NetworkManager.cs:1530)
Unity.Netcode.NetworkManager:StartHost () (at ./Library/PackageCache/com.unity.netcode.gameobjects@0f12e689d980/Runtime/Core/NetworkManager.cs:1483)
Unity.Services.Multiplayer.NetworkManagerSession:SetupNetworkManagerLifecycleMonitoring (System.Threading.CancellationToken) (at ./Library/PackageCache/com.unity.services.multiplayer@a6d6ce688d71/Runtime/Multiplayer/Modules/Network/Handlers/NetworkHandler/NetworkManagerSession.cs:328)
Unity.Services.Multiplayer.NetworkManagerSession/<StartAsync>d__28:MoveNext () (at ./Library/PackageCache/com.unity.services.multiplayer@a6d6ce688d71/Runtime/Multiplayer/Modules/Network/Handlers/NetworkHandler/NetworkManagerSession.cs:165)
System.Runtime.CompilerServices.AsyncTaskMethodBuilder:Start<Unity.Services.Multiplayer.NetworkManagerSession/<StartAsync>d__28> (Unity.Services.Multiplayer.NetworkManagerSession/<StartAsync>d__28&)
Unity.Services.Multiplayer.NetworkManagerSession:StartAsync (System.Threading.CancellationToken)
Unity.Services.Multiplayer.GameObjectsNetcodeNetworkHandler/<StartAsync>d__4:MoveNext () (at ./Library/PackageCache/com.unity.services.multiplayer@a6d6ce688d71/Runtime/Multiplayer/Modules/Network/Handlers/NetworkHandler/GameObjectsNetcodeNetworkHandler.cs:77)
System.Runtime.CompilerServices.AsyncTaskMethodBuilder:Start<Unity.Services.Multiplayer.GameObjectsNetcodeNetworkHandler/<StartAsync>d__4> (Unity.Services.Multiplayer.GameObjectsNetcodeNetworkHandler/<StartAsync>d__4&)
Unity.Services.Multiplayer.GameObjectsNetcodeNetworkHandler:StartAsync (Unity.Services.Multiplayer.NetworkConfiguration)
Unity.Services.Multiplayer.NetworkModule:StartNetworkHandlerAsync (Unity.Services.Multiplayer.NetworkConfiguration) (at ./Library/PackageCache/com.unity.services.multiplayer@a6d6ce688d71/Runtime/Multiplayer/Modules/Network/NetworkModule.cs:554)
Unity.Services.Multiplayer.NetworkModule/<StartNetworkWithOptionsAsync>d__64:MoveNext () (at ./Library/PackageCache/com.unity.services.multiplayer@a6d6ce688d71/Runtime/Multiplayer/Modules/Network/NetworkModule.cs:303)
System.Runtime.CompilerServices.AsyncMethodBuilderCore/MoveNextRunner:InvokeMoveNext (object)
System.Threading.ExecutionContext:RunInternal (System.Threading.ExecutionContext,System.Threading.ContextCallback,object,bool)
System.Threading.ExecutionContext:Run (System.Threading.ExecutionContext,System.Threading.ContextCallback,object,bool)
System.Runtime.CompilerServices.AsyncMethodBuilderCore/MoveNextRunner:Run ()
System.Threading.Tasks.AwaitTaskContinuation:InvokeAction (object)
System.Threading.Tasks.AwaitTaskContinuation:RunCallback (System.Threading.ContextCallback,object,System.Threading.Tasks.Task&)
System.Threading.Tasks.SynchronizationContextAwaitTaskContinuation:Run (System.Threading.Tasks.Task,bool)
System.Threading.Tasks.Task:FinishContinuations ()
System.Threading.Tasks.Task:FinishStageThree ()
System.Threading.Tasks.Task`1<System.Threading.Tasks.VoidTaskResult>:TrySetResult (System.Threading.Tasks.VoidTaskResult)
System.Runtime.CompilerServices.AsyncTaskMethodBuilder`1<System.Threading.Tasks.VoidTaskResult>:SetResult (System.Threading.Tasks.VoidTaskResult)
System.Runtime.CompilerServices.AsyncTaskMethodBuilder`1<System.Threading.Tasks.VoidTaskResult>:SetResult (System.Threading.Tasks.Task`1<System.Threading.Tasks.VoidTaskResult>)
System.Runtime.CompilerServices.AsyncTaskMethodBuilder:SetResult ()
Unity.Services.Multiplayer.RelayHandler/<FetchJoinCodeAsync>d__22:MoveNext () (at ./Library/PackageCache/com.unity.services.multiplayer@a6d6ce688d71/Runtime/Multiplayer/Modules/Network/Handlers/Relay/RelayHandler.cs:109)
System.Runtime.CompilerServices.AsyncMethodBuilderCore/MoveNextRunner:InvokeMoveNext (object)
System.Threading.ExecutionContext:RunInternal (System.Threading.ExecutionContext,System.Threading.ContextCallback,object,bool)
System.Threading.ExecutionContext:Run (System.Threading.ExecutionContext,System.Threading.ContextCallback,object,bool)
System.Runtime.CompilerServices.AsyncMethodBuilderCore/MoveNextRunner:Run ()
System.Threading.Tasks.AwaitTaskContinuation:InvokeAction (object)
System.Threading.Tasks.AwaitTaskContinuation:RunCallback (System.Threading.ContextCallback,object,System.Threading.Tasks.Task&)
System.Threading.Tasks.SynchronizationContextAwaitTaskContinuation:Run (System.Threading.Tasks.Task,bool)
System.Threading.Tasks.Task:FinishContinuations ()
System.Threading.Tasks.Task:FinishStageThree ()
System.Threading.Tasks.Task`1<string>:TrySetResult (string)
System.Runtime.CompilerServices.AsyncTaskMethodBuilder`1<string>:SetResult (string)
Unity.Services.Relay.WrappedRelayService/<GetJoinCodeAsync>d__11:MoveNext () (at ./Library/PackageCache/com.unity.services.multiplayer@a6d6ce688d71/Runtime/Relay/SDK/WrappedRelayService.cs:134)
System.Runtime.CompilerServices.AsyncMethodBuilderCore/MoveNextRunner:InvokeMoveNext (object)
System.Threading.ExecutionContext:RunInternal (System.Threading.ExecutionContext,System.Threading.ContextCallback,object,bool)
System.Threading.ExecutionContext:Run (System.Threading.ExecutionContext,System.Threading.ContextCallback,object,bool)
System.Runtime.CompilerServices.AsyncMethodBuilderCore/MoveNextRunner:Run ()
System.Threading.Tasks.AwaitTaskContinuation:InvokeAction (object)
System.Threading.Tasks.AwaitTaskContinuation:RunCallback (System.Threading.ContextCallback,object,System.Threading.Tasks.Task&)
System.Threading.Tasks.SynchronizationContextAwaitTaskContinuation:Run (System.Threading.Tasks.Task,bool)
System.Threading.Tasks.Task:FinishContinuations ()
System.Threading.Tasks.Task:FinishStageThree ()
System.Threading.Tasks.Task`1<Unity.Services.Relay.Response`1<Unity.Services.Relay.Models.JoinCodeResponseBody>>:TrySetResult (Unity.Services.Relay.Response`1<Unity.Services.Relay.Models.JoinCodeResponseBody>)
System.Runtime.CompilerServices.AsyncTaskMethodBuilder`1<Unity.Services.Relay.Response`1<Unity.Services.Relay.Models.JoinCodeResponseBody>>:SetResult (Unity.Services.Relay.Response`1<Unity.Services.Relay.Models.JoinCodeResponseBody>)
Unity.Services.Relay.Apis.RelayAllocations.RelayAllocationsApiClient/<CreateJoincodeAsync>d__8:MoveNext () (at ./Library/PackageCache/com.unity.services.multiplayer@a6d6ce688d71/Runtime/Relay/Apis/RelayAllocationsApi.cs:160)
System.Runtime.CompilerServices.AsyncMethodBuilderCore/MoveNextRunner:InvokeMoveNext (object)
System.Threading.ExecutionContext:RunInternal (System.Threading.ExecutionContext,System.Threading.ContextCallback,object,bool)
System.Threading.ExecutionContext:Run (System.Threading.ExecutionContext,System.Threading.ContextCallback,object,bool)
System.Runtime.CompilerServices.AsyncMethodBuilderCore/MoveNextRunner:Run ()
System.Threading.Tasks.AwaitTaskContinuation:InvokeAction (object)
System.Threading.Tasks.AwaitTaskContinuation:RunCallback (System.Threading.ContextCallback,object,System.Threading.Tasks.Task&)
System.Threading.Tasks.SynchronizationContextAwaitTaskContinuation:Run (System.Threading.Tasks.Task,bool)
System.Threading.Tasks.Task:FinishContinuations ()
System.Threading.Tasks.Task:FinishStageThree ()
System.Threading.Tasks.Task`1<Unity.Services.Relay.Http.HttpClientResponse>:TrySetResult (Unity.Services.Relay.Http.HttpClientResponse)
System.Runtime.CompilerServices.AsyncTaskMethodBuilder`1<Unity.Services.Relay.Http.HttpClientResponse>:SetResult (Unity.Services.Relay.Http.HttpClientResponse)
Unity.Services.Relay.Http.HttpClient/<MakeRequestAsync>d__1:MoveNext () (at ./Library/PackageCache/com.unity.services.multiplayer@a6d6ce688d71/Runtime/Relay/Http/HttpClient.cs:41)
System.Runtime.CompilerServices.AsyncMethodBuilderCore/MoveNextRunner:InvokeMoveNext (object)
System.Threading.ExecutionContext:RunInternal (System.Threading.ExecutionContext,System.Threading.ContextCallback,object,bool)
System.Threading.ExecutionContext:Run (System.Threading.ExecutionContext,System.Threading.ContextCallback,object,bool)
System.Runtime.CompilerServices.AsyncMethodBuilderCore/MoveNextRunner:Run ()
System.Threading.Tasks.AwaitTaskContinuation:InvokeAction (object)
System.Threading.Tasks.AwaitTaskContinuation:RunCallback (System.Threading.ContextCallback,object,System.Threading.Tasks.Task&)
System.Threading.Tasks.SynchronizationContextAwaitTaskContinuation:Run (System.Threading.Tasks.Task,bool)
System.Threading.Tasks.Task:FinishContinuations ()
System.Threading.Tasks.Task:FinishStageThree ()
System.Threading.Tasks.Task`1<Unity.Services.Relay.Http.HttpClientResponse>:TrySetResult (Unity.Services.Relay.Http.HttpClientResponse)
System.Runtime.CompilerServices.AsyncTaskMethodBuilder`1<Unity.Services.Relay.Http.HttpClientResponse>:SetResult (Unity.Services.Relay.Http.HttpClientResponse)
Unity.Services.Relay.Http.HttpClient/<CreateWebRequestAsync>d__3:MoveNext () (at ./Library/PackageCache/com.unity.services.multiplayer@a6d6ce688d71/Runtime/Relay/Http/HttpClient.cs:56)
System.Runtime.CompilerServices.AsyncMethodBuilderCore/MoveNextRunner:InvokeMoveNext (object)
System.Threading.ExecutionContext:RunInternal (System.Threading.ExecutionContext,System.Threading.ContextCallback,object,bool)
System.Threading.ExecutionContext:Run (System.Threading.ExecutionContext,System.Threading.ContextCallback,object,bool)
System.Runtime.CompilerServices.AsyncMethodBuilderCore/MoveNextRunner:Run ()
System.Threading.Tasks.AwaitTaskContinuation:InvokeAction (object)
System.Threading.Tasks.AwaitTaskContinuation:RunCallback (System.Threading.ContextCallback,object,System.Threading.Tasks.Task&)
System.Threading.Tasks.SynchronizationContextAwaitTaskContinuation:Run (System.Threading.Tasks.Task,bool)
System.Threading.Tasks.Task:FinishContinuations ()
System.Threading.Tasks.Task:FinishStageThree ()
System.Threading.Tasks.Task`1<Unity.Services.Relay.Http.HttpClientResponse>:TrySetResult (Unity.Services.Relay.Http.HttpClientResponse)
System.Runtime.CompilerServices.AsyncTaskMethodBuilder`1<Unity.Services.Relay.Http.HttpClientResponse>:SetResult (Unity.Services.Relay.Http.HttpClientResponse)
Unity.Services.Relay.Http.HttpClient/<CreateHttpClientResponse>d__4:MoveNext () (at ./Library/PackageCache/com.unity.services.multiplayer@a6d6ce688d71/Runtime/Relay/Http/HttpClient.cs:84)
System.Runtime.CompilerServices.AsyncMethodBuilderCore/MoveNextRunner:InvokeMoveNext (object)
System.Threading.ExecutionContext:RunInternal (System.Threading.ExecutionContext,System.Threading.ContextCallback,object,bool)
System.Threading.ExecutionContext:Run (System.Threading.ExecutionContext,System.Threading.ContextCallback,object,bool)
System.Runtime.CompilerServices.AsyncMethodBuilderCore/MoveNextRunner:Run ()
System.Threading.Tasks.AwaitTaskContinuation:InvokeAction (object)
System.Threading.Tasks.AwaitTaskContinuation:RunCallback (System.Threading.ContextCallback,object,System.Threading.Tasks.Task&)
System.Threading.Tasks.SynchronizationContextAwaitTaskContinuation:Run (System.Threading.Tasks.Task,bool)
System.Threading.Tasks.Task:FinishContinuations ()
System.Threading.Tasks.Task:FinishStageThree ()
System.Threading.Tasks.Task`1<Unity.Services.Relay.Http.HttpClientResponse>:TrySetResult (Unity.Services.Relay.Http.HttpClientResponse)
System.Runtime.CompilerServices.AsyncTaskMethodBuilder`1<Unity.Services.Relay.Http.HttpClientResponse>:SetResult (Unity.Services.Relay.Http.HttpClientResponse)
Unity.Services.Relay.Http.HttpClient/<>c__DisplayClass4_0/<<CreateHttpClientResponse>b__0>d:MoveNext () (at ./Library/PackageCache/com.unity.services.multiplayer@a6d6ce688d71/Runtime/Relay/Http/HttpClient.cs:81)
System.Runtime.CompilerServices.AsyncMethodBuilderCore/MoveNextRunner:InvokeMoveNext (object)
System.Threading.ExecutionContext:RunInternal (System.Threading.ExecutionContext,System.Threading.ContextCallback,object,bool)
System.Threading.ExecutionContext:Run (System.Threading.ExecutionContext,System.Threading.ContextCallback,object,bool)
System.Runtime.CompilerServices.AsyncMethodBuilderCore/MoveNextRunner:Run ()
System.Threading.Tasks.AwaitTaskContinuation:InvokeAction (object)
System.Threading.Tasks.AwaitTaskContinuation:RunCallback (System.Threading.ContextCallback,object,System.Threading.Tasks.Task&)
System.Threading.Tasks.SynchronizationContextAwaitTaskContinuation:Run (System.Threading.Tasks.Task,bool)
System.Threading.Tasks.Task:FinishContinuations ()
System.Threading.Tasks.Task:FinishStageThree ()
System.Threading.Tasks.Task`1<Unity.Services.Relay.Http.HttpClientResponse>:TrySetResult (Unity.Services.Relay.Http.HttpClientResponse)
System.Threading.Tasks.TaskCompletionSource`1<Unity.Services.Relay.Http.HttpClientResponse>:TrySetResult (Unity.Services.Relay.Http.HttpClientResponse)
System.Threading.Tasks.TaskCompletionSource`1<Unity.Services.Relay.Http.HttpClientResponse>:SetResult (Unity.Services.Relay.Http.HttpClientResponse)
Unity.Services.Relay.Http.UnityWebRequestHelpers/<>c__DisplayClass0_0:<GetAwaiter>b__0 (UnityEngine.AsyncOperation) (at ./Library/PackageCache/com.unity.services.multiplayer@a6d6ce688d71/Runtime/Relay/Http/UnityWebRequestHelpers.cs:34)
UnityEngine.AsyncOperation:InvokeCompletionEvent () (at C:/build/output/unity/unity/Runtime/Export/Scripting/AsyncOperation.cs:24)

(Filename: C:/build/output/unity/unity/Runtime/Export/Debug/Debug.bindings.cs Line: 128)

PHS_SHIP_SYSTEMS_SNAPSHOT reason=network_spawn hp=100/100 power=True gravity=True battery=False damageCause=none revision=1
UnityEngine.Debug:ExtractStackTraceNoAlloc (byte*,int,string)
UnityEngine.StackTraceUtility:ExtractStackTrace () (at C:/build/output/unity/unity/Runtime/Export/Scripting/StackTrace.cs:35)
UnityEngine.DebugLogHandler:Internal_Log (UnityEngine.LogType,UnityEngine.LogOption,string,UnityEngine.Object)
UnityEngine.DebugLogHandler:LogFormat (UnityEngine.LogType,UnityEngine.Object,string,object[]) (at C:/build/output/unity/unity/Runtime/Export/Logging/DebugLogHandler.cs:9)
UnityEngine.Logger:Log (UnityEngine.LogType,object,UnityEngine.Object) (at C:/build/output/unity/unity/Runtime/Export/Logging/Logger.cs:66)
UnityEngine.Debug:Log (object,UnityEngine.Object) (at C:/build/output/unity/unity/Runtime/Export/Debug/Debug.bindings.cs:128)
LastJumpCrew.ParkHanSol.Multiplayer.NetworkShipSystemsState:PublishStateChanged (string) (at E:/UNITY/LastJumpCrew/Assets/02. ParkHanSol_TeamLeader_Build & Multi/02. Script/Multiplayer/NetworkShipSystemsState.cs:811)
LastJumpCrew.ParkHanSol.Multiplayer.NetworkShipSystemsState:OnNetworkSpawn () (at E:/UNITY/LastJumpCrew/Assets/02. ParkHanSol_TeamLeader_Build & Multi/02. Script/Multiplayer/NetworkShipSystemsState.cs:107)
Unity.Netcode.NetworkBehaviour:NetworkSpawn () (at ./Library/PackageCache/com.unity.netcode.gameobjects@0f12e689d980/Runtime/Core/NetworkBehaviour.cs:813)
Unity.Netcode.NetworkObject:InvokeBehaviourNetworkSpawn () (at ./Library/PackageCache/com.unity.netcode.gameobjects@0f12e689d980/Runtime/Core/NetworkObject.cs:2698)
Unity.Netcode.NetworkSpawnManager:SpawnNetworkObjectLocallyCommon (Unity.Netcode.NetworkObject,ulong,bool,bool,ulong,bool) (at ./Library/PackageCache/com.unity.netcode.gameobjects@0f12e689d980/Runtime/Spawning/NetworkSpawnManager.cs:1384)
Unity.Netcode.NetworkSpawnManager:AuthorityLocalSpawn (Unity.Netcode.NetworkObject,ulong,bool,bool,ulong,bool) (at ./Library/PackageCache/com.unity.netcode.gameobjects@0f12e689d980/Runtime/Spawning/NetworkSpawnManager.cs:1182)
Unity.Netcode.NetworkObject:SpawnWithOwnership (ulong,bool) (at ./Library/PackageCache/com.unity.netcode.gameobjects@0f12e689d980/Runtime/Core/NetworkObject.cs:2026)
Unity.Netcode.NetworkSpawnManager:InstantiateAndSpawnNoParameterChecks (Unity.Netcode.NetworkObject,Unity.Netcode.NetworkManager,ulong,bool,bool,bool,UnityEngine.Vector3,UnityEngine.Quaternion) (at ./Library/PackageCache/com.unity.netcode.gameobjects@0f12e689d980/Runtime/Spawning/NetworkSpawnManager.cs:853)
Unity.Netcode.NetworkSpawnManager:InstantiateAndSpawn (Unity.Netcode.NetworkObject,ulong,bool,bool,bool,UnityEngine.Vector3,UnityEngine.Quaternion) (at ./Library/PackageCache/com.unity.netcode.gameobjects@0f12e689d980/Runtime/Spawning/NetworkSpawnManager.cs:811)
LastJumpCrew.ParkHanSol.Multiplayer.NetworkRunSessionRootBootstrap:TrySpawnServerRoot () (at E:/UNITY/LastJumpCrew/Assets/02. ParkHanSol_TeamLeader_Build & Multi/02. Script/Multiplayer/RunFlow/NetworkRunSessionRootBootstrap.cs:86)
LastJumpCrew.ParkHanSol.Multiplayer.NetworkRunSessionRootBootstrap:HandleServerStarted () (at E:/UNITY/LastJumpCrew/Assets/02. ParkHanSol_TeamLeader_Build & Multi/02. Script/Multiplayer/RunFlow/NetworkRunSessionRootBootstrap.cs:61)
Unity.Netcode.NetworkManager:HostServerInitialize () (at ./Library/PackageCache/com.unity.netcode.gameobjects@0f12e689d980/Runtime/Core/NetworkManager.cs:1530)
Unity.Netcode.NetworkManager:StartHost () (at ./Library/PackageCache/com.unity.netcode.gameobjects@0f12e689d980/Runtime/Core/NetworkManager.cs:1483)
Unity.Services.Multiplayer.NetworkManagerSession:SetupNetworkManagerLifecycleMonitoring (System.Threading.CancellationToken) (at ./Library/PackageCache/com.unity.services.multiplayer@a6d6ce688d71/Runtime/Multiplayer/Modules/Network/Handlers/NetworkHandler/NetworkManagerSession.cs:328)
Unity.Services.Multiplayer.NetworkManagerSession/<StartAsync>d__28:MoveNext () (at ./Library/PackageCache/com.unity.services.multiplayer@a6d6ce688d71/Runtime/Multiplayer/Modules/Network/Handlers/NetworkHandler/NetworkManagerSession.cs:165)
System.Runtime.CompilerServices.AsyncTaskMethodBuilder:Start<Unity.Services.Multiplayer.NetworkManagerSession/<StartAsync>d__28> (Unity.Services.Multiplayer.NetworkManagerSession/<StartAsync>d__28&)
Unity.Services.Multiplayer.NetworkManagerSession:StartAsync (System.Threading.CancellationToken)
Unity.Services.Multiplayer.GameObjectsNetcodeNetworkHandler/<StartAsync>d__4:MoveNext () (at ./Library/PackageCache/com.unity.services.multiplayer@a6d6ce688d71/Runtime/Multiplayer/Modules/Network/Handlers/NetworkHandler/GameObjectsNetcodeNetworkHandler.cs:77)
System.Runtime.CompilerServices.AsyncTaskMethodBuilder:Start<Unity.Services.Multiplayer.GameObjectsNetcodeNetworkHandler/<StartAsync>d__4> (Unity.Services.Multiplayer.GameObjectsNetcodeNetworkHandler/<StartAsync>d__4&)
Unity.Services.Multiplayer.GameObjectsNetcodeNetworkHandler:StartAsync (Unity.Services.Multiplayer.NetworkConfiguration)
Unity.Services.Multiplayer.NetworkModule:StartNetworkHandlerAsync (Unity.Services.Multiplayer.NetworkConfiguration) (at ./Library/PackageCache/com.unity.services.multiplayer@a6d6ce688d71/Runtime/Multiplayer/Modules/Network/NetworkModule.cs:554)
Unity.Services.Multiplayer.NetworkModule/<StartNetworkWithOptionsAsync>d__64:MoveNext () (at ./Library/PackageCache/com.unity.services.multiplayer@a6d6ce688d71/Runtime/Multiplayer/Modules/Network/NetworkModule.cs:303)
System.Runtime.CompilerServices.AsyncMethodBuilderCore/MoveNextRunner:InvokeMoveNext (object)
System.Threading.ExecutionContext:RunInternal (System.Threading.ExecutionContext,System.Threading.ContextCallback,object,bool)
System.Threading.ExecutionContext:Run (System.Threading.ExecutionContext,System.Threading.ContextCallback,object,bool)
System.Runtime.CompilerServices.AsyncMethodBuilderCore/MoveNextRunner:Run ()
System.Threading.Tasks.AwaitTaskContinuation:InvokeAction (object)
System.Threading.Tasks.AwaitTaskContinuation:RunCallback (System.Threading.ContextCallback,object,System.Threading.Tasks.Task&)
System.Threading.Tasks.SynchronizationContextAwaitTaskContinuation:Run (System.Threading.Tasks.Task,bool)
System.Threading.Tasks.Task:FinishContinuations ()
System.Threading.Tasks.Task:FinishStageThree ()
System.Threading.Tasks.Task`1<System.Threading.Tasks.VoidTaskResult>:TrySetResult (System.Threading.Tasks.VoidTaskResult)
System.Runtime.CompilerServices.AsyncTaskMethodBuilder`1<System.Threading.Tasks.VoidTaskResult>:SetResult (System.Threading.Tasks.VoidTaskResult)
System.Runtime.CompilerServices.AsyncTaskMethodBuilder`1<System.Threading.Tasks.VoidTaskResult>:SetResult (System.Threading.Tasks.Task`1<System.Threading.Tasks.VoidTaskResult>)
System.Runtime.CompilerServices.AsyncTaskMethodBuilder:SetResult ()
Unity.Services.Multiplayer.RelayHandler/<FetchJoinCodeAsync>d__22:MoveNext () (at ./Library/PackageCache/com.unity.services.multiplayer@a6d6ce688d71/Runtime/Multiplayer/Modules/Network/Handlers/Relay/RelayHandler.cs:109)
System.Runtime.CompilerServices.AsyncMethodBuilderCore/MoveNextRunner:InvokeMoveNext (object)
System.Threading.ExecutionContext:RunInternal (System.Threading.ExecutionContext,System.Threading.ContextCallback,object,bool)
System.Threading.ExecutionContext:Run (System.Threading.ExecutionContext,System.Threading.ContextCallback,object,bool)
System.Runtime.CompilerServices.AsyncMethodBuilderCore/MoveNextRunner:Run ()
System.Threading.Tasks.AwaitTaskContinuation:InvokeAction (object)
System.Threading.Tasks.AwaitTaskContinuation:RunCallback (System.Threading.ContextCallback,object,System.Threading.Tasks.Task&)
System.Threading.Tasks.SynchronizationContextAwaitTaskContinuation:Run (System.Threading.Tasks.Task,bool)
System.Threading.Tasks.Task:FinishContinuations ()
System.Threading.Tasks.Task:FinishStageThree ()
System.Threading.Tasks.Task`1<string>:TrySetResult (string)
System.Runtime.CompilerServices.AsyncTaskMethodBuilder`1<string>:SetResult (string)
Unity.Services.Relay.WrappedRelayService/<GetJoinCodeAsync>d__11:MoveNext () (at ./Library/PackageCache/com.unity.services.multiplayer@a6d6ce688d71/Runtime/Relay/SDK/WrappedRelayService.cs:134)
System.Runtime.CompilerServices.AsyncMethodBuilderCore/MoveNextRunner:InvokeMoveNext (object)
System.Threading.ExecutionContext:RunInternal (System.Threading.ExecutionContext,System.Threading.ContextCallback,object,bool)
System.Threading.ExecutionContext:Run (System.Threading.ExecutionContext,System.Threading.ContextCallback,object,bool)
System.Runtime.CompilerServices.AsyncMethodBuilderCore/MoveNextRunner:Run ()
System.Threading.Tasks.AwaitTaskContinuation:InvokeAction (object)
System.Threading.Tasks.AwaitTaskContinuation:RunCallback (System.Threading.ContextCallback,object,System.Threading.Tasks.Task&)
System.Threading.Tasks.SynchronizationContextAwaitTaskContinuation:Run (System.Threading.Tasks.Task,bool)
System.Threading.Tasks.Task:FinishContinuations ()
System.Threading.Tasks.Task:FinishStageThree ()
System.Threading.Tasks.Task`1<Unity.Services.Relay.Response`1<Unity.Services.Relay.Models.JoinCodeResponseBody>>:TrySetResult (Unity.Services.Relay.Response`1<Unity.Services.Relay.Models.JoinCodeResponseBody>)
System.Runtime.CompilerServices.AsyncTaskMethodBuilder`1<Unity.Services.Relay.Response`1<Unity.Services.Relay.Models.JoinCodeResponseBody>>:SetResult (Unity.Services.Relay.Response`1<Unity.Services.Relay.Models.JoinCodeResponseBody>)
Unity.Services.Relay.Apis.RelayAllocations.RelayAllocationsApiClient/<CreateJoincodeAsync>d__8:MoveNext () (at ./Library/PackageCache/com.unity.services.multiplayer@a6d6ce688d71/Runtime/Relay/Apis/RelayAllocationsApi.cs:160)
System.Runtime.CompilerServices.AsyncMethodBuilderCore/MoveNextRunner:InvokeMoveNext (object)
System.Threading.ExecutionContext:RunInternal (System.Threading.ExecutionContext,System.Threading.ContextCallback,object,bool)
System.Threading.ExecutionContext:Run (System.Threading.ExecutionContext,System.Threading.ContextCallback,object,bool)
System.Runtime.CompilerServices.AsyncMethodBuilderCore/MoveNextRunner:Run ()
System.Threading.Tasks.AwaitTaskContinuation:InvokeAction (object)
System.Threading.Tasks.AwaitTaskContinuation:RunCallback (System.Threading.ContextCallback,object,System.Threading.Tasks.Task&)
System.Threading.Tasks.SynchronizationContextAwaitTaskContinuation:Run (System.Threading.Tasks.Task,bool)
System.Threading.Tasks.Task:FinishContinuations ()
System.Threading.Tasks.Task:FinishStageThree ()
System.Threading.Tasks.Task`1<Unity.Services.Relay.Http.HttpClientResponse>:TrySetResult (Unity.Services.Relay.Http.HttpClientResponse)
System.Runtime.CompilerServices.AsyncTaskMethodBuilder`1<Unity.Services.Relay.Http.HttpClientResponse>:SetResult (Unity.Services.Relay.Http.HttpClientResponse)
Unity.Services.Relay.Http.HttpClient/<MakeRequestAsync>d__1:MoveNext () (at ./Library/PackageCache/com.unity.services.multiplayer@a6d6ce688d71/Runtime/Relay/Http/HttpClient.cs:41)
System.Runtime.CompilerServices.AsyncMethodBuilderCore/MoveNextRunner:InvokeMoveNext (object)
System.Threading.ExecutionContext:RunInternal (System.Threading.ExecutionContext,System.Threading.ContextCallback,object,bool)
System.Threading.ExecutionContext:Run (System.Threading.ExecutionContext,System.Threading.ContextCallback,object,bool)
System.Runtime.CompilerServices.AsyncMethodBuilderCore/MoveNextRunner:Run ()
System.Threading.Tasks.AwaitTaskContinuation:InvokeAction (object)
System.Threading.Tasks.AwaitTaskContinuation:RunCallback (System.Threading.ContextCallback,object,System.Threading.Tasks.Task&)
System.Threading.Tasks.SynchronizationContextAwaitTaskContinuation:Run (System.Threading.Tasks.Task,bool)
System.Threading.Tasks.Task:FinishContinuations ()
System.Threading.Tasks.Task:FinishStageThree ()
System.Threading.Tasks.Task`1<Unity.Services.Relay.Http.HttpClientResponse>:TrySetResult (Unity.Services.Relay.Http.HttpClientResponse)
System.Runtime.CompilerServices.AsyncTaskMethodBuilder`1<Unity.Services.Relay.Http.HttpClientResponse>:SetResult (Unity.Services.Relay.Http.HttpClientResponse)
Unity.Services.Relay.Http.HttpClient/<CreateWebRequestAsync>d__3:MoveNext () (at ./Library/PackageCache/com.unity.services.multiplayer@a6d6ce688d71/Runtime/Relay/Http/HttpClient.cs:56)
System.Runtime.CompilerServices.AsyncMethodBuilderCore/MoveNextRunner:InvokeMoveNext (object)
System.Threading.ExecutionContext:RunInternal (System.Threading.ExecutionContext,System.Threading.ContextCallback,object,bool)
System.Threading.ExecutionContext:Run (System.Threading.ExecutionContext,System.Threading.ContextCallback,object,bool)
System.Runtime.CompilerServices.AsyncMethodBuilderCore/MoveNextRunner:Run ()
System.Threading.Tasks.AwaitTaskContinuation:InvokeAction (object)
System.Threading.Tasks.AwaitTaskContinuation:RunCallback (System.Threading.ContextCallback,object,System.Threading.Tasks.Task&)
System.Threading.Tasks.SynchronizationContextAwaitTaskContinuation:Run (System.Threading.Tasks.Task,bool)
System.Threading.Tasks.Task:FinishContinuations ()
System.Threading.Tasks.Task:FinishStageThree ()
System.Threading.Tasks.Task`1<Unity.Services.Relay.Http.HttpClientResponse>:TrySetResult (Unity.Services.Relay.Http.HttpClientResponse)
System.Runtime.CompilerServices.AsyncTaskMethodBuilder`1<Unity.Services.Relay.Http.HttpClientResponse>:SetResult (Unity.Services.Relay.Http.HttpClientResponse)
Unity.Services.Relay.Http.HttpClient/<CreateHttpClientResponse>d__4:MoveNext () (at ./Library/PackageCache/com.unity.services.multiplayer@a6d6ce688d71/Runtime/Relay/Http/HttpClient.cs:84)
System.Runtime.CompilerServices.AsyncMethodBuilderCore/MoveNextRunner:InvokeMoveNext (object)
System.Threading.ExecutionContext:RunInternal (System.Threading.ExecutionContext,System.Threading.ContextCallback,object,bool)
System.Threading.ExecutionContext:Run (System.Threading.ExecutionContext,System.Threading.ContextCallback,object,bool)
System.Runtime.CompilerServices.AsyncMethodBuilderCore/MoveNextRunner:Run ()
System.Threading.Tasks.AwaitTaskContinuation:InvokeAction (object)
System.Threading.Tasks.AwaitTaskContinuation:RunCallback (System.Threading.ContextCallback,object,System.Threading.Tasks.Task&)
System.Threading.Tasks.SynchronizationContextAwaitTaskContinuation:Run (System.Threading.Tasks.Task,bool)
System.Threading.Tasks.Task:FinishContinuations ()
System.Threading.Tasks.Task:FinishStageThree ()
System.Threading.Tasks.Task`1<Unity.Services.Relay.Http.HttpClientResponse>:TrySetResult (Unity.Services.Relay.Http.HttpClientResponse)
System.Runtime.CompilerServices.AsyncTaskMethodBuilder`1<Unity.Services.Relay.Http.HttpClientResponse>:SetResult (Unity.Services.Relay.Http.HttpClientResponse)
Unity.Services.Relay.Http.HttpClient/<>c__DisplayClass4_0/<<CreateHttpClientResponse>b__0>d:MoveNext () (at ./Library/PackageCache/com.unity.services.multiplayer@a6d6ce688d71/Runtime/Relay/Http/HttpClient.cs:81)
System.Runtime.CompilerServices.AsyncMethodBuilderCore/MoveNextRunner:InvokeMoveNext (object)
System.Threading.ExecutionContext:RunInternal (System.Threading.ExecutionContext,System.Threading.ContextCallback,object,bool)
System.Threading.ExecutionContext:Run (System.Threading.ExecutionContext,System.Threading.ContextCallback,object,bool)
System.Runtime.CompilerServices.AsyncMethodBuilderCore/MoveNextRunner:Run ()
System.Threading.Tasks.AwaitTaskContinuation:InvokeAction (object)
System.Threading.Tasks.AwaitTaskContinuation:RunCallback (System.Threading.ContextCallback,object,System.Threading.Tasks.Task&)
System.Threading.Tasks.SynchronizationContextAwaitTaskContinuation:Run (System.Threading.Tasks.Task,bool)
System.Threading.Tasks.Task:FinishContinuations ()
System.Threading.Tasks.Task:FinishStageThree ()
System.Threading.Tasks.Task`1<Unity.Services.Relay.Http.HttpClientResponse>:TrySetResult (Unity.Services.Relay.Http.HttpClientResponse)
System.Threading.Tasks.TaskCompletionSource`1<Unity.Services.Relay.Http.HttpClientResponse>:TrySetResult (Unity.Services.Relay.Http.HttpClientResponse)
System.Threading.Tasks.TaskCompletionSource`1<Unity.Services.Relay.Http.HttpClientResponse>:SetResult (Unity.Services.Relay.Http.HttpClientResponse)
Unity.Services.Relay.Http.UnityWebRequestHelpers/<>c__DisplayClass0_0:<GetAwaiter>b__0 (UnityEngine.AsyncOperation) (at ./Library/PackageCache/com.unity.services.multiplayer@a6d6ce688d71/Runtime/Relay/Http/UnityWebRequestHelpers.cs:34)
UnityEngine.AsyncOperation:InvokeCompletionEvent () (at C:/build/output/unity/unity/Runtime/Export/Scripting/AsyncOperation.cs:24)

(Filename: C:/build/output/unity/unity/Runtime/Export/Debug/Debug.bindings.cs Line: 128)

PHS_SHIP_SYSTEMS_READY server=True revision=1 modules=4
UnityEngine.Debug:ExtractStackTraceNoAlloc (byte*,int,string)
UnityEngine.StackTraceUtility:ExtractStackTrace () (at C:/build/output/unity/unity/Runtime/Export/Scripting/StackTrace.cs:35)
UnityEngine.DebugLogHandler:Internal_Log (UnityEngine.LogType,UnityEngine.LogOption,string,UnityEngine.Object)
UnityEngine.DebugLogHandler:LogFormat (UnityEngine.LogType,UnityEngine.Object,string,object[]) (at C:/build/output/unity/unity/Runtime/Export/Logging/DebugLogHandler.cs:9)
UnityEngine.Logger:Log (UnityEngine.LogType,object,UnityEngine.Object) (at C:/build/output/unity/unity/Runtime/Export/Logging/Logger.cs:66)
UnityEngine.Debug:Log (object,UnityEngine.Object) (at C:/build/output/unity/unity/Runtime/Export/Debug/Debug.bindings.cs:128)
LastJumpCrew.ParkHanSol.Multiplayer.NetworkShipSystemsState:OnNetworkSpawn () (at E:/UNITY/LastJumpCrew/Assets/02. ParkHanSol_TeamLeader_Build & Multi/02. Script/Multiplayer/NetworkShipSystemsState.cs:108)
Unity.Netcode.NetworkBehaviour:NetworkSpawn () (at ./Library/PackageCache/com.unity.netcode.gameobjects@0f12e689d980/Runtime/Core/NetworkBehaviour.cs:813)
Unity.Netcode.NetworkObject:InvokeBehaviourNetworkSpawn () (at ./Library/PackageCache/com.unity.netcode.gameobjects@0f12e689d980/Runtime/Core/NetworkObject.cs:2698)
Unity.Netcode.NetworkSpawnManager:SpawnNetworkObjectLocallyCommon (Unity.Netcode.NetworkObject,ulong,bool,bool,ulong,bool) (at ./Library/PackageCache/com.unity.netcode.gameobjects@0f12e689d980/Runtime/Spawning/NetworkSpawnManager.cs:1384)
Unity.Netcode.NetworkSpawnManager:AuthorityLocalSpawn (Unity.Netcode.NetworkObject,ulong,bool,bool,ulong,bool) (at ./Library/PackageCache/com.unity.netcode.gameobjects@0f12e689d980/Runtime/Spawning/NetworkSpawnManager.cs:1182)
Unity.Netcode.NetworkObject:SpawnWithOwnership (ulong,bool) (at ./Library/PackageCache/com.unity.netcode.gameobjects@0f12e689d980/Runtime/Core/NetworkObject.cs:2026)
Unity.Netcode.NetworkSpawnManager:InstantiateAndSpawnNoParameterChecks (Unity.Netcode.NetworkObject,Unity.Netcode.NetworkManager,ulong,bool,bool,bool,UnityEngine.Vector3,UnityEngine.Quaternion) (at ./Library/PackageCache/com.unity.netcode.gameobjects@0f12e689d980/Runtime/Spawning/NetworkSpawnManager.cs:853)
Unity.Netcode.NetworkSpawnManager:InstantiateAndSpawn (Unity.Netcode.NetworkObject,ulong,bool,bool,bool,UnityEngine.Vector3,UnityEngine.Quaternion) (at ./Library/PackageCache/com.unity.netcode.gameobjects@0f12e689d980/Runtime/Spawning/NetworkSpawnManager.cs:811)
LastJumpCrew.ParkHanSol.Multiplayer.NetworkRunSessionRootBootstrap:TrySpawnServerRoot () (at E:/UNITY/LastJumpCrew/Assets/02. ParkHanSol_TeamLeader_Build & Multi/02. Script/Multiplayer/RunFlow/NetworkRunSessionRootBootstrap.cs:86)
LastJumpCrew.ParkHanSol.Multiplayer.NetworkRunSessionRootBootstrap:HandleServerStarted () (at E:/UNITY/LastJumpCrew/Assets/02. ParkHanSol_TeamLeader_Build & Multi/02. Script/Multiplayer/RunFlow/NetworkRunSessionRootBootstrap.cs:61)
Unity.Netcode.NetworkManager:HostServerInitialize () (at ./Library/PackageCache/com.unity.netcode.gameobjects@0f12e689d980/Runtime/Core/NetworkManager.cs:1530)
Unity.Netcode.NetworkManager:StartHost () (at ./Library/PackageCache/com.unity.netcode.gameobjects@0f12e689d980/Runtime/Core/NetworkManager.cs:1483)
Unity.Services.Multiplayer.NetworkManagerSession:SetupNetworkManagerLifecycleMonitoring (System.Threading.CancellationToken) (at ./Library/PackageCache/com.unity.services.multiplayer@a6d6ce688d71/Runtime/Multiplayer/Modules/Network/Handlers/NetworkHandler/NetworkManagerSession.cs:328)
Unity.Services.Multiplayer.NetworkManagerSession/<StartAsync>d__28:MoveNext () (at ./Library/PackageCache/com.unity.services.multiplayer@a6d6ce688d71/Runtime/Multiplayer/Modules/Network/Handlers/NetworkHandler/NetworkManagerSession.cs:165)
System.Runtime.CompilerServices.AsyncTaskMethodBuilder:Start<Unity.Services.Multiplayer.NetworkManagerSession/<StartAsync>d__28> (Unity.Services.Multiplayer.NetworkManagerSession/<StartAsync>d__28&)
Unity.Services.Multiplayer.NetworkManagerSession:StartAsync (System.Threading.CancellationToken)
Unity.Services.Multiplayer.GameObjectsNetcodeNetworkHandler/<StartAsync>d__4:MoveNext () (at ./Library/PackageCache/com.unity.services.multiplayer@a6d6ce688d71/Runtime/Multiplayer/Modules/Network/Handlers/NetworkHandler/GameObjectsNetcodeNetworkHandler.cs:77)
System.Runtime.CompilerServices.AsyncTaskMethodBuilder:Start<Unity.Services.Multiplayer.GameObjectsNetcodeNetworkHandler/<StartAsync>d__4> (Unity.Services.Multiplayer.GameObjectsNetcodeNetworkHandler/<StartAsync>d__4&)
Unity.Services.Multiplayer.GameObjectsNetcodeNetworkHandler:StartAsync (Unity.Services.Multiplayer.NetworkConfiguration)
Unity.Services.Multiplayer.NetworkModule:StartNetworkHandlerAsync (Unity.Services.Multiplayer.NetworkConfiguration) (at ./Library/PackageCache/com.unity.services.multiplayer@a6d6ce688d71/Runtime/Multiplayer/Modules/Network/NetworkModule.cs:554)
Unity.Services.Multiplayer.NetworkModule/<StartNetworkWithOptionsAsync>d__64:MoveNext () (at ./Library/PackageCache/com.unity.services.multiplayer@a6d6ce688d71/Runtime/Multiplayer/Modules/Network/NetworkModule.cs:303)
System.Runtime.CompilerServices.AsyncMethodBuilderCore/MoveNextRunner:InvokeMoveNext (object)
System.Threading.ExecutionContext:RunInternal (System.Threading.ExecutionContext,System.Threading.ContextCallback,object,bool)
System.Threading.ExecutionContext:Run (System.Threading.ExecutionContext,System.Threading.ContextCallback,object,bool)
System.Runtime.CompilerServices.AsyncMethodBuilderCore/MoveNextRunner:Run ()
System.Threading.Tasks.AwaitTaskContinuation:InvokeAction (object)
System.Threading.Tasks.AwaitTaskContinuation:RunCallback (System.Threading.ContextCallback,object,System.Threading.Tasks.Task&)
System.Threading.Tasks.SynchronizationContextAwaitTaskContinuation:Run (System.Threading.Tasks.Task,bool)
System.Threading.Tasks.Task:FinishContinuations ()
System.Threading.Tasks.Task:FinishStageThree ()
System.Threading.Tasks.Task`1<System.Threading.Tasks.VoidTaskResult>:TrySetResult (System.Threading.Tasks.VoidTaskResult)
System.Runtime.CompilerServices.AsyncTaskMethodBuilder`1<System.Threading.Tasks.VoidTaskResult>:SetResult (System.Threading.Tasks.VoidTaskResult)
System.Runtime.CompilerServices.AsyncTaskMethodBuilder`1<System.Threading.Tasks.VoidTaskResult>:SetResult (System.Threading.Tasks.Task`1<System.Threading.Tasks.VoidTaskResult>)
System.Runtime.CompilerServices.AsyncTaskMethodBuilder:SetResult ()
Unity.Services.Multiplayer.RelayHandler/<FetchJoinCodeAsync>d__22:MoveNext () (at ./Library/PackageCache/com.unity.services.multiplayer@a6d6ce688d71/Runtime/Multiplayer/Modules/Network/Handlers/Relay/RelayHandler.cs:109)
System.Runtime.CompilerServices.AsyncMethodBuilderCore/MoveNextRunner:InvokeMoveNext (object)
System.Threading.ExecutionContext:RunInternal (System.Threading.ExecutionContext,System.Threading.ContextCallback,object,bool)
System.Threading.ExecutionContext:Run (System.Threading.ExecutionContext,System.Threading.ContextCallback,object,bool)
System.Runtime.CompilerServices.AsyncMethodBuilderCore/MoveNextRunner:Run ()
System.Threading.Tasks.AwaitTaskContinuation:InvokeAction (object)
System.Threading.Tasks.AwaitTaskContinuation:RunCallback (System.Threading.ContextCallback,object,System.Threading.Tasks.Task&)
System.Threading.Tasks.SynchronizationContextAwaitTaskContinuation:Run (System.Threading.Tasks.Task,bool)
System.Threading.Tasks.Task:FinishContinuations ()
System.Threading.Tasks.Task:FinishStageThree ()
System.Threading.Tasks.Task`1<string>:TrySetResult (string)
System.Runtime.CompilerServices.AsyncTaskMethodBuilder`1<string>:SetResult (string)
Unity.Services.Relay.WrappedRelayService/<GetJoinCodeAsync>d__11:MoveNext () (at ./Library/PackageCache/com.unity.services.multiplayer@a6d6ce688d71/Runtime/Relay/SDK/WrappedRelayService.cs:134)
System.Runtime.CompilerServices.AsyncMethodBuilderCore/MoveNextRunner:InvokeMoveNext (object)
System.Threading.ExecutionContext:RunInternal (System.Threading.ExecutionContext,System.Threading.ContextCallback,object,bool)
System.Threading.ExecutionContext:Run (System.Threading.ExecutionContext,System.Threading.ContextCallback,object,bool)
System.Runtime.CompilerServices.AsyncMethodBuilderCore/MoveNextRunner:Run ()
System.Threading.Tasks.AwaitTaskContinuation:InvokeAction (object)
System.Threading.Tasks.AwaitTaskContinuation:RunCallback (System.Threading.ContextCallback,object,System.Threading.Tasks.Task&)
System.Threading.Tasks.SynchronizationContextAwaitTaskContinuation:Run (System.Threading.Tasks.Task,bool)
System.Threading.Tasks.Task:FinishContinuations ()
System.Threading.Tasks.Task:FinishStageThree ()
System.Threading.Tasks.Task`1<Unity.Services.Relay.Response`1<Unity.Services.Relay.Models.JoinCodeResponseBody>>:TrySetResult (Unity.Services.Relay.Response`1<Unity.Services.Relay.Models.JoinCodeResponseBody>)
System.Runtime.CompilerServices.AsyncTaskMethodBuilder`1<Unity.Services.Relay.Response`1<Unity.Services.Relay.Models.JoinCodeResponseBody>>:SetResult (Unity.Services.Relay.Response`1<Unity.Services.Relay.Models.JoinCodeResponseBody>)
Unity.Services.Relay.Apis.RelayAllocations.RelayAllocationsApiClient/<CreateJoincodeAsync>d__8:MoveNext () (at ./Library/PackageCache/com.unity.services.multiplayer@a6d6ce688d71/Runtime/Relay/Apis/RelayAllocationsApi.cs:160)
System.Runtime.CompilerServices.AsyncMethodBuilderCore/MoveNextRunner:InvokeMoveNext (object)
System.Threading.ExecutionContext:RunInternal (System.Threading.ExecutionContext,System.Threading.ContextCallback,object,bool)
System.Threading.ExecutionContext:Run (System.Threading.ExecutionContext,System.Threading.ContextCallback,object,bool)
System.Runtime.CompilerServices.AsyncMethodBuilderCore/MoveNextRunner:Run ()
System.Threading.Tasks.AwaitTaskContinuation:InvokeAction (object)
System.Threading.Tasks.AwaitTaskContinuation:RunCallback (System.Threading.ContextCallback,object,System.Threading.Tasks.Task&)
System.Threading.Tasks.SynchronizationContextAwaitTaskContinuation:Run (System.Threading.Tasks.Task,bool)
System.Threading.Tasks.Task:FinishContinuations ()
System.Threading.Tasks.Task:FinishStageThree ()
System.Threading.Tasks.Task`1<Unity.Services.Relay.Http.HttpClientResponse>:TrySetResult (Unity.Services.Relay.Http.HttpClientResponse)
System.Runtime.CompilerServices.AsyncTaskMethodBuilder`1<Unity.Services.Relay.Http.HttpClientResponse>:SetResult (Unity.Services.Relay.Http.HttpClientResponse)
Unity.Services.Relay.Http.HttpClient/<MakeRequestAsync>d__1:MoveNext () (at ./Library/PackageCache/com.unity.services.multiplayer@a6d6ce688d71/Runtime/Relay/Http/HttpClient.cs:41)
System.Runtime.CompilerServices.AsyncMethodBuilderCore/MoveNextRunner:InvokeMoveNext (object)
System.Threading.ExecutionContext:RunInternal (System.Threading.ExecutionContext,System.Threading.ContextCallback,object,bool)
System.Threading.ExecutionContext:Run (System.Threading.ExecutionContext,System.Threading.ContextCallback,object,bool)
System.Runtime.CompilerServices.AsyncMethodBuilderCore/MoveNextRunner:Run ()
System.Threading.Tasks.AwaitTaskContinuation:InvokeAction (object)
System.Threading.Tasks.AwaitTaskContinuation:RunCallback (System.Threading.ContextCallback,object,System.Threading.Tasks.Task&)
System.Threading.Tasks.SynchronizationContextAwaitTaskContinuation:Run (System.Threading.Tasks.Task,bool)
System.Threading.Tasks.Task:FinishContinuations ()
System.Threading.Tasks.Task:FinishStageThree ()
System.Threading.Tasks.Task`1<Unity.Services.Relay.Http.HttpClientResponse>:TrySetResult (Unity.Services.Relay.Http.HttpClientResponse)
System.Runtime.CompilerServices.AsyncTaskMethodBuilder`1<Unity.Services.Relay.Http.HttpClientResponse>:SetResult (Unity.Services.Relay.Http.HttpClientResponse)
Unity.Services.Relay.Http.HttpClient/<CreateWebRequestAsync>d__3:MoveNext () (at ./Library/PackageCache/com.unity.services.multiplayer@a6d6ce688d71/Runtime/Relay/Http/HttpClient.cs:56)
System.Runtime.CompilerServices.AsyncMethodBuilderCore/MoveNextRunner:InvokeMoveNext (object)
System.Threading.ExecutionContext:RunInternal (System.Threading.ExecutionContext,System.Threading.ContextCallback,object,bool)
System.Threading.ExecutionContext:Run (System.Threading.ExecutionContext,System.Threading.ContextCallback,object,bool)
System.Runtime.CompilerServices.AsyncMethodBuilderCore/MoveNextRunner:Run ()
System.Threading.Tasks.AwaitTaskContinuation:InvokeAction (object)
System.Threading.Tasks.AwaitTaskContinuation:RunCallback (System.Threading.ContextCallback,object,System.Threading.Tasks.Task&)
System.Threading.Tasks.SynchronizationContextAwaitTaskContinuation:Run (System.Threading.Tasks.Task,bool)
System.Threading.Tasks.Task:FinishContinuations ()
System.Threading.Tasks.Task:FinishStageThree ()
System.Threading.Tasks.Task`1<Unity.Services.Relay.Http.HttpClientResponse>:TrySetResult (Unity.Services.Relay.Http.HttpClientResponse)
System.Runtime.CompilerServices.AsyncTaskMethodBuilder`1<Unity.Services.Relay.Http.HttpClientResponse>:SetResult (Unity.Services.Relay.Http.HttpClientResponse)
Unity.Services.Relay.Http.HttpClient/<CreateHttpClientResponse>d__4:MoveNext () (at ./Library/PackageCache/com.unity.services.multiplayer@a6d6ce688d71/Runtime/Relay/Http/HttpClient.cs:84)
System.Runtime.CompilerServices.AsyncMethodBuilderCore/MoveNextRunner:InvokeMoveNext (object)
System.Threading.ExecutionContext:RunInternal (System.Threading.ExecutionContext,System.Threading.ContextCallback,object,bool)
System.Threading.ExecutionContext:Run (System.Threading.ExecutionContext,System.Threading.ContextCallback,object,bool)
System.Runtime.CompilerServices.AsyncMethodBuilderCore/MoveNextRunner:Run ()
System.Threading.Tasks.AwaitTaskContinuation:InvokeAction (object)
System.Threading.Tasks.AwaitTaskContinuation:RunCallback (System.Threading.ContextCallback,object,System.Threading.Tasks.Task&)
System.Threading.Tasks.SynchronizationContextAwaitTaskContinuation:Run (System.Threading.Tasks.Task,bool)
System.Threading.Tasks.Task:FinishContinuations ()
System.Threading.Tasks.Task:FinishStageThree ()
System.Threading.Tasks.Task`1<Unity.Services.Relay.Http.HttpClientResponse>:TrySetResult (Unity.Services.Relay.Http.HttpClientResponse)
System.Runtime.CompilerServices.AsyncTaskMethodBuilder`1<Unity.Services.Relay.Http.HttpClientResponse>:SetResult (Unity.Services.Relay.Http.HttpClientResponse)
Unity.Services.Relay.Http.HttpClient/<>c__DisplayClass4_0/<<CreateHttpClientResponse>b__0>d:MoveNext () (at ./Library/PackageCache/com.unity.services.multiplayer@a6d6ce688d71/Runtime/Relay/Http/HttpClient.cs:81)
System.Runtime.CompilerServices.AsyncMethodBuilderCore/MoveNextRunner:InvokeMoveNext (object)
System.Threading.ExecutionContext:RunInternal (System.Threading.ExecutionContext,System.Threading.ContextCallback,object,bool)
System.Threading.ExecutionContext:Run (System.Threading.ExecutionContext,System.Threading.ContextCallback,object,bool)
System.Runtime.CompilerServices.AsyncMethodBuilderCore/MoveNextRunner:Run ()
System.Threading.Tasks.AwaitTaskContinuation:InvokeAction (object)
System.Threading.Tasks.AwaitTaskContinuation:RunCallback (System.Threading.ContextCallback,object,System.Threading.Tasks.Task&)
System.Threading.Tasks.SynchronizationContextAwaitTaskContinuation:Run (System.Threading.Tasks.Task,bool)
System.Threading.Tasks.Task:FinishContinuations ()
System.Threading.Tasks.Task:FinishStageThree ()
System.Threading.Tasks.Task`1<Unity.Services.Relay.Http.HttpClientResponse>:TrySetResult (Unity.Services.Relay.Http.HttpClientResponse)
System.Threading.Tasks.TaskCompletionSource`1<Unity.Services.Relay.Http.HttpClientResponse>:TrySetResult (Unity.Services.Relay.Http.HttpClientResponse)
System.Threading.Tasks.TaskCompletionSource`1<Unity.Services.Relay.Http.HttpClientResponse>:SetResult (Unity.Services.Relay.Http.HttpClientResponse)
Unity.Services.Relay.Http.UnityWebRequestHelpers/<>c__DisplayClass0_0:<GetAwaiter>b__0 (UnityEngine.AsyncOperation) (at ./Library/PackageCache/com.unity.services.multiplayer@a6d6ce688d71/Runtime/Relay/Http/UnityWebRequestHelpers.cs:34)
UnityEngine.AsyncOperation:InvokeCompletionEvent () (at C:/build/output/unity/unity/Runtime/Export/Scripting/AsyncOperation.cs:24)

(Filename: C:/build/output/unity/unity/Runtime/Export/Debug/Debug.bindings.cs Line: 128)

PHS_RUN_SESSION_ROOT_READY server=True objectId=2
UnityEngine.Debug:ExtractStackTraceNoAlloc (byte*,int,string)
UnityEngine.StackTraceUtility:ExtractStackTrace () (at C:/build/output/unity/unity/Runtime/Export/Scripting/StackTrace.cs:35)
UnityEngine.DebugLogHandler:Internal_Log (UnityEngine.LogType,UnityEngine.LogOption,string,UnityEngine.Object)
UnityEngine.DebugLogHandler:LogFormat (UnityEngine.LogType,UnityEngine.Object,string,object[]) (at C:/build/output/unity/unity/Runtime/Export/Logging/DebugLogHandler.cs:9)
UnityEngine.Logger:Log (UnityEngine.LogType,object,UnityEngine.Object) (at C:/build/output/unity/unity/Runtime/Export/Logging/Logger.cs:66)
UnityEngine.Debug:Log (object,UnityEngine.Object) (at C:/build/output/unity/unity/Runtime/Export/Debug/Debug.bindings.cs:128)
LastJumpCrew.ParkHanSol.Multiplayer.NetworkRunSessionRoot:OnNetworkSpawn () (at E:/UNITY/LastJumpCrew/Assets/02. ParkHanSol_TeamLeader_Build & Multi/02. Script/Multiplayer/RunFlow/NetworkRunSessionRoot.cs:93)
Unity.Netcode.NetworkBehaviour:NetworkSpawn () (at ./Library/PackageCache/com.unity.netcode.gameobjects@0f12e689d980/Runtime/Core/NetworkBehaviour.cs:813)
Unity.Netcode.NetworkObject:InvokeBehaviourNetworkSpawn () (at ./Library/PackageCache/com.unity.netcode.gameobjects@0f12e689d980/Runtime/Core/NetworkObject.cs:2698)
Unity.Netcode.NetworkSpawnManager:SpawnNetworkObjectLocallyCommon (Unity.Netcode.NetworkObject,ulong,bool,bool,ulong,bool) (at ./Library/PackageCache/com.unity.netcode.gameobjects@0f12e689d980/Runtime/Spawning/NetworkSpawnManager.cs:1384)
Unity.Netcode.NetworkSpawnManager:AuthorityLocalSpawn (Unity.Netcode.NetworkObject,ulong,bool,bool,ulong,bool) (at ./Library/PackageCache/com.unity.netcode.gameobjects@0f12e689d980/Runtime/Spawning/NetworkSpawnManager.cs:1182)
Unity.Netcode.NetworkObject:SpawnWithOwnership (ulong,bool) (at ./Library/PackageCache/com.unity.netcode.gameobjects@0f12e689d980/Runtime/Core/NetworkObject.cs:2026)
Unity.Netcode.NetworkSpawnManager:InstantiateAndSpawnNoParameterChecks (Unity.Netcode.NetworkObject,Unity.Netcode.NetworkManager,ulong,bool,bool,bool,UnityEngine.Vector3,UnityEngine.Quaternion) (at ./Library/PackageCache/com.unity.netcode.gameobjects@0f12e689d980/Runtime/Spawning/NetworkSpawnManager.cs:853)
Unity.Netcode.NetworkSpawnManager:InstantiateAndSpawn (Unity.Netcode.NetworkObject,ulong,bool,bool,bool,UnityEngine.Vector3,UnityEngine.Quaternion) (at ./Library/PackageCache/com.unity.netcode.gameobjects@0f12e689d980/Runtime/Spawning/NetworkSpawnManager.cs:811)
LastJumpCrew.ParkHanSol.Multiplayer.NetworkRunSessionRootBootstrap:TrySpawnServerRoot () (at E:/UNITY/LastJumpCrew/Assets/02. ParkHanSol_TeamLeader_Build & Multi/02. Script/Multiplayer/RunFlow/NetworkRunSessionRootBootstrap.cs:86)
LastJumpCrew.ParkHanSol.Multiplayer.NetworkRunSessionRootBootstrap:HandleServerStarted () (at E:/UNITY/LastJumpCrew/Assets/02. ParkHanSol_TeamLeader_Build & Multi/02. Script/Multiplayer/RunFlow/NetworkRunSessionRootBootstrap.cs:61)
Unity.Netcode.NetworkManager:HostServerInitialize () (at ./Library/PackageCache/com.unity.netcode.gameobjects@0f12e689d980/Runtime/Core/NetworkManager.cs:1530)
Unity.Netcode.NetworkManager:StartHost () (at ./Library/PackageCache/com.unity.netcode.gameobjects@0f12e689d980/Runtime/Core/NetworkManager.cs:1483)
Unity.Services.Multiplayer.NetworkManagerSession:SetupNetworkManagerLifecycleMonitoring (System.Threading.CancellationToken) (at ./Library/PackageCache/com.unity.services.multiplayer@a6d6ce688d71/Runtime/Multiplayer/Modules/Network/Handlers/NetworkHandler/NetworkManagerSession.cs:328)
Unity.Services.Multiplayer.NetworkManagerSession/<StartAsync>d__28:MoveNext () (at ./Library/PackageCache/com.unity.services.multiplayer@a6d6ce688d71/Runtime/Multiplayer/Modules/Network/Handlers/NetworkHandler/NetworkManagerSession.cs:165)
System.Runtime.CompilerServices.AsyncTaskMethodBuilder:Start<Unity.Services.Multiplayer.NetworkManagerSession/<StartAsync>d__28> (Unity.Services.Multiplayer.NetworkManagerSession/<StartAsync>d__28&)
Unity.Services.Multiplayer.NetworkManagerSession:StartAsync (System.Threading.CancellationToken)
Unity.Services.Multiplayer.GameObjectsNetcodeNetworkHandler/<StartAsync>d__4:MoveNext () (at ./Library/PackageCache/com.unity.services.multiplayer@a6d6ce688d71/Runtime/Multiplayer/Modules/Network/Handlers/NetworkHandler/GameObjectsNetcodeNetworkHandler.cs:77)
System.Runtime.CompilerServices.AsyncTaskMethodBuilder:Start<Unity.Services.Multiplayer.GameObjectsNetcodeNetworkHandler/<StartAsync>d__4> (Unity.Services.Multiplayer.GameObjectsNetcodeNetworkHandler/<StartAsync>d__4&)
Unity.Services.Multiplayer.GameObjectsNetcodeNetworkHandler:StartAsync (Unity.Services.Multiplayer.NetworkConfiguration)
Unity.Services.Multiplayer.NetworkModule:StartNetworkHandlerAsync (Unity.Services.Multiplayer.NetworkConfiguration) (at ./Library/PackageCache/com.unity.services.multiplayer@a6d6ce688d71/Runtime/Multiplayer/Modules/Network/NetworkModule.cs:554)
Unity.Services.Multiplayer.NetworkModule/<StartNetworkWithOptionsAsync>d__64:MoveNext () (at ./Library/PackageCache/com.unity.services.multiplayer@a6d6ce688d71/Runtime/Multiplayer/Modules/Network/NetworkModule.cs:303)
System.Runtime.CompilerServices.AsyncMethodBuilderCore/MoveNextRunner:InvokeMoveNext (object)
System.Threading.ExecutionContext:RunInternal (System.Threading.ExecutionContext,System.Threading.ContextCallback,object,bool)
System.Threading.ExecutionContext:Run (System.Threading.ExecutionContext,System.Threading.ContextCallback,object,bool)
System.Runtime.CompilerServices.AsyncMethodBuilderCore/MoveNextRunner:Run ()
System.Threading.Tasks.AwaitTaskContinuation:InvokeAction (object)
System.Threading.Tasks.AwaitTaskContinuation:RunCallback (System.Threading.ContextCallback,object,System.Threading.Tasks.Task&)
System.Threading.Tasks.SynchronizationContextAwaitTaskContinuation:Run (System.Threading.Tasks.Task,bool)
System.Threading.Tasks.Task:FinishContinuations ()
System.Threading.Tasks.Task:FinishStageThree ()
System.Threading.Tasks.Task`1<System.Threading.Tasks.VoidTaskResult>:TrySetResult (System.Threading.Tasks.VoidTaskResult)
System.Runtime.CompilerServices.AsyncTaskMethodBuilder`1<System.Threading.Tasks.VoidTaskResult>:SetResult (System.Threading.Tasks.VoidTaskResult)
System.Runtime.CompilerServices.AsyncTaskMethodBuilder`1<System.Threading.Tasks.VoidTaskResult>:SetResult (System.Threading.Tasks.Task`1<System.Threading.Tasks.VoidTaskResult>)
System.Runtime.CompilerServices.AsyncTaskMethodBuilder:SetResult ()
Unity.Services.Multiplayer.RelayHandler/<FetchJoinCodeAsync>d__22:MoveNext () (at ./Library/PackageCache/com.unity.services.multiplayer@a6d6ce688d71/Runtime/Multiplayer/Modules/Network/Handlers/Relay/RelayHandler.cs:109)
System.Runtime.CompilerServices.AsyncMethodBuilderCore/MoveNextRunner:InvokeMoveNext (object)
System.Threading.ExecutionContext:RunInternal (System.Threading.ExecutionContext,System.Threading.ContextCallback,object,bool)
System.Threading.ExecutionContext:Run (System.Threading.ExecutionContext,System.Threading.ContextCallback,object,bool)
System.Runtime.CompilerServices.AsyncMethodBuilderCore/MoveNextRunner:Run ()
System.Threading.Tasks.AwaitTaskContinuation:InvokeAction (object)
System.Threading.Tasks.AwaitTaskContinuation:RunCallback (System.Threading.ContextCallback,object,System.Threading.Tasks.Task&)
System.Threading.Tasks.SynchronizationContextAwaitTaskContinuation:Run (System.Threading.Tasks.Task,bool)
System.Threading.Tasks.Task:FinishContinuations ()
System.Threading.Tasks.Task:FinishStageThree ()
System.Threading.Tasks.Task`1<string>:TrySetResult (string)
System.Runtime.CompilerServices.AsyncTaskMethodBuilder`1<string>:SetResult (string)
Unity.Services.Relay.WrappedRelayService/<GetJoinCodeAsync>d__11:MoveNext () (at ./Library/PackageCache/com.unity.services.multiplayer@a6d6ce688d71/Runtime/Relay/SDK/WrappedRelayService.cs:134)
System.Runtime.CompilerServices.AsyncMethodBuilderCore/MoveNextRunner:InvokeMoveNext (object)
System.Threading.ExecutionContext:RunInternal (System.Threading.ExecutionContext,System.Threading.ContextCallback,object,bool)
System.Threading.ExecutionContext:Run (System.Threading.ExecutionContext,System.Threading.ContextCallback,object,bool)
System.Runtime.CompilerServices.AsyncMethodBuilderCore/MoveNextRunner:Run ()
System.Threading.Tasks.AwaitTaskContinuation:InvokeAction (object)
System.Threading.Tasks.AwaitTaskContinuation:RunCallback (System.Threading.ContextCallback,object,System.Threading.Tasks.Task&)
System.Threading.Tasks.SynchronizationContextAwaitTaskContinuation:Run (System.Threading.Tasks.Task,bool)
System.Threading.Tasks.Task:FinishContinuations ()
System.Threading.Tasks.Task:FinishStageThree ()
System.Threading.Tasks.Task`1<Unity.Services.Relay.Response`1<Unity.Services.Relay.Models.JoinCodeResponseBody>>:TrySetResult (Unity.Services.Relay.Response`1<Unity.Services.Relay.Models.JoinCodeResponseBody>)
System.Runtime.CompilerServices.AsyncTaskMethodBuilder`1<Unity.Services.Relay.Response`1<Unity.Services.Relay.Models.JoinCodeResponseBody>>:SetResult (Unity.Services.Relay.Response`1<Unity.Services.Relay.Models.JoinCodeResponseBody>)
Unity.Services.Relay.Apis.RelayAllocations.RelayAllocationsApiClient/<CreateJoincodeAsync>d__8:MoveNext () (at ./Library/PackageCache/com.unity.services.multiplayer@a6d6ce688d71/Runtime/Relay/Apis/RelayAllocationsApi.cs:160)
System.Runtime.CompilerServices.AsyncMethodBuilderCore/MoveNextRunner:InvokeMoveNext (object)
System.Threading.ExecutionContext:RunInternal (System.Threading.ExecutionContext,System.Threading.ContextCallback,object,bool)
System.Threading.ExecutionContext:Run (System.Threading.ExecutionContext,System.Threading.ContextCallback,object,bool)
System.Runtime.CompilerServices.AsyncMethodBuilderCore/MoveNextRunner:Run ()
System.Threading.Tasks.AwaitTaskContinuation:InvokeAction (object)
System.Threading.Tasks.AwaitTaskContinuation:RunCallback (System.Threading.ContextCallback,object,System.Threading.Tasks.Task&)
System.Threading.Tasks.SynchronizationContextAwaitTaskContinuation:Run (System.Threading.Tasks.Task,bool)
System.Threading.Tasks.Task:FinishContinuations ()
System.Threading.Tasks.Task:FinishStageThree ()
System.Threading.Tasks.Task`1<Unity.Services.Relay.Http.HttpClientResponse>:TrySetResult (Unity.Services.Relay.Http.HttpClientResponse)
System.Runtime.CompilerServices.AsyncTaskMethodBuilder`1<Unity.Services.Relay.Http.HttpClientResponse>:SetResult (Unity.Services.Relay.Http.HttpClientResponse)
Unity.Services.Relay.Http.HttpClient/<MakeRequestAsync>d__1:MoveNext () (at ./Library/PackageCache/com.unity.services.multiplayer@a6d6ce688d71/Runtime/Relay/Http/HttpClient.cs:41)
System.Runtime.CompilerServices.AsyncMethodBuilderCore/MoveNextRunner:InvokeMoveNext (object)
System.Threading.ExecutionContext:RunInternal (System.Threading.ExecutionContext,System.Threading.ContextCallback,object,bool)
System.Threading.ExecutionContext:Run (System.Threading.ExecutionContext,System.Threading.ContextCallback,object,bool)
System.Runtime.CompilerServices.AsyncMethodBuilderCore/MoveNextRunner:Run ()
System.Threading.Tasks.AwaitTaskContinuation:InvokeAction (object)
System.Threading.Tasks.AwaitTaskContinuation:RunCallback (System.Threading.ContextCallback,object,System.Threading.Tasks.Task&)
System.Threading.Tasks.SynchronizationContextAwaitTaskContinuation:Run (System.Threading.Tasks.Task,bool)
System.Threading.Tasks.Task:FinishContinuations ()
System.Threading.Tasks.Task:FinishStageThree ()
System.Threading.Tasks.Task`1<Unity.Services.Relay.Http.HttpClientResponse>:TrySetResult (Unity.Services.Relay.Http.HttpClientResponse)
System.Runtime.CompilerServices.AsyncTaskMethodBuilder`1<Unity.Services.Relay.Http.HttpClientResponse>:SetResult (Unity.Services.Relay.Http.HttpClientResponse)
Unity.Services.Relay.Http.HttpClient/<CreateWebRequestAsync>d__3:MoveNext () (at ./Library/PackageCache/com.unity.services.multiplayer@a6d6ce688d71/Runtime/Relay/Http/HttpClient.cs:56)
System.Runtime.CompilerServices.AsyncMethodBuilderCore/MoveNextRunner:InvokeMoveNext (object)
System.Threading.ExecutionContext:RunInternal (System.Threading.ExecutionContext,System.Threading.ContextCallback,object,bool)
System.Threading.ExecutionContext:Run (System.Threading.ExecutionContext,System.Threading.ContextCallback,object,bool)
System.Runtime.CompilerServices.AsyncMethodBuilderCore/MoveNextRunner:Run ()
System.Threading.Tasks.AwaitTaskContinuation:InvokeAction (object)
System.Threading.Tasks.AwaitTaskContinuation:RunCallback (System.Threading.ContextCallback,object,System.Threading.Tasks.Task&)
System.Threading.Tasks.SynchronizationContextAwaitTaskContinuation:Run (System.Threading.Tasks.Task,bool)
System.Threading.Tasks.Task:FinishContinuations ()
System.Threading.Tasks.Task:FinishStageThree ()
System.Threading.Tasks.Task`1<Unity.Services.Relay.Http.HttpClientResponse>:TrySetResult (Unity.Services.Relay.Http.HttpClientResponse)
System.Runtime.CompilerServices.AsyncTaskMethodBuilder`1<Unity.Services.Relay.Http.HttpClientResponse>:SetResult (Unity.Services.Relay.Http.HttpClientResponse)
Unity.Services.Relay.Http.HttpClient/<CreateHttpClientResponse>d__4:MoveNext () (at ./Library/PackageCache/com.unity.services.multiplayer@a6d6ce688d71/Runtime/Relay/Http/HttpClient.cs:84)
System.Runtime.CompilerServices.AsyncMethodBuilderCore/MoveNextRunner:InvokeMoveNext (object)
System.Threading.ExecutionContext:RunInternal (System.Threading.ExecutionContext,System.Threading.ContextCallback,object,bool)
System.Threading.ExecutionContext:Run (System.Threading.ExecutionContext,System.Threading.ContextCallback,object,bool)
System.Runtime.CompilerServices.AsyncMethodBuilderCore/MoveNextRunner:Run ()
System.Threading.Tasks.AwaitTaskContinuation:InvokeAction (object)
System.Threading.Tasks.AwaitTaskContinuation:RunCallback (System.Threading.ContextCallback,object,System.Threading.Tasks.Task&)
System.Threading.Tasks.SynchronizationContextAwaitTaskContinuation:Run (System.Threading.Tasks.Task,bool)
System.Threading.Tasks.Task:FinishContinuations ()
System.Threading.Tasks.Task:FinishStageThree ()
System.Threading.Tasks.Task`1<Unity.Services.Relay.Http.HttpClientResponse>:TrySetResult (Unity.Services.Relay.Http.HttpClientResponse)
System.Runtime.CompilerServices.AsyncTaskMethodBuilder`1<Unity.Services.Relay.Http.HttpClientResponse>:SetResult (Unity.Services.Relay.Http.HttpClientResponse)
Unity.Services.Relay.Http.HttpClient/<>c__DisplayClass4_0/<<CreateHttpClientResponse>b__0>d:MoveNext () (at ./Library/PackageCache/com.unity.services.multiplayer@a6d6ce688d71/Runtime/Relay/Http/HttpClient.cs:81)
System.Runtime.CompilerServices.AsyncMethodBuilderCore/MoveNextRunner:InvokeMoveNext (object)
System.Threading.ExecutionContext:RunInternal (System.Threading.ExecutionContext,System.Threading.ContextCallback,object,bool)
System.Threading.ExecutionContext:Run (System.Threading.ExecutionContext,System.Threading.ContextCallback,object,bool)
System.Runtime.CompilerServices.AsyncMethodBuilderCore/MoveNextRunner:Run ()
System.Threading.Tasks.AwaitTaskContinuation:InvokeAction (object)
System.Threading.Tasks.AwaitTaskContinuation:RunCallback (System.Threading.ContextCallback,object,System.Threading.Tasks.Task&)
System.Threading.Tasks.SynchronizationContextAwaitTaskContinuation:Run (System.Threading.Tasks.Task,bool)
System.Threading.Tasks.Task:FinishContinuations ()
System.Threading.Tasks.Task:FinishStageThree ()
System.Threading.Tasks.Task`1<Unity.Services.Relay.Http.HttpClientResponse>:TrySetResult (Unity.Services.Relay.Http.HttpClientResponse)
System.Threading.Tasks.TaskCompletionSource`1<Unity.Services.Relay.Http.HttpClientResponse>:TrySetResult (Unity.Services.Relay.Http.HttpClientResponse)
System.Threading.Tasks.TaskCompletionSource`1<Unity.Services.Relay.Http.HttpClientResponse>:SetResult (Unity.Services.Relay.Http.HttpClientResponse)
Unity.Services.Relay.Http.UnityWebRequestHelpers/<>c__DisplayClass0_0:<GetAwaiter>b__0 (UnityEngine.AsyncOperation) (at ./Library/PackageCache/com.unity.services.multiplayer@a6d6ce688d71/Runtime/Relay/Http/UnityWebRequestHelpers.cs:34)
UnityEngine.AsyncOperation:InvokeCompletionEvent () (at C:/build/output/unity/unity/Runtime/Export/Scripting/AsyncOperation.cs:24)

(Filename: C:/build/output/unity/unity/Runtime/Export/Debug/Debug.bindings.cs Line: 128)

PHS_STAGE_CLOCK_READY server=True state=Stopped sequence=0 revision=0
UnityEngine.Debug:ExtractStackTraceNoAlloc (byte*,int,string)
UnityEngine.StackTraceUtility:ExtractStackTrace () (at C:/build/output/unity/unity/Runtime/Export/Scripting/StackTrace.cs:35)
UnityEngine.DebugLogHandler:Internal_Log (UnityEngine.LogType,UnityEngine.LogOption,string,UnityEngine.Object)
UnityEngine.DebugLogHandler:LogFormat (UnityEngine.LogType,UnityEngine.Object,string,object[]) (at C:/build/output/unity/unity/Runtime/Export/Logging/DebugLogHandler.cs:9)
UnityEngine.Logger:Log (UnityEngine.LogType,object,UnityEngine.Object) (at C:/build/output/unity/unity/Runtime/Export/Logging/Logger.cs:66)
UnityEngine.Debug:Log (object,UnityEngine.Object) (at C:/build/output/unity/unity/Runtime/Export/Debug/Debug.bindings.cs:128)
LastJumpCrew.ParkHanSol.Multiplayer.NetworkRunStageClock:OnNetworkSpawn () (at E:/UNITY/LastJumpCrew/Assets/02. ParkHanSol_TeamLeader_Build & Multi/02. Script/Multiplayer/RunFlow/NetworkRunStageClock.cs:46)
Unity.Netcode.NetworkBehaviour:NetworkSpawn () (at ./Library/PackageCache/com.unity.netcode.gameobjects@0f12e689d980/Runtime/Core/NetworkBehaviour.cs:813)
Unity.Netcode.NetworkObject:InvokeBehaviourNetworkSpawn () (at ./Library/PackageCache/com.unity.netcode.gameobjects@0f12e689d980/Runtime/Core/NetworkObject.cs:2698)
Unity.Netcode.NetworkSpawnManager:SpawnNetworkObjectLocallyCommon (Unity.Netcode.NetworkObject,ulong,bool,bool,ulong,bool) (at ./Library/PackageCache/com.unity.netcode.gameobjects@0f12e689d980/Runtime/Spawning/NetworkSpawnManager.cs:1384)
Unity.Netcode.NetworkSpawnManager:AuthorityLocalSpawn (Unity.Netcode.NetworkObject,ulong,bool,bool,ulong,bool) (at ./Library/PackageCache/com.unity.netcode.gameobjects@0f12e689d980/Runtime/Spawning/NetworkSpawnManager.cs:1182)
Unity.Netcode.NetworkObject:SpawnWithOwnership (ulong,bool) (at ./Library/PackageCache/com.unity.netcode.gameobjects@0f12e689d980/Runtime/Core/NetworkObject.cs:2026)
Unity.Netcode.NetworkSpawnManager:InstantiateAndSpawnNoParameterChecks (Unity.Netcode.NetworkObject,Unity.Netcode.NetworkManager,ulong,bool,bool,bool,UnityEngine.Vector3,UnityEngine.Quaternion) (at ./Library/PackageCache/com.unity.netcode.gameobjects@0f12e689d980/Runtime/Spawning/NetworkSpawnManager.cs:853)
Unity.Netcode.NetworkSpawnManager:InstantiateAndSpawn (Unity.Netcode.NetworkObject,ulong,bool,bool,bool,UnityEngine.Vector3,UnityEngine.Quaternion) (at ./Library/PackageCache/com.unity.netcode.gameobjects@0f12e689d980/Runtime/Spawning/NetworkSpawnManager.cs:811)
LastJumpCrew.ParkHanSol.Multiplayer.NetworkRunSessionRootBootstrap:TrySpawnServerRoot () (at E:/UNITY/LastJumpCrew/Assets/02. ParkHanSol_TeamLeader_Build & Multi/02. Script/Multiplayer/RunFlow/NetworkRunSessionRootBootstrap.cs:86)
LastJumpCrew.ParkHanSol.Multiplayer.NetworkRunSessionRootBootstrap:HandleServerStarted () (at E:/UNITY/LastJumpCrew/Assets/02. ParkHanSol_TeamLeader_Build & Multi/02. Script/Multiplayer/RunFlow/NetworkRunSessionRootBootstrap.cs:61)
Unity.Netcode.NetworkManager:HostServerInitialize () (at ./Library/PackageCache/com.unity.netcode.gameobjects@0f12e689d980/Runtime/Core/NetworkManager.cs:1530)
Unity.Netcode.NetworkManager:StartHost () (at ./Library/PackageCache/com.unity.netcode.gameobjects@0f12e689d980/Runtime/Core/NetworkManager.cs:1483)
Unity.Services.Multiplayer.NetworkManagerSession:SetupNetworkManagerLifecycleMonitoring (System.Threading.CancellationToken) (at ./Library/PackageCache/com.unity.services.multiplayer@a6d6ce688d71/Runtime/Multiplayer/Modules/Network/Handlers/NetworkHandler/NetworkManagerSession.cs:328)
Unity.Services.Multiplayer.NetworkManagerSession/<StartAsync>d__28:MoveNext () (at ./Library/PackageCache/com.unity.services.multiplayer@a6d6ce688d71/Runtime/Multiplayer/Modules/Network/Handlers/NetworkHandler/NetworkManagerSession.cs:165)
System.Runtime.CompilerServices.AsyncTaskMethodBuilder:Start<Unity.Services.Multiplayer.NetworkManagerSession/<StartAsync>d__28> (Unity.Services.Multiplayer.NetworkManagerSession/<StartAsync>d__28&)
Unity.Services.Multiplayer.NetworkManagerSession:StartAsync (System.Threading.CancellationToken)
Unity.Services.Multiplayer.GameObjectsNetcodeNetworkHandler/<StartAsync>d__4:MoveNext () (at ./Library/PackageCache/com.unity.services.multiplayer@a6d6ce688d71/Runtime/Multiplayer/Modules/Network/Handlers/NetworkHandler/GameObjectsNetcodeNetworkHandler.cs:77)
System.Runtime.CompilerServices.AsyncTaskMethodBuilder:Start<Unity.Services.Multiplayer.GameObjectsNetcodeNetworkHandler/<StartAsync>d__4> (Unity.Services.Multiplayer.GameObjectsNetcodeNetworkHandler/<StartAsync>d__4&)
Unity.Services.Multiplayer.GameObjectsNetcodeNetworkHandler:StartAsync (Unity.Services.Multiplayer.NetworkConfiguration)
Unity.Services.Multiplayer.NetworkModule:StartNetworkHandlerAsync (Unity.Services.Multiplayer.NetworkConfiguration) (at ./Library/PackageCache/com.unity.services.multiplayer@a6d6ce688d71/Runtime/Multiplayer/Modules/Network/NetworkModule.cs:554)
Unity.Services.Multiplayer.NetworkModule/<StartNetworkWithOptionsAsync>d__64:MoveNext () (at ./Library/PackageCache/com.unity.services.multiplayer@a6d6ce688d71/Runtime/Multiplayer/Modules/Network/NetworkModule.cs:303)
System.Runtime.CompilerServices.AsyncMethodBuilderCore/MoveNextRunner:InvokeMoveNext (object)
System.Threading.ExecutionContext:RunInternal (System.Threading.ExecutionContext,System.Threading.ContextCallback,object,bool)
System.Threading.ExecutionContext:Run (System.Threading.ExecutionContext,System.Threading.ContextCallback,object,bool)
System.Runtime.CompilerServices.AsyncMethodBuilderCore/MoveNextRunner:Run ()
System.Threading.Tasks.AwaitTaskContinuation:InvokeAction (object)
System.Threading.Tasks.AwaitTaskContinuation:RunCallback (System.Threading.ContextCallback,object,System.Threading.Tasks.Task&)
System.Threading.Tasks.SynchronizationContextAwaitTaskContinuation:Run (System.Threading.Tasks.Task,bool)
System.Threading.Tasks.Task:FinishContinuations ()
System.Threading.Tasks.Task:FinishStageThree ()
System.Threading.Tasks.Task`1<System.Threading.Tasks.VoidTaskResult>:TrySetResult (System.Threading.Tasks.VoidTaskResult)
System.Runtime.CompilerServices.AsyncTaskMethodBuilder`1<System.Threading.Tasks.VoidTaskResult>:SetResult (System.Threading.Tasks.VoidTaskResult)
System.Runtime.CompilerServices.AsyncTaskMethodBuilder`1<System.Threading.Tasks.VoidTaskResult>:SetResult (System.Threading.Tasks.Task`1<System.Threading.Tasks.VoidTaskResult>)
System.Runtime.CompilerServices.AsyncTaskMethodBuilder:SetResult ()
Unity.Services.Multiplayer.RelayHandler/<FetchJoinCodeAsync>d__22:MoveNext () (at ./Library/PackageCache/com.unity.services.multiplayer@a6d6ce688d71/Runtime/Multiplayer/Modules/Network/Handlers/Relay/RelayHandler.cs:109)
System.Runtime.CompilerServices.AsyncMethodBuilderCore/MoveNextRunner:InvokeMoveNext (object)
System.Threading.ExecutionContext:RunInternal (System.Threading.ExecutionContext,System.Threading.ContextCallback,object,bool)
System.Threading.ExecutionContext:Run (System.Threading.ExecutionContext,System.Threading.ContextCallback,object,bool)
System.Runtime.CompilerServices.AsyncMethodBuilderCore/MoveNextRunner:Run ()
System.Threading.Tasks.AwaitTaskContinuation:InvokeAction (object)
System.Threading.Tasks.AwaitTaskContinuation:RunCallback (System.Threading.ContextCallback,object,System.Threading.Tasks.Task&)
System.Threading.Tasks.SynchronizationContextAwaitTaskContinuation:Run (System.Threading.Tasks.Task,bool)
System.Threading.Tasks.Task:FinishContinuations ()
System.Threading.Tasks.Task:FinishStageThree ()
System.Threading.Tasks.Task`1<string>:TrySetResult (string)
System.Runtime.CompilerServices.AsyncTaskMethodBuilder`1<string>:SetResult (string)
Unity.Services.Relay.WrappedRelayService/<GetJoinCodeAsync>d__11:MoveNext () (at ./Library/PackageCache/com.unity.services.multiplayer@a6d6ce688d71/Runtime/Relay/SDK/WrappedRelayService.cs:134)
System.Runtime.CompilerServices.AsyncMethodBuilderCore/MoveNextRunner:InvokeMoveNext (object)
System.Threading.ExecutionContext:RunInternal (System.Threading.ExecutionContext,System.Threading.ContextCallback,object,bool)
System.Threading.ExecutionContext:Run (System.Threading.ExecutionContext,System.Threading.ContextCallback,object,bool)
System.Runtime.CompilerServices.AsyncMethodBuilderCore/MoveNextRunner:Run ()
System.Threading.Tasks.AwaitTaskContinuation:InvokeAction (object)
System.Threading.Tasks.AwaitTaskContinuation:RunCallback (System.Threading.ContextCallback,object,System.Threading.Tasks.Task&)
System.Threading.Tasks.SynchronizationContextAwaitTaskContinuation:Run (System.Threading.Tasks.Task,bool)
System.Threading.Tasks.Task:FinishContinuations ()
System.Threading.Tasks.Task:FinishStageThree ()
System.Threading.Tasks.Task`1<Unity.Services.Relay.Response`1<Unity.Services.Relay.Models.JoinCodeResponseBody>>:TrySetResult (Unity.Services.Relay.Response`1<Unity.Services.Relay.Models.JoinCodeResponseBody>)
System.Runtime.CompilerServices.AsyncTaskMethodBuilder`1<Unity.Services.Relay.Response`1<Unity.Services.Relay.Models.JoinCodeResponseBody>>:SetResult (Unity.Services.Relay.Response`1<Unity.Services.Relay.Models.JoinCodeResponseBody>)
Unity.Services.Relay.Apis.RelayAllocations.RelayAllocationsApiClient/<CreateJoincodeAsync>d__8:MoveNext () (at ./Library/PackageCache/com.unity.services.multiplayer@a6d6ce688d71/Runtime/Relay/Apis/RelayAllocationsApi.cs:160)
System.Runtime.CompilerServices.AsyncMethodBuilderCore/MoveNextRunner:InvokeMoveNext (object)
System.Threading.ExecutionContext:RunInternal (System.Threading.ExecutionContext,System.Threading.ContextCallback,object,bool)
System.Threading.ExecutionContext:Run (System.Threading.ExecutionContext,System.Threading.ContextCallback,object,bool)
System.Runtime.CompilerServices.AsyncMethodBuilderCore/MoveNextRunner:Run ()
System.Threading.Tasks.AwaitTaskContinuation:InvokeAction (object)
System.Threading.Tasks.AwaitTaskContinuation:RunCallback (System.Threading.ContextCallback,object,System.Threading.Tasks.Task&)
System.Threading.Tasks.SynchronizationContextAwaitTaskContinuation:Run (System.Threading.Tasks.Task,bool)
System.Threading.Tasks.Task:FinishContinuations ()
System.Threading.Tasks.Task:FinishStageThree ()
System.Threading.Tasks.Task`1<Unity.Services.Relay.Http.HttpClientResponse>:TrySetResult (Unity.Services.Relay.Http.HttpClientResponse)
System.Runtime.CompilerServices.AsyncTaskMethodBuilder`1<Unity.Services.Relay.Http.HttpClientResponse>:SetResult (Unity.Services.Relay.Http.HttpClientResponse)
Unity.Services.Relay.Http.HttpClient/<MakeRequestAsync>d__1:MoveNext () (at ./Library/PackageCache/com.unity.services.multiplayer@a6d6ce688d71/Runtime/Relay/Http/HttpClient.cs:41)
System.Runtime.CompilerServices.AsyncMethodBuilderCore/MoveNextRunner:InvokeMoveNext (object)
System.Threading.ExecutionContext:RunInternal (System.Threading.ExecutionContext,System.Threading.ContextCallback,object,bool)
System.Threading.ExecutionContext:Run (System.Threading.ExecutionContext,System.Threading.ContextCallback,object,bool)
System.Runtime.CompilerServices.AsyncMethodBuilderCore/MoveNextRunner:Run ()
System.Threading.Tasks.AwaitTaskContinuation:InvokeAction (object)
System.Threading.Tasks.AwaitTaskContinuation:RunCallback (System.Threading.ContextCallback,object,System.Threading.Tasks.Task&)
System.Threading.Tasks.SynchronizationContextAwaitTaskContinuation:Run (System.Threading.Tasks.Task,bool)
System.Threading.Tasks.Task:FinishContinuations ()
System.Threading.Tasks.Task:FinishStageThree ()
System.Threading.Tasks.Task`1<Unity.Services.Relay.Http.HttpClientResponse>:TrySetResult (Unity.Services.Relay.Http.HttpClientResponse)
System.Runtime.CompilerServices.AsyncTaskMethodBuilder`1<Unity.Services.Relay.Http.HttpClientResponse>:SetResult (Unity.Services.Relay.Http.HttpClientResponse)
Unity.Services.Relay.Http.HttpClient/<CreateWebRequestAsync>d__3:MoveNext () (at ./Library/PackageCache/com.unity.services.multiplayer@a6d6ce688d71/Runtime/Relay/Http/HttpClient.cs:56)
System.Runtime.CompilerServices.AsyncMethodBuilderCore/MoveNextRunner:InvokeMoveNext (object)
System.Threading.ExecutionContext:RunInternal (System.Threading.ExecutionContext,System.Threading.ContextCallback,object,bool)
System.Threading.ExecutionContext:Run (System.Threading.ExecutionContext,System.Threading.ContextCallback,object,bool)
System.Runtime.CompilerServices.AsyncMethodBuilderCore/MoveNextRunner:Run ()
System.Threading.Tasks.AwaitTaskContinuation:InvokeAction (object)
System.Threading.Tasks.AwaitTaskContinuation:RunCallback (System.Threading.ContextCallback,object,System.Threading.Tasks.Task&)
System.Threading.Tasks.SynchronizationContextAwaitTaskContinuation:Run (System.Threading.Tasks.Task,bool)
System.Threading.Tasks.Task:FinishContinuations ()
System.Threading.Tasks.Task:FinishStageThree ()
System.Threading.Tasks.Task`1<Unity.Services.Relay.Http.HttpClientResponse>:TrySetResult (Unity.Services.Relay.Http.HttpClientResponse)
System.Runtime.CompilerServices.AsyncTaskMethodBuilder`1<Unity.Services.Relay.Http.HttpClientResponse>:SetResult (Unity.Services.Relay.Http.HttpClientResponse)
Unity.Services.Relay.Http.HttpClient/<CreateHttpClientResponse>d__4:MoveNext () (at ./Library/PackageCache/com.unity.services.multiplayer@a6d6ce688d71/Runtime/Relay/Http/HttpClient.cs:84)
System.Runtime.CompilerServices.AsyncMethodBuilderCore/MoveNextRunner:InvokeMoveNext (object)
System.Threading.ExecutionContext:RunInternal (System.Threading.ExecutionContext,System.Threading.ContextCallback,object,bool)
System.Threading.ExecutionContext:Run (System.Threading.ExecutionContext,System.Threading.ContextCallback,object,bool)
System.Runtime.CompilerServices.AsyncMethodBuilderCore/MoveNextRunner:Run ()
System.Threading.Tasks.AwaitTaskContinuation:InvokeAction (object)
System.Threading.Tasks.AwaitTaskContinuation:RunCallback (System.Threading.ContextCallback,object,System.Threading.Tasks.Task&)
System.Threading.Tasks.SynchronizationContextAwaitTaskContinuation:Run (System.Threading.Tasks.Task,bool)
System.Threading.Tasks.Task:FinishContinuations ()
System.Threading.Tasks.Task:FinishStageThree ()
System.Threading.Tasks.Task`1<Unity.Services.Relay.Http.HttpClientResponse>:TrySetResult (Unity.Services.Relay.Http.HttpClientResponse)
System.Runtime.CompilerServices.AsyncTaskMethodBuilder`1<Unity.Services.Relay.Http.HttpClientResponse>:SetResult (Unity.Services.Relay.Http.HttpClientResponse)
Unity.Services.Relay.Http.HttpClient/<>c__DisplayClass4_0/<<CreateHttpClientResponse>b__0>d:MoveNext () (at ./Library/PackageCache/com.unity.services.multiplayer@a6d6ce688d71/Runtime/Relay/Http/HttpClient.cs:81)
System.Runtime.CompilerServices.AsyncMethodBuilderCore/MoveNextRunner:InvokeMoveNext (object)
System.Threading.ExecutionContext:RunInternal (System.Threading.ExecutionContext,System.Threading.ContextCallback,object,bool)
System.Threading.ExecutionContext:Run (System.Threading.ExecutionContext,System.Threading.ContextCallback,object,bool)
System.Runtime.CompilerServices.AsyncMethodBuilderCore/MoveNextRunner:Run ()
System.Threading.Tasks.AwaitTaskContinuation:InvokeAction (object)
System.Threading.Tasks.AwaitTaskContinuation:RunCallback (System.Threading.ContextCallback,object,System.Threading.Tasks.Task&)
System.Threading.Tasks.SynchronizationContextAwaitTaskContinuation:Run (System.Threading.Tasks.Task,bool)
System.Threading.Tasks.Task:FinishContinuations ()
System.Threading.Tasks.Task:FinishStageThree ()
System.Threading.Tasks.Task`1<Unity.Services.Relay.Http.HttpClientResponse>:TrySetResult (Unity.Services.Relay.Http.HttpClientResponse)
System.Threading.Tasks.TaskCompletionSource`1<Unity.Services.Relay.Http.HttpClientResponse>:TrySetResult (Unity.Services.Relay.Http.HttpClientResponse)
System.Threading.Tasks.TaskCompletionSource`1<Unity.Services.Relay.Http.HttpClientResponse>:SetResult (Unity.Services.Relay.Http.HttpClientResponse)
Unity.Services.Relay.Http.UnityWebRequestHelpers/<>c__DisplayClass0_0:<GetAwaiter>b__0 (UnityEngine.AsyncOperation) (at ./Library/PackageCache/com.unity.services.multiplayer@a6d6ce688d71/Runtime/Relay/Http/UnityWebRequestHelpers.cs:34)
UnityEngine.AsyncOperation:InvokeCompletionEvent () (at C:/build/output/unity/unity/Runtime/Export/Scripting/AsyncOperation.cs:24)

(Filename: C:/build/output/unity/unity/Runtime/Export/Debug/Debug.bindings.cs Line: 128)

PHS_RUN_ECONOMY_READY server=True credits=500 revision=1 deliveries=0
UnityEngine.Debug:ExtractStackTraceNoAlloc (byte*,int,string)
UnityEngine.StackTraceUtility:ExtractStackTrace () (at C:/build/output/unity/unity/Runtime/Export/Scripting/StackTrace.cs:35)
UnityEngine.DebugLogHandler:Internal_Log (UnityEngine.LogType,UnityEngine.LogOption,string,UnityEngine.Object)
UnityEngine.DebugLogHandler:LogFormat (UnityEngine.LogType,UnityEngine.Object,string,object[]) (at C:/build/output/unity/unity/Runtime/Export/Logging/DebugLogHandler.cs:9)
UnityEngine.Logger:Log (UnityEngine.LogType,object,UnityEngine.Object) (at C:/build/output/unity/unity/Runtime/Export/Logging/Logger.cs:66)
UnityEngine.Debug:Log (object,UnityEngine.Object) (at C:/build/output/unity/unity/Runtime/Export/Debug/Debug.bindings.cs:128)
LastJumpCrew.ParkHanSol.Multiplayer.NetworkRunEconomyLedger:OnNetworkSpawn () (at E:/UNITY/LastJumpCrew/Assets/02. ParkHanSol_TeamLeader_Build & Multi/02. Script/Multiplayer/Economy/NetworkRunEconomyLedger.cs:70)
Unity.Netcode.NetworkBehaviour:NetworkSpawn () (at ./Library/PackageCache/com.unity.netcode.gameobjects@0f12e689d980/Runtime/Core/NetworkBehaviour.cs:813)
Unity.Netcode.NetworkObject:InvokeBehaviourNetworkSpawn () (at ./Library/PackageCache/com.unity.netcode.gameobjects@0f12e689d980/Runtime/Core/NetworkObject.cs:2698)
Unity.Netcode.NetworkSpawnManager:SpawnNetworkObjectLocallyCommon (Unity.Netcode.NetworkObject,ulong,bool,bool,ulong,bool) (at ./Library/PackageCache/com.unity.netcode.gameobjects@0f12e689d980/Runtime/Spawning/NetworkSpawnManager.cs:1384)
Unity.Netcode.NetworkSpawnManager:AuthorityLocalSpawn (Unity.Netcode.NetworkObject,ulong,bool,bool,ulong,bool) (at ./Library/PackageCache/com.unity.netcode.gameobjects@0f12e689d980/Runtime/Spawning/NetworkSpawnManager.cs:1182)
Unity.Netcode.NetworkObject:SpawnWithOwnership (ulong,bool) (at ./Library/PackageCache/com.unity.netcode.gameobjects@0f12e689d980/Runtime/Core/NetworkObject.cs:2026)
Unity.Netcode.NetworkSpawnManager:InstantiateAndSpawnNoParameterChecks (Unity.Netcode.NetworkObject,Unity.Netcode.NetworkManager,ulong,bool,bool,bool,UnityEngine.Vector3,UnityEngine.Quaternion) (at ./Library/PackageCache/com.unity.netcode.gameobjects@0f12e689d980/Runtime/Spawning/NetworkSpawnManager.cs:853)
Unity.Netcode.NetworkSpawnManager:InstantiateAndSpawn (Unity.Netcode.NetworkObject,ulong,bool,bool,bool,UnityEngine.Vector3,UnityEngine.Quaternion) (at ./Library/PackageCache/com.unity.netcode.gameobjects@0f12e689d980/Runtime/Spawning/NetworkSpawnManager.cs:811)
LastJumpCrew.ParkHanSol.Multiplayer.NetworkRunSessionRootBootstrap:TrySpawnServerRoot () (at E:/UNITY/LastJumpCrew/Assets/02. ParkHanSol_TeamLeader_Build & Multi/02. Script/Multiplayer/RunFlow/NetworkRunSessionRootBootstrap.cs:86)
LastJumpCrew.ParkHanSol.Multiplayer.NetworkRunSessionRootBootstrap:HandleServerStarted () (at E:/UNITY/LastJumpCrew/Assets/02. ParkHanSol_TeamLeader_Build & Multi/02. Script/Multiplayer/RunFlow/NetworkRunSessionRootBootstrap.cs:61)
Unity.Netcode.NetworkManager:HostServerInitialize () (at ./Library/PackageCache/com.unity.netcode.gameobjects@0f12e689d980/Runtime/Core/NetworkManager.cs:1530)
Unity.Netcode.NetworkManager:StartHost () (at ./Library/PackageCache/com.unity.netcode.gameobjects@0f12e689d980/Runtime/Core/NetworkManager.cs:1483)
Unity.Services.Multiplayer.NetworkManagerSession:SetupNetworkManagerLifecycleMonitoring (System.Threading.CancellationToken) (at ./Library/PackageCache/com.unity.services.multiplayer@a6d6ce688d71/Runtime/Multiplayer/Modules/Network/Handlers/NetworkHandler/NetworkManagerSession.cs:328)
Unity.Services.Multiplayer.NetworkManagerSession/<StartAsync>d__28:MoveNext () (at ./Library/PackageCache/com.unity.services.multiplayer@a6d6ce688d71/Runtime/Multiplayer/Modules/Network/Handlers/NetworkHandler/NetworkManagerSession.cs:165)
System.Runtime.CompilerServices.AsyncTaskMethodBuilder:Start<Unity.Services.Multiplayer.NetworkManagerSession/<StartAsync>d__28> (Unity.Services.Multiplayer.NetworkManagerSession/<StartAsync>d__28&)
Unity.Services.Multiplayer.NetworkManagerSession:StartAsync (System.Threading.CancellationToken)
Unity.Services.Multiplayer.GameObjectsNetcodeNetworkHandler/<StartAsync>d__4:MoveNext () (at ./Library/PackageCache/com.unity.services.multiplayer@a6d6ce688d71/Runtime/Multiplayer/Modules/Network/Handlers/NetworkHandler/GameObjectsNetcodeNetworkHandler.cs:77)
System.Runtime.CompilerServices.AsyncTaskMethodBuilder:Start<Unity.Services.Multiplayer.GameObjectsNetcodeNetworkHandler/<StartAsync>d__4> (Unity.Services.Multiplayer.GameObjectsNetcodeNetworkHandler/<StartAsync>d__4&)
Unity.Services.Multiplayer.GameObjectsNetcodeNetworkHandler:StartAsync (Unity.Services.Multiplayer.NetworkConfiguration)
Unity.Services.Multiplayer.NetworkModule:StartNetworkHandlerAsync (Unity.Services.Multiplayer.NetworkConfiguration) (at ./Library/PackageCache/com.unity.services.multiplayer@a6d6ce688d71/Runtime/Multiplayer/Modules/Network/NetworkModule.cs:554)
Unity.Services.Multiplayer.NetworkModule/<StartNetworkWithOptionsAsync>d__64:MoveNext () (at ./Library/PackageCache/com.unity.services.multiplayer@a6d6ce688d71/Runtime/Multiplayer/Modules/Network/NetworkModule.cs:303)
System.Runtime.CompilerServices.AsyncMethodBuilderCore/MoveNextRunner:InvokeMoveNext (object)
System.Threading.ExecutionContext:RunInternal (System.Threading.ExecutionContext,System.Threading.ContextCallback,object,bool)
System.Threading.ExecutionContext:Run (System.Threading.ExecutionContext,System.Threading.ContextCallback,object,bool)
System.Runtime.CompilerServices.AsyncMethodBuilderCore/MoveNextRunner:Run ()
System.Threading.Tasks.AwaitTaskContinuation:InvokeAction (object)
System.Threading.Tasks.AwaitTaskContinuation:RunCallback (System.Threading.ContextCallback,object,System.Threading.Tasks.Task&)
System.Threading.Tasks.SynchronizationContextAwaitTaskContinuation:Run (System.Threading.Tasks.Task,bool)
System.Threading.Tasks.Task:FinishContinuations ()
System.Threading.Tasks.Task:FinishStageThree ()
System.Threading.Tasks.Task`1<System.Threading.Tasks.VoidTaskResult>:TrySetResult (System.Threading.Tasks.VoidTaskResult)
System.Runtime.CompilerServices.AsyncTaskMethodBuilder`1<System.Threading.Tasks.VoidTaskResult>:SetResult (System.Threading.Tasks.VoidTaskResult)
System.Runtime.CompilerServices.AsyncTaskMethodBuilder`1<System.Threading.Tasks.VoidTaskResult>:SetResult (System.Threading.Tasks.Task`1<System.Threading.Tasks.VoidTaskResult>)
System.Runtime.CompilerServices.AsyncTaskMethodBuilder:SetResult ()
Unity.Services.Multiplayer.RelayHandler/<FetchJoinCodeAsync>d__22:MoveNext () (at ./Library/PackageCache/com.unity.services.multiplayer@a6d6ce688d71/Runtime/Multiplayer/Modules/Network/Handlers/Relay/RelayHandler.cs:109)
System.Runtime.CompilerServices.AsyncMethodBuilderCore/MoveNextRunner:InvokeMoveNext (object)
System.Threading.ExecutionContext:RunInternal (System.Threading.ExecutionContext,System.Threading.ContextCallback,object,bool)
System.Threading.ExecutionContext:Run (System.Threading.ExecutionContext,System.Threading.ContextCallback,object,bool)
System.Runtime.CompilerServices.AsyncMethodBuilderCore/MoveNextRunner:Run ()
System.Threading.Tasks.AwaitTaskContinuation:InvokeAction (object)
System.Threading.Tasks.AwaitTaskContinuation:RunCallback (System.Threading.ContextCallback,object,System.Threading.Tasks.Task&)
System.Threading.Tasks.SynchronizationContextAwaitTaskContinuation:Run (System.Threading.Tasks.Task,bool)
System.Threading.Tasks.Task:FinishContinuations ()
System.Threading.Tasks.Task:FinishStageThree ()
System.Threading.Tasks.Task`1<string>:TrySetResult (string)
System.Runtime.CompilerServices.AsyncTaskMethodBuilder`1<string>:SetResult (string)
Unity.Services.Relay.WrappedRelayService/<GetJoinCodeAsync>d__11:MoveNext () (at ./Library/PackageCache/com.unity.services.multiplayer@a6d6ce688d71/Runtime/Relay/SDK/WrappedRelayService.cs:134)
System.Runtime.CompilerServices.AsyncMethodBuilderCore/MoveNextRunner:InvokeMoveNext (object)
System.Threading.ExecutionContext:RunInternal (System.Threading.ExecutionContext,System.Threading.ContextCallback,object,bool)
System.Threading.ExecutionContext:Run (System.Threading.ExecutionContext,System.Threading.ContextCallback,object,bool)
System.Runtime.CompilerServices.AsyncMethodBuilderCore/MoveNextRunner:Run ()
System.Threading.Tasks.AwaitTaskContinuation:InvokeAction (object)
System.Threading.Tasks.AwaitTaskContinuation:RunCallback (System.Threading.ContextCallback,object,System.Threading.Tasks.Task&)
System.Threading.Tasks.SynchronizationContextAwaitTaskContinuation:Run (System.Threading.Tasks.Task,bool)
System.Threading.Tasks.Task:FinishContinuations ()
System.Threading.Tasks.Task:FinishStageThree ()
System.Threading.Tasks.Task`1<Unity.Services.Relay.Response`1<Unity.Services.Relay.Models.JoinCodeResponseBody>>:TrySetResult (Unity.Services.Relay.Response`1<Unity.Services.Relay.Models.JoinCodeResponseBody>)
System.Runtime.CompilerServices.AsyncTaskMethodBuilder`1<Unity.Services.Relay.Response`1<Unity.Services.Relay.Models.JoinCodeResponseBody>>:SetResult (Unity.Services.Relay.Response`1<Unity.Services.Relay.Models.JoinCodeResponseBody>)
Unity.Services.Relay.Apis.RelayAllocations.RelayAllocationsApiClient/<CreateJoincodeAsync>d__8:MoveNext () (at ./Library/PackageCache/com.unity.services.multiplayer@a6d6ce688d71/Runtime/Relay/Apis/RelayAllocationsApi.cs:160)
System.Runtime.CompilerServices.AsyncMethodBuilderCore/MoveNextRunner:InvokeMoveNext (object)
System.Threading.ExecutionContext:RunInternal (System.Threading.ExecutionContext,System.Threading.ContextCallback,object,bool)
System.Threading.ExecutionContext:Run (System.Threading.ExecutionContext,System.Threading.ContextCallback,object,bool)
System.Runtime.CompilerServices.AsyncMethodBuilderCore/MoveNextRunner:Run ()
System.Threading.Tasks.AwaitTaskContinuation:InvokeAction (object)
System.Threading.Tasks.AwaitTaskContinuation:RunCallback (System.Threading.ContextCallback,object,System.Threading.Tasks.Task&)
System.Threading.Tasks.SynchronizationContextAwaitTaskContinuation:Run (System.Threading.Tasks.Task,bool)
System.Threading.Tasks.Task:FinishContinuations ()
System.Threading.Tasks.Task:FinishStageThree ()
System.Threading.Tasks.Task`1<Unity.Services.Relay.Http.HttpClientResponse>:TrySetResult (Unity.Services.Relay.Http.HttpClientResponse)
System.Runtime.CompilerServices.AsyncTaskMethodBuilder`1<Unity.Services.Relay.Http.HttpClientResponse>:SetResult (Unity.Services.Relay.Http.HttpClientResponse)
Unity.Services.Relay.Http.HttpClient/<MakeRequestAsync>d__1:MoveNext () (at ./Library/PackageCache/com.unity.services.multiplayer@a6d6ce688d71/Runtime/Relay/Http/HttpClient.cs:41)
System.Runtime.CompilerServices.AsyncMethodBuilderCore/MoveNextRunner:InvokeMoveNext (object)
System.Threading.ExecutionContext:RunInternal (System.Threading.ExecutionContext,System.Threading.ContextCallback,object,bool)
System.Threading.ExecutionContext:Run (System.Threading.ExecutionContext,System.Threading.ContextCallback,object,bool)
System.Runtime.CompilerServices.AsyncMethodBuilderCore/MoveNextRunner:Run ()
System.Threading.Tasks.AwaitTaskContinuation:InvokeAction (object)
System.Threading.Tasks.AwaitTaskContinuation:RunCallback (System.Threading.ContextCallback,object,System.Threading.Tasks.Task&)
System.Threading.Tasks.SynchronizationContextAwaitTaskContinuation:Run (System.Threading.Tasks.Task,bool)
System.Threading.Tasks.Task:FinishContinuations ()
System.Threading.Tasks.Task:FinishStageThree ()
System.Threading.Tasks.Task`1<Unity.Services.Relay.Http.HttpClientResponse>:TrySetResult (Unity.Services.Relay.Http.HttpClientResponse)
System.Runtime.CompilerServices.AsyncTaskMethodBuilder`1<Unity.Services.Relay.Http.HttpClientResponse>:SetResult (Unity.Services.Relay.Http.HttpClientResponse)
Unity.Services.Relay.Http.HttpClient/<CreateWebRequestAsync>d__3:MoveNext () (at ./Library/PackageCache/com.unity.services.multiplayer@a6d6ce688d71/Runtime/Relay/Http/HttpClient.cs:56)
System.Runtime.CompilerServices.AsyncMethodBuilderCore/MoveNextRunner:InvokeMoveNext (object)
System.Threading.ExecutionContext:RunInternal (System.Threading.ExecutionContext,System.Threading.ContextCallback,object,bool)
System.Threading.ExecutionContext:Run (System.Threading.ExecutionContext,System.Threading.ContextCallback,object,bool)
System.Runtime.CompilerServices.AsyncMethodBuilderCore/MoveNextRunner:Run ()
System.Threading.Tasks.AwaitTaskContinuation:InvokeAction (object)
System.Threading.Tasks.AwaitTaskContinuation:RunCallback (System.Threading.ContextCallback,object,System.Threading.Tasks.Task&)
System.Threading.Tasks.SynchronizationContextAwaitTaskContinuation:Run (System.Threading.Tasks.Task,bool)
System.Threading.Tasks.Task:FinishContinuations ()
System.Threading.Tasks.Task:FinishStageThree ()
System.Threading.Tasks.Task`1<Unity.Services.Relay.Http.HttpClientResponse>:TrySetResult (Unity.Services.Relay.Http.HttpClientResponse)
System.Runtime.CompilerServices.AsyncTaskMethodBuilder`1<Unity.Services.Relay.Http.HttpClientResponse>:SetResult (Unity.Services.Relay.Http.HttpClientResponse)
Unity.Services.Relay.Http.HttpClient/<CreateHttpClientResponse>d__4:MoveNext () (at ./Library/PackageCache/com.unity.services.multiplayer@a6d6ce688d71/Runtime/Relay/Http/HttpClient.cs:84)
System.Runtime.CompilerServices.AsyncMethodBuilderCore/MoveNextRunner:InvokeMoveNext (object)
System.Threading.ExecutionContext:RunInternal (System.Threading.ExecutionContext,System.Threading.ContextCallback,object,bool)
System.Threading.ExecutionContext:Run (System.Threading.ExecutionContext,System.Threading.ContextCallback,object,bool)
System.Runtime.CompilerServices.AsyncMethodBuilderCore/MoveNextRunner:Run ()
System.Threading.Tasks.AwaitTaskContinuation:InvokeAction (object)
System.Threading.Tasks.AwaitTaskContinuation:RunCallback (System.Threading.ContextCallback,object,System.Threading.Tasks.Task&)
System.Threading.Tasks.SynchronizationContextAwaitTaskContinuation:Run (System.Threading.Tasks.Task,bool)
System.Threading.Tasks.Task:FinishContinuations ()
System.Threading.Tasks.Task:FinishStageThree ()
System.Threading.Tasks.Task`1<Unity.Services.Relay.Http.HttpClientResponse>:TrySetResult (Unity.Services.Relay.Http.HttpClientResponse)
System.Runtime.CompilerServices.AsyncTaskMethodBuilder`1<Unity.Services.Relay.Http.HttpClientResponse>:SetResult (Unity.Services.Relay.Http.HttpClientResponse)
Unity.Services.Relay.Http.HttpClient/<>c__DisplayClass4_0/<<CreateHttpClientResponse>b__0>d:MoveNext () (at ./Library/PackageCache/com.unity.services.multiplayer@a6d6ce688d71/Runtime/Relay/Http/HttpClient.cs:81)
System.Runtime.CompilerServices.AsyncMethodBuilderCore/MoveNextRunner:InvokeMoveNext (object)
System.Threading.ExecutionContext:RunInternal (System.Threading.ExecutionContext,System.Threading.ContextCallback,object,bool)
System.Threading.ExecutionContext:Run (System.Threading.ExecutionContext,System.Threading.ContextCallback,object,bool)
System.Runtime.CompilerServices.AsyncMethodBuilderCore/MoveNextRunner:Run ()
System.Threading.Tasks.AwaitTaskContinuation:InvokeAction (object)
System.Threading.Tasks.AwaitTaskContinuation:RunCallback (System.Threading.ContextCallback,object,System.Threading.Tasks.Task&)
System.Threading.Tasks.SynchronizationContextAwaitTaskContinuation:Run (System.Threading.Tasks.Task,bool)
System.Threading.Tasks.Task:FinishContinuations ()
System.Threading.Tasks.Task:FinishStageThree ()
System.Threading.Tasks.Task`1<Unity.Services.Relay.Http.HttpClientResponse>:TrySetResult (Unity.Services.Relay.Http.HttpClientResponse)
System.Threading.Tasks.TaskCompletionSource`1<Unity.Services.Relay.Http.HttpClientResponse>:TrySetResult (Unity.Services.Relay.Http.HttpClientResponse)
System.Threading.Tasks.TaskCompletionSource`1<Unity.Services.Relay.Http.HttpClientResponse>:SetResult (Unity.Services.Relay.Http.HttpClientResponse)
Unity.Services.Relay.Http.UnityWebRequestHelpers/<>c__DisplayClass0_0:<GetAwaiter>b__0 (UnityEngine.AsyncOperation) (at ./Library/PackageCache/com.unity.services.multiplayer@a6d6ce688d71/Runtime/Relay/Http/UnityWebRequestHelpers.cs:34)
UnityEngine.AsyncOperation:InvokeCompletionEvent () (at C:/build/output/unity/unity/Runtime/Export/Scripting/AsyncOperation.cs:24)

(Filename: C:/build/output/unity/unity/Runtime/Export/Debug/Debug.bindings.cs Line: 128)

PHS_RUN_RANDOM_READY server=True seed=445542894379941932 algorithm=1 revision=1
UnityEngine.Debug:ExtractStackTraceNoAlloc (byte*,int,string)
UnityEngine.StackTraceUtility:ExtractStackTrace () (at C:/build/output/unity/unity/Runtime/Export/Scripting/StackTrace.cs:35)
UnityEngine.DebugLogHandler:Internal_Log (UnityEngine.LogType,UnityEngine.LogOption,string,UnityEngine.Object)
UnityEngine.DebugLogHandler:LogFormat (UnityEngine.LogType,UnityEngine.Object,string,object[]) (at C:/build/output/unity/unity/Runtime/Export/Logging/DebugLogHandler.cs:9)
UnityEngine.Logger:Log (UnityEngine.LogType,object,UnityEngine.Object) (at C:/build/output/unity/unity/Runtime/Export/Logging/Logger.cs:66)
UnityEngine.Debug:Log (object,UnityEngine.Object) (at C:/build/output/unity/unity/Runtime/Export/Debug/Debug.bindings.cs:128)
LastJumpCrew.ParkHanSol.Multiplayer.NetworkRunRandomLedger:OnNetworkSpawn () (at E:/UNITY/LastJumpCrew/Assets/02. ParkHanSol_TeamLeader_Build & Multi/02. Script/Multiplayer/Rng/NetworkRunRandomLedger.cs:63)
Unity.Netcode.NetworkBehaviour:NetworkSpawn () (at ./Library/PackageCache/com.unity.netcode.gameobjects@0f12e689d980/Runtime/Core/NetworkBehaviour.cs:813)
Unity.Netcode.NetworkObject:InvokeBehaviourNetworkSpawn () (at ./Library/PackageCache/com.unity.netcode.gameobjects@0f12e689d980/Runtime/Core/NetworkObject.cs:2698)
Unity.Netcode.NetworkSpawnManager:SpawnNetworkObjectLocallyCommon (Unity.Netcode.NetworkObject,ulong,bool,bool,ulong,bool) (at ./Library/PackageCache/com.unity.netcode.gameobjects@0f12e689d980/Runtime/Spawning/NetworkSpawnManager.cs:1384)
Unity.Netcode.NetworkSpawnManager:AuthorityLocalSpawn (Unity.Netcode.NetworkObject,ulong,bool,bool,ulong,bool) (at ./Library/PackageCache/com.unity.netcode.gameobjects@0f12e689d980/Runtime/Spawning/NetworkSpawnManager.cs:1182)
Unity.Netcode.NetworkObject:SpawnWithOwnership (ulong,bool) (at ./Library/PackageCache/com.unity.netcode.gameobjects@0f12e689d980/Runtime/Core/NetworkObject.cs:2026)
Unity.Netcode.NetworkSpawnManager:InstantiateAndSpawnNoParameterChecks (Unity.Netcode.NetworkObject,Unity.Netcode.NetworkManager,ulong,bool,bool,bool,UnityEngine.Vector3,UnityEngine.Quaternion) (at ./Library/PackageCache/com.unity.netcode.gameobjects@0f12e689d980/Runtime/Spawning/NetworkSpawnManager.cs:853)
Unity.Netcode.NetworkSpawnManager:InstantiateAndSpawn (Unity.Netcode.NetworkObject,ulong,bool,bool,bool,UnityEngine.Vector3,UnityEngine.Quaternion) (at ./Library/PackageCache/com.unity.netcode.gameobjects@0f12e689d980/Runtime/Spawning/NetworkSpawnManager.cs:811)
LastJumpCrew.ParkHanSol.Multiplayer.NetworkRunSessionRootBootstrap:TrySpawnServerRoot () (at E:/UNITY/LastJumpCrew/Assets/02. ParkHanSol_TeamLeader_Build & Multi/02. Script/Multiplayer/RunFlow/NetworkRunSessionRootBootstrap.cs:86)
LastJumpCrew.ParkHanSol.Multiplayer.NetworkRunSessionRootBootstrap:HandleServerStarted () (at E:/UNITY/LastJumpCrew/Assets/02. ParkHanSol_TeamLeader_Build & Multi/02. Script/Multiplayer/RunFlow/NetworkRunSessionRootBootstrap.cs:61)
Unity.Netcode.NetworkManager:HostServerInitialize () (at ./Library/PackageCache/com.unity.netcode.gameobjects@0f12e689d980/Runtime/Core/NetworkManager.cs:1530)
Unity.Netcode.NetworkManager:StartHost () (at ./Library/PackageCache/com.unity.netcode.gameobjects@0f12e689d980/Runtime/Core/NetworkManager.cs:1483)
Unity.Services.Multiplayer.NetworkManagerSession:SetupNetworkManagerLifecycleMonitoring (System.Threading.CancellationToken) (at ./Library/PackageCache/com.unity.services.multiplayer@a6d6ce688d71/Runtime/Multiplayer/Modules/Network/Handlers/NetworkHandler/NetworkManagerSession.cs:328)
Unity.Services.Multiplayer.NetworkManagerSession/<StartAsync>d__28:MoveNext () (at ./Library/PackageCache/com.unity.services.multiplayer@a6d6ce688d71/Runtime/Multiplayer/Modules/Network/Handlers/NetworkHandler/NetworkManagerSession.cs:165)
System.Runtime.CompilerServices.AsyncTaskMethodBuilder:Start<Unity.Services.Multiplayer.NetworkManagerSession/<StartAsync>d__28> (Unity.Services.Multiplayer.NetworkManagerSession/<StartAsync>d__28&)
Unity.Services.Multiplayer.NetworkManagerSession:StartAsync (System.Threading.CancellationToken)
Unity.Services.Multiplayer.GameObjectsNetcodeNetworkHandler/<StartAsync>d__4:MoveNext () (at ./Library/PackageCache/com.unity.services.multiplayer@a6d6ce688d71/Runtime/Multiplayer/Modules/Network/Handlers/NetworkHandler/GameObjectsNetcodeNetworkHandler.cs:77)
System.Runtime.CompilerServices.AsyncTaskMethodBuilder:Start<Unity.Services.Multiplayer.GameObjectsNetcodeNetworkHandler/<StartAsync>d__4> (Unity.Services.Multiplayer.GameObjectsNetcodeNetworkHandler/<StartAsync>d__4&)
Unity.Services.Multiplayer.GameObjectsNetcodeNetworkHandler:StartAsync (Unity.Services.Multiplayer.NetworkConfiguration)
Unity.Services.Multiplayer.NetworkModule:StartNetworkHandlerAsync (Unity.Services.Multiplayer.NetworkConfiguration) (at ./Library/PackageCache/com.unity.services.multiplayer@a6d6ce688d71/Runtime/Multiplayer/Modules/Network/NetworkModule.cs:554)
Unity.Services.Multiplayer.NetworkModule/<StartNetworkWithOptionsAsync>d__64:MoveNext () (at ./Library/PackageCache/com.unity.services.multiplayer@a6d6ce688d71/Runtime/Multiplayer/Modules/Network/NetworkModule.cs:303)
System.Runtime.CompilerServices.AsyncMethodBuilderCore/MoveNextRunner:InvokeMoveNext (object)
System.Threading.ExecutionContext:RunInternal (System.Threading.ExecutionContext,System.Threading.ContextCallback,object,bool)
System.Threading.ExecutionContext:Run (System.Threading.ExecutionContext,System.Threading.ContextCallback,object,bool)
System.Runtime.CompilerServices.AsyncMethodBuilderCore/MoveNextRunner:Run ()
System.Threading.Tasks.AwaitTaskContinuation:InvokeAction (object)
System.Threading.Tasks.AwaitTaskContinuation:RunCallback (System.Threading.ContextCallback,object,System.Threading.Tasks.Task&)
System.Threading.Tasks.SynchronizationContextAwaitTaskContinuation:Run (System.Threading.Tasks.Task,bool)
System.Threading.Tasks.Task:FinishContinuations ()
System.Threading.Tasks.Task:FinishStageThree ()
System.Threading.Tasks.Task`1<System.Threading.Tasks.VoidTaskResult>:TrySetResult (System.Threading.Tasks.VoidTaskResult)
System.Runtime.CompilerServices.AsyncTaskMethodBuilder`1<System.Threading.Tasks.VoidTaskResult>:SetResult (System.Threading.Tasks.VoidTaskResult)
System.Runtime.CompilerServices.AsyncTaskMethodBuilder`1<System.Threading.Tasks.VoidTaskResult>:SetResult (System.Threading.Tasks.Task`1<System.Threading.Tasks.VoidTaskResult>)
System.Runtime.CompilerServices.AsyncTaskMethodBuilder:SetResult ()
Unity.Services.Multiplayer.RelayHandler/<FetchJoinCodeAsync>d__22:MoveNext () (at ./Library/PackageCache/com.unity.services.multiplayer@a6d6ce688d71/Runtime/Multiplayer/Modules/Network/Handlers/Relay/RelayHandler.cs:109)
System.Runtime.CompilerServices.AsyncMethodBuilderCore/MoveNextRunner:InvokeMoveNext (object)
System.Threading.ExecutionContext:RunInternal (System.Threading.ExecutionContext,System.Threading.ContextCallback,object,bool)
System.Threading.ExecutionContext:Run (System.Threading.ExecutionContext,System.Threading.ContextCallback,object,bool)
System.Runtime.CompilerServices.AsyncMethodBuilderCore/MoveNextRunner:Run ()
System.Threading.Tasks.AwaitTaskContinuation:InvokeAction (object)
System.Threading.Tasks.AwaitTaskContinuation:RunCallback (System.Threading.ContextCallback,object,System.Threading.Tasks.Task&)
System.Threading.Tasks.SynchronizationContextAwaitTaskContinuation:Run (System.Threading.Tasks.Task,bool)
System.Threading.Tasks.Task:FinishContinuations ()
System.Threading.Tasks.Task:FinishStageThree ()
System.Threading.Tasks.Task`1<string>:TrySetResult (string)
System.Runtime.CompilerServices.AsyncTaskMethodBuilder`1<string>:SetResult (string)
Unity.Services.Relay.WrappedRelayService/<GetJoinCodeAsync>d__11:MoveNext () (at ./Library/PackageCache/com.unity.services.multiplayer@a6d6ce688d71/Runtime/Relay/SDK/WrappedRelayService.cs:134)
System.Runtime.CompilerServices.AsyncMethodBuilderCore/MoveNextRunner:InvokeMoveNext (object)
System.Threading.ExecutionContext:RunInternal (System.Threading.ExecutionContext,System.Threading.ContextCallback,object,bool)
System.Threading.ExecutionContext:Run (System.Threading.ExecutionContext,System.Threading.ContextCallback,object,bool)
System.Runtime.CompilerServices.AsyncMethodBuilderCore/MoveNextRunner:Run ()
System.Threading.Tasks.AwaitTaskContinuation:InvokeAction (object)
System.Threading.Tasks.AwaitTaskContinuation:RunCallback (System.Threading.ContextCallback,object,System.Threading.Tasks.Task&)
System.Threading.Tasks.SynchronizationContextAwaitTaskContinuation:Run (System.Threading.Tasks.Task,bool)
System.Threading.Tasks.Task:FinishContinuations ()
System.Threading.Tasks.Task:FinishStageThree ()
System.Threading.Tasks.Task`1<Unity.Services.Relay.Response`1<Unity.Services.Relay.Models.JoinCodeResponseBody>>:TrySetResult (Unity.Services.Relay.Response`1<Unity.Services.Relay.Models.JoinCodeResponseBody>)
System.Runtime.CompilerServices.AsyncTaskMethodBuilder`1<Unity.Services.Relay.Response`1<Unity.Services.Relay.Models.JoinCodeResponseBody>>:SetResult (Unity.Services.Relay.Response`1<Unity.Services.Relay.Models.JoinCodeResponseBody>)
Unity.Services.Relay.Apis.RelayAllocations.RelayAllocationsApiClient/<CreateJoincodeAsync>d__8:MoveNext () (at ./Library/PackageCache/com.unity.services.multiplayer@a6d6ce688d71/Runtime/Relay/Apis/RelayAllocationsApi.cs:160)
System.Runtime.CompilerServices.AsyncMethodBuilderCore/MoveNextRunner:InvokeMoveNext (object)
System.Threading.ExecutionContext:RunInternal (System.Threading.ExecutionContext,System.Threading.ContextCallback,object,bool)
System.Threading.ExecutionContext:Run (System.Threading.ExecutionContext,System.Threading.ContextCallback,object,bool)
System.Runtime.CompilerServices.AsyncMethodBuilderCore/MoveNextRunner:Run ()
System.Threading.Tasks.AwaitTaskContinuation:InvokeAction (object)
System.Threading.Tasks.AwaitTaskContinuation:RunCallback (System.Threading.ContextCallback,object,System.Threading.Tasks.Task&)
System.Threading.Tasks.SynchronizationContextAwaitTaskContinuation:Run (System.Threading.Tasks.Task,bool)
System.Threading.Tasks.Task:FinishContinuations ()
System.Threading.Tasks.Task:FinishStageThree ()
System.Threading.Tasks.Task`1<Unity.Services.Relay.Http.HttpClientResponse>:TrySetResult (Unity.Services.Relay.Http.HttpClientResponse)
System.Runtime.CompilerServices.AsyncTaskMethodBuilder`1<Unity.Services.Relay.Http.HttpClientResponse>:SetResult (Unity.Services.Relay.Http.HttpClientResponse)
Unity.Services.Relay.Http.HttpClient/<MakeRequestAsync>d__1:MoveNext () (at ./Library/PackageCache/com.unity.services.multiplayer@a6d6ce688d71/Runtime/Relay/Http/HttpClient.cs:41)
System.Runtime.CompilerServices.AsyncMethodBuilderCore/MoveNextRunner:InvokeMoveNext (object)
System.Threading.ExecutionContext:RunInternal (System.Threading.ExecutionContext,System.Threading.ContextCallback,object,bool)
System.Threading.ExecutionContext:Run (System.Threading.ExecutionContext,System.Threading.ContextCallback,object,bool)
System.Runtime.CompilerServices.AsyncMethodBuilderCore/MoveNextRunner:Run ()
System.Threading.Tasks.AwaitTaskContinuation:InvokeAction (object)
System.Threading.Tasks.AwaitTaskContinuation:RunCallback (System.Threading.ContextCallback,object,System.Threading.Tasks.Task&)
System.Threading.Tasks.SynchronizationContextAwaitTaskContinuation:Run (System.Threading.Tasks.Task,bool)
System.Threading.Tasks.Task:FinishContinuations ()
System.Threading.Tasks.Task:FinishStageThree ()
System.Threading.Tasks.Task`1<Unity.Services.Relay.Http.HttpClientResponse>:TrySetResult (Unity.Services.Relay.Http.HttpClientResponse)
System.Runtime.CompilerServices.AsyncTaskMethodBuilder`1<Unity.Services.Relay.Http.HttpClientResponse>:SetResult (Unity.Services.Relay.Http.HttpClientResponse)
Unity.Services.Relay.Http.HttpClient/<CreateWebRequestAsync>d__3:MoveNext () (at ./Library/PackageCache/com.unity.services.multiplayer@a6d6ce688d71/Runtime/Relay/Http/HttpClient.cs:56)
System.Runtime.CompilerServices.AsyncMethodBuilderCore/MoveNextRunner:InvokeMoveNext (object)
System.Threading.ExecutionContext:RunInternal (System.Threading.ExecutionContext,System.Threading.ContextCallback,object,bool)
System.Threading.ExecutionContext:Run (System.Threading.ExecutionContext,System.Threading.ContextCallback,object,bool)
System.Runtime.CompilerServices.AsyncMethodBuilderCore/MoveNextRunner:Run ()
System.Threading.Tasks.AwaitTaskContinuation:InvokeAction (object)
System.Threading.Tasks.AwaitTaskContinuation:RunCallback (System.Threading.ContextCallback,object,System.Threading.Tasks.Task&)
System.Threading.Tasks.SynchronizationContextAwaitTaskContinuation:Run (System.Threading.Tasks.Task,bool)
System.Threading.Tasks.Task:FinishContinuations ()
System.Threading.Tasks.Task:FinishStageThree ()
System.Threading.Tasks.Task`1<Unity.Services.Relay.Http.HttpClientResponse>:TrySetResult (Unity.Services.Relay.Http.HttpClientResponse)
System.Runtime.CompilerServices.AsyncTaskMethodBuilder`1<Unity.Services.Relay.Http.HttpClientResponse>:SetResult (Unity.Services.Relay.Http.HttpClientResponse)
Unity.Services.Relay.Http.HttpClient/<CreateHttpClientResponse>d__4:MoveNext () (at ./Library/PackageCache/com.unity.services.multiplayer@a6d6ce688d71/Runtime/Relay/Http/HttpClient.cs:84)
System.Runtime.CompilerServices.AsyncMethodBuilderCore/MoveNextRunner:InvokeMoveNext (object)
System.Threading.ExecutionContext:RunInternal (System.Threading.ExecutionContext,System.Threading.ContextCallback,object,bool)
System.Threading.ExecutionContext:Run (System.Threading.ExecutionContext,System.Threading.ContextCallback,object,bool)
System.Runtime.CompilerServices.AsyncMethodBuilderCore/MoveNextRunner:Run ()
System.Threading.Tasks.AwaitTaskContinuation:InvokeAction (object)
System.Threading.Tasks.AwaitTaskContinuation:RunCallback (System.Threading.ContextCallback,object,System.Threading.Tasks.Task&)
System.Threading.Tasks.SynchronizationContextAwaitTaskContinuation:Run (System.Threading.Tasks.Task,bool)
System.Threading.Tasks.Task:FinishContinuations ()
System.Threading.Tasks.Task:FinishStageThree ()
System.Threading.Tasks.Task`1<Unity.Services.Relay.Http.HttpClientResponse>:TrySetResult (Unity.Services.Relay.Http.HttpClientResponse)
System.Runtime.CompilerServices.AsyncTaskMethodBuilder`1<Unity.Services.Relay.Http.HttpClientResponse>:SetResult (Unity.Services.Relay.Http.HttpClientResponse)
Unity.Services.Relay.Http.HttpClient/<>c__DisplayClass4_0/<<CreateHttpClientResponse>b__0>d:MoveNext () (at ./Library/PackageCache/com.unity.services.multiplayer@a6d6ce688d71/Runtime/Relay/Http/HttpClient.cs:81)
System.Runtime.CompilerServices.AsyncMethodBuilderCore/MoveNextRunner:InvokeMoveNext (object)
System.Threading.ExecutionContext:RunInternal (System.Threading.ExecutionContext,System.Threading.ContextCallback,object,bool)
System.Threading.ExecutionContext:Run (System.Threading.ExecutionContext,System.Threading.ContextCallback,object,bool)
System.Runtime.CompilerServices.AsyncMethodBuilderCore/MoveNextRunner:Run ()
System.Threading.Tasks.AwaitTaskContinuation:InvokeAction (object)
System.Threading.Tasks.AwaitTaskContinuation:RunCallback (System.Threading.ContextCallback,object,System.Threading.Tasks.Task&)
System.Threading.Tasks.SynchronizationContextAwaitTaskContinuation:Run (System.Threading.Tasks.Task,bool)
System.Threading.Tasks.Task:FinishContinuations ()
System.Threading.Tasks.Task:FinishStageThree ()
System.Threading.Tasks.Task`1<Unity.Services.Relay.Http.HttpClientResponse>:TrySetResult (Unity.Services.Relay.Http.HttpClientResponse)
System.Threading.Tasks.TaskCompletionSource`1<Unity.Services.Relay.Http.HttpClientResponse>:TrySetResult (Unity.Services.Relay.Http.HttpClientResponse)
System.Threading.Tasks.TaskCompletionSource`1<Unity.Services.Relay.Http.HttpClientResponse>:SetResult (Unity.Services.Relay.Http.HttpClientResponse)
Unity.Services.Relay.Http.UnityWebRequestHelpers/<>c__DisplayClass0_0:<GetAwaiter>b__0 (UnityEngine.AsyncOperation) (at ./Library/PackageCache/com.unity.services.multiplayer@a6d6ce688d71/Runtime/Relay/Http/UnityWebRequestHelpers.cs:34)
UnityEngine.AsyncOperation:InvokeCompletionEvent () (at C:/build/output/unity/unity/Runtime/Export/Scripting/AsyncOperation.cs:24)

(Filename: C:/build/output/unity/unity/Runtime/Export/Debug/Debug.bindings.cs Line: 128)

PHS_RUN_INCIDENT_READY server=True state=Inactive stage=0 revision=1 commands=0
UnityEngine.Debug:ExtractStackTraceNoAlloc (byte*,int,string)
UnityEngine.StackTraceUtility:ExtractStackTrace () (at C:/build/output/unity/unity/Runtime/Export/Scripting/StackTrace.cs:35)
UnityEngine.DebugLogHandler:Internal_Log (UnityEngine.LogType,UnityEngine.LogOption,string,UnityEngine.Object)
UnityEngine.DebugLogHandler:LogFormat (UnityEngine.LogType,UnityEngine.Object,string,object[]) (at C:/build/output/unity/unity/Runtime/Export/Logging/DebugLogHandler.cs:9)
UnityEngine.Logger:Log (UnityEngine.LogType,object,UnityEngine.Object) (at C:/build/output/unity/unity/Runtime/Export/Logging/Logger.cs:66)
UnityEngine.Debug:Log (object,UnityEngine.Object) (at C:/build/output/unity/unity/Runtime/Export/Debug/Debug.bindings.cs:128)
LastJumpCrew.ParkHanSol.Multiplayer.NetworkRunIncidentLedger:OnNetworkSpawn () (at E:/UNITY/LastJumpCrew/Assets/02. ParkHanSol_TeamLeader_Build & Multi/02. Script/Multiplayer/Incidents/NetworkRunIncidentLedger.cs:83)
Unity.Netcode.NetworkBehaviour:NetworkSpawn () (at ./Library/PackageCache/com.unity.netcode.gameobjects@0f12e689d980/Runtime/Core/NetworkBehaviour.cs:813)
Unity.Netcode.NetworkObject:InvokeBehaviourNetworkSpawn () (at ./Library/PackageCache/com.unity.netcode.gameobjects@0f12e689d980/Runtime/Core/NetworkObject.cs:2698)
Unity.Netcode.NetworkSpawnManager:SpawnNetworkObjectLocallyCommon (Unity.Netcode.NetworkObject,ulong,bool,bool,ulong,bool) (at ./Library/PackageCache/com.unity.netcode.gameobjects@0f12e689d980/Runtime/Spawning/NetworkSpawnManager.cs:1384)
Unity.Netcode.NetworkSpawnManager:AuthorityLocalSpawn (Unity.Netcode.NetworkObject,ulong,bool,bool,ulong,bool) (at ./Library/PackageCache/com.unity.netcode.gameobjects@0f12e689d980/Runtime/Spawning/NetworkSpawnManager.cs:1182)
Unity.Netcode.NetworkObject:SpawnWithOwnership (ulong,bool) (at ./Library/PackageCache/com.unity.netcode.gameobjects@0f12e689d980/Runtime/Core/NetworkObject.cs:2026)
Unity.Netcode.NetworkSpawnManager:InstantiateAndSpawnNoParameterChecks (Unity.Netcode.NetworkObject,Unity.Netcode.NetworkManager,ulong,bool,bool,bool,UnityEngine.Vector3,UnityEngine.Quaternion) (at ./Library/PackageCache/com.unity.netcode.gameobjects@0f12e689d980/Runtime/Spawning/NetworkSpawnManager.cs:853)
Unity.Netcode.NetworkSpawnManager:InstantiateAndSpawn (Unity.Netcode.NetworkObject,ulong,bool,bool,bool,UnityEngine.Vector3,UnityEngine.Quaternion) (at ./Library/PackageCache/com.unity.netcode.gameobjects@0f12e689d980/Runtime/Spawning/NetworkSpawnManager.cs:811)
LastJumpCrew.ParkHanSol.Multiplayer.NetworkRunSessionRootBootstrap:TrySpawnServerRoot () (at E:/UNITY/LastJumpCrew/Assets/02. ParkHanSol_TeamLeader_Build & Multi/02. Script/Multiplayer/RunFlow/NetworkRunSessionRootBootstrap.cs:86)
LastJumpCrew.ParkHanSol.Multiplayer.NetworkRunSessionRootBootstrap:HandleServerStarted () (at E:/UNITY/LastJumpCrew/Assets/02. ParkHanSol_TeamLeader_Build & Multi/02. Script/Multiplayer/RunFlow/NetworkRunSessionRootBootstrap.cs:61)
Unity.Netcode.NetworkManager:HostServerInitialize () (at ./Library/PackageCache/com.unity.netcode.gameobjects@0f12e689d980/Runtime/Core/NetworkManager.cs:1530)
Unity.Netcode.NetworkManager:StartHost () (at ./Library/PackageCache/com.unity.netcode.gameobjects@0f12e689d980/Runtime/Core/NetworkManager.cs:1483)
Unity.Services.Multiplayer.NetworkManagerSession:SetupNetworkManagerLifecycleMonitoring (System.Threading.CancellationToken) (at ./Library/PackageCache/com.unity.services.multiplayer@a6d6ce688d71/Runtime/Multiplayer/Modules/Network/Handlers/NetworkHandler/NetworkManagerSession.cs:328)
Unity.Services.Multiplayer.NetworkManagerSession/<StartAsync>d__28:MoveNext () (at ./Library/PackageCache/com.unity.services.multiplayer@a6d6ce688d71/Runtime/Multiplayer/Modules/Network/Handlers/NetworkHandler/NetworkManagerSession.cs:165)
System.Runtime.CompilerServices.AsyncTaskMethodBuilder:Start<Unity.Services.Multiplayer.NetworkManagerSession/<StartAsync>d__28> (Unity.Services.Multiplayer.NetworkManagerSession/<StartAsync>d__28&)
Unity.Services.Multiplayer.NetworkManagerSession:StartAsync (System.Threading.CancellationToken)
Unity.Services.Multiplayer.GameObjectsNetcodeNetworkHandler/<StartAsync>d__4:MoveNext () (at ./Library/PackageCache/com.unity.services.multiplayer@a6d6ce688d71/Runtime/Multiplayer/Modules/Network/Handlers/NetworkHandler/GameObjectsNetcodeNetworkHandler.cs:77)
System.Runtime.CompilerServices.AsyncTaskMethodBuilder:Start<Unity.Services.Multiplayer.GameObjectsNetcodeNetworkHandler/<StartAsync>d__4> (Unity.Services.Multiplayer.GameObjectsNetcodeNetworkHandler/<StartAsync>d__4&)
Unity.Services.Multiplayer.GameObjectsNetcodeNetworkHandler:StartAsync (Unity.Services.Multiplayer.NetworkConfiguration)
Unity.Services.Multiplayer.NetworkModule:StartNetworkHandlerAsync (Unity.Services.Multiplayer.NetworkConfiguration) (at ./Library/PackageCache/com.unity.services.multiplayer@a6d6ce688d71/Runtime/Multiplayer/Modules/Network/NetworkModule.cs:554)
Unity.Services.Multiplayer.NetworkModule/<StartNetworkWithOptionsAsync>d__64:MoveNext () (at ./Library/PackageCache/com.unity.services.multiplayer@a6d6ce688d71/Runtime/Multiplayer/Modules/Network/NetworkModule.cs:303)
System.Runtime.CompilerServices.AsyncMethodBuilderCore/MoveNextRunner:InvokeMoveNext (object)
System.Threading.ExecutionContext:RunInternal (System.Threading.ExecutionContext,System.Threading.ContextCallback,object,bool)
System.Threading.ExecutionContext:Run (System.Threading.ExecutionContext,System.Threading.ContextCallback,object,bool)
System.Runtime.CompilerServices.AsyncMethodBuilderCore/MoveNextRunner:Run ()
System.Threading.Tasks.AwaitTaskContinuation:InvokeAction (object)
System.Threading.Tasks.AwaitTaskContinuation:RunCallback (System.Threading.ContextCallback,object,System.Threading.Tasks.Task&)
System.Threading.Tasks.SynchronizationContextAwaitTaskContinuation:Run (System.Threading.Tasks.Task,bool)
System.Threading.Tasks.Task:FinishContinuations ()
System.Threading.Tasks.Task:FinishStageThree ()
System.Threading.Tasks.Task`1<System.Threading.Tasks.VoidTaskResult>:TrySetResult (System.Threading.Tasks.VoidTaskResult)
System.Runtime.CompilerServices.AsyncTaskMethodBuilder`1<System.Threading.Tasks.VoidTaskResult>:SetResult (System.Threading.Tasks.VoidTaskResult)
System.Runtime.CompilerServices.AsyncTaskMethodBuilder`1<System.Threading.Tasks.VoidTaskResult>:SetResult (System.Threading.Tasks.Task`1<System.Threading.Tasks.VoidTaskResult>)
System.Runtime.CompilerServices.AsyncTaskMethodBuilder:SetResult ()
Unity.Services.Multiplayer.RelayHandler/<FetchJoinCodeAsync>d__22:MoveNext () (at ./Library/PackageCache/com.unity.services.multiplayer@a6d6ce688d71/Runtime/Multiplayer/Modules/Network/Handlers/Relay/RelayHandler.cs:109)
System.Runtime.CompilerServices.AsyncMethodBuilderCore/MoveNextRunner:InvokeMoveNext (object)
System.Threading.ExecutionContext:RunInternal (System.Threading.ExecutionContext,System.Threading.ContextCallback,object,bool)
System.Threading.ExecutionContext:Run (System.Threading.ExecutionContext,System.Threading.ContextCallback,object,bool)
System.Runtime.CompilerServices.AsyncMethodBuilderCore/MoveNextRunner:Run ()
System.Threading.Tasks.AwaitTaskContinuation:InvokeAction (object)
System.Threading.Tasks.AwaitTaskContinuation:RunCallback (System.Threading.ContextCallback,object,System.Threading.Tasks.Task&)
System.Threading.Tasks.SynchronizationContextAwaitTaskContinuation:Run (System.Threading.Tasks.Task,bool)
System.Threading.Tasks.Task:FinishContinuations ()
System.Threading.Tasks.Task:FinishStageThree ()
System.Threading.Tasks.Task`1<string>:TrySetResult (string)
System.Runtime.CompilerServices.AsyncTaskMethodBuilder`1<string>:SetResult (string)
Unity.Services.Relay.WrappedRelayService/<GetJoinCodeAsync>d__11:MoveNext () (at ./Library/PackageCache/com.unity.services.multiplayer@a6d6ce688d71/Runtime/Relay/SDK/WrappedRelayService.cs:134)
System.Runtime.CompilerServices.AsyncMethodBuilderCore/MoveNextRunner:InvokeMoveNext (object)
System.Threading.ExecutionContext:RunInternal (System.Threading.ExecutionContext,System.Threading.ContextCallback,object,bool)
System.Threading.ExecutionContext:Run (System.Threading.ExecutionContext,System.Threading.ContextCallback,object,bool)
System.Runtime.CompilerServices.AsyncMethodBuilderCore/MoveNextRunner:Run ()
System.Threading.Tasks.AwaitTaskContinuation:InvokeAction (object)
System.Threading.Tasks.AwaitTaskContinuation:RunCallback (System.Threading.ContextCallback,object,System.Threading.Tasks.Task&)
System.Threading.Tasks.SynchronizationContextAwaitTaskContinuation:Run (System.Threading.Tasks.Task,bool)
System.Threading.Tasks.Task:FinishContinuations ()
System.Threading.Tasks.Task:FinishStageThree ()
System.Threading.Tasks.Task`1<Unity.Services.Relay.Response`1<Unity.Services.Relay.Models.JoinCodeResponseBody>>:TrySetResult (Unity.Services.Relay.Response`1<Unity.Services.Relay.Models.JoinCodeResponseBody>)
System.Runtime.CompilerServices.AsyncTaskMethodBuilder`1<Unity.Services.Relay.Response`1<Unity.Services.Relay.Models.JoinCodeResponseBody>>:SetResult (Unity.Services.Relay.Response`1<Unity.Services.Relay.Models.JoinCodeResponseBody>)
Unity.Services.Relay.Apis.RelayAllocations.RelayAllocationsApiClient/<CreateJoincodeAsync>d__8:MoveNext () (at ./Library/PackageCache/com.unity.services.multiplayer@a6d6ce688d71/Runtime/Relay/Apis/RelayAllocationsApi.cs:160)
System.Runtime.CompilerServices.AsyncMethodBuilderCore/MoveNextRunner:InvokeMoveNext (object)
System.Threading.ExecutionContext:RunInternal (System.Threading.ExecutionContext,System.Threading.ContextCallback,object,bool)
System.Threading.ExecutionContext:Run (System.Threading.ExecutionContext,System.Threading.ContextCallback,object,bool)
System.Runtime.CompilerServices.AsyncMethodBuilderCore/MoveNextRunner:Run ()
System.Threading.Tasks.AwaitTaskContinuation:InvokeAction (object)
System.Threading.Tasks.AwaitTaskContinuation:RunCallback (System.Threading.ContextCallback,object,System.Threading.Tasks.Task&)
System.Threading.Tasks.SynchronizationContextAwaitTaskContinuation:Run (System.Threading.Tasks.Task,bool)
System.Threading.Tasks.Task:FinishContinuations ()
System.Threading.Tasks.Task:FinishStageThree ()
System.Threading.Tasks.Task`1<Unity.Services.Relay.Http.HttpClientResponse>:TrySetResult (Unity.Services.Relay.Http.HttpClientResponse)
System.Runtime.CompilerServices.AsyncTaskMethodBuilder`1<Unity.Services.Relay.Http.HttpClientResponse>:SetResult (Unity.Services.Relay.Http.HttpClientResponse)
Unity.Services.Relay.Http.HttpClient/<MakeRequestAsync>d__1:MoveNext () (at ./Library/PackageCache/com.unity.services.multiplayer@a6d6ce688d71/Runtime/Relay/Http/HttpClient.cs:41)
System.Runtime.CompilerServices.AsyncMethodBuilderCore/MoveNextRunner:InvokeMoveNext (object)
System.Threading.ExecutionContext:RunInternal (System.Threading.ExecutionContext,System.Threading.ContextCallback,object,bool)
System.Threading.ExecutionContext:Run (System.Threading.ExecutionContext,System.Threading.ContextCallback,object,bool)
System.Runtime.CompilerServices.AsyncMethodBuilderCore/MoveNextRunner:Run ()
System.Threading.Tasks.AwaitTaskContinuation:InvokeAction (object)
System.Threading.Tasks.AwaitTaskContinuation:RunCallback (System.Threading.ContextCallback,object,System.Threading.Tasks.Task&)
System.Threading.Tasks.SynchronizationContextAwaitTaskContinuation:Run (System.Threading.Tasks.Task,bool)
System.Threading.Tasks.Task:FinishContinuations ()
System.Threading.Tasks.Task:FinishStageThree ()
System.Threading.Tasks.Task`1<Unity.Services.Relay.Http.HttpClientResponse>:TrySetResult (Unity.Services.Relay.Http.HttpClientResponse)
System.Runtime.CompilerServices.AsyncTaskMethodBuilder`1<Unity.Services.Relay.Http.HttpClientResponse>:SetResult (Unity.Services.Relay.Http.HttpClientResponse)
Unity.Services.Relay.Http.HttpClient/<CreateWebRequestAsync>d__3:MoveNext () (at ./Library/PackageCache/com.unity.services.multiplayer@a6d6ce688d71/Runtime/Relay/Http/HttpClient.cs:56)
System.Runtime.CompilerServices.AsyncMethodBuilderCore/MoveNextRunner:InvokeMoveNext (object)
System.Threading.ExecutionContext:RunInternal (System.Threading.ExecutionContext,System.Threading.ContextCallback,object,bool)
System.Threading.ExecutionContext:Run (System.Threading.ExecutionContext,System.Threading.ContextCallback,object,bool)
System.Runtime.CompilerServices.AsyncMethodBuilderCore/MoveNextRunner:Run ()
System.Threading.Tasks.AwaitTaskContinuation:InvokeAction (object)
System.Threading.Tasks.AwaitTaskContinuation:RunCallback (System.Threading.ContextCallback,object,System.Threading.Tasks.Task&)
System.Threading.Tasks.SynchronizationContextAwaitTaskContinuation:Run (System.Threading.Tasks.Task,bool)
System.Threading.Tasks.Task:FinishContinuations ()
System.Threading.Tasks.Task:FinishStageThree ()
System.Threading.Tasks.Task`1<Unity.Services.Relay.Http.HttpClientResponse>:TrySetResult (Unity.Services.Relay.Http.HttpClientResponse)
System.Runtime.CompilerServices.AsyncTaskMethodBuilder`1<Unity.Services.Relay.Http.HttpClientResponse>:SetResult (Unity.Services.Relay.Http.HttpClientResponse)
Unity.Services.Relay.Http.HttpClient/<CreateHttpClientResponse>d__4:MoveNext () (at ./Library/PackageCache/com.unity.services.multiplayer@a6d6ce688d71/Runtime/Relay/Http/HttpClient.cs:84)
System.Runtime.CompilerServices.AsyncMethodBuilderCore/MoveNextRunner:InvokeMoveNext (object)
System.Threading.ExecutionContext:RunInternal (System.Threading.ExecutionContext,System.Threading.ContextCallback,object,bool)
System.Threading.ExecutionContext:Run (System.Threading.ExecutionContext,System.Threading.ContextCallback,object,bool)
System.Runtime.CompilerServices.AsyncMethodBuilderCore/MoveNextRunner:Run ()
System.Threading.Tasks.AwaitTaskContinuation:InvokeAction (object)
System.Threading.Tasks.AwaitTaskContinuation:RunCallback (System.Threading.ContextCallback,object,System.Threading.Tasks.Task&)
System.Threading.Tasks.SynchronizationContextAwaitTaskContinuation:Run (System.Threading.Tasks.Task,bool)
System.Threading.Tasks.Task:FinishContinuations ()
System.Threading.Tasks.Task:FinishStageThree ()
System.Threading.Tasks.Task`1<Unity.Services.Relay.Http.HttpClientResponse>:TrySetResult (Unity.Services.Relay.Http.HttpClientResponse)
System.Runtime.CompilerServices.AsyncTaskMethodBuilder`1<Unity.Services.Relay.Http.HttpClientResponse>:SetResult (Unity.Services.Relay.Http.HttpClientResponse)
Unity.Services.Relay.Http.HttpClient/<>c__DisplayClass4_0/<<CreateHttpClientResponse>b__0>d:MoveNext () (at ./Library/PackageCache/com.unity.services.multiplayer@a6d6ce688d71/Runtime/Relay/Http/HttpClient.cs:81)
System.Runtime.CompilerServices.AsyncMethodBuilderCore/MoveNextRunner:InvokeMoveNext (object)
System.Threading.ExecutionContext:RunInternal (System.Threading.ExecutionContext,System.Threading.ContextCallback,object,bool)
System.Threading.ExecutionContext:Run (System.Threading.ExecutionContext,System.Threading.ContextCallback,object,bool)
System.Runtime.CompilerServices.AsyncMethodBuilderCore/MoveNextRunner:Run ()
System.Threading.Tasks.AwaitTaskContinuation:InvokeAction (object)
System.Threading.Tasks.AwaitTaskContinuation:RunCallback (System.Threading.ContextCallback,object,System.Threading.Tasks.Task&)
System.Threading.Tasks.SynchronizationContextAwaitTaskContinuation:Run (System.Threading.Tasks.Task,bool)
System.Threading.Tasks.Task:FinishContinuations ()
System.Threading.Tasks.Task:FinishStageThree ()
System.Threading.Tasks.Task`1<Unity.Services.Relay.Http.HttpClientResponse>:TrySetResult (Unity.Services.Relay.Http.HttpClientResponse)
System.Threading.Tasks.TaskCompletionSource`1<Unity.Services.Relay.Http.HttpClientResponse>:TrySetResult (Unity.Services.Relay.Http.HttpClientResponse)
System.Threading.Tasks.TaskCompletionSource`1<Unity.Services.Relay.Http.HttpClientResponse>:SetResult (Unity.Services.Relay.Http.HttpClientResponse)
Unity.Services.Relay.Http.UnityWebRequestHelpers/<>c__DisplayClass0_0:<GetAwaiter>b__0 (UnityEngine.AsyncOperation) (at ./Library/PackageCache/com.unity.services.multiplayer@a6d6ce688d71/Runtime/Relay/Http/UnityWebRequestHelpers.cs:34)
UnityEngine.AsyncOperation:InvokeCompletionEvent () (at C:/build/output/unity/unity/Runtime/Export/Scripting/AsyncOperation.cs:24)

(Filename: C:/build/output/unity/unity/Runtime/Export/Debug/Debug.bindings.cs Line: 128)

PHS_RUN_SESSION_ROOT_SPAWNED prefab=PHS_NetworkRunSessionRoot objectId=2
UnityEngine.Debug:ExtractStackTraceNoAlloc (byte*,int,string)
UnityEngine.StackTraceUtility:ExtractStackTrace () (at C:/build/output/unity/unity/Runtime/Export/Scripting/StackTrace.cs:35)
UnityEngine.DebugLogHandler:Internal_Log (UnityEngine.LogType,UnityEngine.LogOption,string,UnityEngine.Object)
UnityEngine.DebugLogHandler:LogFormat (UnityEngine.LogType,UnityEngine.Object,string,object[]) (at C:/build/output/unity/unity/Runtime/Export/Logging/DebugLogHandler.cs:9)
UnityEngine.Logger:Log (UnityEngine.LogType,object,UnityEngine.Object) (at C:/build/output/unity/unity/Runtime/Export/Logging/Logger.cs:66)
UnityEngine.Debug:Log (object,UnityEngine.Object) (at C:/build/output/unity/unity/Runtime/Export/Debug/Debug.bindings.cs:128)
LastJumpCrew.ParkHanSol.Multiplayer.NetworkRunSessionRootBootstrap:TrySpawnServerRoot () (at E:/UNITY/LastJumpCrew/Assets/02. ParkHanSol_TeamLeader_Build & Multi/02. Script/Multiplayer/RunFlow/NetworkRunSessionRootBootstrap.cs:100)
LastJumpCrew.ParkHanSol.Multiplayer.NetworkRunSessionRootBootstrap:HandleServerStarted () (at E:/UNITY/LastJumpCrew/Assets/02. ParkHanSol_TeamLeader_Build & Multi/02. Script/Multiplayer/RunFlow/NetworkRunSessionRootBootstrap.cs:61)
Unity.Netcode.NetworkManager:HostServerInitialize () (at ./Library/PackageCache/com.unity.netcode.gameobjects@0f12e689d980/Runtime/Core/NetworkManager.cs:1530)
Unity.Netcode.NetworkManager:StartHost () (at ./Library/PackageCache/com.unity.netcode.gameobjects@0f12e689d980/Runtime/Core/NetworkManager.cs:1483)
Unity.Services.Multiplayer.NetworkManagerSession:SetupNetworkManagerLifecycleMonitoring (System.Threading.CancellationToken) (at ./Library/PackageCache/com.unity.services.multiplayer@a6d6ce688d71/Runtime/Multiplayer/Modules/Network/Handlers/NetworkHandler/NetworkManagerSession.cs:328)
Unity.Services.Multiplayer.NetworkManagerSession/<StartAsync>d__28:MoveNext () (at ./Library/PackageCache/com.unity.services.multiplayer@a6d6ce688d71/Runtime/Multiplayer/Modules/Network/Handlers/NetworkHandler/NetworkManagerSession.cs:165)
System.Runtime.CompilerServices.AsyncTaskMethodBuilder:Start<Unity.Services.Multiplayer.NetworkManagerSession/<StartAsync>d__28> (Unity.Services.Multiplayer.NetworkManagerSession/<StartAsync>d__28&)
Unity.Services.Multiplayer.NetworkManagerSession:StartAsync (System.Threading.CancellationToken)
Unity.Services.Multiplayer.GameObjectsNetcodeNetworkHandler/<StartAsync>d__4:MoveNext () (at ./Library/PackageCache/com.unity.services.multiplayer@a6d6ce688d71/Runtime/Multiplayer/Modules/Network/Handlers/NetworkHandler/GameObjectsNetcodeNetworkHandler.cs:77)
System.Runtime.CompilerServices.AsyncTaskMethodBuilder:Start<Unity.Services.Multiplayer.GameObjectsNetcodeNetworkHandler/<StartAsync>d__4> (Unity.Services.Multiplayer.GameObjectsNetcodeNetworkHandler/<StartAsync>d__4&)
Unity.Services.Multiplayer.GameObjectsNetcodeNetworkHandler:StartAsync (Unity.Services.Multiplayer.NetworkConfiguration)
Unity.Services.Multiplayer.NetworkModule:StartNetworkHandlerAsync (Unity.Services.Multiplayer.NetworkConfiguration) (at ./Library/PackageCache/com.unity.services.multiplayer@a6d6ce688d71/Runtime/Multiplayer/Modules/Network/NetworkModule.cs:554)
Unity.Services.Multiplayer.NetworkModule/<StartNetworkWithOptionsAsync>d__64:MoveNext () (at ./Library/PackageCache/com.unity.services.multiplayer@a6d6ce688d71/Runtime/Multiplayer/Modules/Network/NetworkModule.cs:303)
System.Runtime.CompilerServices.AsyncMethodBuilderCore/MoveNextRunner:InvokeMoveNext (object)
System.Threading.ExecutionContext:RunInternal (System.Threading.ExecutionContext,System.Threading.ContextCallback,object,bool)
System.Threading.ExecutionContext:Run (System.Threading.ExecutionContext,System.Threading.ContextCallback,object,bool)
System.Runtime.CompilerServices.AsyncMethodBuilderCore/MoveNextRunner:Run ()
System.Threading.Tasks.AwaitTaskContinuation:InvokeAction (object)
System.Threading.Tasks.AwaitTaskContinuation:RunCallback (System.Threading.ContextCallback,object,System.Threading.Tasks.Task&)
System.Threading.Tasks.SynchronizationContextAwaitTaskContinuation:Run (System.Threading.Tasks.Task,bool)
System.Threading.Tasks.Task:FinishContinuations ()
System.Threading.Tasks.Task:FinishStageThree ()
System.Threading.Tasks.Task`1<System.Threading.Tasks.VoidTaskResult>:TrySetResult (System.Threading.Tasks.VoidTaskResult)
System.Runtime.CompilerServices.AsyncTaskMethodBuilder`1<System.Threading.Tasks.VoidTaskResult>:SetResult (System.Threading.Tasks.VoidTaskResult)
System.Runtime.CompilerServices.AsyncTaskMethodBuilder`1<System.Threading.Tasks.VoidTaskResult>:SetResult (System.Threading.Tasks.Task`1<System.Threading.Tasks.VoidTaskResult>)
System.Runtime.CompilerServices.AsyncTaskMethodBuilder:SetResult ()
Unity.Services.Multiplayer.RelayHandler/<FetchJoinCodeAsync>d__22:MoveNext () (at ./Library/PackageCache/com.unity.services.multiplayer@a6d6ce688d71/Runtime/Multiplayer/Modules/Network/Handlers/Relay/RelayHandler.cs:109)
System.Runtime.CompilerServices.AsyncMethodBuilderCore/MoveNextRunner:InvokeMoveNext (object)
System.Threading.ExecutionContext:RunInternal (System.Threading.ExecutionContext,System.Threading.ContextCallback,object,bool)
System.Threading.ExecutionContext:Run (System.Threading.ExecutionContext,System.Threading.ContextCallback,object,bool)
System.Runtime.CompilerServices.AsyncMethodBuilderCore/MoveNextRunner:Run ()
System.Threading.Tasks.AwaitTaskContinuation:InvokeAction (object)
System.Threading.Tasks.AwaitTaskContinuation:RunCallback (System.Threading.ContextCallback,object,System.Threading.Tasks.Task&)
System.Threading.Tasks.SynchronizationContextAwaitTaskContinuation:Run (System.Threading.Tasks.Task,bool)
System.Threading.Tasks.Task:FinishContinuations ()
System.Threading.Tasks.Task:FinishStageThree ()
System.Threading.Tasks.Task`1<string>:TrySetResult (string)
System.Runtime.CompilerServices.AsyncTaskMethodBuilder`1<string>:SetResult (string)
Unity.Services.Relay.WrappedRelayService/<GetJoinCodeAsync>d__11:MoveNext () (at ./Library/PackageCache/com.unity.services.multiplayer@a6d6ce688d71/Runtime/Relay/SDK/WrappedRelayService.cs:134)
System.Runtime.CompilerServices.AsyncMethodBuilderCore/MoveNextRunner:InvokeMoveNext (object)
System.Threading.ExecutionContext:RunInternal (System.Threading.ExecutionContext,System.Threading.ContextCallback,object,bool)
System.Threading.ExecutionContext:Run (System.Threading.ExecutionContext,System.Threading.ContextCallback,object,bool)
System.Runtime.CompilerServices.AsyncMethodBuilderCore/MoveNextRunner:Run ()
System.Threading.Tasks.AwaitTaskContinuation:InvokeAction (object)
System.Threading.Tasks.AwaitTaskContinuation:RunCallback (System.Threading.ContextCallback,object,System.Threading.Tasks.Task&)
System.Threading.Tasks.SynchronizationContextAwaitTaskContinuation:Run (System.Threading.Tasks.Task,bool)
System.Threading.Tasks.Task:FinishContinuations ()
System.Threading.Tasks.Task:FinishStageThree ()
System.Threading.Tasks.Task`1<Unity.Services.Relay.Response`1<Unity.Services.Relay.Models.JoinCodeResponseBody>>:TrySetResult (Unity.Services.Relay.Response`1<Unity.Services.Relay.Models.JoinCodeResponseBody>)
System.Runtime.CompilerServices.AsyncTaskMethodBuilder`1<Unity.Services.Relay.Response`1<Unity.Services.Relay.Models.JoinCodeResponseBody>>:SetResult (Unity.Services.Relay.Response`1<Unity.Services.Relay.Models.JoinCodeResponseBody>)
Unity.Services.Relay.Apis.RelayAllocations.RelayAllocationsApiClient/<CreateJoincodeAsync>d__8:MoveNext () (at ./Library/PackageCache/com.unity.services.multiplayer@a6d6ce688d71/Runtime/Relay/Apis/RelayAllocationsApi.cs:160)
System.Runtime.CompilerServices.AsyncMethodBuilderCore/MoveNextRunner:InvokeMoveNext (object)
System.Threading.ExecutionContext:RunInternal (System.Threading.ExecutionContext,System.Threading.ContextCallback,object,bool)
System.Threading.ExecutionContext:Run (System.Threading.ExecutionContext,System.Threading.ContextCallback,object,bool)
System.Runtime.CompilerServices.AsyncMethodBuilderCore/MoveNextRunner:Run ()
System.Threading.Tasks.AwaitTaskContinuation:InvokeAction (object)
System.Threading.Tasks.AwaitTaskContinuation:RunCallback (System.Threading.ContextCallback,object,System.Threading.Tasks.Task&)
System.Threading.Tasks.SynchronizationContextAwaitTaskContinuation:Run (System.Threading.Tasks.Task,bool)
System.Threading.Tasks.Task:FinishContinuations ()
System.Threading.Tasks.Task:FinishStageThree ()
System.Threading.Tasks.Task`1<Unity.Services.Relay.Http.HttpClientResponse>:TrySetResult (Unity.Services.Relay.Http.HttpClientResponse)
System.Runtime.CompilerServices.AsyncTaskMethodBuilder`1<Unity.Services.Relay.Http.HttpClientResponse>:SetResult (Unity.Services.Relay.Http.HttpClientResponse)
Unity.Services.Relay.Http.HttpClient/<MakeRequestAsync>d__1:MoveNext () (at ./Library/PackageCache/com.unity.services.multiplayer@a6d6ce688d71/Runtime/Relay/Http/HttpClient.cs:41)
System.Runtime.CompilerServices.AsyncMethodBuilderCore/MoveNextRunner:InvokeMoveNext (object)
System.Threading.ExecutionContext:RunInternal (System.Threading.ExecutionContext,System.Threading.ContextCallback,object,bool)
System.Threading.ExecutionContext:Run (System.Threading.ExecutionContext,System.Threading.ContextCallback,object,bool)
System.Runtime.CompilerServices.AsyncMethodBuilderCore/MoveNextRunner:Run ()
System.Threading.Tasks.AwaitTaskContinuation:InvokeAction (object)
System.Threading.Tasks.AwaitTaskContinuation:RunCallback (System.Threading.ContextCallback,object,System.Threading.Tasks.Task&)
System.Threading.Tasks.SynchronizationContextAwaitTaskContinuation:Run (System.Threading.Tasks.Task,bool)
System.Threading.Tasks.Task:FinishContinuations ()
System.Threading.Tasks.Task:FinishStageThree ()
System.Threading.Tasks.Task`1<Unity.Services.Relay.Http.HttpClientResponse>:TrySetResult (Unity.Services.Relay.Http.HttpClientResponse)
System.Runtime.CompilerServices.AsyncTaskMethodBuilder`1<Unity.Services.Relay.Http.HttpClientResponse>:SetResult (Unity.Services.Relay.Http.HttpClientResponse)
Unity.Services.Relay.Http.HttpClient/<CreateWebRequestAsync>d__3:MoveNext () (at ./Library/PackageCache/com.unity.services.multiplayer@a6d6ce688d71/Runtime/Relay/Http/HttpClient.cs:56)
System.Runtime.CompilerServices.AsyncMethodBuilderCore/MoveNextRunner:InvokeMoveNext (object)
System.Threading.ExecutionContext:RunInternal (System.Threading.ExecutionContext,System.Threading.ContextCallback,object,bool)
System.Threading.ExecutionContext:Run (System.Threading.ExecutionContext,System.Threading.ContextCallback,object,bool)
System.Runtime.CompilerServices.AsyncMethodBuilderCore/MoveNextRunner:Run ()
System.Threading.Tasks.AwaitTaskContinuation:InvokeAction (object)
System.Threading.Tasks.AwaitTaskContinuation:RunCallback (System.Threading.ContextCallback,object,System.Threading.Tasks.Task&)
System.Threading.Tasks.SynchronizationContextAwaitTaskContinuation:Run (System.Threading.Tasks.Task,bool)
System.Threading.Tasks.Task:FinishContinuations ()
System.Threading.Tasks.Task:FinishStageThree ()
System.Threading.Tasks.Task`1<Unity.Services.Relay.Http.HttpClientResponse>:TrySetResult (Unity.Services.Relay.Http.HttpClientResponse)
System.Runtime.CompilerServices.AsyncTaskMethodBuilder`1<Unity.Services.Relay.Http.HttpClientResponse>:SetResult (Unity.Services.Relay.Http.HttpClientResponse)
Unity.Services.Relay.Http.HttpClient/<CreateHttpClientResponse>d__4:MoveNext () (at ./Library/PackageCache/com.unity.services.multiplayer@a6d6ce688d71/Runtime/Relay/Http/HttpClient.cs:84)
System.Runtime.CompilerServices.AsyncMethodBuilderCore/MoveNextRunner:InvokeMoveNext (object)
System.Threading.ExecutionContext:RunInternal (System.Threading.ExecutionContext,System.Threading.ContextCallback,object,bool)
System.Threading.ExecutionContext:Run (System.Threading.ExecutionContext,System.Threading.ContextCallback,object,bool)
System.Runtime.CompilerServices.AsyncMethodBuilderCore/MoveNextRunner:Run ()
System.Threading.Tasks.AwaitTaskContinuation:InvokeAction (object)
System.Threading.Tasks.AwaitTaskContinuation:RunCallback (System.Threading.ContextCallback,object,System.Threading.Tasks.Task&)
System.Threading.Tasks.SynchronizationContextAwaitTaskContinuation:Run (System.Threading.Tasks.Task,bool)
System.Threading.Tasks.Task:FinishContinuations ()
System.Threading.Tasks.Task:FinishStageThree ()
System.Threading.Tasks.Task`1<Unity.Services.Relay.Http.HttpClientResponse>:TrySetResult (Unity.Services.Relay.Http.HttpClientResponse)
System.Runtime.CompilerServices.AsyncTaskMethodBuilder`1<Unity.Services.Relay.Http.HttpClientResponse>:SetResult (Unity.Services.Relay.Http.HttpClientResponse)
Unity.Services.Relay.Http.HttpClient/<>c__DisplayClass4_0/<<CreateHttpClientResponse>b__0>d:MoveNext () (at ./Library/PackageCache/com.unity.services.multiplayer@a6d6ce688d71/Runtime/Relay/Http/HttpClient.cs:81)
System.Runtime.CompilerServices.AsyncMethodBuilderCore/MoveNextRunner:InvokeMoveNext (object)
System.Threading.ExecutionContext:RunInternal (System.Threading.ExecutionContext,System.Threading.ContextCallback,object,bool)
System.Threading.ExecutionContext:Run (System.Threading.ExecutionContext,System.Threading.ContextCallback,object,bool)
System.Runtime.CompilerServices.AsyncMethodBuilderCore/MoveNextRunner:Run ()
System.Threading.Tasks.AwaitTaskContinuation:InvokeAction (object)
System.Threading.Tasks.AwaitTaskContinuation:RunCallback (System.Threading.ContextCallback,object,System.Threading.Tasks.Task&)
System.Threading.Tasks.SynchronizationContextAwaitTaskContinuation:Run (System.Threading.Tasks.Task,bool)
System.Threading.Tasks.Task:FinishContinuations ()
System.Threading.Tasks.Task:FinishStageThree ()
System.Threading.Tasks.Task`1<Unity.Services.Relay.Http.HttpClientResponse>:TrySetResult (Unity.Services.Relay.Http.HttpClientResponse)
System.Threading.Tasks.TaskCompletionSource`1<Unity.Services.Relay.Http.HttpClientResponse>:TrySetResult (Unity.Services.Relay.Http.HttpClientResponse)
System.Threading.Tasks.TaskCompletionSource`1<Unity.Services.Relay.Http.HttpClientResponse>:SetResult (Unity.Services.Relay.Http.HttpClientResponse)
Unity.Services.Relay.Http.UnityWebRequestHelpers/<>c__DisplayClass0_0:<GetAwaiter>b__0 (UnityEngine.AsyncOperation) (at ./Library/PackageCache/com.unity.services.multiplayer@a6d6ce688d71/Runtime/Relay/Http/UnityWebRequestHelpers.cs:34)
UnityEngine.AsyncOperation:InvokeCompletionEvent () (at C:/build/output/unity/unity/Runtime/Export/Scripting/AsyncOperation.cs:24)

(Filename: C:/build/output/unity/unity/Runtime/Export/Debug/Debug.bindings.cs Line: 128)

PHS_VOICE_SERVICE_READY
UnityEngine.Debug:ExtractStackTraceNoAlloc (byte*,int,string)
UnityEngine.StackTraceUtility:ExtractStackTrace () (at C:/build/output/unity/unity/Runtime/Export/Scripting/StackTrace.cs:35)
UnityEngine.DebugLogHandler:Internal_Log (UnityEngine.LogType,UnityEngine.LogOption,string,UnityEngine.Object)
UnityEngine.DebugLogHandler:LogFormat (UnityEngine.LogType,UnityEngine.Object,string,object[]) (at C:/build/output/unity/unity/Runtime/Export/Logging/DebugLogHandler.cs:9)
UnityEngine.Logger:Log (UnityEngine.LogType,object) (at C:/build/output/unity/unity/Runtime/Export/Logging/Logger.cs:60)
UnityEngine.Debug:Log (object) (at C:/build/output/unity/unity/Runtime/Export/Debug/Debug.bindings.cs:123)
LastJumpCrew.ParkHanSol.Multiplayer.ProximityVoiceChatSession/<InitializeServicesAsync>d__70:MoveNext () (at E:/UNITY/LastJumpCrew/Assets/02. ParkHanSol_TeamLeader_Build & Multi/02. Script/Multiplayer/ProximityVoiceChatSession.cs:611)
System.Runtime.CompilerServices.AsyncMethodBuilderCore/MoveNextRunner:InvokeMoveNext (object)
System.Threading.ExecutionContext:RunInternal (System.Threading.ExecutionContext,System.Threading.ContextCallback,object,bool)
System.Threading.ExecutionContext:Run (System.Threading.ExecutionContext,System.Threading.ContextCallback,object,bool)
System.Runtime.CompilerServices.AsyncMethodBuilderCore/MoveNextRunner:Run ()
System.Threading.Tasks.AwaitTaskContinuation:InvokeAction (object)
System.Threading.Tasks.AwaitTaskContinuation:RunCallback (System.Threading.ContextCallback,object,System.Threading.Tasks.Task&)
System.Threading.Tasks.SynchronizationContextAwaitTaskContinuation:Run (System.Threading.Tasks.Task,bool)
System.Threading.Tasks.Task:FinishContinuations ()
System.Threading.Tasks.Task:FinishStageThree ()
System.Threading.Tasks.Task`1<System.Threading.Tasks.VoidTaskResult>:TrySetResult (System.Threading.Tasks.VoidTaskResult)
System.Runtime.CompilerServices.AsyncTaskMethodBuilder`1<System.Threading.Tasks.VoidTaskResult>:SetResult (System.Threading.Tasks.VoidTaskResult)
System.Runtime.CompilerServices.AsyncTaskMethodBuilder`1<System.Threading.Tasks.VoidTaskResult>:SetResult (System.Threading.Tasks.Task`1<System.Threading.Tasks.VoidTaskResult>)
System.Runtime.CompilerServices.AsyncTaskMethodBuilder:SetResult ()
Unity.Services.Vivox.VivoxServiceInternal/<InitializeAsync>d__153:MoveNext () (at ./Library/PackageCache/com.unity.services.vivox@3c02b450f2ee/Runtime/VivoxServiceInternal.cs:202)
System.Runtime.CompilerServices.AsyncMethodBuilderCore/MoveNextRunner:InvokeMoveNext (object)
System.Threading.ExecutionContext:RunInternal (System.Threading.ExecutionContext,System.Threading.ContextCallback,object,bool)
System.Threading.ExecutionContext:Run (System.Threading.ExecutionContext,System.Threading.ContextCallback,object,bool)
System.Runtime.CompilerServices.AsyncMethodBuilderCore/MoveNextRunner:Run ()
System.Threading.Tasks.AwaitTaskContinuation:InvokeAction (object)
System.Threading.Tasks.AwaitTaskContinuation:RunCallback (System.Threading.ContextCallback,object,System.Threading.Tasks.Task&)
System.Threading.Tasks.SynchronizationContextAwaitTaskContinuation:Run (System.Threading.Tasks.Task,bool)
System.Threading.Tasks.Task:FinishContinuations ()
System.Threading.Tasks.Task:FinishStageThree ()
System.Threading.Tasks.Task`1<System.Threading.Tasks.VoidTaskResult>:TrySetResult (System.Threading.Tasks.VoidTaskResult)
System.Runtime.CompilerServices.AsyncTaskMethodBuilder`1<System.Threading.Tasks.VoidTaskResult>:SetResult (System.Threading.Tasks.VoidTaskResult)
System.Runtime.CompilerServices.AsyncTaskMethodBuilder`1<System.Threading.Tasks.VoidTaskResult>:SetResult (System.Threading.Tasks.Task`1<System.Threading.Tasks.VoidTaskResult>)
System.Runtime.CompilerServices.AsyncTaskMethodBuilder:SetResult ()
Unity.Services.Vivox.Client/<InitializeAsync>d__21:MoveNext () (at ./Library/PackageCache/com.unity.services.vivox@3c02b450f2ee/Runtime/VivoxUnity/Client.cs:90)
System.Runtime.CompilerServices.AsyncMethodBuilderCore/MoveNextRunner:InvokeMoveNext (object)
System.Threading.ExecutionContext:RunInternal (System.Threading.ExecutionContext,System.Threading.ContextCallback,object,bool)
System.Threading.ExecutionContext:Run (System.Threading.ExecutionContext,System.Threading.ContextCallback,object,bool)
System.Runtime.CompilerServices.AsyncMethodBuilderCore/MoveNextRunner:Run ()
System.Threading.Tasks.AwaitTaskContinuation:InvokeAction (object)
System.Threading.Tasks.AwaitTaskContinuation:RunCallback (System.Threading.ContextCallback,object,System.Threading.Tasks.Task&)
System.Threading.Tasks.SynchronizationContextAwaitTaskContinuation:Run (System.Threading.Tasks.Task,bool)
System.Threading.Tasks.Task:FinishContinuations ()
System.Threading.Tasks.Task:FinishStageThree ()
System.Threading.Tasks.Task`1<System.Threading.Tasks.VoidTaskResult>:TrySetResult (System.Threading.Tasks.VoidTaskResult)
System.Runtime.CompilerServices.AsyncTaskMethodBuilder`1<System.Threading.Tasks.VoidTaskResult>:SetResult (System.Threading.Tasks.VoidTaskResult)
System.Runtime.CompilerServices.AsyncTaskMethodBuilder`1<System.Threading.Tasks.VoidTaskResult>:SetResult (System.Threading.Tasks.Task`1<System.Threading.Tasks.VoidTaskResult>)
System.Runtime.CompilerServices.AsyncTaskMethodBuilder:SetResult ()
Unity.Services.Vivox.AudioOutputDevices/<RefreshDevicesAsync>d__46:MoveNext () (at ./Library/PackageCache/com.unity.services.vivox@3c02b450f2ee/Runtime/VivoxUnity/Private/AudioOutputDevices.cs:349)
System.Runtime.CompilerServices.AsyncMethodBuilderCore/MoveNextRunner:InvokeMoveNext (object)
System.Threading.ExecutionContext:RunInternal (System.Threading.ExecutionContext,System.Threading.ContextCallback,object,bool)
System.Threading.ExecutionContext:Run (System.Threading.ExecutionContext,System.Threading.ContextCallback,object,bool)
System.Runtime.CompilerServices.AsyncMethodBuilderCore/MoveNextRunner:Run ()
System.Threading.Tasks.SynchronizationContextAwaitTaskContinuation/<>c:<.cctor>b__7_0 (object)
UnityEngine.UnitySynchronizationContext/WorkRequest:Invoke () (at C:/build/output/unity/unity/Runtime/Export/Scripting/UnitySynchronizationContext.cs:156)
UnityEngine.UnitySynchronizationContext:Exec () (at C:/build/output/unity/unity/Runtime/Export/Scripting/UnitySynchronizationContext.cs:84)
UnityEngine.UnitySynchronizationContext:ExecuteTasks () (at C:/build/output/unity/unity/Runtime/Export/Scripting/UnitySynchronizationContext.cs:110)

(Filename: C:/build/output/unity/unity/Runtime/Export/Debug/Debug.bindings.cs Line: 123)

PHS_ROOM_CREATE_OK sessionId=heL2tjPqxFfbc57TWjPAie name=Last Jump Crew Room players=1/8 password=False
UnityEngine.Debug:ExtractStackTraceNoAlloc (byte*,int,string)
UnityEngine.StackTraceUtility:ExtractStackTrace () (at C:/build/output/unity/unity/Runtime/Export/Scripting/StackTrace.cs:35)
UnityEngine.DebugLogHandler:Internal_Log (UnityEngine.LogType,UnityEngine.LogOption,string,UnityEngine.Object)
UnityEngine.DebugLogHandler:LogFormat (UnityEngine.LogType,UnityEngine.Object,string,object[]) (at C:/build/output/unity/unity/Runtime/Export/Logging/DebugLogHandler.cs:9)
UnityEngine.Logger:Log (UnityEngine.LogType,object) (at C:/build/output/unity/unity/Runtime/Export/Logging/Logger.cs:60)
UnityEngine.Debug:Log (object) (at C:/build/output/unity/unity/Runtime/Export/Debug/Debug.bindings.cs:123)
LastJumpCrew.ParkHanSol.Multiplayer.MultiplayerRoomService/<CreateRoomAsync>d__33:MoveNext () (at E:/UNITY/LastJumpCrew/Assets/02. ParkHanSol_TeamLeader_Build & Multi/02. Script/Multiplayer/MultiplayerRoomService.cs:156)
System.Runtime.CompilerServices.AsyncMethodBuilderCore/MoveNextRunner:InvokeMoveNext (object)
System.Threading.ExecutionContext:RunInternal (System.Threading.ExecutionContext,System.Threading.ContextCallback,object,bool)
System.Threading.ExecutionContext:Run (System.Threading.ExecutionContext,System.Threading.ContextCallback,object,bool)
System.Runtime.CompilerServices.AsyncMethodBuilderCore/MoveNextRunner:Run ()
System.Threading.Tasks.AwaitTaskContinuation:InvokeAction (object)
System.Threading.Tasks.AwaitTaskContinuation:RunCallback (System.Threading.ContextCallback,object,System.Threading.Tasks.Task&)
System.Threading.Tasks.SynchronizationContextAwaitTaskContinuation:Run (System.Threading.Tasks.Task,bool)
System.Threading.Tasks.Task:FinishContinuations ()
System.Threading.Tasks.Task:FinishStageThree ()
System.Threading.Tasks.Task`1<Unity.Services.Multiplayer.IHostSession>:TrySetResult (Unity.Services.Multiplayer.IHostSession)
System.Runtime.CompilerServices.AsyncTaskMethodBuilder`1<Unity.Services.Multiplayer.IHostSession>:SetResult (Unity.Services.Multiplayer.IHostSession)
Unity.Services.Multiplayer.WrappedMultiplayerService/<CreateSessionAsync>d__20:MoveNext () (at ./Library/PackageCache/com.unity.services.multiplayer@a6d6ce688d71/Runtime/Multiplayer/WrappedMultiplayerService.cs:65)
System.Runtime.CompilerServices.AsyncMethodBuilderCore/MoveNextRunner:InvokeMoveNext (object)
System.Threading.ExecutionContext:RunInternal (System.Threading.ExecutionContext,System.Threading.ContextCallback,object,bool)
System.Threading.ExecutionContext:Run (System.Threading.ExecutionContext,System.Threading.ContextCallback,object,bool)
System.Runtime.CompilerServices.AsyncMethodBuilderCore/MoveNextRunner:Run ()
System.Threading.Tasks.AwaitTaskContinuation:InvokeAction (object)
System.Threading.Tasks.AwaitTaskContinuation:RunCallback (System.Threading.ContextCallback,object,System.Threading.Tasks.Task&)
System.Threading.Tasks.SynchronizationContextAwaitTaskContinuation:Run (System.Threading.Tasks.Task,bool)
System.Threading.Tasks.Task:FinishContinuations ()
System.Threading.Tasks.Task:FinishStageThree ()
System.Threading.Tasks.Task`1<Unity.Services.Multiplayer.SessionHandler>:TrySetResult (Unity.Services.Multiplayer.SessionHandler)
System.Runtime.CompilerServices.AsyncTaskMethodBuilder`1<Unity.Services.Multiplayer.SessionHandler>:SetResult (Unity.Services.Multiplayer.SessionHandler)
Unity.Services.Multiplayer.SessionManager/<CreateAsync>d__17:MoveNext () (at ./Library/PackageCache/com.unity.services.multiplayer@a6d6ce688d71/Runtime/Multiplayer/Session/SessionManager.cs:88)
System.Runtime.CompilerServices.AsyncMethodBuilderCore/MoveNextRunner:InvokeMoveNext (object)
System.Threading.ExecutionContext:RunInternal (System.Threading.ExecutionContext,System.Threading.ContextCallback,object,bool)
System.Threading.ExecutionContext:Run (System.Threading.ExecutionContext,System.Threading.ContextCallback,object,bool)
System.Runtime.CompilerServices.AsyncMethodBuilderCore/MoveNextRunner:Run ()
System.Threading.Tasks.AwaitTaskContinuation:InvokeAction (object)
System.Threading.Tasks.AwaitTaskContinuation:RunCallback (System.Threading.ContextCallback,object,System.Threading.Tasks.Task&)
System.Threading.Tasks.SynchronizationContextAwaitTaskContinuation:Run (System.Threading.Tasks.Task,bool)
System.Threading.Tasks.Task:FinishContinuations ()
System.Threading.Tasks.Task:FinishStageThree ()
System.Threading.Tasks.Task`1<Unity.Services.Multiplayer.SessionHandler>:TrySetResult (Unity.Services.Multiplayer.SessionHandler)
System.Runtime.CompilerServices.AsyncTaskMethodBuilder`1<Unity.Services.Multiplayer.SessionHandler>:SetResult (Unity.Services.Multiplayer.SessionHandler)
Unity.Services.Multiplayer.SessionManager/<SetupSessionAsync>d__24:MoveNext () (at ./Library/PackageCache/com.unity.services.multiplayer@a6d6ce688d71/Runtime/Multiplayer/Session/SessionManager.cs:271)
System.Runtime.CompilerServices.AsyncMethodBuilderCore/MoveNextRunner:InvokeMoveNext (object)
System.Threading.ExecutionContext:RunInternal (System.Threading.ExecutionContext,System.Threading.ContextCallback,object,bool)
System.Threading.ExecutionContext:Run (System.Threading.ExecutionContext,System.Threading.ContextCallback,object,bool)
System.Runtime.CompilerServices.AsyncMethodBuilderCore/MoveNextRunner:Run ()
System.Threading.Tasks.AwaitTaskContinuation:InvokeAction (object)
System.Threading.Tasks.AwaitTaskContinuation:RunCallback (System.Threading.ContextCallback,object,System.Threading.Tasks.Task&)
System.Threading.Tasks.SynchronizationContextAwaitTaskContinuation:Run (System.Threading.Tasks.Task,bool)
System.Threading.Tasks.Task:FinishContinuations ()
System.Threading.Tasks.Task:FinishStageThree ()
System.Threading.Tasks.Task`1<System.Threading.Tasks.VoidTaskResult>:TrySetResult (System.Threading.Tasks.VoidTaskResult)
System.Runtime.CompilerServices.AsyncTaskMethodBuilder`1<System.Threading.Tasks.VoidTaskResult>:SetResult (System.Threading.Tasks.VoidTaskResult)
System.Runtime.CompilerServices.AsyncTaskMethodBuilder`1<System.Threading.Tasks.VoidTaskResult>:SetResult (System.Threading.Tasks.Task`1<System.Threading.Tasks.VoidTaskResult>)
System.Runtime.CompilerServices.AsyncTaskMethodBuilder:SetResult ()
Unity.Services.Multiplayer.SessionManager/<InitializeModulesAsync>d__27:MoveNext () (at ./Library/PackageCache/com.unity.services.multiplayer@a6d6ce688d71/Runtime/Multiplayer/Session/SessionManager.cs:327)
System.Runtime.CompilerServices.AsyncMethodBuilderCore/MoveNextRunner:InvokeMoveNext (object)
System.Threading.ExecutionContext:RunInternal (System.Threading.ExecutionContext,System.Threading.ContextCallback,object,bool)
System.Threading.ExecutionContext:Run (System.Threading.ExecutionContext,System.Threading.ContextCallback,object,bool)
System.Runtime.CompilerServices.AsyncMethodBuilderCore/MoveNextRunner:Run ()
System.Threading.Tasks.AwaitTaskContinuation:InvokeAction (object)
System.Threading.Tasks.AwaitTaskContinuation:RunCallback (System.Threading.ContextCallback,object,System.Threading.Tasks.Task&)
System.Threading.Tasks.SynchronizationContextAwaitTaskContinuation:Run (System.Threading.Tasks.Task,bool)
System.Threading.Tasks.Task:FinishContinuations ()
System.Threading.Tasks.Task:FinishStageThree ()
System.Threading.Tasks.Task`1<System.Threading.Tasks.VoidTaskResult>:TrySetResult (System.Threading.Tasks.VoidTaskResult)
System.Runtime.CompilerServices.AsyncTaskMethodBuilder`1<System.Threading.Tasks.VoidTaskResult>:SetResult (System.Threading.Tasks.VoidTaskResult)
System.Runtime.CompilerServices.AsyncTaskMethodBuilder`1<System.Threading.Tasks.VoidTaskResult>:SetResult (System.Threading.Tasks.Task`1<System.Threading.Tasks.VoidTaskResult>)
System.Runtime.CompilerServices.AsyncTaskMethodBuilder:SetResult ()
Unity.Services.Multiplayer.SessionHandler/<InitializeModulesAsync>d__131:MoveNext () (at ./Library/PackageCache/com.unity.services.multiplayer@a6d6ce688d71/Runtime/Multiplayer/Session/SessionHandler.cs:768)
System.Runtime.CompilerServices.AsyncMethodBuilderCore/MoveNextRunner:InvokeMoveNext (object)
System.Threading.ExecutionContext:RunInternal (System.Threading.ExecutionContext,System.Threading.ContextCallback,object,bool)
System.Threading.ExecutionContext:Run (System.Threading.ExecutionContext,System.Threading.ContextCallback,object,bool)
System.Runtime.CompilerServices.AsyncMethodBuilderCore/MoveNextRunner:Run ()
System.Threading.Tasks.AwaitTaskContinuation:InvokeAction (object)
System.Threading.Tasks.AwaitTaskContinuation:RunCallback (System.Threading.ContextCallback,object,System.Threading.Tasks.Task&)
System.Threading.Tasks.SynchronizationContextAwaitTaskContinuation:Run (System.Threading.Tasks.Task,bool)
System.Threading.Tasks.Task:FinishContinuations ()
System.Threading.Tasks.Task:FinishStageThree ()
System.Threading.Tasks.Task`1<System.Threading.Tasks.VoidTaskResult>:TrySetResult (System.Threading.Tasks.VoidTaskResult)
System.Runtime.CompilerServices.AsyncTaskMethodBuilder`1<System.Threading.Tasks.VoidTaskResult>:SetResult (System.Threading.Tasks.VoidTaskResult)
System.Runtime.CompilerServices.AsyncTaskMethodBuilder`1<System.Threading.Tasks.VoidTaskResult>:SetResult (System.Threading.Tasks.Task`1<System.Threading.Tasks.VoidTaskResult>)
System.Runtime.CompilerServices.AsyncTaskMethodBuilder:SetResult ()
Unity.Services.Multiplayer.NetworkModule/<StartNetworkWithOptionsAsync>d__64:MoveNext () (at ./Library/PackageCache/com.unity.services.multiplayer@a6d6ce688d71/Runtime/Multiplayer/Modules/Network/NetworkModule.cs:375)
System.Runtime.CompilerServices.AsyncMethodBuilderCore/MoveNextRunner:InvokeMoveNext (object)
System.Threading.ExecutionContext:RunInternal (System.Threading.ExecutionContext,System.Threading.ContextCallback,object,bool)
System.Threading.ExecutionContext:Run (System.Threading.ExecutionContext,System.Threading.ContextCallback,object,bool)
System.Runtime.CompilerServices.AsyncMethodBuilderCore/MoveNextRunner:Run ()
System.Threading.Tasks.AwaitTaskContinuation:InvokeAction (object)
System.Threading.Tasks.AwaitTaskContinuation:RunCallback (System.Threading.ContextCallback,object,System.Threading.Tasks.Task&)
System.Threading.Tasks.SynchronizationContextAwaitTaskContinuation:Run (System.Threading.Tasks.Task,bool)
System.Threading.Tasks.Task:FinishContinuations ()
System.Threading.Tasks.Task:FinishStageThree ()
System.Threading.Tasks.Task`1<System.Threading.Tasks.VoidTaskResult>:TrySetResult (System.Threading.Tasks.VoidTaskResult)
System.Runtime.CompilerServices.AsyncTaskMethodBuilder`1<System.Threading.Tasks.VoidTaskResult>:SetResult (System.Threading.Tasks.VoidTaskResult)
System.Runtime.CompilerServices.AsyncTaskMethodBuilder`1<System.Threading.Tasks.VoidTaskResult>:SetResult (System.Threading.Tasks.Task`1<System.Threading.Tasks.VoidTaskResult>)
System.Runtime.CompilerServices.AsyncTaskMethodBuilder:SetResult ()
Unity.Services.Multiplayer.SessionHandler/<SavePropertiesAsync>d__153:MoveNext () (at ./Library/PackageCache/com.unity.services.multiplayer@a6d6ce688d71/Runtime/Multiplayer/Session/SessionHandler.cs:1057)
System.Runtime.CompilerServices.AsyncMethodBuilderCore/MoveNextRunner:InvokeMoveNext (object)
System.Threading.ExecutionContext:RunInternal (System.Threading.ExecutionContext,System.Threading.ContextCallback,object,bool)
System.Threading.ExecutionContext:Run (System.Threading.ExecutionContext,System.Threading.ContextCallback,object,bool)
System.Runtime.CompilerServices.AsyncMethodBuilderCore/MoveNextRunner:Run ()
System.Threading.Tasks.AwaitTaskContinuation:InvokeAction (object)
System.Threading.Tasks.AwaitTaskContinuation:RunCallback (System.Threading.ContextCallback,object,System.Threading.Tasks.Task&)
System.Threading.Tasks.SynchronizationContextAwaitTaskContinuation:Run (System.Threading.Tasks.Task,bool)
System.Threading.Tasks.Task:FinishContinuations ()
System.Threading.Tasks.Task:FinishStageThree ()
System.Threading.Tasks.Task`1<System.Threading.Tasks.VoidTaskResult>:TrySetResult (System.Threading.Tasks.VoidTaskResult)
System.Runtime.CompilerServices.AsyncTaskMethodBuilder`1<System.Threading.Tasks.VoidTaskResult>:SetResult (System.Threading.Tasks.VoidTaskResult)
System.Runtime.CompilerServices.AsyncTaskMethodBuilder`1<System.Threading.Tasks.VoidTaskResult>:SetResult (System.Threading.Tasks.Task`1<System.Threading.Tasks.VoidTaskResult>)
System.Runtime.CompilerServices.AsyncTaskMethodBuilder:SetResult ()
Unity.Services.Multiplayer.LobbyHandler/<UpdateLobbyAsync>d__89:MoveNext () (at ./Library/PackageCache/com.unity.services.multiplayer@a6d6ce688d71/Runtime/Multiplayer/Lobby/LobbyHandler.cs:483)
System.Runtime.CompilerServices.AsyncMethodBuilderCore/MoveNextRunner:InvokeMoveNext (object)
System.Threading.ExecutionContext:RunInternal (System.Threading.ExecutionContext,System.Threading.ContextCallback,object,bool)
System.Threading.ExecutionContext:Run (System.Threading.ExecutionContext,System.Threading.ContextCallback,object,bool)
System.Runtime.CompilerServices.AsyncMethodBuilderCore/MoveNextRunner:Run ()
System.Threading.Tasks.AwaitTaskContinuation:InvokeAction (object)
System.Threading.Tasks.AwaitTaskContinuation:RunCallback (System.Threading.ContextCallback,object,System.Threading.Tasks.Task&)
System.Threading.Tasks.SynchronizationContextAwaitTaskContinuation:Run (System.Threading.Tasks.Task,bool)
System.Threading.Tasks.Task:FinishContinuations ()
System.Threading.Tasks.Task:FinishStageThree ()
System.Threading.Tasks.Task`1<Unity.Services.Lobbies.Models.Lobby>:TrySetResult (Unity.Services.Lobbies.Models.Lobby)
System.Runtime.CompilerServices.AsyncTaskMethodBuilder`1<Unity.Services.Lobbies.Models.Lobby>:SetResult (Unity.Services.Lobbies.Models.Lobby)
Unity.Services.Lobbies.Internal.WrappedLobbyService/<UpdateLobbyAsync>d__32:MoveNext () (at ./Library/PackageCache/com.unity.services.multiplayer@a6d6ce688d71/Runtime/Lobbies/SDK/WrappedLobbyService.cs:379)
System.Runtime.CompilerServices.AsyncMethodBuilderCore/MoveNextRunner:InvokeMoveNext (object)
System.Threading.ExecutionContext:RunInternal (System.Threading.ExecutionContext,System.Threading.ContextCallback,object,bool)
System.Threading.ExecutionContext:Run (System.Threading.ExecutionContext,System.Threading.ContextCallback,object,bool)
System.Runtime.CompilerServices.AsyncMethodBuilderCore/MoveNextRunner:Run ()
System.Threading.Tasks.AwaitTaskContinuation:InvokeAction (object)
System.Threading.Tasks.AwaitTaskContinuation:RunCallback (System.Threading.ContextCallback,object,System.Threading.Tasks.Task&)
System.Threading.Tasks.SynchronizationContextAwaitTaskContinuation:Run (System.Threading.Tasks.Task,bool)
System.Threading.Tasks.Task:FinishContinuations ()
System.Threading.Tasks.Task:FinishStageThree ()
System.Threading.Tasks.Task`1<Unity.Services.Lobbies.Response`1<Unity.Services.Lobbies.Models.Lobby>>:TrySetResult (Unity.Services.Lobbies.Response`1<Unity.Services.Lobbies.Models.Lobby>)
System.Runtime.CompilerServices.AsyncTaskMethodBuilder`1<Unity.Services.Lobbies.Response`1<Unity.Services.Lobbies.Models.Lobby>>:SetResult (Unity.Services.Lobbies.Response`1<Unity.Services.Lobbies.Models.Lobby>)
Unity.Services.Lobbies.Internal.WrappedLobbyService/<TryCatchRequest>d__42`2<Unity.Services.Lobbies.Lobby.UpdateLobbyRequest, Unity.Services.Lobbies.Models.Lobby>:MoveNext () (at ./Library/PackageCache/com.unity.services.multiplayer@a6d6ce688d71/Runtime/Lobbies/SDK/WrappedLobbyService.cs:609)
System.Runtime.CompilerServices.AsyncMethodBuilderCore/MoveNextRunner:InvokeMoveNext (object)
System.Threading.ExecutionContext:RunInternal (System.Threading.ExecutionContext,System.Threading.ContextCallback,object,bool)
System.Threading.ExecutionContext:Run (System.Threading.ExecutionContext,System.Threading.ContextCallback,object,bool)
System.Runtime.CompilerServices.AsyncMethodBuilderCore/MoveNextRunner:Run ()
System.Threading.Tasks.AwaitTaskContinuation:InvokeAction (object)
System.Threading.Tasks.AwaitTaskContinuation:RunCallback (System.Threading.ContextCallback,object,System.Threading.Tasks.Task&)
System.Threading.Tasks.SynchronizationContextAwaitTaskContinuation:Run (System.Threading.Tasks.Task,bool)
System.Threading.Tasks.Task:FinishContinuations ()
System.Threading.Tasks.Task:FinishStageThree ()
System.Threading.Tasks.Task`1<Unity.Services.Lobbies.Response`1<Unity.Services.Lobbies.Models.Lobby>>:TrySetResult (Unity.Services.Lobbies.Response`1<Unity.Services.Lobbies.Models.Lobby>)
System.Runtime.CompilerServices.AsyncTaskMethodBuilder`1<Unity.Services.Lobbie

(Filename: C:/build/output/unity/unity/Runtime/Export/Debug/Debug.bindings.cs Line: 123)

PHS_AUTO_HOST_READY code=J9D7HL
UnityEngine.Debug:ExtractStackTraceNoAlloc (byte*,int,string)
UnityEngine.StackTraceUtility:ExtractStackTrace () (at C:/build/output/unity/unity/Runtime/Export/Scripting/StackTrace.cs:35)
UnityEngine.DebugLogHandler:Internal_Log (UnityEngine.LogType,UnityEngine.LogOption,string,UnityEngine.Object)
UnityEngine.DebugLogHandler:LogFormat (UnityEngine.LogType,UnityEngine.Object,string,object[]) (at C:/build/output/unity/unity/Runtime/Export/Logging/DebugLogHandler.cs:9)
UnityEngine.Logger:Log (UnityEngine.LogType,object) (at C:/build/output/unity/unity/Runtime/Export/Logging/Logger.cs:60)
UnityEngine.Debug:Log (object) (at C:/build/output/unity/unity/Runtime/Export/Debug/Debug.bindings.cs:123)
LastJumpCrew.ParkHanSol.Multiplayer.ParkHanSolLobbyMenuController/<CreateRoomFromCommandLineAsync>d__53:MoveNext () (at E:/UNITY/LastJumpCrew/Assets/02. ParkHanSol_TeamLeader_Build & Multi/02. Script/Multiplayer/ParkHanSolLobbyMenuController.cs:435)
System.Runtime.CompilerServices.AsyncMethodBuilderCore/MoveNextRunner:InvokeMoveNext (object)
System.Threading.ExecutionContext:RunInternal (System.Threading.ExecutionContext,System.Threading.ContextCallback,object,bool)
System.Threading.ExecutionContext:Run (System.Threading.ExecutionContext,System.Threading.ContextCallback,object,bool)
System.Runtime.CompilerServices.AsyncMethodBuilderCore/MoveNextRunner:Run ()
System.Threading.Tasks.AwaitTaskContinuation:InvokeAction (object)
System.Threading.Tasks.AwaitTaskContinuation:RunCallback (System.Threading.ContextCallback,object,System.Threading.Tasks.Task&)
System.Threading.Tasks.SynchronizationContextAwaitTaskContinuation:Run (System.Threading.Tasks.Task,bool)
System.Threading.Tasks.Task:FinishContinuations ()
System.Threading.Tasks.Task:FinishStageThree ()
System.Threading.Tasks.Task`1<bool>:TrySetResult (bool)
System.Runtime.CompilerServices.AsyncTaskMethodBuilder`1<bool>:SetResult (bool)
LastJumpCrew.ParkHanSol.Multiplayer.ParkHanSolLobbyMenuController/<CreateRoomAsync>d__40:MoveNext () (at E:/UNITY/LastJumpCrew/Assets/02. ParkHanSol_TeamLeader_Build & Multi/02. Script/Multiplayer/ParkHanSolLobbyMenuController.cs:240)
System.Runtime.CompilerServices.AsyncMethodBuilderCore/MoveNextRunner:InvokeMoveNext (object)
System.Threading.ExecutionContext:RunInternal (System.Threading.ExecutionContext,System.Threading.ContextCallback,object,bool)
System.Threading.ExecutionContext:Run (System.Threading.ExecutionContext,System.Threading.ContextCallback,object,bool)
System.Runtime.CompilerServices.AsyncMethodBuilderCore/MoveNextRunner:Run ()
System.Threading.Tasks.AwaitTaskContinuation:InvokeAction (object)
System.Threading.Tasks.AwaitTaskContinuation:RunCallback (System.Threading.ContextCallback,object,System.Threading.Tasks.Task&)
System.Threading.Tasks.SynchronizationContextAwaitTaskContinuation:Run (System.Threading.Tasks.Task,bool)
System.Threading.Tasks.Task:FinishContinuations ()
System.Threading.Tasks.Task:FinishStageThree ()
System.Threading.Tasks.Task`1<bool>:TrySetResult (bool)
System.Runtime.CompilerServices.AsyncTaskMethodBuilder`1<bool>:SetResult (bool)
LastJumpCrew.ParkHanSol.Multiplayer.MultiplayerRoomService/<CreateRoomAsync>d__33:MoveNext () (at E:/UNITY/LastJumpCrew/Assets/02. ParkHanSol_TeamLeader_Build & Multi/02. Script/Multiplayer/MultiplayerRoomService.cs:170)
System.Runtime.CompilerServices.AsyncMethodBuilderCore/MoveNextRunner:InvokeMoveNext (object)
System.Threading.ExecutionContext:RunInternal (System.Threading.ExecutionContext,System.Threading.ContextCallback,object,bool)
System.Threading.ExecutionContext:Run (System.Threading.ExecutionContext,System.Threading.ContextCallback,object,bool)
System.Runtime.CompilerServices.AsyncMethodBuilderCore/MoveNextRunner:Run ()
System.Threading.Tasks.AwaitTaskContinuation:InvokeAction (object)
System.Threading.Tasks.AwaitTaskContinuation:RunCallback (System.Threading.ContextCallback,object,System.Threading.Tasks.Task&)
System.Threading.Tasks.SynchronizationContextAwaitTaskContinuation:Run (System.Threading.Tasks.Task,bool)
System.Threading.Tasks.Task:FinishContinuations ()
System.Threading.Tasks.Task:FinishStageThree ()
System.Threading.Tasks.Task`1<Unity.Services.Multiplayer.IHostSession>:TrySetResult (Unity.Services.Multiplayer.IHostSession)
System.Runtime.CompilerServices.AsyncTaskMethodBuilder`1<Unity.Services.Multiplayer.IHostSession>:SetResult (Unity.Services.Multiplayer.IHostSession)
Unity.Services.Multiplayer.WrappedMultiplayerService/<CreateSessionAsync>d__20:MoveNext () (at ./Library/PackageCache/com.unity.services.multiplayer@a6d6ce688d71/Runtime/Multiplayer/WrappedMultiplayerService.cs:65)
System.Runtime.CompilerServices.AsyncMethodBuilderCore/MoveNextRunner:InvokeMoveNext (object)
System.Threading.ExecutionContext:RunInternal (System.Threading.ExecutionContext,System.Threading.ContextCallback,object,bool)
System.Threading.ExecutionContext:Run (System.Threading.ExecutionContext,System.Threading.ContextCallback,object,bool)
System.Runtime.CompilerServices.AsyncMethodBuilderCore/MoveNextRunner:Run ()
System.Threading.Tasks.AwaitTaskContinuation:InvokeAction (object)
System.Threading.Tasks.AwaitTaskContinuation:RunCallback (System.Threading.ContextCallback,object,System.Threading.Tasks.Task&)
System.Threading.Tasks.SynchronizationContextAwaitTaskContinuation:Run (System.Threading.Tasks.Task,bool)
System.Threading.Tasks.Task:FinishContinuations ()
System.Threading.Tasks.Task:FinishStageThree ()
System.Threading.Tasks.Task`1<Unity.Services.Multiplayer.SessionHandler>:TrySetResult (Unity.Services.Multiplayer.SessionHandler)
System.Runtime.CompilerServices.AsyncTaskMethodBuilder`1<Unity.Services.Multiplayer.SessionHandler>:SetResult (Unity.Services.Multiplayer.SessionHandler)
Unity.Services.Multiplayer.SessionManager/<CreateAsync>d__17:MoveNext () (at ./Library/PackageCache/com.unity.services.multiplayer@a6d6ce688d71/Runtime/Multiplayer/Session/SessionManager.cs:88)
System.Runtime.CompilerServices.AsyncMethodBuilderCore/MoveNextRunner:InvokeMoveNext (object)
System.Threading.ExecutionContext:RunInternal (System.Threading.ExecutionContext,System.Threading.ContextCallback,object,bool)
System.Threading.ExecutionContext:Run (System.Threading.ExecutionContext,System.Threading.ContextCallback,object,bool)
System.Runtime.CompilerServices.AsyncMethodBuilderCore/MoveNextRunner:Run ()
System.Threading.Tasks.AwaitTaskContinuation:InvokeAction (object)
System.Threading.Tasks.AwaitTaskContinuation:RunCallback (System.Threading.ContextCallback,object,System.Threading.Tasks.Task&)
System.Threading.Tasks.SynchronizationContextAwaitTaskContinuation:Run (System.Threading.Tasks.Task,bool)
System.Threading.Tasks.Task:FinishContinuations ()
System.Threading.Tasks.Task:FinishStageThree ()
System.Threading.Tasks.Task`1<Unity.Services.Multiplayer.SessionHandler>:TrySetResult (Unity.Services.Multiplayer.SessionHandler)
System.Runtime.CompilerServices.AsyncTaskMethodBuilder`1<Unity.Services.Multiplayer.SessionHandler>:SetResult (Unity.Services.Multiplayer.SessionHandler)
Unity.Services.Multiplayer.SessionManager/<SetupSessionAsync>d__24:MoveNext () (at ./Library/PackageCache/com.unity.services.multiplayer@a6d6ce688d71/Runtime/Multiplayer/Session/SessionManager.cs:271)
System.Runtime.CompilerServices.AsyncMethodBuilderCore/MoveNextRunner:InvokeMoveNext (object)
System.Threading.ExecutionContext:RunInternal (System.Threading.ExecutionContext,System.Threading.ContextCallback,object,bool)
System.Threading.ExecutionContext:Run (System.Threading.ExecutionContext,System.Threading.ContextCallback,object,bool)
System.Runtime.CompilerServices.AsyncMethodBuilderCore/MoveNextRunner:Run ()
System.Threading.Tasks.AwaitTaskContinuation:InvokeAction (object)
System.Threading.Tasks.AwaitTaskContinuation:RunCallback (System.Threading.ContextCallback,object,System.Threading.Tasks.Task&)
System.Threading.Tasks.SynchronizationContextAwaitTaskContinuation:Run (System.Threading.Tasks.Task,bool)
System.Threading.Tasks.Task:FinishContinuations ()
System.Threading.Tasks.Task:FinishStageThree ()
System.Threading.Tasks.Task`1<System.Threading.Tasks.VoidTaskResult>:TrySetResult (System.Threading.Tasks.VoidTaskResult)
System.Runtime.CompilerServices.AsyncTaskMethodBuilder`1<System.Threading.Tasks.VoidTaskResult>:SetResult (System.Threading.Tasks.VoidTaskResult)
System.Runtime.CompilerServices.AsyncTaskMethodBuilder`1<System.Threading.Tasks.VoidTaskResult>:SetResult (System.Threading.Tasks.Task`1<System.Threading.Tasks.VoidTaskResult>)
System.Runtime.CompilerServices.AsyncTaskMethodBuilder:SetResult ()
Unity.Services.Multiplayer.SessionManager/<InitializeModulesAsync>d__27:MoveNext () (at ./Library/PackageCache/com.unity.services.multiplayer@a6d6ce688d71/Runtime/Multiplayer/Session/SessionManager.cs:327)
System.Runtime.CompilerServices.AsyncMethodBuilderCore/MoveNextRunner:InvokeMoveNext (object)
System.Threading.ExecutionContext:RunInternal (System.Threading.ExecutionContext,System.Threading.ContextCallback,object,bool)
System.Threading.ExecutionContext:Run (System.Threading.ExecutionContext,System.Threading.ContextCallback,object,bool)
System.Runtime.CompilerServices.AsyncMethodBuilderCore/MoveNextRunner:Run ()
System.Threading.Tasks.AwaitTaskContinuation:InvokeAction (object)
System.Threading.Tasks.AwaitTaskContinuation:RunCallback (System.Threading.ContextCallback,object,System.Threading.Tasks.Task&)
System.Threading.Tasks.SynchronizationContextAwaitTaskContinuation:Run (System.Threading.Tasks.Task,bool)
System.Threading.Tasks.Task:FinishContinuations ()
System.Threading.Tasks.Task:FinishStageThree ()
System.Threading.Tasks.Task`1<System.Threading.Tasks.VoidTaskResult>:TrySetResult (System.Threading.Tasks.VoidTaskResult)
System.Runtime.CompilerServices.AsyncTaskMethodBuilder`1<System.Threading.Tasks.VoidTaskResult>:SetResult (System.Threading.Tasks.VoidTaskResult)
System.Runtime.CompilerServices.AsyncTaskMethodBuilder`1<System.Threading.Tasks.VoidTaskResult>:SetResult (System.Threading.Tasks.Task`1<System.Threading.Tasks.VoidTaskResult>)
System.Runtime.CompilerServices.AsyncTaskMethodBuilder:SetResult ()
Unity.Services.Multiplayer.SessionHandler/<InitializeModulesAsync>d__131:MoveNext () (at ./Library/PackageCache/com.unity.services.multiplayer@a6d6ce688d71/Runtime/Multiplayer/Session/SessionHandler.cs:768)
System.Runtime.CompilerServices.AsyncMethodBuilderCore/MoveNextRunner:InvokeMoveNext (object)
System.Threading.ExecutionContext:RunInternal (System.Threading.ExecutionContext,System.Threading.ContextCallback,object,bool)
System.Threading.ExecutionContext:Run (System.Threading.ExecutionContext,System.Threading.ContextCallback,object,bool)
System.Runtime.CompilerServices.AsyncMethodBuilderCore/MoveNextRunner:Run ()
System.Threading.Tasks.AwaitTaskContinuation:InvokeAction (object)
System.Threading.Tasks.AwaitTaskContinuation:RunCallback (System.Threading.ContextCallback,object,System.Threading.Tasks.Task&)
System.Threading.Tasks.SynchronizationContextAwaitTaskContinuation:Run (System.Threading.Tasks.Task,bool)
System.Threading.Tasks.Task:FinishContinuations ()
System.Threading.Tasks.Task:FinishStageThree ()
System.Threading.Tasks.Task`1<System.Threading.Tasks.VoidTaskResult>:TrySetResult (System.Threading.Tasks.VoidTaskResult)
System.Runtime.CompilerServices.AsyncTaskMethodBuilder`1<System.Threading.Tasks.VoidTaskResult>:SetResult (System.Threading.Tasks.VoidTaskResult)
System.Runtime.CompilerServices.AsyncTaskMethodBuilder`1<System.Threading.Tasks.VoidTaskResult>:SetResult (System.Threading.Tasks.Task`1<System.Threading.Tasks.VoidTaskResult>)
System.Runtime.CompilerServices.AsyncTaskMethodBuilder:SetResult ()
Unity.Services.Multiplayer.NetworkModule/<StartNetworkWithOptionsAsync>d__64:MoveNext () (at ./Library/PackageCache/com.unity.services.multiplayer@a6d6ce688d71/Runtime/Multiplayer/Modules/Network/NetworkModule.cs:375)
System.Runtime.CompilerServices.AsyncMethodBuilderCore/MoveNextRunner:InvokeMoveNext (object)
System.Threading.ExecutionContext:RunInternal (System.Threading.ExecutionContext,System.Threading.ContextCallback,object,bool)
System.Threading.ExecutionContext:Run (System.Threading.ExecutionContext,System.Threading.ContextCallback,object,bool)
System.Runtime.CompilerServices.AsyncMethodBuilderCore/MoveNextRunner:Run ()
System.Threading.Tasks.AwaitTaskContinuation:InvokeAction (object)
System.Threading.Tasks.AwaitTaskContinuation:RunCallback (System.Threading.ContextCallback,object,System.Threading.Tasks.Task&)
System.Threading.Tasks.SynchronizationContextAwaitTaskContinuation:Run (System.Threading.Tasks.Task,bool)
System.Threading.Tasks.Task:FinishContinuations ()
System.Threading.Tasks.Task:FinishStageThree ()
System.Threading.Tasks.Task`1<System.Threading.Tasks.VoidTaskResult>:TrySetResult (System.Threading.Tasks.VoidTaskResult)
System.Runtime.CompilerServices.AsyncTaskMethodBuilder`1<System.Threading.Tasks.VoidTaskResult>:SetResult (System.Threading.Tasks.VoidTaskResult)
System.Runtime.CompilerServices.AsyncTaskMethodBuilder`1<System.Threading.Tasks.VoidTaskResult>:SetResult (System.Threading.Tasks.Task`1<System.Threading.Tasks.VoidTaskResult>)
System.Runtime.CompilerServices.AsyncTaskMethodBuilder:SetResult ()
Unity.Services.Multiplayer.SessionHandler/<SavePropertiesAsync>d__153:MoveNext () (at ./Library/PackageCache/com.unity.services.multiplayer@a6d6ce688d71/Runtime/Multiplayer/Session/SessionHandler.cs:1057)
System.Runtime.CompilerServices.AsyncMethodBuilderCore/MoveNextRunner:InvokeMoveNext (object)
System.Threading.ExecutionContext:RunInternal (System.Threading.ExecutionContext,System.Threading.ContextCallback,object,bool)
System.Threading.ExecutionContext:Run (System.Threading.ExecutionContext,System.Threading.ContextCallback,object,bool)
System.Runtime.CompilerServices.AsyncMethodBuilderCore/MoveNextRunner:Run ()
System.Threading.Tasks.AwaitTaskContinuation:InvokeAction (object)
System.Threading.Tasks.AwaitTaskContinuation:RunCallback (System.Threading.ContextCallback,object,System.Threading.Tasks.Task&)
System.Threading.Tasks.SynchronizationContextAwaitTaskContinuation:Run (System.Threading.Tasks.Task,bool)
System.Threading.Tasks.Task:FinishContinuations ()
System.Threading.Tasks.Task:FinishStageThree ()
System.Threading.Tasks.Task`1<System.Threading.Tasks.VoidTaskResult>:TrySetResult (System.Threading.Tasks.VoidTaskResult)
System.Runtime.CompilerServices.AsyncTaskMethodBuilder`1<System.Threading.Tasks.VoidTaskResult>:SetResult (System.Threading.Tasks.VoidTaskResult)
System.Runtime.CompilerServices.AsyncTaskMethodBuilder`1<System.Threading.Tasks.VoidTaskResult>:SetResult (System.Threading.Tasks.Task`1<System.Threading.Tasks.VoidTaskResult>)
System.Runtime.CompilerServices.AsyncTaskMethodBuilder:SetResult ()
Unity.Services.Multiplayer.LobbyHandler/<UpdateLobbyAsync>d__89:MoveNext () (at ./Library/PackageCache/com.unity.services.multiplayer@a6d6ce688d71/Runtime/Multiplayer/Lobby/LobbyHandler.cs:483)
System.Runtime.CompilerServices.AsyncMethodBuilderCore/MoveNextRunner:InvokeMoveNext (object)
System.Threading.ExecutionContext:RunInternal (System.Threading.ExecutionContext,System.Threading.ContextCallback,object,bool)
System.Threading.ExecutionContext:Run (System.Threading.ExecutionContext,System.Threading.ContextCallback,object,bool)
System.Runtime.CompilerServices.AsyncMethodBuilderCore/MoveNextRunner:Run ()
System.Threading.Tasks.AwaitTaskContinuation:InvokeAction (object)
System.Threading.Tasks.AwaitTaskContinuation:RunCallback (System.Threading.ContextCallback,object,System.Threading.Tasks.Task&)
System.Threading.Tasks.SynchronizationContextAwaitTaskContinuation:Run (System.Threading.Tasks.Task,bool)
System.Threading.Tasks.Task:FinishContinuations ()
System.Threading.Tasks.Task:FinishStageThree ()
System.Threading.Tasks.Task`1<Unity.Services.Lobbies.Models.Lobby>:TrySetResult (Unity.Services.Lobbies.Models.Lobby)
System.Runtime.CompilerServices.AsyncTaskMethodBuilder`1<Unity.Services.Lobbies.Models.Lobby>:SetResult (Unity.Services.Lobbies.Models.Lobby)
Unity.Services.Lobbies.Internal.WrappedLobbyService/<UpdateLobbyAsync>d__32:MoveNext () (at ./Library/PackageCache/com.unity.services.multiplayer@a6d6ce688d71/Runtime/Lobbies/SDK/WrappedLobbyService.cs:379)
System.Runtime.CompilerServices.AsyncMethodBuilderCore/MoveNextRunner:InvokeMoveNext (object)
System.Threading.ExecutionContext:RunInternal (System.Threading.ExecutionContext,System.Threading.ContextCall

(Filename: C:/build/output/unity/unity/Runtime/Export/Debug/Debug.bindings.cs Line: 123)

[Vivox]: RTP(0)[::init_connection] Not binding local port
UnityEngine.Debug:ExtractStackTraceNoAlloc (byte*,int,string)
UnityEngine.StackTraceUtility:ExtractStackTrace () (at C:/build/output/unity/unity/Runtime/Export/Scripting/StackTrace.cs:35)
UnityEngine.DebugLogHandler:Internal_Log (UnityEngine.LogType,UnityEngine.LogOption,string,UnityEngine.Object)
UnityEngine.DebugLogHandler:LogFormat (UnityEngine.LogType,UnityEngine.Object,string,object[]) (at C:/build/output/unity/unity/Runtime/Export/Logging/DebugLogHandler.cs:9)
UnityEngine.Logger:Log (string,object) (at C:/build/output/unity/unity/Runtime/Export/Logging/Logger.cs:90)
Unity.Services.Vivox.VivoxLogger:Log (object) (at ./Library/PackageCache/com.unity.services.vivox@3c02b450f2ee/Runtime/SDK/Utils/VivoxLogger.cs:13)
Unity.Services.Vivox.VivoxCoreInstancePINVOKE/SWIGLogHelper:Vx_Log_Event (Unity.Services.Vivox.vx_log_level,string,string) (at ./Library/PackageCache/com.unity.services.vivox@3c02b450f2ee/Runtime/VivoxUnity/swig/VivoxCoreInstancePINVOKE.cs:10901)

(Filename: ./Library/PackageCache/com.unity.services.vivox@3c02b450f2ee/Runtime/VivoxUnity/swig/VivoxCoreInstancePINVOKE.cs Line: 10901)

PHS_VOICE_CHANNEL_READY channel=ParkHanSol_TestVoice
UnityEngine.Debug:ExtractStackTraceNoAlloc (byte*,int,string)
UnityEngine.StackTraceUtility:ExtractStackTrace () (at C:/build/output/unity/unity/Runtime/Export/Scripting/StackTrace.cs:35)
UnityEngine.DebugLogHandler:Internal_Log (UnityEngine.LogType,UnityEngine.LogOption,string,UnityEngine.Object)
UnityEngine.DebugLogHandler:LogFormat (UnityEngine.LogType,UnityEngine.Object,string,object[]) (at C:/build/output/unity/unity/Runtime/Export/Logging/DebugLogHandler.cs:9)
UnityEngine.Logger:Log (UnityEngine.LogType,object) (at C:/build/output/unity/unity/Runtime/Export/Logging/Logger.cs:60)
UnityEngine.Debug:Log (object) (at C:/build/output/unity/unity/Runtime/Export/Debug/Debug.bindings.cs:123)
LastJumpCrew.ParkHanSol.Multiplayer.ProximityVoiceChatSession/<JoinForLocalPlayerAsync>d__44:MoveNext () (at E:/UNITY/LastJumpCrew/Assets/02. ParkHanSol_TeamLeader_Build & Multi/02. Script/Multiplayer/ProximityVoiceChatSession.cs:116)
System.Runtime.CompilerServices.AsyncMethodBuilderCore/MoveNextRunner:InvokeMoveNext (object)
System.Threading.ExecutionContext:RunInternal (System.Threading.ExecutionContext,System.Threading.ContextCallback,object,bool)
System.Threading.ExecutionContext:Run (System.Threading.ExecutionContext,System.Threading.ContextCallback,object,bool)
System.Runtime.CompilerServices.AsyncMethodBuilderCore/MoveNextRunner:Run ()
System.Threading.Tasks.AwaitTaskContinuation:InvokeAction (object)
System.Threading.Tasks.AwaitTaskContinuation:RunCallback (System.Threading.ContextCallback,object,System.Threading.Tasks.Task&)
System.Threading.Tasks.SynchronizationContextAwaitTaskContinuation:Run (System.Threading.Tasks.Task,bool)
System.Threading.Tasks.Task:FinishContinuations ()
System.Threading.Tasks.Task:FinishStageThree ()
System.Threading.Tasks.Task`1<System.Threading.Tasks.VoidTaskResult>:TrySetResult (System.Threading.Tasks.VoidTaskResult)
System.Runtime.CompilerServices.AsyncTaskMethodBuilder`1<System.Threading.Tasks.VoidTaskResult>:SetResult (System.Threading.Tasks.VoidTaskResult)
System.Runtime.CompilerServices.AsyncTaskMethodBuilder`1<System.Threading.Tasks.VoidTaskResult>:SetResult (System.Threading.Tasks.Task`1<System.Threading.Tasks.VoidTaskResult>)
System.Runtime.CompilerServices.AsyncTaskMethodBuilder:SetResult ()
LastJumpCrew.ParkHanSol.Multiplayer.ProximityVoiceChatSession/<ApplyChannelVolumeAsync>d__75:MoveNext () (at E:/UNITY/LastJumpCrew/Assets/02. ParkHanSol_TeamLeader_Build & Multi/02. Script/Multiplayer/ProximityVoiceChatSession.cs:669)
System.Runtime.CompilerServices.AsyncMethodBuilderCore/MoveNextRunner:InvokeMoveNext (object)
System.Threading.ExecutionContext:RunInternal (System.Threading.ExecutionContext,System.Threading.ContextCallback,object,bool)
System.Threading.ExecutionContext:Run (System.Threading.ExecutionContext,System.Threading.ContextCallback,object,bool)
System.Runtime.CompilerServices.AsyncMethodBuilderCore/MoveNextRunner:Run ()
System.Threading.Tasks.AwaitTaskContinuation:InvokeAction (object)
System.Threading.Tasks.AwaitTaskContinuation:RunCallback (System.Threading.ContextCallback,object,System.Threading.Tasks.Task&)
System.Threading.Tasks.SynchronizationContextAwaitTaskContinuation:Run (System.Threading.Tasks.Task,bool)
System.Threading.Tasks.Task:FinishContinuations ()
System.Threading.Tasks.Task:FinishStageThree ()
System.Threading.Tasks.Task`1<System.Threading.Tasks.VoidTaskResult>:TrySetResult (System.Threading.Tasks.VoidTaskResult)
System.Runtime.CompilerServices.AsyncTaskMethodBuilder`1<System.Threading.Tasks.VoidTaskResult>:SetResult (System.Threading.Tasks.VoidTaskResult)
System.Runtime.CompilerServices.AsyncTaskMethodBuilder`1<System.Threading.Tasks.VoidTaskResult>:SetResult (System.Threading.Tasks.Task`1<System.Threading.Tasks.VoidTaskResult>)
System.Runtime.CompilerServices.AsyncTaskMethodBuilder:SetResult ()
Unity.Services.Vivox.VivoxServiceInternal/<SetChannelVolumeAsync>d__192:MoveNext () (at ./Library/PackageCache/com.unity.services.vivox@3c02b450f2ee/Runtime/VivoxServiceInternal.cs:690)
System.Runtime.CompilerServices.AsyncMethodBuilderCore/MoveNextRunner:InvokeMoveNext (object)
System.Threading.ExecutionContext:RunInternal (System.Threading.ExecutionContext,System.Threading.ContextCallback,object,bool)
System.Threading.ExecutionContext:Run (System.Threading.ExecutionContext,System.Threading.ContextCallback,object,bool)
System.Runtime.CompilerServices.AsyncMethodBuilderCore/MoveNextRunner:Run ()
System.Threading.Tasks.AwaitTaskContinuation:InvokeAction (object)
System.Threading.Tasks.AwaitTaskContinuation:RunCallback (System.Threading.ContextCallback,object,System.Threading.Tasks.Task&)
System.Threading.Tasks.SynchronizationContextAwaitTaskContinuation:Run (System.Threading.Tasks.Task,bool)
System.Threading.Tasks.Task:FinishContinuations ()
System.Threading.Tasks.Task:FinishStageThree ()
System.Threading.Tasks.Task`1<System.Threading.Tasks.VoidTaskResult>:TrySetResult (System.Threading.Tasks.VoidTaskResult)
System.Runtime.CompilerServices.AsyncTaskMethodBuilder`1<System.Threading.Tasks.VoidTaskResult>:SetResult (System.Threading.Tasks.VoidTaskResult)
System.Runtime.CompilerServices.AsyncTaskMethodBuilder`1<System.Threading.Tasks.VoidTaskResult>:SetResult (System.Threading.Tasks.Task`1<System.Threading.Tasks.VoidTaskResult>)
System.Runtime.CompilerServices.AsyncTaskMethodBuilder:SetResult ()
Unity.Services.Vivox.ChannelSession/<SetVolumeAsync>d__42:MoveNext () (at ./Library/PackageCache/com.unity.services.vivox@3c02b450f2ee/Runtime/VivoxUnity/Private/ChannelSession.cs:475)
System.Runtime.CompilerServices.AsyncMethodBuilderCore/MoveNextRunner:InvokeMoveNext (object)
System.Threading.ExecutionContext:RunInternal (System.Threading.ExecutionContext,System.Threading.ContextCallback,object,bool)
System.Threading.ExecutionContext:Run (System.Threading.ExecutionContext,System.Threading.ContextCallback,object,bool)
System.Runtime.CompilerServices.AsyncMethodBuilderCore/MoveNextRunner:Run ()
System.Threading.Tasks.SynchronizationContextAwaitTaskContinuation/<>c:<.cctor>b__7_0 (object)
UnityEngine.UnitySynchronizationContext/WorkRequest:Invoke () (at C:/build/output/unity/unity/Runtime/Export/Scripting/UnitySynchronizationContext.cs:156)
UnityEngine.UnitySynchronizationContext:Exec () (at C:/build/output/unity/unity/Runtime/Export/Scripting/UnitySynchronizationContext.cs:84)
UnityEngine.UnitySynchronizationContext:ExecuteTasks () (at C:/build/output/unity/unity/Runtime/Export/Scripting/UnitySynchronizationContext.cs:110)

(Filename: C:/build/output/unity/unity/Runtime/Export/Debug/Debug.bindings.cs Line: 123)

)
UnityEngine.StackTraceUtility:ExtractStackTrace () (at C:/build/output/unity/unity/Runtime/Export/Scripting/StackTrace.cs:35)
UnityEngine.DebugLogHandler:Internal_Log (UnityEngine.LogType,UnityEngine.LogOption,string,UnityEngine.Object)
UnityEngine.DebugLogHandler:LogFormat (UnityEngine.LogType,UnityEngine.Object,string,object[]) (at C:/build/output/unity/unity/Runtime/Export/Logging/DebugLogHandler.cs:9)
UnityEngine.Logger:Log (UnityEngine.LogType,object) (at C:/build/output/unity/unity/Runtime/Export/Logging/Logger.cs:60)
UnityEngine.Debug:LogWarning (object) (at C:/build/output/unity/unity/Runtime/Export/Debug/Debug.bindings.cs:216)
LastJumpCrew.ParkHanSol.Multiplayer.ProximityVoiceChatSession:HasActiveVivoxChannel () (at E:/UNITY/LastJumpCrew/Assets/02. ParkHanSol_TeamLeader_Build & Multi/02. Script/Multiplayer/ProximityVoiceChatSession.cs:687)
LastJumpCrew.ParkHanSol.Multiplayer.ProximityVoiceChatSession:CanUpdateVoicePosition () (at E:/UNITY/LastJumpCrew/Assets/02. ParkHanSol_TeamLeader_Build & Multi/02. Script/Multiplayer/ProximityVoiceChatSession.cs:715)
LastJumpCrew.ParkHanSol.Multiplayer.ProximityVoiceChatSession:UpdateLocalPosition (UnityEngine.GameObject) (at E:/UNITY/LastJumpCrew/Assets/02. ParkHanSol_TeamLeader_Build & Multi/02. Script/Multiplayer/ProximityVoiceChatSession.cs:160)
LastJumpCrew.ParkHanSol.Multiplayer.ProximityVoicePositionUpdater:Update () (at E:/UNITY/LastJumpCrew/Assets/02. ParkHanSol_TeamLeader_Build & Multi/02. Script/Multiplayer/ProximityVoicePositionUpdater.cs:40)

(Filename: C:/build/output/unity/unity/Runtime/Export/Debug/Debug.bindings.cs Line: 216)

